{
"type": "FeatureCollection",
"name": "Буфер трасс Игора 100м",
"crs": { "type": "name", "properties": { "name": "urn:ogc:def:crs:EPSG::32636" } },
"features": [
{ "type": "Feature", "properties": { }, "geometry": { "type": "MultiPolygon", "coordinates": [ [ [ [ 346056.003065803088248, 6710636.154252419248223 ], [ 346084.255922023032326, 6710649.594705889932811 ], [ 346115.27931356971385, 6710653.646724034100771 ], [ 346146.03645472577773, 6710647.91366708278656 ], [ 346173.516622217255645, 6710632.956726595759392 ], [ 346195.029865784570575, 6710610.239992118440568 ], [ 346208.470319255779032, 6710581.98713589925319 ], [ 346212.522337399888784, 6710550.963744352571666 ], [ 346206.789280448923819, 6710520.206603196449578 ], [ 346191.832339961838443, 6710492.726435705088079 ], [ 346169.115605484577827, 6710471.213192136958241 ], [ 346068.596063087403309, 6710402.279351716861129 ], [ 346040.34320686745923, 6710388.838898246176541 ], [ 346009.319815320777707, 6710384.786880102008581 ], [ 345978.562674164713826, 6710390.519937053322792 ], [ 345951.082506673235912, 6710405.47687754034996 ], [ 345929.569263105920982, 6710428.193612017668784 ], [ 345916.128809634712525, 6710456.446468236856163 ], [ 345912.076791490602773, 6710487.469859783537686 ], [ 345917.809848441567738, 6710518.227000939659774 ], [ 345932.766788928653114, 6710545.707168431021273 ], [ 345955.483523405913729, 6710567.220411999151111 ], [ 346056.003065803088248, 6710636.154252419248223 ] ] ] ] } },
{ "type": "Feature", "properties": { }, "geometry": { "type": "MultiPolygon", "coordinates": [ [ [ [ 346085.844998346467037, 6710660.798529784195125 ], [ 346103.335576075478457, 6710672.190760594792664 ], [ 346121.979926662228536, 6710681.726174328476191 ], [ 346141.756607985938899, 6710691.89347904920578 ], [ 346171.476924960443284, 6710701.6695944853127 ], [ 346202.763611894333735, 6710701.783149752765894 ], [ 346232.554109883320052, 6710692.22302926890552 ], [ 346257.932317421596963, 6710673.925044236704707 ], [ 346276.414038734917995, 6710648.680328920483589 ], [ 346286.190154171548784, 6710618.960011946037412 ], [ 346286.303709438245278, 6710587.673325011506677 ], [ 346276.743588954326697, 6710557.882827023044229 ], [ 346258.445603922009468, 6710532.504619484767318 ], [ 346233.200888605904765, 6710514.02289817109704 ], [ 346213.330248377751559, 6710503.807288641110063 ], [ 346213.142228688346222, 6710503.71087765134871 ], [ 346203.746860116545577, 6710498.905737021937966 ], [ 346175.584033993422054, 6710476.044251659885049 ], [ 346148.507469841279089, 6710460.368494968861341 ], [ 346117.912051848543342, 6710453.827082892879844 ], [ 346086.792672699142713, 6710457.060334422625601 ], [ 346058.195514045655727, 6710469.751756370067596 ], [ 346034.9198650252074, 6710490.659023928456008 ], [ 346019.244108334882185, 6710517.735588080249727 ], [ 346012.702696259017102, 6710548.331006073392928 ], [ 346015.935947788238991, 6710579.450385223142803 ], [ 346028.627369735506363, 6710608.047543875873089 ], [ 346049.534637294244021, 6710631.323192896321416 ], [ 346085.844998346467037, 6710660.798529784195125 ] ] ] ] } },
{ "type": "Feature", "properties": { }, "geometry": { "type": "MultiPolygon", "coordinates": [ [ [ [ 346223.176128476916347, 6710542.697347331792116 ], [ 346216.584655619750265, 6710531.214484787546098 ], [ 346211.437650584557559, 6710523.483088677749038 ], [ 346210.990728395874612, 6710522.817558529786766 ], [ 346206.85647002508631, 6710516.714068447239697 ], [ 346198.682120006647892, 6710502.861817417666316 ], [ 346178.762138625315856, 6710478.735814519226551 ], [ 346152.36176562611945, 6710461.946235025301576 ], [ 346122.06525346043054, 6710454.136559955775738 ], [ 346090.838235827221069, 6710456.071254719980061 ], [ 346061.737430783861782, 6710467.560937914997339 ], [ 346037.611427885247394, 6710487.480919296853244 ], [ 346020.82184839079855, 6710513.881292295642197 ], [ 346013.01217332133092, 6710544.177804461680353 ], [ 346014.946868085884489, 6710575.404822094365954 ], [ 346026.436551281018183, 6710604.505627138540149 ], [ 346036.19333051610738, 6710621.039462232962251 ], [ 346039.521953513554763, 6710626.298987844958901 ], [ 346045.177610727900174, 6710634.648550117388368 ], [ 346046.42582714301534, 6710636.523515357635915 ], [ 346047.143675723695196, 6710637.991344043985009 ], [ 346065.1164492732496, 6710663.600894704461098 ], [ 346090.1233590458869, 6710682.40313227660954 ], [ 346119.716554479615297, 6710692.557562744244933 ], [ 346150.999247417494189, 6710693.070199702866375 ], [ 346180.909269915428013, 6710683.890862675383687 ], [ 346206.518820575962309, 6710665.918089125305414 ], [ 346225.321058148110751, 6710640.911179352551699 ], [ 346235.475488615513314, 6710611.317983918823302 ], [ 346235.988125573960133, 6710580.035290980711579 ], [ 346226.808788546128199, 6710550.125268483534455 ], [ 346223.176128476916347, 6710542.697347331792116 ] ] ] ] } },
{ "type": "Feature", "properties": { }, "geometry": { "type": "MultiPolygon", "coordinates": [ [ [ [ 346154.63313116558129, 6710724.381254433654249 ], [ 346184.720824809512123, 6710715.802188908681273 ], [ 346210.684844866686035, 6710698.345404080115259 ], [ 346229.983652151946444, 6710673.719691674225032 ], [ 346240.728144945576787, 6710644.335588000714779 ], [ 346241.866577431559563, 6710613.069413857534528 ], [ 346233.287511906295549, 6710582.981720213778317 ], [ 346215.830727077263873, 6710557.017700156196952 ], [ 346191.205014672072139, 6710537.718892871402204 ], [ 346161.820910998387262, 6710526.974400077946484 ], [ 346130.554736854915973, 6710525.835967591963708 ], [ 346099.515968800929841, 6710529.600165211595595 ], [ 346069.428275156999007, 6710538.17923073656857 ], [ 346043.464255099825095, 6710555.636015565134585 ], [ 346024.165447814564686, 6710580.261727971024811 ], [ 346013.420955020934343, 6710609.645831644535065 ], [ 346012.282522534951568, 6710640.912005787715316 ], [ 346020.861588060215581, 6710670.999699431471527 ], [ 346038.318372889247257, 6710696.963719489052892 ], [ 346062.944085294438992, 6710716.26252677384764 ], [ 346092.328188968123868, 6710727.00701956730336 ], [ 346123.594363111595158, 6710728.145452053286135 ], [ 346154.63313116558129, 6710724.381254433654249 ] ] ] ] } },
{ "type": "Feature", "properties": { }, "geometry": { "type": "MultiPolygon", "coordinates": [ [ [ [ 346401.714361833466683, 6710709.643847278319299 ], [ 346432.619950107415207, 6710704.774115505628288 ], [ 346460.508081349544227, 6710690.592373372986913 ], [ 346482.648870965873357, 6710668.486828610301018 ], [ 346496.875024204724468, 6710640.621325956657529 ], [ 346501.793986067641526, 6710609.723534963093698 ], [ 346496.924254295125138, 6710578.817946689203382 ], [ 346482.742512162483763, 6710550.929815446957946 ], [ 346460.636967399565037, 6710528.78902583103627 ], [ 346432.771464746270794, 6710514.562872592359781 ], [ 346401.873673752590548, 6710509.643910729326308 ], [ 346317.113472880213521, 6710509.576394156552851 ], [ 346286.207884606264997, 6710514.446125929243863 ], [ 346258.319753364135977, 6710528.627868061885238 ], [ 346236.178963747806847, 6710550.733412824571133 ], [ 346221.952810508955736, 6710578.598915478214622 ], [ 346217.033848646038678, 6710609.496706471778452 ], [ 346221.903580418555066, 6710640.402294745668769 ], [ 346236.085322551196441, 6710668.290425987914205 ], [ 346258.190867314115167, 6710690.431215603835881 ], [ 346286.05636996740941, 6710704.657368842512369 ], [ 346316.954160961089656, 6710709.576330705545843 ], [ 346401.714361833466683, 6710709.643847278319299 ] ] ] ] } },
{ "type": "Feature", "properties": { }, "geometry": { "type": "MultiPolygon", "coordinates": [ [ [ [ 346553.720614794874564, 6710709.769899873994291 ], [ 346556.874711044481955, 6710709.722762693651021 ], [ 346724.205175608629361, 6710704.581333727575839 ], [ 346754.941984453646, 6710698.740250255912542 ], [ 346782.369432737526949, 6710683.686853472143412 ], [ 346803.802730723982677, 6710660.894674737006426 ], [ 346817.143837871553842, 6710632.594771306030452 ], [ 346821.086833659617696, 6710601.557334905490279 ], [ 346815.245750188070815, 6710570.820526060648263 ], [ 346800.192353404243477, 6710543.393077776767313 ], [ 346777.400174668524414, 6710521.959779790602624 ], [ 346749.100271238014102, 6710508.618672642856836 ], [ 346718.062834837590344, 6710504.675676855258644 ], [ 346552.309046634472907, 6710509.768660551868379 ], [ 346401.876943657116499, 6710509.643913387320936 ], [ 346370.971196164027788, 6710514.512634573504329 ], [ 346343.082601207192056, 6710528.693464783020318 ], [ 346320.941088772320654, 6710550.79828555136919 ], [ 346306.714024365413934, 6710578.663323008455336 ], [ 346301.794052176526748, 6710609.560953139327466 ], [ 346306.662773362884764, 6710640.466700633056462 ], [ 346320.843603572400752, 6710668.355295589193702 ], [ 346342.948424340575002, 6710690.496808024123311 ], [ 346370.813461797195487, 6710704.7238724315539 ], [ 346401.711091928940732, 6710709.643844620324671 ], [ 346553.720614794874564, 6710709.769899873994291 ] ] ] ] } },
{ "type": "Feature", "properties": { }, "geometry": { "type": "MultiPolygon", "coordinates": [ [ [ [ 346156.811584271606989, 6710724.149537853896618 ], [ 346186.997008431993891, 6710715.920938802883029 ], [ 346213.162275829992723, 6710698.767267006449401 ], [ 346232.746147788537201, 6710674.367643377743661 ], [ 346243.83161847142037, 6710645.110473080538213 ], [ 346245.33356477128109, 6710613.859651788137853 ], [ 346237.104965719569009, 6710583.674227627925575 ], [ 346219.951293923426419, 6710557.508960230275989 ], [ 346195.551670295011718, 6710537.92508827149868 ], [ 346166.294499997224193, 6710526.839617588557303 ], [ 346135.043678705464117, 6710525.337671289220452 ], [ 346131.709981227177195, 6710525.702677730470896 ], [ 346101.524557066790294, 6710533.931276781484485 ], [ 346075.359289668791462, 6710551.084948577918112 ], [ 346055.775417710246984, 6710575.484572206623852 ], [ 346044.689947027363814, 6710604.7417425038293 ], [ 346043.188000727503095, 6710635.992563796229661 ], [ 346051.416599779215176, 6710666.177987956441939 ], [ 346068.570271575357765, 6710692.343255354091525 ], [ 346092.969895203772467, 6710711.927127312868834 ], [ 346122.227065501559991, 6710723.012597995810211 ], [ 346153.477886793320067, 6710724.514544295147061 ], [ 346156.811584271606989, 6710724.149537853896618 ] ] ] ] } },
{ "type": "Feature", "properties": { }, "geometry": { "type": "MultiPolygon", "coordinates": [ [ [ [ 346130.089834084617905, 6710727.140128110535443 ], [ 346159.548954567464534, 6710716.603055723942816 ], [ 346184.31010862858966, 6710697.478335499763489 ], [ 346201.949501987546682, 6710671.638028303161263 ], [ 346210.740467921365052, 6710641.611563442274928 ], [ 346209.822485434182454, 6710610.338140504434705 ], [ 346199.285413047822658, 6710580.879020021297038 ], [ 346180.160692823585123, 6710556.117865960113704 ], [ 346154.320385626750067, 6710538.478472601622343 ], [ 346124.293920765747316, 6710529.687506667338312 ], [ 346093.020497827907093, 6710530.605489154346287 ], [ 346021.381366590503603, 6710544.11768760997802 ], [ 345991.922246107656974, 6710554.654759996570647 ], [ 345967.161092046531849, 6710573.779480220749974 ], [ 345949.521698687574826, 6710599.6197874173522 ], [ 345940.730732753756456, 6710629.646252278238535 ], [ 345941.648715240939055, 6710660.919675216078758 ], [ 345952.185787627298851, 6710690.378795699216425 ], [ 345971.310507851536386, 6710715.139949760399759 ], [ 345997.150815048371442, 6710732.77934311889112 ], [ 346027.177279909374192, 6710741.570309053175151 ], [ 346058.450702847214416, 6710740.652326566167176 ], [ 346130.089834084617905, 6710727.140128110535443 ] ] ] ] } },
{ "type": "Feature", "properties": { }, "geometry": { "type": "MultiPolygon", "coordinates": [ [ [ [ 346089.329090628889389, 6710736.272599404677749 ], [ 346116.024113332794514, 6710751.260403838939965 ], [ 346146.703231398772914, 6710757.397291387431324 ], [ 346177.777209094841965, 6710753.753449426032603 ], [ 346206.204308978922199, 6710740.685562592931092 ], [ 346229.201888451119885, 6710719.472806701436639 ], [ 346244.518784199142829, 6710692.191634096205235 ], [ 346250.655671748041641, 6710661.512516030110419 ], [ 346247.011829786351882, 6710630.438538333401084 ], [ 346233.943942953424994, 6710602.011438449844718 ], [ 346212.731187061814126, 6710579.01385897770524 ], [ 346198.281607600278221, 6710567.597418376244605 ], [ 346182.470881896966603, 6710557.365603770129383 ], [ 346164.951185000827536, 6710548.243283771909773 ], [ 346130.078437540621962, 6710537.581635929644108 ], [ 346106.983739072689787, 6710534.952604580670595 ], [ 346081.341685387422331, 6710535.343165187165141 ], [ 346025.5846310374327, 6710543.417280689813197 ], [ 345995.703350508119911, 6710552.689753284677863 ], [ 345970.149915557296481, 6710570.742222265340388 ], [ 345951.425674439116847, 6710595.807586189359426 ], [ 345941.363486333691981, 6710625.432272595353425 ], [ 345940.948308320192154, 6710656.716410769149661 ], [ 345950.220780915289652, 6710686.597691298462451 ], [ 345968.273249896301422, 6710712.151126249693334 ], [ 345993.338613820320461, 6710730.875367367640138 ], [ 346022.963300225907005, 6710740.937555473297834 ], [ 346054.247438400285318, 6710741.352733486331999 ], [ 346089.329090628889389, 6710736.272599404677749 ] ] ] ] } },
{ "type": "Feature", "properties": { }, "geometry": { "type": "MultiPolygon", "coordinates": [ [ [ [ 346244.999264418380335, 6710515.245885512791574 ], [ 346222.918584771454334, 6710516.991649896837771 ], [ 346180.045165517076384, 6710530.518401011824608 ], [ 346168.639088948839344, 6710537.237322787754238 ], [ 346148.033124315901659, 6710553.345250145532191 ], [ 346132.308765386464074, 6710574.245385036803782 ], [ 346126.775570086319931, 6710584.048449489288032 ], [ 346115.848383975506295, 6710613.365104786120355 ], [ 346114.51535712502664, 6710644.623587051406503 ], [ 346122.906975490797777, 6710674.76409824937582 ], [ 346140.201808999234345, 6710700.836275143548846 ], [ 346164.706918846408371, 6710720.287991404533386 ], [ 346194.023574143298902, 6710731.215177514590323 ], [ 346225.282056408294011, 6710732.548204365186393 ], [ 346255.42256760672899, 6710724.156585999764502 ], [ 346271.091389133303892, 6710713.76276040263474 ], [ 346284.211881513474509, 6710712.666578909382224 ], [ 346314.598803250235505, 6710705.216433846391737 ], [ 346341.196261743141804, 6710688.740849614143372 ], [ 346361.400712439441122, 6710664.852571187540889 ], [ 346373.234402932401281, 6710635.889949700795114 ], [ 346375.538969146262389, 6710604.688048337586224 ], [ 346368.088824083271902, 6710574.301126601174474 ], [ 346351.613239850383252, 6710547.703668108209968 ], [ 346327.724961424421053, 6710527.499217411503196 ], [ 346298.76233993715141, 6710515.665526919066906 ], [ 346267.56043857417535, 6710513.360960705205798 ], [ 346244.999264418380335, 6710515.245885512791574 ] ] ] ] } },
{ "type": "Feature", "properties": { }, "geometry": { "type": "MultiPolygon", "coordinates": [ [ [ [ 346267.561322594119702, 6710513.360886851325631 ], [ 346237.174334768322296, 6710520.810762351378798 ], [ 346210.576730121625587, 6710537.286110637709498 ], [ 346190.372067513293587, 6710561.174209829419851 ], [ 346178.538120093580801, 6710590.136726339347661 ], [ 346176.23327708785655, 6710621.33860725723207 ], [ 346183.683152588317171, 6710651.725595083087683 ], [ 346200.158500874647871, 6710678.323199729435146 ], [ 346224.046600066125393, 6710698.527862337417901 ], [ 346253.009116575645749, 6710710.36180975753814 ], [ 346284.210997493530158, 6710712.666652763262391 ], [ 346325.358654370356817, 6710709.229245387017727 ], [ 346355.745642196154222, 6710701.77936988696456 ], [ 346382.343246842850931, 6710685.30402160063386 ], [ 346402.547909451182932, 6710661.415922408923507 ], [ 346414.381856870895717, 6710632.453405898995697 ], [ 346416.686699876619969, 6710601.251524981111288 ], [ 346409.236824376159348, 6710570.864537155255675 ], [ 346392.761476089828648, 6710544.266932508908212 ], [ 346368.873376898351125, 6710524.062269900925457 ], [ 346339.91086038883077, 6710512.228322480805218 ], [ 346308.70897947094636, 6710509.923479475080967 ], [ 346267.561322594119702, 6710513.360886851325631 ] ] ] ] } },
{ "type": "Feature", "properties": { }, "geometry": { "type": "MultiPolygon", "coordinates": [ [ [ [ 346148.819065440562554, 6710558.351846423000097 ], [ 346141.824586039118003, 6710557.876636675558984 ], [ 346111.482068599842023, 6710565.50561495218426 ], [ 346084.982103605696466, 6710582.137557995505631 ], [ 346064.918692266335711, 6710606.144415339455009 ], [ 346053.255781073705293, 6710635.176228520460427 ], [ 346051.135017035587225, 6710666.391161389648914 ], [ 346058.763995312270708, 6710696.733678828924894 ], [ 346075.395938355883118, 6710723.233643823303282 ], [ 346079.402630783501081, 6710727.824456681497395 ], [ 346091.930894008721225, 6710739.880448886193335 ], [ 346096.680791766033508, 6710743.714802075177431 ], [ 346111.261334770242684, 6710753.50318390596658 ], [ 346116.60005785850808, 6710756.442692507058382 ], [ 346132.345985053631011, 6710763.419435111805797 ], [ 346138.12247375282459, 6710765.403629032894969 ], [ 346155.083702410396654, 6710769.615047767758369 ], [ 346161.11301330733113, 6710770.562597217969596 ], [ 346178.519489363825414, 6710771.757403302006423 ], [ 346184.619050267676357, 6710771.642631181515753 ], [ 346201.889137205958832, 6710769.80931768938899 ], [ 346207.883287856937386, 6710768.63970426749438 ], [ 346224.69435843557585, 6710763.800419381819665 ], [ 346230.386428015830461, 6710761.606640227138996 ], [ 346245.961007100762799, 6710753.993684517219663 ], [ 346251.189156870590523, 6710750.849534718319774 ], [ 346265.336234257789329, 6710740.555675027891994 ], [ 346269.939097831433173, 6710736.546079616062343 ], [ 346281.922319444129243, 6710724.133532360196114 ], [ 346285.762856222165283, 6710719.398134776391089 ], [ 346295.589066245884169, 6710704.831726874224842 ], [ 346298.540738681855146, 6710699.498572189360857 ], [ 346305.605705452209804, 6710683.612084737978876 ], [ 346307.587786080723163, 6710677.851871587336063 ], [ 346311.815883119706996, 6710660.845147618092597 ], [ 346312.763637643656693, 6710654.816743297502398 ], [ 346313.958840987004805, 6710637.379560774192214 ], [ 346313.84284080209909, 6710631.296084934845567 ], [ 346308.360253072227351, 6710600.493310614489019 ], [ 346293.627421546436381, 6710572.892344157211483 ], [ 346271.086498424119782, 6710551.194960470311344 ], [ 346242.943946312356275, 6710537.525050641037524 ], [ 346211.954554292547982, 6710533.220720688812435 ], [ 346181.151779971376527, 6710538.703308418393135 ], [ 346153.550813514972106, 6710553.436139944009483 ], [ 346148.819065440562554, 6710558.351846423000097 ] ] ] ] } },
{ "type": "Feature", "properties": { }, "geometry": { "type": "MultiPolygon", "coordinates": [ [ [ [ 346930.086360483895987, 6710697.560775153338909 ], [ 346960.803292133437935, 6710691.616047730669379 ], [ 346988.179808338696603, 6710676.470222082920372 ], [ 347009.536104950122535, 6710653.605877150781453 ], [ 347022.781678857223596, 6710625.26113432366401 ], [ 347026.619960998767056, 6710594.210574517026544 ], [ 347020.67523357574828, 6710563.493642867542803 ], [ 347005.529407927766442, 6710536.117126662284136 ], [ 346982.665062996326014, 6710514.760830050334334 ], [ 346954.320320168626495, 6710501.515256143175066 ], [ 346923.269760362105444, 6710497.676974002271891 ], [ 346717.725705162214581, 6710504.686604715883732 ], [ 346687.008773512672633, 6710510.631332138553262 ], [ 346659.632257307413965, 6710525.777157786302269 ], [ 346638.275960695988033, 6710548.641502718441188 ], [ 346625.030386788886972, 6710576.986245545558631 ], [ 346621.192104647343513, 6710608.036805352196097 ], [ 346627.136832070362289, 6710638.753737001679838 ], [ 346642.282657718344126, 6710666.130253206938505 ], [ 346665.147002649784554, 6710687.486549818888307 ], [ 346693.491745477484073, 6710700.732123726047575 ], [ 346724.542305284005124, 6710704.57040586695075 ], [ 346930.086360483895987, 6710697.560775153338909 ] ] ] ] } },
{ "type": "Feature", "properties": { }, "geometry": { "type": "MultiPolygon", "coordinates": [ [ [ [ 346223.686471704510041, 6710707.362849853932858 ], [ 346228.515210999292322, 6710707.589514169842005 ], [ 346314.760651189775672, 6710709.550522680394351 ], [ 346345.765622355102096, 6710705.35988583881408 ], [ 346373.958124218217563, 6710691.793290363624692 ], [ 346396.57847826811485, 6710670.178729142993689 ], [ 346411.412446645030286, 6710642.63198602758348 ], [ 346417.007977169996593, 6710611.849528161808848 ], [ 346412.817340328765567, 6710580.84455699659884 ], [ 346399.250744853343349, 6710552.652055133134127 ], [ 346377.636183632828761, 6710530.031701083295047 ], [ 346350.089440517011099, 6710515.197732706554234 ], [ 346319.306982651527505, 6710509.602202181704342 ], [ 346235.47865217726212, 6710507.696152782067657 ], [ 346200.351739314151928, 6710505.195157677866518 ], [ 346169.18047595146345, 6710507.88253827393055 ], [ 346140.365289083856624, 6710520.070839217863977 ], [ 346116.726809969230089, 6710540.566984690725803 ], [ 346100.578937642159872, 6710567.364669168367982 ], [ 346093.502338354999665, 6710597.840748585760593 ], [ 346096.189718951412942, 6710629.012011948041618 ], [ 346108.378019894647878, 6710657.827198815532029 ], [ 346128.874165367451496, 6710681.46567793097347 ], [ 346155.671849845908582, 6710697.613550257869065 ], [ 346186.147929262835532, 6710704.690149544738233 ], [ 346223.686471704510041, 6710707.362849853932858 ] ] ] ] } },
{ "type": "Feature", "properties": { }, "geometry": { "type": "MultiPolygon", "coordinates": [ [ [ [ 346238.618044504197314, 6710591.229701298289001 ], [ 346237.221825250016991, 6710583.854142915457487 ], [ 346234.463863793644123, 6710571.783619428984821 ], [ 346222.809222705953289, 6710542.748485277406871 ], [ 346202.752650467562489, 6710518.735913900658488 ], [ 346176.257424111478031, 6710502.096423089504242 ], [ 346145.91708099655807, 6710494.458802140317857 ], [ 346114.70154530054424, 6710496.570674604736269 ], [ 346085.666411148733459, 6710508.225315692834556 ], [ 346061.65383977163583, 6710528.281887930817902 ], [ 346045.014348960947245, 6710554.777114287018776 ], [ 346037.376728011469822, 6710585.117457401938736 ], [ 346039.488600476179272, 6710616.332993098534644 ], [ 346041.409942220780067, 6710624.74195784330368 ], [ 346043.387495093978941, 6710637.866755317896605 ], [ 346052.83129913295852, 6710667.694330468773842 ], [ 346071.030118125374429, 6710693.143744241446257 ], [ 346096.202524869644549, 6710711.723830699920654 ], [ 346125.884468807198573, 6710721.615841526538134 ], [ 346157.170474459126126, 6710721.85147777851671 ], [ 346186.99804960982874, 6710712.407673739828169 ], [ 346212.44746338261757, 6710694.20885474793613 ], [ 346231.027549840917345, 6710669.036448002792895 ], [ 346240.919560667069163, 6710639.354504065588117 ], [ 346241.155196919804439, 6710608.068498414009809 ], [ 346238.618044504197314, 6710591.229701298289001 ] ] ] ] } },
{ "type": "Feature", "properties": { }, "geometry": { "type": "MultiPolygon", "coordinates": [ [ [ [ 346241.155200621113181, 6710608.068522978574038 ], [ 346231.71140399214346, 6710578.240945482626557 ], [ 346213.512591322010849, 6710552.791527188383043 ], [ 346188.340189193491824, 6710534.211434477008879 ], [ 346158.658247713407036, 6710524.319416277110577 ], [ 346127.372242119978182, 6710524.08377225138247 ], [ 346097.544664623215795, 6710533.527568880468607 ], [ 346072.095246329321526, 6710551.72638155054301 ], [ 346053.515153617598116, 6710576.898783679120243 ], [ 346043.623135417641606, 6710606.580725159496069 ], [ 346043.387491392670199, 6710637.866730753332376 ], [ 346043.71007939602714, 6710640.007714900188148 ], [ 346053.153876024996862, 6710669.835292396135628 ], [ 346071.352688695129473, 6710695.284710690379143 ], [ 346096.525090823648497, 6710713.864803401753306 ], [ 346126.207032303733286, 6710723.756821601651609 ], [ 346157.493037897162139, 6710723.992465627379715 ], [ 346187.320615393924527, 6710714.548668998293579 ], [ 346212.770033687818795, 6710696.349856328219175 ], [ 346231.350126399542205, 6710671.177454199641943 ], [ 346241.242144599498715, 6710641.495512719266117 ], [ 346241.477788624470122, 6710610.209507125429809 ], [ 346241.155200621113181, 6710608.068522978574038 ] ] ] ] } },
{ "type": "Feature", "properties": { }, "geometry": { "type": "MultiPolygon", "coordinates": [ [ [ [ 346241.315291639941279, 6710609.168298978358507 ], [ 346231.557697167270817, 6710579.441896165721118 ], [ 346213.091709709784482, 6710554.185669580474496 ], [ 346187.724908779957332, 6710535.871874651871622 ], [ 346157.940373593650293, 6710526.293193227611482 ], [ 346126.65362197603099, 6710526.387253383174539 ], [ 346096.927219162986148, 6710536.144847855903208 ], [ 346071.670992577914149, 6710554.610835312865674 ], [ 346053.357197649369482, 6710579.977636243216693 ], [ 346043.778516224818304, 6710609.76217142958194 ], [ 346043.872576380555984, 6710641.04892304725945 ], [ 346045.388987842365168, 6710650.440345116890967 ], [ 346055.14658231503563, 6710680.166747929528356 ], [ 346073.612569772521965, 6710705.422974514774978 ], [ 346098.979370702349115, 6710723.736769443377852 ], [ 346128.763905888656154, 6710733.315450867637992 ], [ 346160.050657506275456, 6710733.221390712074935 ], [ 346189.777060319320299, 6710723.463796239346266 ], [ 346215.033286904392298, 6710704.9978087823838 ], [ 346233.347081832936965, 6710679.631007852032781 ], [ 346242.925763257488143, 6710649.846472665667534 ], [ 346242.831703101750463, 6710618.559721047990024 ], [ 346241.315291639941279, 6710609.168298978358507 ] ] ] ] } },
{ "type": "Feature", "properties": { }, "geometry": { "type": "MultiPolygon", "coordinates": [ [ [ [ 346244.813156806747429, 6710626.633480184711516 ], [ 346245.560082626820076, 6710616.17770239058882 ], [ 346238.036714032001328, 6710585.808826891705394 ], [ 346221.4970666760928, 6710559.25115870591253 ], [ 346197.560156480816659, 6710539.104347434826195 ], [ 346168.569094994338229, 6710527.340503335930407 ], [ 346137.36172930750763, 6710525.111153433099389 ], [ 346106.992853808391374, 6710532.634522028267384 ], [ 346080.435185623122379, 6710549.174169383943081 ], [ 346060.288374351861421, 6710573.111079579219222 ], [ 346048.524530252907425, 6710602.102141065523028 ], [ 346047.655363901983947, 6710605.841276481747627 ], [ 346046.277168208092917, 6710612.918184841051698 ], [ 346045.329048542538658, 6710618.935477935709059 ], [ 346044.126955893880222, 6710636.322615990415215 ], [ 346044.238057856215164, 6710642.417455754242837 ], [ 346046.095875710889231, 6710659.865891862660646 ], [ 346047.268639780639205, 6710665.837456975132227 ], [ 346052.086575264867861, 6710682.534271080046892 ], [ 346054.281421732448507, 6710688.22813468053937 ], [ 346061.962905861495528, 6710703.91455670632422 ], [ 346065.110911784227937, 6710709.132938681170344 ], [ 346085.263796637009364, 6710733.064735651016235 ], [ 346111.825661067967303, 6710749.597643201239407 ], [ 346142.196444719331339, 6710757.113305147737265 ], [ 346173.403243681474123, 6710754.87603613641113 ], [ 346202.391319041547831, 6710743.104835644364357 ], [ 346226.32311601145193, 6710722.951950791291893 ], [ 346242.856023561151233, 6710696.390086360275745 ], [ 346250.371685508172959, 6710666.019302709028125 ], [ 346248.134416496381164, 6710634.812503746710718 ], [ 346244.813156806747429, 6710626.633480184711516 ] ] ] ] } },
{ "type": "Feature", "properties": { }, "geometry": { "type": "MultiPolygon", "coordinates": [ [ [ [ 346135.938748637679964, 6710685.490333390422165 ], [ 346135.775302323163487, 6710685.692804084159434 ], [ 346138.18040640570689, 6710687.634346297942102 ], [ 346142.155231838230975, 6710692.354622703045607 ], [ 346168.716884616180323, 6710708.887870290316641 ], [ 346199.087572051095776, 6710716.403921036981046 ], [ 346230.294399651756976, 6710714.167051528580487 ], [ 346259.282625701918732, 6710702.39622213691473 ], [ 346283.214680662902538, 6710682.243643656373024 ], [ 346299.747928250755649, 6710655.681990877725184 ], [ 346307.263978997536469, 6710625.311303443275392 ], [ 346305.027109488903079, 6710594.104475842788815 ], [ 346293.256280097470153, 6710565.116249792277813 ], [ 346292.977495911705773, 6710564.654101843945682 ], [ 346282.646140056604054, 6710550.500011388212442 ], [ 346278.63398303539725, 6710545.909374320879579 ], [ 346266.151835256954655, 6710533.906032442115247 ], [ 346261.401921796496026, 6710530.071621465496719 ], [ 346246.821188903064467, 6710520.283020249567926 ], [ 346241.482411131728441, 6710517.343461086042225 ], [ 346212.052101609122474, 6710506.72618481144309 ], [ 346180.781295158143621, 6710505.723020816221833 ], [ 346150.730996190628503, 6710514.432165783829987 ], [ 346124.842737342289183, 6710532.001107922755182 ], [ 346105.650641763291787, 6710556.71007676795125 ], [ 346095.033365488168783, 6710586.140386290848255 ], [ 346094.030201493587811, 6710617.411192741245031 ], [ 346102.739346460788511, 6710647.461491709575057 ], [ 346120.308288600237574, 6710673.349750557914376 ], [ 346135.938748637679964, 6710685.490333390422165 ] ] ] ] } },
{ "type": "Feature", "properties": { }, "geometry": { "type": "MultiPolygon", "coordinates": [ [ [ [ 346117.513636633055285, 6710657.367392175830901 ], [ 346117.190395945566706, 6710657.491987503133714 ], [ 346119.385149244801141, 6710663.18588934186846 ], [ 346119.628918544447515, 6710663.091926802881062 ], [ 346126.435518559184857, 6710681.749250361695886 ], [ 346145.716183588607237, 6710706.389169804751873 ], [ 346171.667339551029727, 6710723.865072594024241 ], [ 346201.748706488462631, 6710732.466295604594052 ], [ 346233.015710615960415, 6710731.350891198031604 ], [ 346262.407719719456509, 6710720.62804293166846 ], [ 346287.047639161697589, 6710701.347377901896834 ], [ 346304.523541951319203, 6710675.396221939474344 ], [ 346313.124764961423352, 6710645.314855001866817 ], [ 346312.009360555617604, 6710614.047850874252617 ], [ 346310.841724069498014, 6710608.064900601282716 ], [ 346306.00160863075871, 6710591.253302245400846 ], [ 346303.806855331524275, 6710585.5594004066661 ], [ 346296.12545949529158, 6710569.872568941675127 ], [ 346293.256300584005658, 6710565.116283753886819 ], [ 346273.103731594630517, 6710541.18422079924494 ], [ 346246.542085374065209, 6710524.650962676852942 ], [ 346216.171400920138694, 6710517.134899884462357 ], [ 346184.964572432276327, 6710519.371757016517222 ], [ 346155.976341713627335, 6710531.142574910074472 ], [ 346132.044278759800363, 6710551.295143899507821 ], [ 346115.511020637175534, 6710577.856790120713413 ], [ 346107.994957844843157, 6710608.227474573999643 ], [ 346110.231814976315945, 6710639.434303062036633 ], [ 346117.513636633055285, 6710657.367392175830901 ] ] ] ] } },
{ "type": "Feature", "properties": { }, "geometry": { "type": "MultiPolygon", "coordinates": [ [ [ [ 346240.025584988121409, 6710658.672425896860659 ], [ 346246.627735282876529, 6710628.090057028457522 ], [ 346243.456281633756589, 6710596.964319192804396 ], [ 346230.821668020798825, 6710568.342016473412514 ], [ 346209.96065845497651, 6710545.024899285286665 ], [ 346182.915273899736349, 6710529.295409517362714 ], [ 346152.33290503162425, 6710522.693259222432971 ], [ 346121.207167195447255, 6710525.864712871611118 ], [ 346092.584864476288203, 6710538.499326484277844 ], [ 346069.267747287580278, 6710559.360336050391197 ], [ 346053.538257519772742, 6710586.405720605514944 ], [ 346052.68396775436122, 6710588.610251925885677 ], [ 346046.0818174596061, 6710619.192620794288814 ], [ 346049.25327110872604, 6710650.31835862994194 ], [ 346061.887884721683804, 6710678.940661349333823 ], [ 346082.748894287506118, 6710702.257778537459671 ], [ 346109.79427884274628, 6710717.987268305383623 ], [ 346140.376647710858379, 6710724.589418600313365 ], [ 346171.502385547035374, 6710721.417964951135218 ], [ 346200.124688266194426, 6710708.783351338468492 ], [ 346223.441805454902351, 6710687.922341772355139 ], [ 346239.171295222709887, 6710660.876957217231393 ], [ 346240.025584988121409, 6710658.672425896860659 ] ] ] ] } },
{ "type": "Feature", "properties": { }, "geometry": { "type": "MultiPolygon", "coordinates": [ [ [ [ 346204.933300904987846, 6710703.0410231128335 ], [ 346222.526699139270931, 6710700.560984408482909 ], [ 346250.641476571734529, 6710686.83404141291976 ], [ 346273.138360186421778, 6710665.090998807922006 ], [ 346287.815198270138353, 6710637.460217096842825 ], [ 346293.235319651663303, 6710606.646389708854258 ], [ 346288.86816508602351, 6710575.665788760408759 ], [ 346275.141222089878283, 6710547.551011327654123 ], [ 346253.398179484822322, 6710525.054127713665366 ], [ 346225.767397773801349, 6710510.377289629541337 ], [ 346219.996311781229451, 6710508.392824628390372 ], [ 346202.809708001441322, 6710504.14036797825247 ], [ 346196.775272634229623, 6710503.204163507558405 ], [ 346179.745552235923242, 6710502.036414120346308 ], [ 346173.645399938686751, 6710502.140056065283716 ], [ 346156.179559967422392, 6710503.9792146300897 ], [ 346150.19078686850844, 6710505.148614949546754 ], [ 346133.419723152706865, 6710509.974996262229979 ], [ 346127.722070959978737, 6710512.169047385454178 ], [ 346112.12052512448281, 6710519.792426698841155 ], [ 346106.892312505864538, 6710522.936627670191228 ], [ 346092.745059051609132, 6710533.230684163048863 ], [ 346088.142170473292936, 6710537.240337547846138 ], [ 346076.11624934268184, 6710549.705692555755377 ], [ 346072.281217813142575, 6710554.440914168022573 ], [ 346066.476273914449848, 6710562.376427411101758 ], [ 346063.537085486808792, 6710566.839328943751752 ], [ 346053.808756902988534, 6710585.707685734145343 ], [ 346053.538263971218839, 6710586.4057039571926 ], [ 346046.936108216119464, 6710616.988071646541357 ], [ 346050.107556307862978, 6710648.113810048438609 ], [ 346062.742164810420945, 6710676.736115023493767 ], [ 346083.603170213114936, 6710700.053235936909914 ], [ 346110.648551959893666, 6710715.782730533741415 ], [ 346141.230919649184216, 6710722.384886289015412 ], [ 346172.356658051663544, 6710719.213438197039068 ], [ 346200.978963026660495, 6710706.578829694539309 ], [ 346204.933300904987846, 6710703.0410231128335 ] ] ] ] } },
{ "type": "Feature", "properties": { }, "geometry": { "type": "MultiPolygon", "coordinates": [ [ [ [ 346061.55805126944324, 6710740.015038941055536 ], [ 346090.668154589016922, 6710728.548934161663055 ], [ 346114.810286804917268, 6710708.648503860458732 ], [ 346131.621247807634063, 6710682.261740810237825 ], [ 346139.45546360546723, 6710651.971565226092935 ], [ 346137.546066571900155, 6710620.742990537546575 ], [ 346126.079961792100221, 6710591.632887218147516 ], [ 346106.179531491012312, 6710567.490755002014339 ], [ 346079.792768440907821, 6710550.679793999530375 ], [ 346049.502592856588308, 6710542.845578201115131 ], [ 346018.274018168274779, 6710544.75497523508966 ], [ 345962.284092159883585, 6710557.166472828015685 ], [ 345933.173988840309903, 6710568.632577607408166 ], [ 345909.031856624409556, 6710588.53300790861249 ], [ 345892.220895621692762, 6710614.919770958833396 ], [ 345884.386679823859595, 6710645.209946542978287 ], [ 345886.296076857426669, 6710676.438521231524646 ], [ 345897.762181637226604, 6710705.548624550923705 ], [ 345917.662611938314512, 6710729.690756767056882 ], [ 345944.049374988419004, 6710746.501717769540846 ], [ 345974.339550572738517, 6710754.33593356795609 ], [ 346005.568125261052046, 6710752.426536533981562 ], [ 346061.55805126944324, 6710740.015038941055536 ] ] ] ] } },
{ "type": "Feature", "properties": { }, "geometry": { "type": "MultiPolygon", "coordinates": [ [ [ [ 345958.11019327910617, 6710763.29246306233108 ], [ 345987.140521492925473, 6710751.625856105238199 ], [ 346011.144824494374916, 6710731.559388765133917 ], [ 346027.7733938578167, 6710705.057306677103043 ], [ 346035.398509355960414, 6710674.713818285614252 ], [ 346033.27377155655995, 6710643.499155651777983 ], [ 346021.607164599292446, 6710614.468827437609434 ], [ 346001.540697259129956, 6710590.464524435810745 ], [ 345975.038615170749836, 6710573.83595507312566 ], [ 345944.695126779726706, 6710566.210839574225247 ], [ 345913.48046414530836, 6710568.335577374324203 ], [ 345872.470398402656429, 6710577.723643455654383 ], [ 345843.440070188837126, 6710589.390250412747264 ], [ 345819.435767187387682, 6710609.456717752851546 ], [ 345802.807197823945899, 6710635.958799840882421 ], [ 345795.182082325802185, 6710666.302288232371211 ], [ 345797.306820125202648, 6710697.51695086620748 ], [ 345808.973427082470153, 6710726.547279080376029 ], [ 345829.039894422632642, 6710750.551582082174718 ], [ 345855.541976511012763, 6710767.180151444859803 ], [ 345885.885464902035892, 6710774.805266943760216 ], [ 345917.100127536454238, 6710772.680529143661261 ], [ 345958.11019327910617, 6710763.29246306233108 ] ] ] ] } },
{ "type": "Feature", "properties": { }, "geometry": { "type": "MultiPolygon", "coordinates": [ [ [ [ 346006.239757579343859, 6710752.275225816294551 ], [ 346035.270231290254742, 6710740.608980909921229 ], [ 346059.274784547509626, 6710720.542812939733267 ], [ 346075.903684428776614, 6710694.040938234888017 ], [ 346083.529178353201132, 6710663.697544942609966 ], [ 346081.404829845705535, 6710632.482855811715126 ], [ 346069.738584939215798, 6710603.452382101677358 ], [ 346049.672416968853213, 6710579.447828844189644 ], [ 346023.170542264648248, 6710562.818928962573409 ], [ 345992.827148972137365, 6710555.193435038439929 ], [ 345961.612459841591772, 6710557.317783545702696 ], [ 345913.481679843331221, 6710568.335299083031714 ], [ 345884.451206132420339, 6710580.001543989405036 ], [ 345860.446652875165455, 6710600.067711959592998 ], [ 345843.817752993898466, 6710626.569586664438248 ], [ 345836.192259069473948, 6710656.912979956716299 ], [ 345838.316607576969545, 6710688.127669087611139 ], [ 345849.982852483459283, 6710717.158142797648907 ], [ 345870.049020453821868, 6710741.162696055136621 ], [ 345896.550895158026833, 6710757.791595936752856 ], [ 345926.894288450537715, 6710765.417089860886335 ], [ 345958.108977581083309, 6710763.292741353623569 ], [ 346006.239757579343859, 6710752.275225816294551 ] ] ] ] } },
{ "type": "Feature", "properties": { }, "geometry": { "type": "MultiPolygon", "coordinates": [ [ [ [ 346922.426903198240325, 6710496.240412699989974 ], [ 346905.617651963897515, 6710499.861730616539717 ], [ 346876.439802916429471, 6710511.154329921118915 ], [ 346852.17962454422377, 6710530.91068129055202 ], [ 346835.211872136977036, 6710557.196895402856171 ], [ 346827.197467521531507, 6710587.439894473180175 ], [ 346828.920916461385787, 6710618.679283036850393 ], [ 346840.213515766197816, 6710647.857132084667683 ], [ 346859.969867135980166, 6710672.117310456931591 ], [ 346886.256081247993279, 6710689.085062864236534 ], [ 346916.49908031814266, 6710697.099467479623854 ], [ 346947.738468882103916, 6710695.376018539071083 ], [ 346977.18352104461519, 6710689.032494163140655 ], [ 346995.711046367825475, 6710683.105603924952447 ], [ 347009.0782099456992, 6710677.343032603152096 ], [ 347027.607761038991157, 6710666.890650268644094 ], [ 347041.743495233124122, 6710656.795358953997493 ], [ 347064.046168284257874, 6710634.853151935152709 ], [ 347078.476755957351997, 6710607.092967974953353 ], [ 347083.622691787139047, 6710576.232167296111584 ], [ 347078.980255720729474, 6710545.291620088741183 ], [ 347065.003881746088155, 6710517.300002689473331 ], [ 347043.061674726952333, 6710494.997329638339579 ], [ 347015.301490766694769, 6710480.566741965711117 ], [ 346984.440690087969415, 6710475.420806135982275 ], [ 346953.500142881006468, 6710480.063242202624679 ], [ 346925.508525481913239, 6710494.039616176858544 ], [ 346922.426903198240325, 6710496.240412699989974 ] ] ] ] } },
{ "type": "Feature", "properties": { }, "geometry": { "type": "MultiPolygon", "coordinates": [ [ [ [ 347042.927739181905054, 6710655.949613567441702 ], [ 347065.23046055668965, 6710634.007455666549504 ], [ 347079.661109366454184, 6710606.247303486801684 ], [ 347084.807113161485177, 6710575.386514141224325 ], [ 347080.164745235990267, 6710544.4459567097947 ], [ 347066.188432907743845, 6710516.454308530315757 ], [ 347044.246275006211363, 6710494.151587155647576 ], [ 347016.486122826754581, 6710479.720938346348703 ], [ 346985.625333481060807, 6710474.574934551492333 ], [ 346954.684776050096843, 6710479.217302476987243 ], [ 346926.693127870676108, 6710493.193614805117249 ], [ 346925.508704701904207, 6710494.039488184265792 ], [ 346903.205983327119611, 6710515.98164608515799 ], [ 346888.775334517355077, 6710543.74179826490581 ], [ 346883.629330722324084, 6710574.60258761048317 ], [ 346888.271698647818994, 6710605.543145041912794 ], [ 346902.248010976065416, 6710633.534793221391737 ], [ 346924.190168877597898, 6710655.837514596059918 ], [ 346951.95032105705468, 6710670.268163405358791 ], [ 346982.811110402748454, 6710675.414167200215161 ], [ 347013.751667833712418, 6710670.771799274720252 ], [ 347041.743316013133153, 6710656.795486946590245 ], [ 347042.927739181905054, 6710655.949613567441702 ] ] ] ] } },
{ "type": "Feature", "properties": { }, "geometry": { "type": "MultiPolygon", "coordinates": [ [ [ [ 346850.519465207820758, 6710662.294692909345031 ], [ 346859.592351217288524, 6710691.045156361535192 ], [ 346877.767107199179009, 6710716.511760357767344 ], [ 346902.921940731583163, 6710735.115631569176912 ], [ 346932.594521444465499, 6710745.035693461075425 ], [ 346963.880290396511555, 6710745.30090125836432 ], [ 346993.716778541973326, 6710735.885294573381543 ], [ 347019.183382538147271, 6710717.710538591258228 ], [ 347037.787253749556839, 6710692.555705059319735 ], [ 347047.707315641338937, 6710662.883124345913529 ], [ 347050.411325506865978, 6710646.699755233712494 ], [ 347049.649319119285792, 6710609.693295660428703 ], [ 347047.092505069973413, 6710597.502275156788528 ], [ 347043.474820863921195, 6710584.616443634033203 ], [ 347041.519826230418403, 6710579.101565536111593 ], [ 347023.419443696737289, 6710547.700317903421819 ], [ 347019.709591419552453, 6710543.34142276737839 ], [ 346996.508612870587967, 6710523.324872635304928 ], [ 346979.629690402653068, 6710512.788898257538676 ], [ 346950.824148848187178, 6710500.577819277532399 ], [ 346919.655019922996871, 6710497.865794915705919 ], [ 346889.173355134320445, 6710504.91829701140523 ], [ 346862.362912209995557, 6710521.044977521523833 ], [ 346841.848084102733992, 6710544.667244598269463 ], [ 346829.63700512284413, 6710573.472786152735353 ], [ 346826.924980760610197, 6710604.641915078274906 ], [ 346833.977482856251299, 6710635.12357986625284 ], [ 346850.104163367010187, 6710661.934022790752351 ], [ 346850.519465207820758, 6710662.294692909345031 ] ] ] ] } },
{ "type": "Feature", "properties": { }, "geometry": { "type": "MultiPolygon", "coordinates": [ [ [ [ 347047.707326244504657, 6710662.883060886524618 ], [ 347047.972513912420254, 6710631.597291763871908 ], [ 347038.556888031074777, 6710601.760809676721692 ], [ 347020.382115664193407, 6710576.294217374175787 ], [ 346995.227270162140485, 6710557.69036234728992 ], [ 346965.554683066846337, 6710547.770319546572864 ], [ 346934.26891394413542, 6710547.505131877958775 ], [ 346904.432431856635958, 6710556.920757759362459 ], [ 346878.965839553973638, 6710575.09553012624383 ], [ 346860.361984526971355, 6710600.250375628471375 ], [ 346850.441941726312507, 6710629.922962724231184 ], [ 346849.667061570158694, 6710634.560601580888033 ], [ 346849.401873902243096, 6710665.846370703540742 ], [ 346858.817499783588573, 6710695.682852790690958 ], [ 346876.992272150469944, 6710721.149445093236864 ], [ 346902.147117652522866, 6710739.753300120122731 ], [ 346931.819704747817013, 6710749.673342920839787 ], [ 346963.105473870527931, 6710749.938530589453876 ], [ 346992.941955958027393, 6710740.522904708050191 ], [ 347018.408548260689713, 6710722.348132341168821 ], [ 347037.012403287691996, 6710697.193286838941276 ], [ 347046.932446088350844, 6710667.520699743181467 ], [ 347047.707326244504657, 6710662.883060886524618 ] ] ] ] } },
{ "type": "Feature", "properties": { }, "geometry": { "type": "MultiPolygon", "coordinates": [ [ [ [ 344600.990436178457458, 6770029.024840898811817 ], [ 344612.02040330786258, 6770016.074762294068933 ], [ 344621.05027689342387, 6770007.498363544233143 ], [ 344654.371429531020112, 6769975.808056122623384 ], [ 344663.245037520769984, 6769966.186653745360672 ], [ 344677.007076328620315, 6769949.150873005390167 ], [ 344682.399438183638267, 6769942.483143199235201 ], [ 344686.639818410854787, 6769936.844032639637589 ], [ 344700.187958242604509, 6769917.437661684118211 ], [ 344712.085854364268016, 6769900.390536362305284 ], [ 344719.837374461407308, 6769887.251078265719116 ], [ 344734.317309739126358, 6769857.776590025052428 ], [ 344738.410856817325111, 6769849.430527152493596 ], [ 344739.992544747656211, 6769846.047342594712973 ], [ 344742.301418260904029, 6769840.858312948606908 ], [ 344742.355126515671145, 6769840.737392134033144 ], [ 344750.848482644301839, 6769821.58097439352423 ], [ 344751.634662191441748, 6769819.759212952107191 ], [ 344757.43982988485368, 6769805.931798691861331 ], [ 344757.639167327259202, 6769805.45352606382221 ], [ 344770.063514806970488, 6769775.424797171726823 ], [ 344772.219389093923382, 6769770.216012923978269 ], [ 344780.750652920803986, 6769749.883948252536356 ], [ 344781.483325994049665, 6769748.089250913821161 ], [ 344789.346706379496027, 6769728.281222796067595 ], [ 344808.42461324960459, 6769680.248473525047302 ], [ 344820.977316751319449, 6769648.638524872250855 ], [ 344823.265474604791962, 6769642.253257941454649 ], [ 344848.11060295481002, 6769564.737753318622708 ], [ 344848.445752296713181, 6769563.671645894646645 ], [ 344858.17918287194334, 6769532.094004458747804 ], [ 344884.630825986270793, 6769452.288625895045698 ], [ 344885.973720355308615, 6769447.902708588168025 ], [ 344902.045129358419217, 6769390.763393603265285 ], [ 344904.288648780318908, 6769380.895959284156561 ], [ 344912.869620877841953, 6769331.775541771203279 ], [ 344915.894052970397752, 6769321.323087873868644 ], [ 344919.969290066102985, 6769302.706366675905883 ], [ 344922.595397726399824, 6769293.98342864587903 ], [ 344925.475531226198655, 6769281.622915419749916 ], [ 344937.036391086061485, 6769212.375864518806338 ], [ 344937.226339628745336, 6769211.194653426297009 ], [ 344939.411523564835079, 6769197.067295220680535 ], [ 344939.448722616943996, 6769196.824832691811025 ], [ 344945.53142715775175, 6769156.850886717438698 ], [ 344947.333762974361889, 6769145.036260920576751 ], [ 344950.053902546467725, 6769127.216360957361758 ], [ 344968.994957668299321, 6769003.168361218646169 ], [ 344988.422620499099139, 6768922.22218269854784 ], [ 344988.996548644208815, 6768919.686026622541249 ], [ 344995.354196905274875, 6768889.791616842150688 ], [ 344996.609598754381295, 6768882.61152131203562 ], [ 345001.334543666685931, 6768848.247947246767581 ], [ 345002.173487836844288, 6768838.941574668511748 ], [ 345003.876310844148975, 6768799.518475456163287 ], [ 345004.955147286236752, 6768782.729959934018552 ], [ 345005.139094739977736, 6768778.409168564714491 ], [ 345006.013137735659257, 6768736.638455190695822 ], [ 345006.663809665711597, 6768705.586516146548092 ], [ 345008.920262543600984, 6768693.425267378799617 ], [ 345012.975280289363582, 6768679.499705670401454 ], [ 345013.774917158996686, 6768676.758136712945998 ], [ 345024.455410000809934, 6768654.72834247816354 ], [ 345046.136002304381691, 6768610.022174431011081 ], [ 345067.799707838508766, 6768573.232259831391275 ], [ 345071.109857152390759, 6768567.784710175357759 ], [ 345074.882819791266229, 6768561.567631579004228 ], [ 345075.400638098886702, 6768560.704605311155319 ], [ 345116.244357564777602, 6768491.84903075825423 ], [ 345122.636378884548321, 6768481.079760051332414 ], [ 345126.87231123103993, 6768474.721247827634215 ], [ 345144.006125974410679, 6768449.008811637759209 ], [ 345153.200586211693007, 6768438.236503916792572 ], [ 345168.36738943378441, 6768423.331969154067338 ], [ 345226.582292959617916, 6768375.703526924364269 ], [ 345227.201861393987201, 6768375.19246069714427 ], [ 345242.349720648955554, 6768362.594816544093192 ], [ 345315.47198135103099, 6768301.74815918225795 ], [ 345319.222065984737128, 6768298.466085890308022 ], [ 345349.675008792197332, 6768270.443329230882227 ], [ 345410.365233035990968, 6768218.013521231710911 ], [ 345418.969634615583345, 6768210.587179966270924 ], [ 345424.086959122796543, 6768206.175181791186333 ], [ 345481.076710556226317, 6768156.952220117673278 ], [ 345494.175961377390195, 6768148.764183927327394 ], [ 345557.189599555102177, 6768109.398683902807534 ], [ 345592.543706662370823, 6768087.975121865049005 ], [ 345642.933127935917582, 6768058.754647574387491 ], [ 345647.878398091648705, 6768055.691331358626485 ], [ 345671.803450468869414, 6768039.890120866708457 ], [ 345674.041537432232872, 6768038.416160541586578 ], [ 345674.128798194869887, 6768038.358626904897392 ], [ 345719.720803466509096, 6768008.264254841022193 ], [ 345723.475109245919157, 6768005.661071185953915 ], [ 345744.694663159258198, 6767990.218230918981135 ], [ 345879.269969035754912, 6767896.036191398277879 ], [ 345884.714484773052391, 6767891.942698610946536 ], [ 345908.262234993570019, 6767872.949053693562746 ], [ 345919.686033232777845, 6767864.48637592419982 ], [ 345975.619000798440538, 6767822.9930539149791 ], [ 346004.692124527471606, 6767802.654601639136672 ], [ 346007.954882829799317, 6767800.272515395656228 ], [ 346017.705516122689005, 6767792.847222672775388 ], [ 346069.296139964426402, 6767753.56889982521534 ], [ 346130.45744470320642, 6767708.488674649968743 ], [ 346131.424705412238836, 6767707.766685623675585 ], [ 346189.37459436658537, 6767663.964297000318766 ], [ 346251.875997785420623, 6767617.012146286666393 ], [ 346253.576665996748488, 6767615.705815355293453 ], [ 346457.633956343866885, 6767455.455664039589465 ], [ 346534.069159801409114, 6767402.174288539215922 ], [ 346597.659960432501975, 6767359.926365843974054 ], [ 346740.825660529488232, 6767267.660324595868587 ], [ 346798.682415367453359, 6767243.236377477645874 ], [ 346900.209670663403813, 6767225.147253548726439 ], [ 346978.67793854692718, 6767213.663962821476161 ], [ 346986.667735083552543, 6767212.160707872360945 ], [ 347028.334655284765176, 6767202.552504920400679 ], [ 347035.824505667143967, 6767200.516253599897027 ], [ 347056.233297982893419, 6767194.107452193275094 ], [ 347063.370844651595689, 6767191.565252065658569 ], [ 347073.331984504591674, 6767187.585996255278587 ], [ 347079.068509281321894, 6767185.083480469882488 ], [ 347114.798326335439924, 6767168.146647905930877 ], [ 347127.633012218517251, 6767160.857165689580142 ], [ 347144.537264488521032, 6767149.529284114949405 ], [ 347149.860714632610325, 6767145.703256758861244 ], [ 347189.845455762639176, 6767114.929011784493923 ], [ 347190.398627461807337, 6767114.500172330066562 ], [ 347263.317799633019604, 6767057.56082043517381 ], [ 347266.267041173763573, 6767055.166337792761624 ], [ 347277.034077979275025, 6767046.079901405610144 ], [ 347307.269864661968313, 6767020.566537741571665 ], [ 347318.251275719085243, 6767011.297117432579398 ], [ 347325.616340101871174, 6767005.087951421737671 ], [ 347326.252454640401993, 6767004.547111675143242 ], [ 347334.869500321976375, 6766997.158493398688734 ], [ 347337.5998442164273, 6766994.729419376701117 ], [ 347386.937387008743826, 6766949.193826101720333 ], [ 347430.494499255437404, 6766909.007231271825731 ], [ 347439.201960034377407, 6766899.892597236670554 ], [ 347471.266727748443373, 6766861.784283365122974 ], [ 347507.479223212285433, 6766818.756886559538543 ], [ 347509.599376074271277, 6766816.150066912174225 ], [ 347556.30458842322696, 6766756.711182213388383 ], [ 347562.620912923302967, 6766747.691554464399815 ], [ 347567.545921633660328, 6766739.762835814617574 ], [ 347582.036262135021389, 6766716.446991604752839 ], [ 347592.365241973020602, 6766694.075745704583824 ], [ 347598.839182405441534, 6766673.797712570987642 ], [ 347607.856042087718379, 6766647.106497621163726 ], [ 347608.915517066954635, 6766643.779877166263759 ], [ 347621.168345872894861, 6766602.849845970980823 ], [ 347638.199515494052321, 6766545.967977696098387 ], [ 347661.056965232128277, 6766472.185642164200544 ], [ 347662.768514578288887, 6766465.955561856739223 ], [ 347667.419245577882975, 6766446.599181487224996 ], [ 347672.828911579155829, 6766424.047773472964764 ], [ 347674.989233788393904, 6766411.644192677922547 ], [ 347680.175953502359334, 6766364.44301921967417 ], [ 347680.279784126498271, 6766363.452735940925777 ], [ 347680.933398274355568, 6766356.904722301289439 ], [ 347683.061191844637506, 6766335.848311873152852 ], [ 347686.796124859363772, 6766302.802643437869847 ], [ 347687.004100122838281, 6766300.778137377463281 ], [ 347689.69903460459318, 6766271.629816462285817 ], [ 347691.254450894019101, 6766254.866081902757287 ], [ 347692.514511677145492, 6766241.335514271631837 ], [ 347694.860042699379846, 6766216.010804858058691 ], [ 347711.060981159273069, 6766138.135523553006351 ], [ 347736.639522816927638, 6766048.462571645155549 ], [ 347739.440044582472183, 6766038.641199056059122 ], [ 347746.594872713438235, 6766015.741901927627623 ], [ 347750.618228722945787, 6765996.174013896845281 ], [ 347752.09219461173052, 6765981.876712270081043 ], [ 347754.712343248305842, 6765956.561470572836697 ], [ 347753.163935818651225, 6765925.977784156799316 ], [ 347735.352626916952431, 6765840.013859056867659 ], [ 347734.622832978377119, 6765836.764874446205795 ], [ 347717.600399769376963, 6765766.476527720689774 ], [ 347714.921536620473489, 6765752.509766886942089 ], [ 347710.259541787672788, 6765728.183250801637769 ], [ 347709.425090301956516, 6765697.51424671150744 ], [ 347708.517906854744069, 6765664.130841230042279 ], [ 347710.432744039280806, 6765606.818244891241193 ], [ 347712.505561329424381, 6765566.030298480764031 ], [ 347724.070793924853206, 6765461.463067073374987 ], [ 347730.153628728876356, 6765424.352619079872966 ], [ 347744.814928015286569, 6765334.9096375470981 ], [ 347745.428100538963918, 6765330.577064097858965 ], [ 347754.820268613111693, 6765251.83178935199976 ], [ 347755.496792209451087, 6765237.652981960214674 ], [ 347752.743614869832527, 6765119.799932832829654 ], [ 347750.795424267940689, 6764993.778471738100052 ], [ 347750.714916856377386, 6764991.025093596428633 ], [ 347742.840010648360476, 6764808.019315172918141 ], [ 347742.479749678401276, 6764802.81378922984004 ], [ 347730.117961260140873, 6764673.342017073184252 ], [ 347726.684273551101796, 6764541.494570950977504 ], [ 347727.017529196571559, 6764447.70408281031996 ], [ 347734.945950731169432, 6764363.533056952059269 ], [ 347752.795369575440418, 6764268.395359358750284 ], [ 347781.72540099627804, 6764144.410196143202484 ], [ 347816.981535005092155, 6764005.36142984777689 ], [ 347817.661737637943588, 6764002.503117765299976 ], [ 347837.369622617494315, 6763913.929680950939655 ], [ 347838.373511252808385, 6763908.785487661138177 ], [ 347853.420865118736401, 6763819.257792771793902 ], [ 347879.203466934035532, 6763700.314784523099661 ], [ 347879.409919614321552, 6763699.338870381936431 ], [ 347884.909986275073607, 6763672.683854853734374 ], [ 347905.510634374746587, 6763572.791879687458277 ], [ 347905.7816909312387, 6763571.429787092842162 ], [ 347918.146451540291309, 6763506.959776922129095 ], [ 347935.180978080548812, 6763419.184746594168246 ], [ 347952.343399581091944, 6763331.42632835637778 ], [ 347964.18740416347282, 6763287.233901961706579 ], [ 347975.756415190582629, 6763244.903009090572596 ], [ 347995.898040967178531, 6763197.987449423409998 ], [ 347999.548601107206196, 6763188.068340907804668 ], [ 348016.254950290895067, 6763134.018448243848979 ], [ 348016.372069774719421, 6763133.636834717355669 ], [ 348035.733623523556162, 6763070.098716365173459 ], [ 348038.375403700512834, 6763059.31475468352437 ], [ 348050.565378209459595, 6762994.067881245166063 ], [ 348052.086912192287855, 6762986.409006646834314 ], [ 348056.714952313282993, 6762963.111276579089463 ], [ 348057.066415738547221, 6762961.429943103343248 ], [ 348057.116519089613575, 6762961.188775716349483 ], [ 348061.660052417370025, 6762939.182890801690519 ], [ 348073.56784152117325, 6762881.500778750516474 ], [ 348086.184275742503814, 6762820.364873237907887 ], [ 348098.748276093509048, 6762787.550762508995831 ], [ 348100.236095747095533, 6762783.392159947194159 ], [ 348134.203496273083147, 6762681.402669774368405 ], [ 348204.782262380758766, 6762472.302950433455408 ], [ 348205.993691120878793, 6762468.460094531066716 ], [ 348219.022334629495163, 6762424.028403258882463 ], [ 348220.170695358305238, 6762419.765844683162868 ], [ 348228.213455580058508, 6762387.053874854929745 ], [ 348231.753943159012124, 6762375.917503703385592 ], [ 348235.710633723356295, 6762357.791727757081389 ], [ 348242.167233897722326, 6762305.141573275439441 ], [ 348242.805812778882682, 6762288.388676627539098 ], [ 348239.424962963617872, 6762214.662463241256773 ], [ 348237.80630641116295, 6762200.756693824194372 ], [ 348223.070746762445197, 6762122.421342235989869 ], [ 348216.408095841994509, 6762100.821484630927444 ], [ 348181.593583015084732, 6762021.256362841464579 ], [ 348179.103784922277555, 6762015.989497514441609 ], [ 348114.565590641344897, 6761889.16545117739588 ], [ 348058.201954683230724, 6761775.311715805903077 ], [ 348053.913734543602914, 6761767.53787502553314 ], [ 347992.357519560842775, 6761666.796712886542082 ], [ 347989.800405906396918, 6761662.825731689110398 ], [ 347961.784090150031261, 6761621.49663910921663 ], [ 347929.755468846764416, 6761573.142051153816283 ], [ 347925.710070694738533, 6761567.47368838917464 ], [ 347872.869786398136057, 6761498.63603003975004 ], [ 347847.718576220213436, 6761464.357704758644104 ], [ 347770.434125143452547, 6761358.026145718991756 ], [ 347725.540055908437353, 6761296.238708288408816 ], [ 347671.423853527230676, 6761217.230519364587963 ], [ 347669.622536930954084, 6761214.686615296639502 ], [ 347576.772840715304483, 6761087.800341966561973 ], [ 347570.871495013823733, 6761080.483811523765326 ], [ 347506.536385665647686, 6761007.977369527332485 ], [ 347499.097501210519113, 6761000.438682994805276 ], [ 347318.296628373092972, 6760835.655452742241323 ], [ 347280.003018592309672, 6760797.778984263539314 ], [ 347278.3023243797943, 6760796.136137860827148 ], [ 347162.866190982516855, 6760687.235194510780275 ], [ 347039.709534130524844, 6760561.912653434090316 ], [ 346946.536119506577961, 6760463.886649045161903 ], [ 346858.893025958794169, 6760366.529627036303282 ], [ 346799.127657323842868, 6760293.630985197611153 ], [ 346784.548622272792272, 6760268.957507325336337 ], [ 346782.977346500731073, 6760266.387475058436394 ], [ 346769.961163543688599, 6760245.80103503074497 ], [ 346743.903268546331674, 6760204.545199252665043 ], [ 346687.731983139587101, 6760091.215636484324932 ], [ 346619.020001986413263, 6759949.564802894368768 ], [ 346542.361303143377881, 6759789.274877162650228 ], [ 346540.651897523319349, 6759785.868889488279819 ], [ 346478.493726418004371, 6759667.690987966954708 ], [ 346475.899615332134999, 6759663.061436406336725 ], [ 346378.984652959508821, 6759500.381856300868094 ], [ 346377.360778917674907, 6759497.749508822336793 ], [ 346279.274887775012758, 6759344.118236696347594 ], [ 346253.264995570993051, 6759303.382592217065394 ], [ 346252.286155220295768, 6759301.879465668462217 ], [ 346177.629180729330983, 6759189.452810905873775 ], [ 346149.808283870399464, 6759141.653102148324251 ], [ 346122.565718528057914, 6759088.212044640444219 ], [ 346067.4233715487062, 6758954.678261401131749 ], [ 346067.234560339304153, 6758954.224200312979519 ], [ 346009.908858317532577, 6758817.315443035215139 ], [ 345952.718681750528049, 6758672.096831965260208 ], [ 345952.16341671475675, 6758670.71707408875227 ], [ 345894.878618019807618, 6758531.373130613006651 ], [ 345894.358242681715637, 6758530.131173949688673 ], [ 345821.810141444555484, 6758360.202949532307684 ], [ 345819.391163163818419, 6758354.96138602681458 ], [ 345738.236323675431777, 6758191.671531639061868 ], [ 345692.582116674864665, 6758094.141581105068326 ], [ 345671.428614241478499, 6758012.352405671030283 ], [ 345654.501558475778438, 6757916.685357602313161 ], [ 345656.705445373954717, 6757827.527832490392029 ], [ 345674.358887847105507, 6757704.592679995112121 ], [ 345705.756054726836737, 6757568.401753943413496 ], [ 345705.816865806235, 6757568.13632442150265 ], [ 345777.647571350738872, 6757252.635323081165552 ], [ 345777.725043688435107, 6757252.292256344109774 ], [ 345845.397220718732569, 6756950.151224297471344 ], [ 345919.216350433416665, 6756650.705739917233586 ], [ 345996.49607331585139, 6756356.369259804487228 ], [ 345997.531190341745969, 6756352.03599242027849 ], [ 346022.326843200775329, 6756236.947513957507908 ], [ 346022.796648797520902, 6756234.634693793021142 ], [ 346047.897402943286579, 6756103.129285266622901 ], [ 346048.778719620720949, 6756097.707253971137106 ], [ 346061.997021091112401, 6755999.405636294744909 ], [ 346062.369304538937286, 6755996.260783449746668 ], [ 346073.014861344941892, 6755892.25023331400007 ], [ 346073.434538470231928, 6755886.539970951154828 ], [ 346078.761440458707511, 6755767.532225213013589 ], [ 346078.822120954864658, 6755765.86555477231741 ], [ 346082.483335757395253, 6755635.38995348662138 ], [ 346082.428931249247398, 6755628.255870474502444 ], [ 346076.739208522369154, 6755496.950424292124808 ], [ 346076.609813152812421, 6755494.602772342041135 ], [ 346054.609550344117451, 6755165.834251225925982 ], [ 346054.599853435938712, 6755165.690888306125998 ], [ 346047.846399433619808, 6755066.899362069554627 ], [ 346037.569763569917995, 6754916.646598719060421 ], [ 346024.786416891787667, 6754724.505155622959137 ], [ 346024.719968139543198, 6754723.572271432727575 ], [ 345976.172606206731871, 6754084.21030502859503 ], [ 345977.119879895763006, 6754020.05929038580507 ], [ 345978.09027898759814, 6753954.87216021027416 ], [ 346001.280736338638235, 6753681.877946535125375 ], [ 346004.830259778536856, 6753649.643172335810959 ], [ 346005.153017519274727, 6753646.149839084595442 ], [ 346022.865377546346281, 6753409.124162614345551 ], [ 346023.127750190149527, 6753403.442653531208634 ], [ 346025.016079811379313, 6753296.802595040760934 ], [ 346024.757973398023751, 6753287.637451618909836 ], [ 346015.423528954968788, 6753161.750992082990706 ], [ 346014.702323950943537, 6753152.091649846173823 ], [ 346014.327989204146434, 6753148.137499495409429 ], [ 345994.717183059023228, 6752977.233741016127169 ], [ 345992.701392251707148, 6752956.869199395179749 ], [ 345985.216508695099037, 6752868.897177963517606 ], [ 345988.166285647312179, 6752823.611207575537264 ], [ 345991.540432174922898, 6752771.966918627731502 ], [ 346009.38789993757382, 6752630.234922615811229 ], [ 346013.449844993767329, 6752605.442086608149111 ], [ 346013.818670898210257, 6752603.002650560811162 ], [ 346047.594193539349362, 6752359.308221303857863 ], [ 346048.104318041994702, 6752354.915302391164005 ], [ 346058.08195077907294, 6752248.505200980231166 ], [ 346058.285228033084422, 6752245.99853789806366 ], [ 346060.470412139431573, 6752214.074507657438517 ], [ 346060.653866596869193, 6752204.083898199722171 ], [ 346058.625356926990207, 6752139.955890014767647 ], [ 346058.442723430169281, 6752136.300561124458909 ], [ 346056.216310025600251, 6752103.716654233634472 ], [ 346055.331759927328676, 6752095.62767976988107 ], [ 346047.737215880479198, 6752045.247100780718029 ], [ 346046.82066999853123, 6752040.087940085679293 ], [ 346036.661627204855904, 6751990.487215246073902 ], [ 346036.489080176805146, 6751989.662460238672793 ], [ 346005.978937837295234, 6751846.832347522489727 ], [ 345990.364884546608664, 6751770.190774046815932 ], [ 345989.529506207560189, 6751766.456979575566947 ], [ 345970.720040704181883, 6751689.341390184126794 ], [ 345912.306912968459073, 6751412.513998504728079 ], [ 345912.1410022933851, 6751411.74279628880322 ], [ 345863.962949765904341, 6751192.0153982732445 ], [ 345859.163145877013449, 6751166.440862867981195 ], [ 345858.207777117844671, 6751161.927365591749549 ], [ 345846.321176521829329, 6751111.53800308611244 ], [ 345816.334422803018242, 6750970.181245817802846 ], [ 345814.71791188721545, 6750963.65138076338917 ], [ 345772.844843744649552, 6750815.988992999307811 ], [ 345772.019531398138497, 6750813.230526837520301 ], [ 345729.156945957976859, 6750677.135975900106132 ], [ 345727.229258454230148, 6750671.589242605492473 ], [ 345674.380795293662231, 6750532.805194511078298 ], [ 345672.748985952581279, 6750528.784488765522838 ], [ 345613.048116190242581, 6750390.380369557067752 ], [ 345612.667419740639161, 6750389.509213564917445 ], [ 345542.791014952235855, 6750231.658730702474713 ], [ 345541.810027094499674, 6750229.511520434170961 ], [ 345527.016745249391533, 6750198.117390947416425 ], [ 345478.807146810984705, 6750095.881331423297524 ], [ 345478.188403617881704, 6750094.593130989931524 ], [ 345440.332117956655566, 6750017.199632512405515 ], [ 345410.26002881367458, 6749955.713148907758296 ], [ 345408.564801396569237, 6749952.40432648267597 ], [ 345243.734189714014065, 6749644.903919793665409 ], [ 345126.333220035361592, 6749420.880904474295676 ], [ 345105.728784091596026, 6749381.279465897940099 ], [ 345105.48095999303041, 6749380.806242667138577 ], [ 345080.939825155655853, 6749334.247644238173962 ], [ 345047.959809585066978, 6749261.928333738818765 ], [ 345040.603756444528699, 6749236.08734786324203 ], [ 345035.843729564803652, 6749209.021412719041109 ], [ 345035.343741295917425, 6749201.501843838021159 ], [ 345030.739968872396275, 6749132.656947790645063 ], [ 345029.905812059121672, 6749120.219659894704819 ], [ 345029.714182060153689, 6749117.801951312460005 ], [ 345022.507199192186818, 6749039.016683966852725 ], [ 345020.899175821105018, 6749021.439335783012211 ], [ 345020.447870327567216, 6749017.408851085230708 ], [ 344996.031535158865154, 6748833.213295134715736 ], [ 344995.185208208626136, 6748827.921437065117061 ], [ 344970.90905413206201, 6748698.475642998702824 ], [ 344963.948813122755382, 6748661.369184580631554 ], [ 344957.433333708089776, 6748640.078677861019969 ], [ 344942.137061324669048, 6748604.743422154337168 ], [ 344939.053048417379614, 6748597.602907881140709 ], [ 344937.815618621592876, 6748594.852546429261565 ], [ 344918.684953146323096, 6748553.990187446586788 ], [ 344913.735717644973192, 6748544.720862620510161 ], [ 344889.781155811389908, 6748505.028284845873713 ], [ 344885.797789944394026, 6748498.940094854682684 ], [ 344871.911565425805748, 6748479.313764815218747 ], [ 344855.108959461795166, 6748455.570357349701226 ], [ 344852.778899194381665, 6748452.411178151145577 ], [ 344845.261166149633937, 6748442.626389358192682 ], [ 344827.798784808081109, 6748419.894021521322429 ], [ 344822.50952913693618, 6748413.566730190999806 ], [ 344798.282849954033736, 6748386.901716277934611 ], [ 344796.395429741125554, 6748384.881176848895848 ], [ 344773.034578080696519, 6748360.555725449696183 ], [ 344762.424721625633538, 6748350.981983103789389 ], [ 344718.589110005414113, 6748316.778378712013364 ], [ 344713.437252280418761, 6748313.016610332764685 ], [ 344667.795771739678457, 6748281.872433817945421 ], [ 344662.417416824260727, 6748278.448490322567523 ], [ 344612.636455984087661, 6748248.944007147103548 ], [ 344602.500310288509354, 6748243.693821331486106 ], [ 344550.4929356953362, 6748220.41817335691303 ], [ 344542.184779006813187, 6748217.136988990940154 ], [ 344501.977396925387438, 6748203.299576178193092 ], [ 344493.856758996669669, 6748200.884398140944541 ], [ 344432.201591629069299, 6748185.357301105745137 ], [ 344422.292103246669285, 6748183.388033898547292 ], [ 344367.349160810408648, 6748175.329540305770934 ], [ 344356.526167663221713, 6748174.339039499871433 ], [ 344301.541995290492196, 6748172.309418515302241 ], [ 344296.40236707002623, 6748172.251885736361146 ], [ 344217.851193358597811, 6748173.391671859659255 ], [ 344215.875307979644276, 6748173.439876462332904 ], [ 344158.86808780458523, 6748175.394515688531101 ], [ 344112.258221879019402, 6748176.856659648939967 ], [ 344079.665603663073853, 6748176.776950058527291 ], [ 344049.031012718798593, 6748175.162684321403503 ], [ 344039.660020406357944, 6748173.648501274175942 ], [ 344009.822831595491152, 6748167.952893245965242 ], [ 343984.011411100160331, 6748161.446887898258865 ], [ 343958.23234410234727, 6748153.746436395682395 ], [ 343930.017191843013279, 6748143.531217130832374 ], [ 343885.651698050904088, 6748124.575912642292678 ], [ 343866.723457731015515, 6748113.615213409997523 ], [ 343850.411473357991781, 6748102.054905929602683 ], [ 343822.793827037850861, 6748080.051548735238612 ], [ 343799.408094335405622, 6748059.330357393249869 ], [ 343783.837045973807108, 6748043.61095810122788 ], [ 343767.143409534182865, 6748023.578429469838738 ], [ 343740.525587591575459, 6747986.785150969401002 ], [ 343724.669924894638825, 6747961.621144524775445 ], [ 343714.289180101826787, 6747938.269581079483032 ], [ 343702.978635752748232, 6747907.797997636720538 ], [ 343691.487582071858924, 6747868.851453896611929 ], [ 343682.888584496686235, 6747834.463875557295978 ], [ 343670.094427230884321, 6747772.146455391310155 ], [ 343655.397848753724247, 6747691.712508438155055 ], [ 343655.288776712899562, 6747691.125477465800941 ], [ 343634.822263670386747, 6747582.775738504715264 ], [ 343634.050174322037492, 6747579.07357011642307 ], [ 343625.644136197224725, 6747542.26371271815151 ], [ 343601.324686112697236, 6747403.074117694981396 ], [ 343598.833955877344124, 6747388.74169300403446 ], [ 343598.540395991934929, 6747387.130760317668319 ], [ 343547.796948461385909, 6747121.042941281571984 ], [ 343546.06980029377155, 6747036.54383270163089 ], [ 343569.290888544986956, 6746918.383253370411694 ], [ 343582.630037466355134, 6746867.550813459791243 ], [ 343583.096608156978618, 6746865.701134948059916 ], [ 343601.722029506985564, 6746788.775725934654474 ], [ 343605.771428465901408, 6746772.800698614679277 ], [ 343612.759175274870358, 6746747.850582801736891 ], [ 343613.296946275397204, 6746745.850950009189546 ], [ 343615.544605945062358, 6746737.134458118118346 ], [ 343631.302885856712237, 6746689.893804519437253 ], [ 343648.527070366486441, 6746647.093452830798924 ], [ 343664.383154691022355, 6746613.060122525319457 ], [ 343693.302653503953479, 6746555.588219941593707 ], [ 343724.17650289402809, 6746504.983893756754696 ], [ 343727.670178833825048, 6746498.769611797295511 ], [ 343750.816635760013014, 6746453.927997334860265 ], [ 343755.858875196427107, 6746442.445200026035309 ], [ 343771.938530113024171, 6746398.533411619253457 ], [ 343775.369679179391824, 6746387.086917297914624 ], [ 343785.190637787396554, 6746345.414710028097034 ], [ 343787.024236396187916, 6746335.35551795642823 ], [ 343792.227448056277353, 6746295.293009642511606 ], [ 343793.02657312725205, 6746285.011644283309579 ], [ 343793.735727385617793, 6746257.726746521890163 ], [ 343793.717832044756506, 6746251.914806473068893 ], [ 343792.563395659148227, 6746216.011520324274898 ], [ 343792.463320443814155, 6746213.718646921217442 ], [ 343778.799784763308708, 6745965.965796971693635 ], [ 343773.0580680584535, 6745861.823474451899529 ], [ 343772.617521212028805, 6745822.059403705410659 ], [ 343774.188061318127438, 6745794.844051112420857 ], [ 343789.546178285963833, 6745656.615235355682671 ], [ 343789.692840481002349, 6745655.204080323688686 ], [ 343800.34664339502342, 6745545.104668855667114 ], [ 343800.709244700323325, 6745539.995518389157951 ], [ 343804.560116629174445, 6745454.93142528925091 ], [ 343804.628348115191329, 6745447.798469563946128 ], [ 343802.418427188938949, 6745363.174294144846499 ], [ 343802.225090028776322, 6745359.044537398964167 ], [ 343797.23627486260375, 6745285.198346487246454 ], [ 343797.220156446855981, 6745284.963854250498116 ], [ 343796.428088102140464, 6745273.635386564768851 ], [ 343791.518840834090952, 6745198.45406312122941 ], [ 343786.442752825736534, 6745118.115027213469148 ], [ 343781.478549960360397, 6745029.989046121947467 ], [ 343780.875344214378856, 6745002.692645058035851 ], [ 343782.337835066078696, 6744971.647418606095016 ], [ 343785.337998723669443, 6744915.86009618267417 ], [ 343785.436449726461433, 6744913.517617240548134 ], [ 343787.349516926973592, 6744850.359427747316658 ], [ 343787.385720403399318, 6744845.943355628289282 ], [ 343786.717796759156045, 6744797.842350442893803 ], [ 343786.197761970048305, 6744788.951974742114544 ], [ 343781.349128152302001, 6744742.030748902820051 ], [ 343778.397540442936588, 6744726.153636208735406 ], [ 343769.285736555990297, 6744692.529923706315458 ], [ 343767.309332562377676, 6744686.101403283886611 ], [ 343755.327928811486345, 6744651.337903896346688 ], [ 343753.104632725531701, 6744645.488066926598549 ], [ 343733.95747536275303, 6744599.496667066588998 ], [ 343733.159114009293262, 6744597.632506190799177 ], [ 343723.54620176483877, 6744575.800896076485515 ], [ 343717.157465808326378, 6744561.287917362526059 ], [ 343694.522454012825619, 6744509.898857347667217 ], [ 343673.772080187278334, 6744448.957702022045851 ], [ 343671.668827944318764, 6744442.782510899938643 ], [ 343665.574368116620462, 6744414.346136801876128 ], [ 343662.446750105824322, 6744389.862700593657792 ], [ 343662.000115592789371, 6744367.899552006274462 ], [ 343663.519608413276728, 6744347.467326717451215 ], [ 343667.148600328830071, 6744325.162597745656967 ], [ 343674.725974980683532, 6744292.971423007547855 ], [ 343685.555137362738606, 6744263.149990670382977 ], [ 343685.761459910077974, 6744262.576374471187592 ], [ 343696.46473791077733, 6744232.531992830336094 ], [ 343697.576447961153463, 6744229.230589939281344 ], [ 343706.351686853333376, 6744201.588213254697621 ], [ 343725.076134038448799, 6744146.564320537261665 ], [ 343807.447793094732333, 6743904.441967394202948 ], [ 343808.712541589513421, 6743900.452461932785809 ], [ 343851.030895226227585, 6743756.579366424120963 ], [ 343853.328015656385105, 6743747.075835417956114 ], [ 343881.191172227729112, 6743600.823184743523598 ], [ 343882.757612072455231, 6743588.435850218869746 ], [ 343910.257948503189255, 6743154.686960971914232 ], [ 343910.318352850736119, 6743153.648774321191013 ], [ 343949.39979922468774, 6742415.800015323795378 ], [ 343968.751241632562596, 6742293.883866637013853 ], [ 344014.015906485321466, 6742138.396648635156453 ], [ 344145.036318644299172, 6741828.527971072122455 ], [ 344146.028698505251668, 6741826.092131041921675 ], [ 344315.293865685467608, 6741394.462846894748509 ], [ 344318.487651808594819, 6741384.935902678407729 ], [ 344370.165189369407017, 6741200.51039055082947 ], [ 344373.596921180840582, 6741180.967748129740357 ], [ 344378.288882523076609, 6741118.069510073401034 ], [ 344378.532588699192274, 6741113.213636796921492 ], [ 344380.354950239881873, 6741042.686825257726014 ], [ 344380.384697233384941, 6741040.954599130898714 ], [ 344381.572119261545595, 6740901.400695567950606 ], [ 344381.302256802853663, 6740893.159211165271699 ], [ 344375.991848548990674, 6740821.50261081662029 ], [ 344374.798221838078462, 6740811.82664068415761 ], [ 344364.177404507179745, 6740750.508107081986964 ], [ 344362.947272428136785, 6740744.505845717154443 ], [ 344352.474882509093732, 6740700.334105684421957 ], [ 344348.656960009771865, 6740687.898259864188731 ], [ 344319.919732105685398, 6740612.232409006915987 ], [ 344316.129664962587412, 6740603.523464820347726 ], [ 344270.321941931499168, 6740510.594887699000537 ], [ 344262.577641894982662, 6740494.871875559911132 ], [ 344261.255245068168733, 6740492.282702592201531 ], [ 344174.589097072428558, 6740328.517159402370453 ], [ 344099.765466510783881, 6740177.221819652244449 ], [ 344044.75341753452085, 6740047.531854116357863 ], [ 344007.009631958557293, 6739958.563889972865582 ], [ 344004.515411467989907, 6739953.140793038532138 ], [ 343939.124817880860064, 6739821.465415542945266 ], [ 343936.727272149233613, 6739816.933081681840122 ], [ 343647.425432209682185, 6739302.399296068586409 ], [ 343455.4729187884368, 6738961.048373237252235 ], [ 343455.402488563966472, 6738960.923336604610085 ], [ 343320.34163928887574, 6738721.548098171129823 ], [ 343081.932916231220588, 6738299.025245512835681 ], [ 342955.049325494037475, 6738074.196236913092434 ], [ 342624.055730425519869, 6737480.203945947811007 ], [ 342610.363343886099756, 6737461.248529308475554 ], [ 342533.840681345551275, 6737377.904113849624991 ], [ 342517.236997812055051, 6737363.411223985254765 ], [ 342341.21013533428777, 6737241.11409162543714 ], [ 342335.06821680784924, 6737237.17122741881758 ], [ 342130.476493934518658, 6737116.13999891653657 ], [ 341961.102606197237037, 6737014.716332724317908 ], [ 341956.640730598301161, 6737012.197492961771786 ], [ 341889.156821374548599, 6736976.349195166490972 ], [ 341843.359826104016975, 6736952.008745794184506 ], [ 341834.820110933564138, 6736947.975072911009192 ], [ 340817.648808089958038, 6736525.052052552811801 ], [ 340694.452953850093763, 6736468.339138969779015 ], [ 340675.374118947598618, 6736458.776167963631451 ], [ 340658.405994962784462, 6736448.818300807848573 ], [ 340642.134704583499115, 6736437.74988098628819 ], [ 340626.611681328504346, 6736425.621502190828323 ], [ 340611.951995139592327, 6736412.516517328098416 ], [ 340598.193671040527988, 6736398.458086645230651 ], [ 340585.375134557136334, 6736383.499750739894807 ], [ 340573.573710139433388, 6736367.731345223262906 ], [ 340561.957408287853468, 6736349.854111073538661 ], [ 340467.5744055424002, 6736193.412821548059583 ], [ 340097.028080807300285, 6735491.754326953552663 ], [ 340096.552095506922342, 6735490.863926009275019 ], [ 340062.735345887136646, 6735428.365612774156034 ], [ 340056.778453910315875, 6735418.708985376171768 ], [ 339920.159114694630262, 6735223.025576543062925 ], [ 339907.270084041461814, 6735207.989889641292393 ], [ 339757.275387801171746, 6735064.586181640625 ], [ 339574.023782270611264, 6734883.618897451087832 ], [ 339565.960726943565533, 6734876.47212640196085 ], [ 339482.783561086689588, 6734810.394481976516545 ], [ 339471.606240157911088, 6734802.691662473604083 ], [ 339384.297839838953223, 6734750.89134815428406 ], [ 339383.478909137193114, 6734750.410716347396374 ], [ 339186.680431414046325, 6734636.16207863483578 ], [ 339174.028476212581154, 6734629.964668923988938 ], [ 338924.769094833231065, 6734528.963553367182612 ], [ 338924.253761953616049, 6734528.756402185186744 ], [ 338566.254686819214839, 6734386.003093079663813 ], [ 338552.924816442362498, 6734381.741956021636724 ], [ 338500.200041822448839, 6734368.874361680820584 ], [ 338480.355908866273239, 6734366.097773745656013 ], [ 338404.105362729751505, 6734363.148324474692345 ], [ 338390.334328342869412, 6734363.565433340147138 ], [ 338246.37204237334663, 6734377.896567441523075 ], [ 338145.925038924557157, 6734385.521893916651607 ], [ 337938.012973173579667, 6734376.338534371927381 ], [ 337927.237753042427357, 6734376.443747188895941 ], [ 337804.603588072117418, 6734384.262283808551729 ], [ 337791.767488301149569, 6734385.919915368780494 ], [ 337685.410881119605619, 6734406.726023500785232 ], [ 337684.843264729250222, 6734406.838770215399563 ], [ 337495.591871091688517, 6734444.999671056866646 ], [ 337301.673524242418353, 6734483.041949296370149 ], [ 337293.70188165496802, 6734484.948105758056045 ], [ 337229.770824415027164, 6734503.034722880460322 ], [ 337212.538664988183882, 6734509.682487525045872 ], [ 337151.938982185849454, 6734539.756862998940051 ], [ 337143.821053616178688, 6734544.267017409205437 ], [ 336944.016441336541902, 6734667.750980247743428 ], [ 336872.026217018719763, 6734710.140011285431683 ], [ 336846.470317547093146, 6734722.804120481945574 ], [ 336814.77694121823879, 6734734.364103063941002 ], [ 336786.561526166333351, 6734740.008088609203696 ], [ 336703.656547589809634, 6734750.793129583820701 ], [ 336575.661338793637697, 6734744.320275370962918 ], [ 336377.970956131699495, 6734724.851760718040168 ], [ 336153.070269798394293, 6734702.502826452255249 ], [ 336025.328953156014904, 6734688.960026065818965 ], [ 336024.983585722220596, 6734688.924017368815839 ], [ 335962.315736767544877, 6734682.500109278596938 ], [ 335929.770174169563688, 6734673.513932503759861 ], [ 335855.105927347554825, 6734649.779968375340104 ], [ 335766.495025494194124, 6734618.290949671529233 ], [ 335683.922558475227561, 6734588.774221448227763 ], [ 335583.120586637814995, 6734552.088983702473342 ], [ 335578.040951111994218, 6734550.392930533736944 ], [ 335494.905014687858056, 6734525.087661679834127 ], [ 335477.591805980948266, 6734521.453449757769704 ], [ 335369.363362444099039, 6734508.585854791104794 ], [ 335365.103643768234178, 6734508.171633362770081 ], [ 335273.577437628642656, 6734501.244927737861872 ], [ 335181.597383523709141, 6734490.791965390555561 ], [ 335095.978109236515593, 6734460.738601882010698 ], [ 335045.150532432249747, 6734425.04376782104373 ], [ 334901.935139029053971, 6734275.203210837207735 ], [ 334701.745518921525218, 6734044.075929987244308 ], [ 334672.903659463685472, 6734003.361659524030983 ], [ 334661.228510014188942, 6733976.733095560222864 ], [ 334651.787330276274588, 6733939.08080509211868 ], [ 334648.677207976812497, 6733897.277948847040534 ], [ 334656.015704339253716, 6733852.825878792442381 ], [ 334680.971856012649368, 6733750.630454580299556 ], [ 334723.050023290503304, 6733617.962045291438699 ], [ 334785.701151938817929, 6733491.049205083400011 ], [ 334790.899166540941224, 6733478.409875344485044 ], [ 334829.836669629788958, 6733361.611716891638935 ], [ 334834.439191762183327, 6733340.270457624457777 ], [ 334844.589990120439325, 6733242.098815720528364 ], [ 334844.937186250463128, 6733225.76483543869108 ], [ 334831.726308268320281, 6733007.765820554457605 ], [ 334838.018831264576875, 6732877.179889789782465 ], [ 334865.277650066884235, 6732680.463481290265918 ], [ 334879.415105151303578, 6732586.51832403242588 ], [ 334879.922801505366806, 6732582.627239703200758 ], [ 334894.345016137463972, 6732452.191631183959544 ], [ 334894.750386181753129, 6732447.52877298463136 ], [ 334901.12452725978801, 6732346.987574147991836 ], [ 334901.324886364513077, 6732340.631047673523426 ], [ 334901.291973427927587, 6732228.679179245606065 ], [ 334901.963748886366375, 6732077.68703665304929 ], [ 334923.834050535748247, 6731911.061351021751761 ], [ 334945.426871225761715, 6731838.379798444919288 ], [ 334993.938932962948456, 6731734.544249046593904 ], [ 335052.148693702009041, 6731649.281276360154152 ], [ 335109.645867907383945, 6731594.57475040666759 ], [ 335209.826189143233933, 6731527.001946686767042 ], [ 335342.870948375319131, 6731465.24031157232821 ], [ 335847.590040114184376, 6731329.947535583749413 ], [ 335850.538480192073621, 6731329.108544924296439 ], [ 336070.054625567980111, 6731262.990911308676004 ], [ 336090.162961024791002, 6731254.441190636716783 ], [ 336240.742741727852263, 6731169.916998259723186 ], [ 336248.17010990640847, 6731165.309810089878738 ], [ 336381.466323610045947, 6731074.326825308613479 ], [ 336393.791661480267067, 6731064.397531912662089 ], [ 336510.158885307377204, 6730954.37810674123466 ], [ 336522.417745144397486, 6730940.411712410859764 ], [ 336645.142617635778151, 6730771.143366808071733 ], [ 336654.334961953863967, 6730755.718312012962997 ], [ 336781.281775546842255, 6730491.247769200243056 ], [ 336787.21269342926098, 6730475.687905794009566 ], [ 336849.505161328008398, 6730259.719095186330378 ], [ 336953.419490057858638, 6729988.33858949970454 ], [ 337063.807712497597095, 6729788.10609766934067 ], [ 337065.377568074094597, 6729785.142035912722349 ], [ 337226.710104914905969, 6729467.771385787054896 ], [ 337227.066399683128111, 6729467.06355988048017 ], [ 337495.778047031140886, 6728927.92438152898103 ], [ 337496.509258763224352, 6728926.426134648732841 ], [ 337610.229525498638395, 6728688.400646530091763 ], [ 337613.595749835658353, 6728680.499347259290516 ], [ 337722.038592071679886, 6728392.213257794268429 ], [ 337724.056474199460354, 6728386.293376158922911 ], [ 337813.978852924716193, 6728092.728273660875857 ], [ 337816.667271969781723, 6728081.782912557944655 ], [ 337911.083710359118413, 6727575.777536332607269 ], [ 337911.209485320199747, 6727575.090160768479109 ], [ 338037.382761895132717, 6726871.66506112832576 ], [ 338095.297372529632412, 6726658.304916786961257 ], [ 338575.908002845186274, 6725380.249490736983716 ], [ 339061.357581124815624, 6724117.447159518487751 ], [ 339061.941289345966652, 6724115.890231285244226 ], [ 339341.529382446198724, 6723350.853296235203743 ], [ 339342.817698035098147, 6723347.098539588972926 ], [ 339416.86657100514276, 6723116.471667626872659 ], [ 339419.368110785901081, 6723107.16009826771915 ], [ 339512.737309321702924, 6722678.000352158211172 ], [ 339514.465317684109323, 6722667.289175719022751 ], [ 339538.164257136755623, 6722443.860957050696015 ], [ 339538.716792818799149, 6722434.342672746628523 ], [ 339540.407219913846347, 6722270.153376155532897 ], [ 339540.412519460078329, 6722269.123872002586722 ], [ 339540.412523309350945, 6721933.420441796071827 ], [ 339560.226965333451517, 6721582.786653504706919 ], [ 339598.044606243143789, 6721336.134273207746446 ], [ 339632.543940985167865, 6721168.581582644023001 ], [ 339705.32526175287785, 6720890.691652874462306 ], [ 339806.441547846246976, 6720602.009546699002385 ], [ 339979.565567650191952, 6720235.083896325901151 ], [ 340224.741092677169945, 6719814.425193917006254 ], [ 340502.736613547313027, 6719472.022269180975854 ], [ 340708.178683797363192, 6719263.524958278983831 ], [ 341042.118334025552031, 6718991.424596728757024 ], [ 341981.474180539487861, 6718395.328391961753368 ], [ 341986.122976348910015, 6718392.192136154510081 ], [ 342230.715137688093819, 6718217.004899046383798 ], [ 342234.770946369855665, 6718213.941056347452104 ], [ 342868.779358656494878, 6717709.185453149490058 ], [ 342872.650723922590259, 6717705.940234887413681 ], [ 343119.370347693737131, 6717488.2809401107952 ], [ 343123.21663451223867, 6717484.703732746653259 ], [ 343251.433326832950115, 6717359.017237659543753 ], [ 343254.277947281079832, 6717356.113041515462101 ], [ 343434.543244950356893, 6717164.428888623602688 ], [ 343440.840992292447481, 6717157.044796018861234 ], [ 343669.576141879952047, 6716860.870183466002345 ], [ 343672.449440740165301, 6716856.956929832696915 ], [ 343815.904698814556468, 6716651.295390313491225 ], [ 343820.193108824430965, 6716644.59421403799206 ], [ 343950.949563059781212, 6716421.165996756404638 ], [ 343952.707966716145165, 6716418.033612058497965 ], [ 344028.133916704682633, 6716277.829831128008664 ], [ 344030.145013560424559, 6716273.884598559699953 ], [ 344144.401268686517142, 6716036.918912613764405 ], [ 344148.828203507873695, 6716026.18563692457974 ], [ 344239.913264560513198, 6715762.934866057708859 ], [ 344241.322709452011622, 6715758.534929728135467 ], [ 344338.922092826513108, 6715427.736790349707007 ], [ 344340.917478983057663, 6715419.786613523960114 ], [ 344384.530451879370958, 6715209.935856278985739 ], [ 344385.790128814231139, 6715202.463821530342102 ], [ 344429.19695373083232, 6714868.156337802298367 ], [ 344429.948152448516339, 6714859.310015939176083 ], [ 344446.410761541104876, 6714451.109708046540618 ], [ 344470.426539758045692, 6713978.592577235773206 ], [ 344507.624424375302624, 6713764.455904819071293 ], [ 344621.386186966556124, 6713365.705228165723383 ], [ 344675.696412487421185, 6713228.92881827428937 ], [ 344776.716486462100875, 6713008.967497213743627 ], [ 344866.711865630641114, 6712853.297925502061844 ], [ 344994.150402605824638, 6712662.136777631938457 ], [ 345349.034122310462408, 6712231.69666566606611 ], [ 345352.563264326483477, 6712227.156221406534314 ], [ 345560.757685895601753, 6711942.789400731213391 ], [ 345566.420876882504672, 6711934.151174585334957 ], [ 345753.851929681492038, 6711613.251185422763228 ], [ 345758.648938500264194, 6711603.953017680905759 ], [ 345844.976070190372411, 6711412.678787183947861 ], [ 345848.697294247336686, 6711403.165344365872443 ], [ 345953.643842634104658, 6711088.334219382144511 ], [ 345956.88652003830066, 6711076.057006654329598 ], [ 346037.697095900366548, 6710666.243643198162317 ], [ 346038.887840316805523, 6710658.696169808506966 ], [ 346069.356727004866116, 6710402.264123284257948 ], [ 346069.918283219041768, 6710395.696995123289526 ], [ 346085.148605479043908, 6710104.98135949857533 ], [ 346085.193475475010928, 6710095.459253709763288 ], [ 345976.068234331964049, 6707554.31065328232944 ], [ 345908.569373924925458, 6705947.840470733121037 ], [ 345909.802385633869562, 6705723.492486922070384 ], [ 345930.625800147594418, 6705498.09271743055433 ], [ 345961.586424747831188, 6705317.54601394943893 ], [ 345994.826701859536115, 6705164.893505631946027 ], [ 346044.088065438438207, 6704985.086629583500326 ], [ 346094.379905162553769, 6704837.887013657949865 ], [ 346206.960475592699368, 6704552.759619752876461 ], [ 346232.746564668195788, 6704503.024167931638658 ], [ 346319.15792631887598, 6704359.686090627685189 ], [ 346492.75630591425579, 6704113.548229223117232 ], [ 346704.278029594104737, 6703845.271941409446299 ], [ 346946.099080110783689, 6703604.151708574965596 ], [ 347107.859254417882767, 6703472.71551473159343 ], [ 347281.2782802634174, 6703356.426930443383753 ], [ 347623.435357574839145, 6703157.011335249058902 ], [ 347624.05756268807454, 6703156.645688178949058 ], [ 348083.372050355479587, 6702884.48889840580523 ], [ 348678.867401932599023, 6702537.683615758083761 ], [ 348683.917041976994369, 6702534.538008157163858 ], [ 348857.577311263419688, 6702419.049606795422733 ], [ 348863.502858999068849, 6702414.78913729544729 ], [ 349084.396083105471916, 6702243.401189824566245 ], [ 349089.407675059686881, 6702239.244473243132234 ], [ 349234.132812483643647, 6702111.028451626189053 ], [ 349240.862890137941577, 6702104.476796264760196 ], [ 349401.700666425866075, 6701932.468964007683098 ], [ 349404.659568846167531, 6701929.160334218293428 ], [ 349535.836566958168987, 6701775.75902215950191 ], [ 349542.041682046779897, 6701767.707679522223771 ], [ 349730.355053655861411, 6701495.82852375600487 ], [ 349737.685334909125231, 6701483.421854257583618 ], [ 349882.501180007180665, 6701192.256304590962827 ], [ 349884.043002114049159, 6701189.011419006623328 ], [ 350056.689019413141068, 6700808.162640642374754 ], [ 350061.756795563793276, 6700794.367833874188364 ], [ 350150.252620479266625, 6700484.885708802379668 ], [ 350151.904143117251806, 6700478.26278424076736 ], [ 350211.143242567079142, 6700200.664696442894638 ], [ 350213.069943334616255, 6700187.210158214904368 ], [ 350234.072449200903066, 6699904.762976755388081 ], [ 350234.333140553091653, 6699899.058088578283787 ], [ 350239.627061269071419, 6699589.615955070592463 ], [ 350239.453727651678491, 6699581.776987176388502 ], [ 350220.941513736208435, 6699280.273368861526251 ], [ 350220.341686121071689, 6699273.874309916980565 ], [ 350136.149249990354292, 6698607.106844890862703 ], [ 350107.599947691312991, 6698373.908390514552593 ], [ 350106.916190338146407, 6698369.239456985145807 ], [ 350046.407218121981714, 6698014.635768043808639 ], [ 350045.842313979694154, 6698011.607340196147561 ], [ 349942.380864881211892, 6697500.739342757500708 ], [ 349769.413218765344936, 6696516.615028770640492 ], [ 349767.409725563658867, 6696456.531562581658363 ], [ 349780.236617549904622, 6696369.974915701895952 ], [ 349806.008948678616434, 6696285.142826061695814 ], [ 349975.964675595110748, 6695950.181913556531072 ], [ 349977.251899859227706, 6695947.550111792981625 ], [ 350014.474239330447745, 6695868.534888310357928 ], [ 350018.041236588614993, 6695859.94864462222904 ], [ 350066.280201496207155, 6695726.653571748174727 ], [ 350069.480763102008495, 6695715.987702581100166 ], [ 350116.458094354893547, 6695520.484262835234404 ], [ 350119.031501581252087, 6695503.350241830572486 ], [ 350124.102778204367496, 6695422.10543489921838 ], [ 350124.179609595739748, 6695420.720033823512495 ], [ 350129.432298035884742, 6695312.42028624098748 ], [ 350129.116896347492002, 6695298.282003056257963 ], [ 350117.267429495521355, 6695171.335742217488587 ], [ 350116.433422522619367, 6695164.762655405327678 ], [ 350071.313092279364355, 6694883.997887998819351 ], [ 350057.09917376190424, 6694719.912785133346915 ], [ 350062.962816476880107, 6694629.012310558930039 ], [ 350084.251839753298555, 6694521.055484890006483 ], [ 350169.831251109484583, 6694256.819926904514432 ], [ 350173.123295562458225, 6694243.676012750715017 ], [ 350196.822234020801261, 6694111.650702152401209 ], [ 350198.318778258690145, 6694097.896261771209538 ], [ 350201.699629744514823, 6694011.572404624894261 ], [ 350201.622381386114284, 6694002.113919840194285 ], [ 350193.16201124509098, 6693849.772408042103052 ], [ 350192.557306349044666, 6693843.023665091954172 ], [ 350162.153939979034476, 6693597.592211521230638 ], [ 350108.557519146648701, 6693145.329684002324939 ], [ 350101.621968654741067, 6692894.156584119424224 ], [ 350140.148029646428768, 6692604.185783832333982 ], [ 350186.091904876870103, 6692404.41342927981168 ], [ 350297.962070892273914, 6692119.436271272599697 ], [ 350435.835656504845247, 6691837.424271373078227 ], [ 350437.964518819295336, 6691832.771809261292219 ], [ 350558.57017646409804, 6691550.314631118439138 ], [ 350564.860256999032572, 6691529.633802304044366 ], [ 350609.289581988123246, 6691294.777721679769456 ], [ 350610.978007619269192, 6691272.89388460945338 ], [ 350601.453908224008046, 6690984.077893998473883 ], [ 350596.377307770133484, 6690955.753187828697264 ], [ 350510.693367876869161, 6690698.681260042823851 ], [ 350502.739109179470688, 6690680.846626127138734 ], [ 350397.998716400237754, 6690496.77104754652828 ], [ 350384.483707070467062, 6690478.311073027551174 ], [ 350243.766117881110404, 6690326.229511020705104 ], [ 350229.542092282208614, 6690313.53308711387217 ], [ 350020.840138710220344, 6690160.328050101175904 ], [ 349905.358055852993857, 6690060.159681698307395 ], [ 349840.303210840735119, 6689983.177336240187287 ], [ 349771.670860782149248, 6689861.284208212047815 ], [ 349745.965469395101536, 6689794.883673993870616 ], [ 349730.591608202084899, 6689734.500609991140664 ], [ 349716.884493629331701, 6689656.810109773650765 ], [ 349674.823152874480002, 6689090.174495003186166 ], [ 349674.381458931486122, 6689085.631403921172023 ], [ 349593.339169613784179, 6688412.068251301534474 ], [ 349578.394231449114159, 6688225.309130900539458 ], [ 349594.785389862081502, 6688080.191430498845875 ], [ 349630.942847912490834, 6687962.657105470076203 ], [ 349786.365003916493151, 6687697.030573705211282 ], [ 351679.616062082059216, 6684591.523240454494953 ], [ 351683.149046969308984, 6684585.227443567477167 ], [ 352327.943204719689675, 6683332.261761210858822 ], [ 352328.424089649226516, 6683331.314982561394572 ], [ 352905.678516488173045, 6682179.69797355029732 ], [ 353212.343806004326325, 6681616.170406346209347 ], [ 353422.508452438865788, 6681295.836974932812154 ], [ 353548.680350776703563, 6681114.455102925188839 ], [ 353555.026824895758182, 6681104.026662989519536 ], [ 353655.528790332493372, 6680913.602274441160262 ], [ 353661.724787709885277, 6680899.242340559139848 ], [ 353735.781906478689052, 6680682.372897010296583 ], [ 353739.492994380241726, 6680668.172038496471941 ], [ 353776.517431963991839, 6680467.169627285562456 ], [ 353778.132293464965187, 6680451.869065121747553 ], [ 353789.033479522622656, 6680064.71146541275084 ], [ 353789.06344474456273, 6680063.286236939020455 ], [ 353807.82859671645565, 6678712.777299319393933 ], [ 353844.829664274817333, 6677465.738741885870695 ], [ 353844.868096544756554, 6677463.827198527753353 ], [ 353846.987315151025541, 6677262.824786933138967 ], [ 353846.409786547883414, 6677250.987328101880848 ], [ 353827.361582860001363, 6677075.370169077068567 ], [ 353824.395026826940011, 6677059.746383745223284 ], [ 353775.735521151975263, 6676882.019618845544755 ], [ 353772.762343760579824, 6676872.901721706613898 ], [ 353551.296680716099218, 6676290.155525307171047 ], [ 353509.724814073939342, 6676138.107007852755487 ], [ 353494.972178579249885, 6676038.270141962915659 ], [ 353491.746913282782771, 6675918.631956146098673 ], [ 353504.245660454733297, 6675659.192748258821666 ], [ 353559.250714686291758, 6674617.127189124934375 ], [ 353559.389241531840526, 6674611.541859721764922 ], [ 353559.067649796896148, 6674509.190999829210341 ], [ 353558.929943742288742, 6674504.249650620855391 ], [ 353540.417730898887385, 6674152.495430130511522 ], [ 353539.437360108364373, 6674142.835792979225516 ], [ 353495.577014368725941, 6673852.060168874450028 ], [ 353495.165289691009093, 6673849.547874120995402 ], [ 353381.648459970019758, 6673208.149022580124438 ], [ 353227.945276895014104, 6672336.468659003265202 ], [ 353210.683167222654447, 6672142.123450385406613 ], [ 353214.58142525650328, 6672036.830332582816482 ], [ 353224.356319074926432, 6671929.313196023926139 ], [ 353257.751812110072933, 6671776.082062087021768 ], [ 353297.841078495897818, 6671659.829039028845727 ], [ 353486.666520911094267, 6671144.463592293672264 ], [ 353486.97509810293559, 6671143.609397313557565 ], [ 353569.364879755943548, 6670912.257846189662814 ], [ 353624.948729414434638, 6670789.570348219014704 ], [ 353662.906603003735654, 6670723.144936882890761 ], [ 353706.689235833124258, 6670659.291950291953981 ], [ 354408.729100981727242, 6669929.701707849279046 ], [ 354413.919367630267516, 6669923.868094801902771 ], [ 354578.137994433287531, 6669724.105453665368259 ], [ 354588.317077011743095, 6669709.145180228166282 ], [ 354670.199626692512538, 6669561.672759452834725 ], [ 354674.621395041816868, 6669552.673487924970686 ], [ 354753.329244197229855, 6669369.857676515355706 ], [ 354757.102943502657581, 6669359.575646449811757 ], [ 354811.336734014155809, 6669182.34878955502063 ], [ 354814.992094701272435, 6669165.079569024033844 ], [ 354837.841698413598351, 6668975.924942274577916 ], [ 354838.559640909195878, 6668963.06248077377677 ], [ 354837.289762470521964, 6668817.069782187230885 ], [ 354837.151182490633801, 6668812.605504821054637 ], [ 354823.281453323201276, 6668552.954060887917876 ], [ 354822.955233776883688, 6668548.618749851360917 ], [ 354791.55010667355964, 6668225.351153790950775 ], [ 354801.677098516549449, 6667713.616168043576181 ], [ 354839.718601305445191, 6667450.623824143782258 ], [ 354840.27932082186453, 6667445.984783057123423 ], [ 354852.128790849994402, 6667324.107574937865138 ], [ 354852.589606075023767, 6667315.733933256939054 ], [ 354854.288279012660496, 6667185.398306776769459 ], [ 354854.243612172955181, 6667180.834906164556742 ], [ 354849.259893956012093, 6667028.050969475880265 ], [ 354852.362517322355416, 6666909.409808847121894 ], [ 354877.070993957284372, 6666673.802432183176279 ], [ 354877.450313032837585, 6666669.133546278811991 ], [ 354883.79971650778316, 6666559.104122489690781 ], [ 354883.956445691874251, 6666551.975059674121439 ], [ 354882.266022158320993, 6666428.418165500275791 ], [ 354881.823528287000954, 6666420.290586346760392 ], [ 354870.980070598889142, 6666306.611844778060913 ], [ 354868.761674204899464, 6666293.152705574408174 ], [ 354730.888953326211777, 6665708.562025538645685 ], [ 354729.288493563071825, 6665702.604769567959011 ], [ 354672.160370228579268, 6665513.450141804292798 ], [ 354670.094488572620321, 6665507.331199775449932 ], [ 354611.696484393847641, 6665351.190398224629462 ], [ 354606.454468142823316, 6665339.513108929619193 ], [ 354535.365905683662277, 6665204.938274242915213 ], [ 354525.435478258063085, 6665189.685464788228273 ], [ 354394.505864019098226, 6665023.826479609124362 ], [ 354388.316755522741005, 6665016.704642505384982 ], [ 354366.860724709520582, 6664994.248841587454081 ], [ 354362.371051008172799, 6664989.836750062182546 ], [ 354255.734082916751504, 6664891.445148417726159 ], [ 354246.684398503624834, 6664884.026758110150695 ], [ 354119.419436135329306, 6664791.601857280358672 ], [ 354019.334314766223542, 6664716.825919565744698 ], [ 353971.919922633853275, 6664681.389455308206379 ], [ 353861.494901964499149, 6664593.373376767151058 ], [ 353798.242509602685459, 6664535.594867095351219 ], [ 353757.536005740577821, 6664495.470741680823267 ], [ 353711.20833414257504, 6664443.268415243364871 ], [ 353687.036098439712077, 6664423.404561256989837 ], [ 353657.908667705254629, 6664411.982545107603073 ], [ 353626.677237802243326, 6664410.120433319360018 ], [ 353596.398958691803273, 6664418.000502367503941 ], [ 353570.037679294415284, 6664434.851396190933883 ], [ 353550.173825307341758, 6664459.023631894029677 ], [ 353538.751809158420656, 6664488.151062628254294 ], [ 353536.889697370177601, 6664519.382492531090975 ], [ 353544.769766418554354, 6664549.660771641880274 ], [ 353561.620660241460428, 6664576.022051039151847 ], [ 353610.164723751717247, 6664630.721822527237236 ], [ 353614.759169597993605, 6664635.563299248926342 ], [ 353659.196736912359484, 6664679.365108661353588 ], [ 353661.952434935141355, 6664681.980060371570289 ], [ 353729.09117559355218, 6664743.308592488989234 ], [ 353734.205342286964878, 6664747.674004333093762 ], [ 353848.478084800124634, 6664838.756972841918468 ], [ 353850.942121346713975, 6664840.659020819701254 ], [ 353899.609874763002153, 6664877.032219480723143 ], [ 354000.256848513905425, 6664952.227931929752231 ], [ 354001.346761641907506, 6664953.03079422749579 ], [ 354124.417164040147327, 6665042.409438003785908 ], [ 354224.432377734803595, 6665134.691291476599872 ], [ 354240.450304630794562, 6665151.455593347549438 ], [ 354362.791413322498556, 6665306.434833538718522 ], [ 354426.616232761880383, 6665427.258974973112345 ], [ 354481.635880308225751, 6665574.36694535240531 ], [ 354536.937766976712737, 6665757.474794461391866 ], [ 354672.532919088029303, 6666332.408412055112422 ], [ 354682.340458798687905, 6666435.226978260092437 ], [ 354683.926355157163925, 6666551.143743874505162 ], [ 354677.91745541075943, 6666655.272545786574483 ], [ 354653.044557767861988, 6666892.447756960056722 ], [ 354652.533328929333948, 6666900.263461414724588 ], [ 354649.251428544695955, 6667025.759992810897529 ], [ 354649.270410287310369, 6667031.634435980580747 ], [ 354654.275518736045342, 6667185.074124796316028 ], [ 354652.66128313849913, 6667308.931050537154078 ], [ 354641.444086813484319, 6667424.305035008117557 ], [ 354602.849395522440318, 6667691.121737309731543 ], [ 354601.838944334944244, 6667703.459051067940891 ], [ 354591.47374468750786, 6668227.231102639809251 ], [ 354591.922751447767951, 6668238.879046413116157 ], [ 354623.682157274044584, 6668565.793398327194154 ], [ 354637.316757090331521, 6668821.04304934758693 ], [ 354638.511064523481764, 6668958.347660400904715 ], [ 354617.498155858193059, 6669132.297674831934273 ], [ 354567.462002724583726, 6669295.807362562976778 ], [ 354492.907978436502162, 6669468.97502741869539 ], [ 354417.872178848017938, 6669604.116288325749338 ], [ 354261.90380955877481, 6669793.8429593462497 ], [ 353556.835986600024626, 6670526.57998672593385 ], [ 353546.419829761027358, 6670539.366227211430669 ], [ 353495.641104812500998, 6670613.422377645969391 ], [ 353491.291323724726681, 6670620.358834667131305 ], [ 353448.972970783303026, 6670694.414985219947994 ], [ 353444.709191004221793, 6670702.761826016940176 ], [ 353385.470093296549749, 6670833.517373257316649 ], [ 353382.353346803749446, 6670841.236433168873191 ], [ 353298.718324403162114, 6671076.084636094979942 ], [ 353109.720088173053227, 6671591.921692801639438 ], [ 353109.079279718338512, 6671593.723835043609142 ], [ 353066.760926119226497, 6671716.440885771997273 ], [ 353063.591264210059308, 6671727.747084245085716 ], [ 353027.622312030987814, 6671892.786220608279109 ], [ 353025.739496778289322, 6671905.026422640308738 ], [ 353015.15990722971037, 6672021.394661043770611 ], [ 353014.817641473608091, 6672026.749038185924292 ], [ 353010.587453942629509, 6672141.007671185769141 ], [ 353010.911137142800726, 6672153.554786005057395 ], [ 353029.110004782793112, 6672358.446470465511084 ], [ 353030.237128535227384, 6672366.964194819331169 ], [ 353184.692504736420233, 6673242.910390531644225 ], [ 353298.004026789043564, 6673883.149316932074726 ], [ 353340.949569058022462, 6674167.860179219394922 ], [ 353359.076405375846662, 6674512.291784067638218 ], [ 353359.381447993800975, 6674609.375666694715619 ], [ 353304.511585942585953, 6675648.880022736266255 ], [ 353304.488410285499413, 6675649.339127920567989 ], [ 353291.797848815389443, 6675912.759866828098893 ], [ 353291.718322230735794, 6675920.266757687553763 ], [ 353295.206368639715947, 6676049.652561973780394 ], [ 353296.244250966992695, 6676061.575701235793531 ], [ 353312.75269468256738, 6676173.294809450395405 ], [ 353315.218894105928484, 6676185.049997705034912 ], [ 353359.648213962092996, 6676347.54961009323597 ], [ 353362.630633556633256, 6676356.701287207193673 ], [ 353584.102531661395915, 6676939.463890022598207 ], [ 353629.387900303117931, 6677104.866763609461486 ], [ 353646.935846865351778, 6677266.652125236578286 ], [ 353644.889290505670942, 6677460.762710399925709 ], [ 353607.893192720483057, 6678707.633772700093687 ], [ 353607.858854887250345, 6678709.210229109041393 ], [ 353589.092651871789712, 6680059.794809267856181 ], [ 353578.42869075917406, 6680438.527322033420205 ], [ 353544.134994880412705, 6680624.704777001403272 ], [ 353474.990734842256643, 6680827.187366769649088 ], [ 353381.004324891080614, 6681005.266517451032996 ], [ 353257.549614632327575, 6681182.742221232503653 ], [ 353256.030300637125038, 6681184.990836263634264 ], [ 353042.863554960698821, 6681509.900074159726501 ], [ 353038.638571377028711, 6681516.956342525780201 ], [ 352729.200045560835861, 6682085.580003610812128 ], [ 352727.638528663723264, 6682088.568364191800356 ], [ 352149.866465856553987, 6683241.218051962554455 ], [ 351506.968053488468286, 6684490.49991696793586 ], [ 349615.12669429986272, 6687593.694915310479701 ], [ 349614.199728364357725, 6687595.246808446012437 ], [ 349452.463139352272265, 6687871.665115226060152 ], [ 349443.194522587291431, 6687892.763507809489965 ], [ 349400.884414780361112, 6688030.297787903808057 ], [ 349397.095758593524806, 6688048.477499838918447 ], [ 349378.575293004338164, 6688212.446836779825389 ], [ 349378.262089181458578, 6688231.647301188670099 ], [ 349394.135591653874144, 6688430.010206860490143 ], [ 349394.533005900098942, 6688433.979173481464386 ], [ 349475.540885921975132, 6689107.256341660395265 ], [ 349517.805683405313175, 6689676.632854043506086 ], [ 349519.052311457809992, 6689686.605102102272213 ], [ 349534.28262918983819, 6689772.928959452547133 ], [ 349535.853304290852975, 6689780.227475977502763 ], [ 349553.631629010254983, 6689850.05441833846271 ], [ 349557.284071157162543, 6689861.482826748862863 ], [ 349587.752953793329652, 6689940.18810898438096 ], [ 349593.871899533842225, 6689953.149062466807663 ], [ 349670.674924089806154, 6690089.553555350750685 ], [ 349681.432121829362586, 6690105.036405392922461 ], [ 349757.600206773553509, 6690195.169551154598594 ], [ 349768.455558460555039, 6690206.16568507719785 ], [ 349892.862606435548514, 6690314.075507148168981 ], [ 349899.211216717783827, 6690319.145349696278572 ], [ 350103.470571051526349, 6690469.089139897376299 ], [ 350229.863776344107464, 6690605.689519413746893 ], [ 350324.057484552264214, 6690771.229869960807264 ], [ 350402.041756414459087, 6691005.200986713171005 ], [ 350410.722764661069959, 6691268.450443926267326 ], [ 350370.366614158963785, 6691481.775479549542069 ], [ 350255.035088693432044, 6691751.880695756524801 ], [ 350116.51343115925556, 6692035.218287196010351 ], [ 350113.267123446450569, 6692042.598428441211581 ], [ 349997.213244732294697, 6692338.23314241040498 ], [ 349992.841936258599162, 6692352.361260669305921 ], [ 349944.18242555425968, 6692563.941693883389235 ], [ 349942.509443471906707, 6692573.184267449192703 ], [ 349902.310303655802272, 6692875.747686685062945 ], [ 349901.477306827669963, 6692891.678348554298282 ], [ 349908.758500911295414, 6693155.369037702679634 ], [ 349909.415288342046551, 6693164.377209317870438 ], [ 349963.574857161729597, 6693621.391746917739511 ], [ 349963.638527627685107, 6693621.91711803060025 ], [ 349993.657686205289792, 6693864.247050676494837 ], [ 350001.667550028883852, 6694008.476528093218803 ], [ 349998.743366456532385, 6694083.140205580741167 ], [ 349977.469345245684963, 6694201.65645317453891 ], [ 349892.154284372343682, 6694465.07580085657537 ], [ 349889.178538575593848, 6694476.54028551466763 ], [ 349865.479600263293833, 6694596.717811683192849 ], [ 349863.797556983190589, 6694609.627915944904089 ], [ 349857.027608880714979, 6694714.578289846889675 ], [ 349857.193302049126942, 6694729.645737857557833 ], [ 349872.374142858025152, 6694904.892966315150261 ], [ 349873.26786514732521, 6694912.129683265462518 ], [ 349918.441121176350862, 6695193.223785494454205 ], [ 349929.323716922779568, 6695309.811717718839645 ], [ 349924.44804374180967, 6695410.338177799247205 ], [ 349919.961722965817899, 6695482.211651160381734 ], [ 349876.318953637965024, 6695663.837795006111264 ], [ 349831.561363336862996, 6695787.513049487024546 ], [ 349796.946652981161606, 6695860.992823015898466 ], [ 349623.693646085041109, 6696202.452250933274627 ], [ 349617.18934295856161, 6696218.631494164466858 ], [ 349586.720458085474093, 6696318.922739060595632 ], [ 349583.482591686188243, 6696333.332289976999164 ], [ 349568.244025618769228, 6696436.16306016407907 ], [ 349567.219309947220609, 6696454.154711597599089 ], [ 349569.759069812775124, 6696530.320468430407345 ], [ 349571.213176288176328, 6696544.298262546770275 ], [ 349745.623815871251281, 6697536.632695523090661 ], [ 349746.10389526624931, 6697539.171364649198949 ], [ 349849.516004335775506, 6698049.79573277477175 ], [ 349909.368878502398729, 6698400.554458230733871 ], [ 349937.654400020721368, 6698631.59827955532819 ], [ 349937.701119077042677, 6698631.973995379172266 ], [ 350021.514484774961602, 6699295.73938749730587 ], [ 350039.589210532780271, 6699590.117749853990972 ], [ 350034.411265499831643, 6699892.78083155490458 ], [ 350014.12570063630119, 6700165.58640325628221 ], [ 349957.020868755469564, 6700433.183181083761156 ], [ 349871.489572073740419, 6700732.297941383905709 ], [ 349702.627408429980278, 6701104.79972127918154 ], [ 349561.828637181373779, 6701387.888575231656432 ], [ 349380.526220034342259, 6701649.645601252093911 ], [ 349254.099376383703202, 6701797.49197656661272 ], [ 349097.988804119639099, 6701964.444304230622947 ], [ 348959.220813855645247, 6702087.382723609916866 ], [ 348743.786071216629352, 6702254.535512041300535 ], [ 348575.644376200507395, 6702366.353924158960581 ], [ 347982.39471020468045, 6702711.851361799053848 ], [ 347981.744270753057208, 6702712.233458194881678 ], [ 347522.415726774663199, 6702984.398576728999615 ], [ 347177.847759806085378, 6703185.21928386669606 ], [ 347172.507770134077873, 6703188.561189642176032 ], [ 346992.663018267718144, 6703309.158635535277426 ], [ 346985.295930643973406, 6703314.603980613872409 ], [ 346816.030766595446039, 6703452.138259419240057 ], [ 346808.483785827353131, 6703458.935023292899132 ], [ 346558.836840184347238, 6703707.858471153303981 ], [ 346550.917373611766379, 6703716.756920570507646 ], [ 346334.048184769286308, 6703991.815481515601277 ], [ 346330.856027631089091, 6703996.094283041544259 ], [ 346153.649986691423692, 6704247.347296154126525 ], [ 346149.728179947880562, 6704253.354327414184809 ], [ 346059.805802925198805, 6704402.51643275283277 ], [ 346056.669829652470071, 6704408.117396363988519 ], [ 346027.050280886876862, 6704465.246712729334831 ], [ 346022.815529053914361, 6704474.549481541849673 ], [ 345907.495542274322361, 6704766.614863427355886 ], [ 345905.878319946292322, 6704771.009238115511835 ], [ 345853.82971357787028, 6704923.350749361328781 ], [ 345852.013146563549526, 6704929.258456598967314 ], [ 345801.234420202672482, 6705114.603796096518636 ], [ 345799.970027896750253, 6705119.750366458669305 ], [ 345765.691501123597845, 6705277.170928140170872 ], [ 345764.840492741146591, 6705281.545918190851808 ], [ 345732.846101142116822, 6705468.121027952060103 ], [ 345731.831470258184709, 6705475.82332334946841 ], [ 345710.251746595604345, 6705709.409642060287297 ], [ 345709.829225674329791, 6705718.059315126389265 ], [ 345708.55934249953134, 6705949.116107110865414 ], [ 345708.645986438670661, 6705953.863680424168706 ], [ 345776.246483716415241, 6707562.752816437743604 ], [ 345885.173132164520212, 6710099.277877950109541 ], [ 345870.364688925037626, 6710381.940707763656974 ], [ 345840.735945094318595, 6710631.301949420943856 ], [ 345761.895822850347031, 6711031.122583384625614 ], [ 345660.578485057340004, 6711335.066371227614582 ], [ 345578.510202542238403, 6711516.904308836907148 ], [ 345396.329430771933403, 6711828.815311916172504 ], [ 345192.889233171998058, 6712106.688473708927631 ], [ 344836.604583282838576, 6712538.827780402265489 ], [ 344830.556613397027832, 6712546.97226002253592 ], [ 344698.530279063794296, 6712745.015224257484078 ], [ 344695.162009883846622, 6712750.434732657857239 ], [ 344601.223842076200526, 6712912.924345847219229 ], [ 344596.923128647438716, 6712921.23891781270504 ], [ 344492.850654799432959, 6713147.846540763042867 ], [ 344490.783936494844966, 6713152.677372037433088 ], [ 344433.655808637500741, 6713296.550466969609261 ], [ 344430.433960553084034, 6713306.020027559250593 ], [ 344313.844092038925737, 6713714.683605742640793 ], [ 344311.482583356148098, 6713725.003691226243973 ], [ 344272.338929611025378, 6713950.341552382335067 ], [ 344270.992374718305655, 6713962.380374610424042 ], [ 344246.642000137944706, 6714441.480782140046358 ], [ 344246.594315076130442, 6714442.527052936144173 ], [ 344230.289661020389758, 6714846.810770553536713 ], [ 344187.943165759672411, 6715172.951885516755283 ], [ 344145.936322728986852, 6715375.07449340261519 ], [ 344050.151571399823297, 6715699.722215806134045 ], [ 343961.723465058545116, 6715955.293951627798378 ], [ 343850.954608752392232, 6716185.026826971210539 ], [ 343777.428961059369612, 6716321.698274973779917 ], [ 343649.590658314118627, 6716540.140142717398703 ], [ 343509.802135370788164, 6716740.544946427457035 ], [ 343285.520651064056437, 6717030.952790771611035 ], [ 343109.976382815861143, 6717217.61686194408685 ], [ 342985.087675139773637, 6717340.041046031750739 ], [ 342742.232871026266366, 6717554.290746110491455 ], [ 342112.190096631995402, 6718055.889170464128256 ], [ 341871.945197736378759, 6718227.962714589200914 ], [ 340929.95959106477676, 6718825.727711917832494 ], [ 340920.372401831788011, 6718832.638674012385309 ], [ 340577.611887236358598, 6719111.926443173550069 ], [ 340569.548730323498603, 6719119.262925344519317 ], [ 340356.901482002518605, 6719335.07256643474102 ], [ 340350.497778740245849, 6719342.228417818434536 ], [ 340064.601518251758534, 6719694.362565361894667 ], [ 340055.839325641631149, 6719707.038457468152046 ], [ 339804.584412133845035, 6720138.12784079182893 ], [ 339800.542158385389484, 6720145.811837843619287 ], [ 339623.344361808151007, 6720521.371606080792844 ], [ 339619.405229189200327, 6720530.985096645541489 ], [ 339515.233802730799653, 6720828.389480796642601 ], [ 339512.874561528558843, 6720836.110965613275766 ], [ 339438.396897138678469, 6721120.477788149379194 ], [ 339437.188730458670761, 6721125.646848461590707 ], [ 339401.640323127096053, 6721298.294562923721969 ], [ 339400.740739848988596, 6721303.306382525712252 ], [ 339361.811481159122195, 6721557.208902304060757 ], [ 339360.815689778944943, 6721566.722130533307791 ], [ 339340.571812980051618, 6721924.955140732228756 ], [ 339340.412523341714405, 6721930.597174189984798 ], [ 339340.412519465957303, 6722268.609103992581367 ], [ 339338.776525877183303, 6722427.511334891431034 ], [ 339316.154032082587946, 6722640.791068376973271 ], [ 339224.965857408067677, 6723059.926013360731304 ], [ 339152.999352751648985, 6723284.067302609793842 ], [ 338874.378069199330639, 6724046.458756569772959 ], [ 338389.095553951745387, 6725308.82650591712445 ], [ 338388.835529111966025, 6725309.510368651710451 ], [ 337906.429388355114497, 6726592.340474488213658 ], [ 337903.522172604047228, 6726601.342685550451279 ], [ 337843.219342821394093, 6726823.501141346991062 ], [ 337841.298048562195618, 6726832.042066892609 ], [ 337714.412916633184068, 6727539.435811376199126 ], [ 337621.095880686538294, 6728039.549167566001415 ], [ 337533.742940172902308, 6728324.725953355431557 ], [ 337427.914951910555828, 6728606.060675527900457 ], [ 337316.406965482747182, 6728839.455686466768384 ], [ 337048.243913845799398, 6729377.494170285761356 ], [ 336887.850996440276504, 6729693.016416878439486 ], [ 336774.932269892131444, 6729897.838973953388631 ], [ 336769.117918696138076, 6729910.359111622907221 ], [ 336661.211065010342281, 6730192.166412678547204 ], [ 336658.515784436138347, 6730200.212040674872696 ], [ 336597.361949217389338, 6730412.233196711167693 ], [ 336477.931522996281274, 6730661.044716726057231 ], [ 336365.975831503106747, 6730815.459663714282215 ], [ 336262.158258792303968, 6730913.614017634652555 ], [ 336139.03175381780602, 6730997.655541523359716 ], [ 336001.850740179419518, 6731074.658671247772872 ], [ 335794.326402997015975, 6731137.164406617172062 ], [ 335282.725892349437345, 6731274.301785439252853 ], [ 335266.511384571145754, 6731280.18852006085217 ], [ 335118.39715104579227, 6731348.945660883560777 ], [ 335104.583677563467063, 6731356.745306058786809 ], [ 334990.863412592967506, 6731433.450960911810398 ], [ 334977.852189479803201, 6731443.907655266113579 ], [ 334906.606950384040829, 6731511.694978305138648 ], [ 334892.949155183858238, 6731527.75804649759084 ], [ 334824.185954689222854, 6731628.479210974648595 ], [ 334816.174690103973262, 6731642.534793582744896 ], [ 334761.083318722434342, 6731760.452742432244122 ], [ 334755.823963281116448, 6731774.302433429285884 ], [ 334729.857381803565659, 6731861.706088745966554 ], [ 334726.566904128238093, 6731877.170896982774138 ], [ 334702.843227256787941, 6732057.917097368277609 ], [ 334701.99380750162527, 6732070.485982843674719 ], [ 334701.292897727631498, 6732228.026522926986217 ], [ 334701.291912350221537, 6732228.500825268216431 ], [ 334701.323959687200841, 6732337.508395640179515 ], [ 334695.299222473986447, 6732432.538344722241163 ], [ 334681.349937096529175, 6732558.6967450119555 ], [ 334667.417654012271669, 6732651.278508666902781 ], [ 334667.250685743871145, 6732652.433817240409553 ], [ 334639.296822619449813, 6732854.166093220934272 ], [ 334638.466257834807038, 6732863.078755438327789 ], [ 334631.69630943716038, 6733003.572483194060624 ], [ 334631.76353028108133, 6733014.434548336081207 ], [ 334644.807634465396404, 6733229.681549032218754 ], [ 334636.629276448395103, 6733308.777084798552096 ], [ 334603.330996764882002, 6733408.659651429392397 ], [ 334540.353808247542474, 6733536.232993450015783 ], [ 334534.702497209771536, 6733550.266001647338271 ], [ 334489.308394105290063, 6733693.389237272553146 ], [ 334487.48348552652169, 6733699.89890546258539 ], [ 334460.824241774214897, 6733809.068490584380925 ], [ 334459.305074336531106, 6733816.503101847134531 ], [ 334449.401655701745767, 6733876.491883907467127 ], [ 334448.341814741317648, 6733900.199668775312603 ], [ 334452.976052939309739, 6733962.488020982593298 ], [ 334455.703241475683171, 6733979.39025648124516 ], [ 334469.276118461624719, 6734033.520134414546192 ], [ 334474.689369627798442, 6734049.352910407818854 ], [ 334493.828280975227244, 6734093.004747775383294 ], [ 334503.812214042409323, 6734110.655450291931629 ], [ 334541.364391173818149, 6734163.665537885390222 ], [ 334547.375956007861532, 6734171.330865061841905 ], [ 334752.362687225744594, 6734407.996611124835908 ], [ 334755.660352188511752, 6734411.620556629262865 ], [ 334907.35333710553823, 6734570.33087966311723 ], [ 334922.173104419664014, 6734583.072132701985538 ], [ 334992.346365266130306, 6734632.352918033488095 ], [ 335016.697304987348616, 6734644.873242685571313 ], [ 335125.989479238400236, 6734683.236070083454251 ], [ 335147.817849466053303, 6734688.240479006431997 ], [ 335252.863346021971665, 6734700.178247808478773 ], [ 335256.608621250314172, 6734700.532656150870025 ], [ 335347.876506476139184, 6734707.439812041819096 ], [ 335445.161559056024998, 6734719.006315375678241 ], [ 335517.239718284865376, 6734740.945771117694676 ], [ 335615.793551399197895, 6734776.812835349701345 ], [ 335616.332034641585778, 6734777.007063989527524 ], [ 335699.261821597872768, 6734806.651521416381001 ], [ 335699.437481360277161, 6734806.714128894731402 ], [ 335789.722679475729819, 6734838.79813021607697 ], [ 335792.913631991483271, 6734839.871927717700601 ], [ 335871.011276676261332, 6734864.697286257520318 ], [ 335874.689999541500583, 6734865.789404548704624 ], [ 335917.165025194641203, 6734877.517211922444403 ], [ 335933.582903614849783, 6734880.602813393808901 ], [ 336004.416293518268503, 6734887.863748531788588 ], [ 336132.31190450390568, 6734901.422906801104546 ], [ 336132.966018769773655, 6734901.490080281160772 ], [ 336358.237854921026155, 6734923.875896616838872 ], [ 336558.430939062207472, 6734943.590916138142347 ], [ 336563.180859665328171, 6734943.944704205729067 ], [ 336702.562603080586996, 6734950.993387617170811 ], [ 336720.513475333456881, 6734950.285445271059871 ], [ 336815.738013946218416, 6734937.897762790322304 ], [ 336822.452423571958207, 6734936.790796360000968 ], [ 336861.48887716740137, 6734928.982256970368326 ], [ 336876.140478712331969, 6734924.870656905695796 ], [ 336920.190486206440255, 6734908.803661894053221 ], [ 336930.326019771280698, 6734904.459601756185293 ], [ 336964.06031047279248, 6734887.742728159762919 ], [ 336970.397761542873923, 6734884.312450629658997 ], [ 337046.417420861427672, 6734839.550821826793253 ], [ 337048.250676058523823, 6734838.444771833717823 ], [ 337245.011854865064379, 6734716.841722661629319 ], [ 337293.139947368297726, 6734692.95674079656601 ], [ 337344.199917798803654, 6734678.511459030210972 ], [ 337534.351263551856391, 6734641.20817896258086 ], [ 337534.866817878209986, 6734641.105631276033819 ], [ 337724.092208795947954, 6734602.949973656795919 ], [ 337823.800542980374303, 6734583.444439984858036 ], [ 337934.578138296026736, 6734576.381818521767855 ], [ 338143.096570175315719, 6734585.591960918158293 ], [ 338155.07882435945794, 6734585.402458648197353 ], [ 338262.680573876132257, 6734577.233987303450704 ], [ 338265.016783832514193, 6734577.029057942330837 ], [ 338403.274856847478077, 6734563.265765899792314 ], [ 338462.56362582417205, 6734565.559116246178746 ], [ 338498.691745168121997, 6734574.376261266879737 ], [ 338849.917377363482956, 6734714.428637715056539 ], [ 339092.374581462179776, 6734812.673477902077138 ], [ 339282.655296051816549, 6734923.138318262062967 ], [ 339363.704703340365086, 6734971.225154781714082 ], [ 339437.330902642861474, 6735029.715315726585686 ], [ 339617.319717338075861, 6735207.460481372661889 ], [ 339618.480749543523416, 6735208.588624709285796 ], [ 339761.867918502073735, 6735345.67514992505312 ], [ 339889.538034772500396, 6735528.540355549193919 ], [ 339920.410453849006444, 6735585.597114092670381 ], [ 340292.051756648696028, 6736289.329035433009267 ], [ 340294.854538449086249, 6736294.28882400598377 ], [ 340391.571597005939111, 6736454.598847204819322 ], [ 340393.342781103856396, 6736457.426839648745954 ], [ 340407.674288307141978, 6736479.482715371996164 ], [ 340411.46641510311747, 6736484.915865491144359 ], [ 340427.232722259010188, 6736505.98192632663995 ], [ 340431.360396141943056, 6736511.133469853550196 ], [ 340448.479043473431375, 6736531.109734488651156 ], [ 340452.942567893769592, 6736535.982798671349883 ], [ 340471.347587604017463, 6736554.789282074198127 ], [ 340476.170200476015452, 6736559.398930314928293 ], [ 340495.787378761626314, 6736576.935651167295873 ], [ 340500.86655128991697, 6736581.182204471901059 ], [ 340521.596936442947481, 6736597.379175872541964 ], [ 340526.919845808646642, 6736601.262576675973833 ], [ 340548.672732080391143, 6736616.05980983749032 ], [ 340554.303741329757031, 6736619.62179056648165 ], [ 340576.996668959676754, 6736632.93930044118315 ], [ 340582.8007295068237, 6736636.092515061609447 ], [ 340606.318254813668318, 6736647.880311003886163 ], [ 340609.311267025361303, 6736649.318836158141494 ], [ 340735.713842628174461, 6736707.50795616582036 ], [ 340739.138420426694211, 6736709.007520960643888 ], [ 341753.670826656045392, 6737130.833331710658967 ], [ 341795.302714878809638, 6737152.960086131468415 ], [ 341860.551634446310345, 6737187.621131998486817 ], [ 342027.956218914245255, 6737287.865549369715154 ], [ 342028.415668155241292, 6737288.13900853600353 ], [ 342230.094530595000833, 6737407.447063335217535 ], [ 342394.0171612824779, 6737521.334610836580396 ], [ 342455.079447316762526, 6737587.840406206436455 ], [ 342780.474450190085918, 6738171.785612715408206 ], [ 342780.739404974970967, 6738172.258079469203949 ], [ 342907.750215564388782, 6738397.312512258067727 ], [ 343146.155393586319406, 6738819.829082136042416 ], [ 343281.18046141427476, 6739059.140903283841908 ], [ 343473.093792303581722, 6739400.422147155739367 ], [ 343761.137410359631758, 6739912.718139642849565 ], [ 343824.059273028571624, 6740039.422296389937401 ], [ 343860.633984868123662, 6740125.634571871720254 ], [ 343916.779864196258131, 6740257.997523089870811 ], [ 343919.202915712317917, 6740263.277674592100084 ], [ 343995.923481000354514, 6740418.408666017465293 ], [ 343997.174420220020693, 6740420.853055808693171 ], [ 344083.802800117584411, 6740584.54723188187927 ], [ 344090.911640524456743, 6740598.980090046301484 ], [ 344134.638067046646029, 6740687.686422480270267 ], [ 344159.373031327850185, 6740752.814211580902338 ], [ 344167.634705184609629, 6740787.661320278421044 ], [ 344176.899510321905836, 6740841.151013908907771 ], [ 344181.544249136175495, 6740903.825327638536692 ], [ 344180.399307225481607, 6741038.386679207906127 ], [ 344178.662134769896511, 6741105.616606775671244 ], [ 344174.892730386811309, 6741156.147477967664599 ], [ 344127.26253404567251, 6741326.128939305432141 ], [ 343960.314051580324303, 6741751.850634893402457 ], [ 343827.530044136103243, 6742065.890288030728698 ], [ 343823.620848684804514, 6742076.883469969965518 ], [ 343774.961338757013436, 6742244.032212871126831 ], [ 343772.211969653842971, 6742256.306900157593191 ], [ 343751.052792224567384, 6742389.611972058191895 ], [ 343749.956365449354053, 6742399.999207753688097 ], [ 343710.625814524129964, 6743142.551003642380238 ], [ 343683.554173485666979, 6743569.538297419436276 ], [ 343657.7776497740997, 6743704.838291457854211 ], [ 343617.431052602478303, 6743842.007848623208702 ], [ 343535.737412170448806, 6744082.137242242693901 ], [ 343516.682257949491031, 6744138.132954756729305 ], [ 343516.038424853468314, 6744140.09086047578603 ], [ 343507.478457401855849, 6744167.055122943595052 ], [ 343497.462077435280662, 6744195.171363814733922 ], [ 343484.735372857889161, 6744230.218262737616897 ], [ 343481.390178031346295, 6744241.43834977503866 ], [ 343471.668171142577194, 6744282.740626215003431 ], [ 343470.305740685784258, 6744289.594206288456917 ], [ 343465.415876229002606, 6744319.648586114868522 ], [ 343464.393398010928649, 6744328.291212281212211 ], [ 343462.199967933003791, 6744357.785696825943887 ], [ 343461.945254157530144, 6744367.235106679610908 ], [ 343462.596685998665635, 6744399.269116374664009 ], [ 343463.382092858722899, 6744409.907426000572741 ], [ 343467.719476252619643, 6744443.861076756380498 ], [ 343469.133827575307805, 6744452.145659905858338 ], [ 343477.338573976303451, 6744490.42850114684552 ], [ 343480.458112557069398, 6744501.713405300863087 ], [ 343484.447740587580483, 6744513.427031586878002 ], [ 343506.595008290954866, 6744578.470682968385518 ], [ 343509.742036700306926, 6744586.547520104795694 ], [ 343534.112834828731138, 6744641.877390519715846 ], [ 343540.499160069739446, 6744656.384892929345369 ], [ 343549.709128682326991, 6744677.30139038246125 ], [ 343567.263341958750971, 6744719.466544548049569 ], [ 343577.128314124129247, 6744748.089313711971045 ], [ 343583.241166482970584, 6744770.646514551714063 ], [ 343586.798961841501296, 6744805.076031356118619 ], [ 343587.374333292886149, 6744846.511823315173388 ], [ 343585.563630020304117, 6744906.29055998288095 ], [ 343582.608558588020969, 6744961.239403309300542 ], [ 343582.575040364696179, 6744961.903881365433335 ], [ 343580.93409067025641, 6744996.737367537803948 ], [ 343580.847722898703068, 6745003.652285570278764 ], [ 343581.565122553089168, 6745036.116214866749942 ], [ 343581.698995710408781, 6745039.531077262014151 ], [ 343586.778516454447526, 6745129.704215060919523 ], [ 343586.819246369996108, 6745130.385814921930432 ], [ 343591.923505139653571, 6745211.170708309859037 ], [ 343591.937011158326641, 6745211.380948248319328 ], [ 343596.868104468972888, 6745286.896826931275427 ], [ 343596.899124027055223, 6745287.355640331283212 ], [ 343597.699032629199792, 6745298.796242409385741 ], [ 343602.540564749622717, 6745370.462298047728837 ], [ 343604.603341439447831, 6745449.451900968328118 ], [ 343601.029726199107245, 6745528.391513899900019 ], [ 343590.690993851982057, 6745635.23489704914391 ], [ 343575.11846521490952, 6745775.393498285673559 ], [ 343574.672984410950448, 6745780.674993813969195 ], [ 343572.751671529957093, 6745813.968767907470465 ], [ 343572.59171300008893, 6745820.837803977541625 ], [ 343573.094717136060353, 6745866.239313965663314 ], [ 343573.240219253930263, 6745870.636456345207989 ], [ 343579.103107632719912, 6745976.976570952683687 ], [ 343592.703584968694486, 6746223.586021304130554 ], [ 343593.727709929109551, 6746255.436586622148752 ], [ 343593.228236943657976, 6746274.653941918164492 ], [ 343589.349330082826782, 6746304.519868678413332 ], [ 343582.075651577848475, 6746335.383478878997266 ], [ 343570.214531252800953, 6746367.774908215738833 ], [ 343551.585933801485226, 6746403.864076745696366 ], [ 343520.443197583139408, 6746454.909126618877053 ], [ 343516.481337587290909, 6746462.042009055614471 ], [ 343485.047673947876319, 6746524.51032727304846 ], [ 343483.731014791701455, 6746527.228396208956838 ], [ 343466.10936229507206, 6746565.051323210820556 ], [ 343463.984632729785517, 6746569.949302296154201 ], [ 343444.63132503896486, 6746618.0403091609478 ], [ 343442.539564016507939, 6746623.730334679596126 ], [ 343424.720007930882275, 6746677.150345051661134 ], [ 343422.749015955720097, 6746683.824219812639058 ], [ 343419.890570091549307, 6746694.909358960576355 ], [ 343412.847380134975538, 6746720.057437434792519 ], [ 343412.207776433322579, 6746722.455364807508886 ], [ 343407.721964955679141, 6746740.152055510319769 ], [ 343407.46454509277828, 6746741.19089515414089 ], [ 343388.93765716755297, 6746817.709348326548934 ], [ 343375.046159585705027, 6746870.646662414073944 ], [ 343373.648138239630498, 6746876.745396825484931 ], [ 343347.747524271253496, 6747008.540751049295068 ], [ 343345.891565105644986, 6747029.867613283917308 ], [ 343348.010780111246277, 6747133.548225186765194 ], [ 343349.760117910744157, 6747150.237271811813116 ], [ 343401.927462441613898, 6747423.791703105904162 ], [ 343404.285808113578241, 6747437.362346469424665 ], [ 343429.072362684644759, 6747579.225601870566607 ], [ 343430.089813748607412, 6747584.27740528807044 ], [ 343438.648628678522073, 6747621.756268979981542 ], [ 343458.708693368767854, 6747727.954269988462329 ], [ 343473.547266688081436, 6747809.165350586175919 ], [ 343473.961839188646991, 6747811.30246165767312 ], [ 343487.402780524396803, 6747876.770219420082867 ], [ 343488.346761710126884, 6747880.918213058263063 ], [ 343497.96981611289084, 6747919.40101692546159 ], [ 343499.070279394334648, 6747923.440515937283635 ], [ 343512.12366002734052, 6747967.682242927141488 ], [ 343514.286021780804731, 6747974.18204711843282 ], [ 343527.883636953891255, 6748010.815196910873055 ], [ 343530.25581108260667, 6748016.638018475845456 ], [ 343544.842943487514276, 6748049.451882474124432 ], [ 343551.615192743483931, 6748062.140005694702268 ], [ 343573.021747839986347, 6748096.113652883097529 ], [ 343576.606384337472264, 6748101.418272129260004 ], [ 343607.108251612691674, 6748143.580388167873025 ], [ 343611.306833445094526, 6748148.984503545798361 ], [ 343632.944275964517146, 6748174.949648309499025 ], [ 343638.721537532401271, 6748181.306160619482398 ], [ 343659.608596221543849, 6748202.392217764630914 ], [ 343664.33564634231152, 6748206.863504038192332 ], [ 343692.116341489425395, 6748231.478901258669794 ], [ 343696.121762641065288, 6748234.845077097415924 ], [ 343727.984216228709556, 6748260.230330397374928 ], [ 343732.475203573179897, 6748263.606552354991436 ], [ 343754.821800183970481, 6748279.443591065704823 ], [ 343762.532155335706193, 6748284.39344476070255 ], [ 343790.675673535035457, 6748300.690397520549595 ], [ 343801.497482424019836, 6748306.110551234334707 ], [ 343854.032599532511085, 6748328.556354402564466 ], [ 343859.279796395334415, 6748330.625259196385741 ], [ 343892.832675325335003, 6748342.77298790961504 ], [ 343898.253656966204289, 6748344.562344911508262 ], [ 343928.846230303170159, 6748353.700636353343725 ], [ 343933.026110961218365, 6748354.851128123700619 ], [ 343963.767111893219408, 6748362.599679447710514 ], [ 343969.458163537085056, 6748363.858978574164212 ], [ 344003.555276980972849, 6748370.367761767469347 ], [ 344006.35436814307468, 6748370.860958978533745 ], [ 344022.44226858735783, 6748373.460473022423685 ], [ 344033.131448530009948, 6748374.602344812825322 ], [ 344071.648405510466546, 6748376.631965643726289 ], [ 344076.66596391616622, 6748376.77021215017885 ], [ 344113.459511786059011, 6748376.860195674002171 ], [ 344116.839515853964258, 6748376.811327676288784 ], [ 344165.28462877147831, 6748375.29161231406033 ], [ 344165.575930888357107, 6748375.28204926289618 ], [ 344221.741090671741404, 6748373.356282244436443 ], [ 344296.73352985503152, 6748372.268133748322725 ], [ 344343.71017879480496, 6748374.002174443565309 ], [ 344388.264029081503395, 6748380.536897578276694 ], [ 344440.902736437215935, 6748393.793309844098985 ], [ 344472.873574639786966, 6748404.796107421629131 ], [ 344515.582071196986362, 6748423.910087682306767 ], [ 344557.701252452447079, 6748448.873540651984513 ], [ 344598.072207890683785, 6748476.421292113140225 ], [ 344633.744067944819108, 6748504.254967614077032 ], [ 344651.185229703143705, 6748522.416297468356788 ], [ 344671.706977088644635, 6748545.00349051412195 ], [ 344686.657889510272071, 6748564.466451150365174 ], [ 344692.987375188909937, 6748572.704664006829262 ], [ 344708.647631438041572, 6748594.833840481936932 ], [ 344720.428588277543895, 6748611.484654877334833 ], [ 344739.783820804732386, 6748643.556169179268181 ], [ 344756.044253065076191, 6748678.287821410223842 ], [ 344758.546764797181822, 6748684.08196731004864 ], [ 344769.44227986613987, 6748709.251311236992478 ], [ 344774.336328760138713, 6748735.342479625716805 ], [ 344798.118076863873284, 6748862.151992280036211 ], [ 344821.915646140405443, 6749041.679610691033304 ], [ 344823.338803117338102, 6749057.23617915995419 ], [ 344830.43528248637449, 6749134.813444784842432 ], [ 344831.186313593760133, 6749146.011301443912089 ], [ 344835.785649631754495, 6749214.789748467504978 ], [ 344836.641975612437818, 6749227.668455023318529 ], [ 344837.933150137367193, 6749238.354900664649904 ], [ 344844.521685138286557, 6749275.81789521034807 ], [ 344846.831205088587012, 6749285.875834697857499 ], [ 344857.666418071021326, 6749323.938717099837959 ], [ 344862.859815863426775, 6749338.052277559414506 ], [ 344900.156367547053378, 6749419.836984300985932 ], [ 344902.6788120137644, 6749424.973632086068392 ], [ 344928.430142312601674, 6749473.828171794302762 ], [ 344948.979525352304336, 6749513.323799456469715 ], [ 344949.11636705690762, 6749513.585860495455563 ], [ 345066.802943907037843, 6749738.153867733664811 ], [ 345067.240790905081667, 6749738.979946020059288 ], [ 345231.4138839947409, 6750045.253716269508004 ], [ 345260.670105843397323, 6750105.072048027999699 ], [ 345298.215389542572666, 6750181.829733436927199 ], [ 345346.102418787486386, 6750283.381725075654685 ], [ 345360.38660212373361, 6750313.69545166939497 ], [ 345429.59276731533464, 6750470.03186630923301 ], [ 345488.245827602804638, 6750606.006855958141387 ], [ 345539.276706136821304, 6750740.017789809964597 ], [ 345580.824396917945705, 6750871.937370984815061 ], [ 345621.386533676006366, 6751014.976852737367153 ], [ 345650.909659208147787, 6751154.148079099133611 ], [ 345651.404131206742022, 6751156.355690691620111 ], [ 345663.020698570879176, 6751205.600335470400751 ], [ 345667.674606975284405, 6751230.397503858432174 ], [ 345668.279104639019351, 6751233.369144185446203 ], [ 345716.697461098607164, 6751454.192505092360079 ], [ 345775.352115894143935, 6751732.164524846710265 ], [ 345776.045752882608213, 6751735.214787355624139 ], [ 345794.772483457054477, 6751811.991177698597312 ], [ 345810.099100385792553, 6751887.221869922243059 ], [ 345810.292553665232845, 6751888.148969956673682 ], [ 345840.813606838928536, 6752031.030160628259182 ], [ 345850.362233092775568, 6752077.650574876926839 ], [ 345856.959146352950484, 6752121.413084849715233 ], [ 345858.783207383239642, 6752148.108502084389329 ], [ 345860.595693546812981, 6752205.407281213440001 ], [ 345858.837998912087642, 6752231.085985589772463 ], [ 345849.184247852477711, 6752334.041932788677514 ], [ 345815.881733483285643, 6752574.323550878092647 ], [ 345811.719071879459079, 6752599.731129038147628 ], [ 345811.186934757686686, 6752603.405379007570446 ], [ 345792.732437649741769, 6752749.957973767071962 ], [ 345792.161648445762694, 6752755.932176981121302 ], [ 345788.591140049917158, 6752810.581957533955574 ], [ 345785.151285800558981, 6752863.391730022616684 ], [ 345785.299817853840068, 6752878.369247005321085 ], [ 345793.479825832531787, 6752974.511268691159785 ], [ 345793.606161000963766, 6752975.884036464616656 ], [ 345795.766606687335297, 6752997.709955076687038 ], [ 345795.932193283282686, 6752999.259521836414933 ], [ 345815.405391830776352, 6753168.964061096310616 ], [ 345815.972986000357196, 6753176.565902562811971 ], [ 345824.966177225694992, 6753297.850142904557288 ], [ 345823.209467169246636, 6753397.05722045339644 ], [ 345805.83984679041896, 6753629.496376727707684 ], [ 345802.34591688553337, 6753661.22628173045814 ], [ 345802.103983922803309, 6753663.707229786552489 ], [ 345778.512242170982063, 6753941.42529680300504 ], [ 345778.164448988856748, 6753948.401193177327514 ], [ 345777.141947257972788, 6754017.08834879565984 ], [ 345776.127513577288482, 6754085.787505593150854 ], [ 345776.403648047533352, 6754094.835275745019317 ], [ 345825.258632307813969, 6754738.248585175722837 ], [ 345838.017097230767831, 6754930.01604042109102 ], [ 345838.029591931786854, 6754930.201248000375926 ], [ 345848.312204719113652, 6755080.541397939436138 ], [ 345855.060639932227787, 6755179.259507839567959 ], [ 345876.97760756011121, 6755506.783278671093285 ], [ 345882.461908306577243, 6755633.348067690618336 ], [ 345878.924204761802685, 6755759.4220682810992 ], [ 345873.762659781787079, 6755874.735590835101902 ], [ 345863.569953372119926, 6755974.32164540886879 ], [ 345850.92886424617609, 6756068.330661094747484 ], [ 345826.564513066376094, 6756195.977979448623955 ], [ 345802.486692670034245, 6756307.734654292464256 ], [ 345725.581573523872066, 6756600.644375341013074 ], [ 345725.210102798242588, 6756602.103857951238751 ], [ 345650.955080235842615, 6756903.317530948668718 ], [ 345650.465984078648034, 6756905.396852330304682 ], [ 345582.59879806364188, 6757208.408555581234396 ], [ 345510.837355176801793, 6757523.605335521511734 ], [ 345478.527219684037846, 6757663.756429105065763 ], [ 345476.986642458185088, 6757672.006818146444857 ], [ 345457.897205296903849, 6757804.941959382034838 ], [ 345456.912376691005193, 6757816.684968807734549 ], [ 345454.314893116708845, 6757921.765318983234465 ], [ 345455.813872621103656, 6757941.659553985111415 ], [ 345475.167178898060229, 6758051.039100405760109 ], [ 345476.823294820904266, 6758058.655548174865544 ], [ 345501.272614810615778, 6758153.187871045432985 ], [ 345507.518633014697116, 6758170.543785750865936 ], [ 345557.596448378521018, 6758277.523781158961356 ], [ 345558.61482876521768, 6758279.634545805864036 ], [ 345639.006059050967451, 6758441.387959036044776 ], [ 345710.155980464187451, 6758608.041249846108258 ], [ 345766.902009600889869, 6758746.074648874811828 ], [ 345824.211161294719204, 6758891.595364321954548 ], [ 345825.015263930195943, 6758893.574869602918625 ], [ 345882.658627542725299, 6759031.242285773158073 ], [ 345939.231130621978082, 6759168.239362925291061 ], [ 345942.568533112760633, 6759175.487218871712685 ], [ 345972.888988801452797, 6759234.966096714138985 ], [ 345975.55403227295028, 6759239.852937803603709 ], [ 346006.262048927485012, 6759292.61307203117758 ], [ 346009.383417249948252, 6759297.629039388149977 ], [ 346085.179031374398619, 6759411.770382508635521 ], [ 346110.703120144666173, 6759451.745181100443006 ], [ 346207.955677460238803, 6759604.071208054199815 ], [ 346302.720561947440729, 6759763.141709034331143 ], [ 346362.755961188930087, 6759877.283701522275805 ], [ 346438.712001193489414, 6760036.104398910887539 ], [ 346438.95256261510076, 6760036.603840727359056 ], [ 346507.971386104938574, 6760178.887234637513757 ], [ 346508.346381889539771, 6760179.651983271352947 ], [ 346567.000012913602404, 6760297.989854847081006 ], [ 346572.050819830445107, 6760306.982503897510469 ], [ 346600.87875387450913, 6760352.623969291336834 ], [ 346613.127313862438314, 6760371.99635451938957 ], [ 346630.840265915147029, 6760401.973656103014946 ], [ 346639.601291345607024, 6760414.503310416825116 ], [ 346705.692793648457155, 6760495.118236167356372 ], [ 346708.704414049803745, 6760498.623239413835108 ], [ 346798.799954275600612, 6760598.704525201581419 ], [ 346800.639147430134472, 6760600.692744623869658 ], [ 346895.319450686161872, 6760700.304118318483233 ], [ 346896.477084010548424, 6760701.501904390752316 ], [ 347021.543811055889819, 6760828.768106949515641 ], [ 347024.246447463519871, 6760831.416147059760988 ], [ 347140.198892550426535, 6760940.804172127507627 ], [ 347179.103865003969986, 6760979.285343561321497 ], [ 347182.065286344964989, 6760982.097223970107734 ], [ 347360.456255272845738, 6761144.684050275012851 ], [ 347418.149008891312405, 6761209.704477475956082 ], [ 347507.299673922534566, 6761331.535739309154451 ], [ 347561.32055388588924, 6761410.404760085977614 ], [ 347562.923146127257496, 6761412.676128738559783 ], [ 347608.638840243162122, 6761475.594363549724221 ], [ 347686.069400999927893, 6761582.126949146389961 ], [ 347686.335178005741909, 6761582.490890417248011 ], [ 347712.260528356244322, 6761617.824283365160227 ], [ 347713.560981740592979, 6761619.556988760828972 ], [ 347764.939434371481184, 6761686.490246516652405 ], [ 347795.339707754959818, 6761732.386467876844108 ], [ 347795.935682352283038, 6761733.275850888341665 ], [ 347822.926907774875872, 6761773.092751299031079 ], [ 347880.934643695596606, 6761868.026572869159281 ], [ 347935.571875935827848, 6761978.392997518181801 ], [ 347936.067312180995941, 6761979.380026035010815 ], [ 347999.53431003348669, 6762104.099063593894243 ], [ 348028.620855087356176, 6762170.57348221167922 ], [ 348039.956358148891013, 6762230.833875364623964 ], [ 348042.630417552019935, 6762289.14710574503988 ], [ 348038.331748984113801, 6762324.200470992363989 ], [ 348036.602656550589018, 6762329.639217680320144 ], [ 348034.794437817123253, 6762336.061476099304855 ], [ 348026.481876367528457, 6762369.870796760544181 ], [ 348014.641464394459035, 6762410.250252148136497 ], [ 347944.642612607800402, 6762617.631892122328281 ], [ 347944.51434879534645, 6762618.014437211677432 ], [ 347911.181182196072768, 6762718.099595765583217 ], [ 347896.501569310261402, 6762756.439171477220953 ], [ 347891.953877598047256, 6762771.985364127904177 ], [ 347877.697273251367733, 6762841.06910184584558 ], [ 347865.791071182989981, 6762898.74352641031146 ], [ 347861.272740191081539, 6762920.627347798086703 ], [ 347860.84441164258169, 6762922.676389249972999 ], [ 347860.645157019374892, 6762923.653904778882861 ], [ 347855.920354527828749, 6762947.438740357756615 ], [ 347854.287793347728439, 6762955.656487377360463 ], [ 347854.07184662471991, 6762956.776896498166025 ], [ 347842.798191403911915, 6763017.119168324396014 ], [ 347825.115500209329184, 6763075.147823487408459 ], [ 347810.030903694045264, 6763123.950875163078308 ], [ 347789.236066021956503, 6763172.387950620613992 ], [ 347784.663403617334552, 6763185.474604378454387 ], [ 347771.197723304212559, 6763234.745390743948519 ], [ 347771.06896206131205, 6763235.22113383654505 ], [ 347758.271205871424172, 6763282.972204389050603 ], [ 347756.721435561776161, 6763289.666710374876857 ], [ 347738.885387265007012, 6763380.869655488990247 ], [ 347738.857861672178842, 6763381.010944794863462 ], [ 347721.788689232547767, 6763468.964497540146112 ], [ 347721.747058381675743, 6763469.180279298685491 ], [ 347709.492399865295738, 6763533.076215838082135 ], [ 347689.035305295081344, 6763632.272106802091002 ], [ 347683.637130371760577, 6763658.433323617093265 ], [ 347657.462861801788677, 6763779.183210099115968 ], [ 347656.576419737422839, 6763783.792661123909056 ], [ 347641.574467025464401, 6763873.050231399014592 ], [ 347622.755058102018666, 6763957.630577229894698 ], [ 347587.625472184910905, 6764096.180242971517146 ], [ 347587.174068055988755, 6764098.03466812800616 ], [ 347557.529780873679556, 6764225.080910533666611 ], [ 347556.628733152407221, 6764229.364059579558671 ], [ 347537.531050341262016, 6764331.155024756677449 ], [ 347536.256888072181027, 6764340.217048619873822 ], [ 347527.474922143563163, 6764433.449614275246859 ], [ 347527.034856550802942, 6764442.472205120138824 ], [ 347526.680278727028053, 6764542.263544376939535 ], [ 347526.713541823672131, 6764545.222267035394907 ], [ 347530.275802612770349, 6764682.006688702851534 ], [ 347530.694623842136934, 6764688.90792213473469 ], [ 347543.137121436186135, 6764819.22500563878566 ], [ 347550.84060974168824, 6764998.247185290791094 ], [ 347552.77361409162404, 6765123.286302226595581 ], [ 347552.788942789658904, 6765124.076040420681238 ], [ 347555.385165431012865, 6765235.210455953143537 ], [ 347547.094878809177317, 6765304.717399675399065 ], [ 347532.787524785322603, 6765392.00109648425132 ], [ 347526.281351560435724, 6765431.694267647340894 ], [ 347525.570550347445533, 6765436.876521365717053 ], [ 347513.391241898352746, 6765546.99592920858413 ], [ 347512.914049180515576, 6765552.913603235036135 ], [ 347510.646405234700069, 6765597.535259075462818 ], [ 347510.573290538217407, 6765599.27146777510643 ], [ 347508.52828781720018, 6765660.480021906085312 ], [ 347508.509424465475604, 6765666.535664902068675 ], [ 347509.498941367957741, 6765702.948855737224221 ], [ 347510.554517374082934, 6765741.744959685020149 ], [ 347512.304783722676802, 6765757.84687302261591 ], [ 347518.497511936700903, 6765790.1608304399997 ], [ 347521.633893021324184, 6765806.512954100035131 ], [ 347522.653279761027079, 6765811.213622001931071 ], [ 347539.849999376339838, 6765882.221625148318708 ], [ 347554.179920849157497, 6765951.383094581775367 ], [ 347553.152834146691021, 6765961.306557607837021 ], [ 347552.702153540856671, 6765965.678029263392091 ], [ 347548.167447115411051, 6765980.191528109833598 ], [ 347547.450044358090963, 6765982.592912826687098 ], [ 347544.309556761116255, 6765993.606540280394256 ], [ 347517.734002138371579, 6766086.774808568879962 ], [ 347515.994539525010623, 6766093.837360959500074 ], [ 347497.902865999203641, 6766180.801098806783557 ], [ 347496.232859987125266, 6766191.94640913233161 ], [ 347493.373833739373367, 6766222.815497325733304 ], [ 347492.114539787988178, 6766236.337830697186291 ], [ 347490.552908265264705, 6766253.168488515540957 ], [ 347487.947154733235948, 6766281.352173591963947 ], [ 347484.260047865798697, 6766313.974689323455095 ], [ 347484.134087170299608, 6766315.151518966071308 ], [ 347481.940657197497785, 6766336.857459992170334 ], [ 347481.928454947075807, 6766336.978953591547906 ], [ 347481.318226950825192, 6766343.092317654751241 ], [ 347476.874860689043999, 6766383.528684612363577 ], [ 347472.949367250315845, 6766399.89300674945116 ], [ 347469.058007296232972, 6766416.088878630660474 ], [ 347447.016434877354186, 6766487.237616154365242 ], [ 347446.739592992584221, 6766488.146495902910829 ], [ 347429.571469095244538, 6766545.485773460939527 ], [ 347417.817260204465128, 6766584.75018653832376 ], [ 347409.091067396395374, 6766610.580985301174223 ], [ 347408.568180415430106, 6766612.172656320035458 ], [ 347405.615433653292712, 6766621.421412514522672 ], [ 347397.671541957359295, 6766634.203869911842048 ], [ 347395.638239314837847, 6766637.47725735232234 ], [ 347353.378037018119358, 6766691.259247954934835 ], [ 347318.243684863205999, 6766733.005603523924947 ], [ 347290.233334847842343, 6766766.295324635691941 ], [ 347251.31137667002622, 6766802.205440862104297 ], [ 347203.297662843891885, 6766846.519217337481678 ], [ 347196.384913622634485, 6766852.446499972604215 ], [ 347189.315704685635865, 6766858.406243102625012 ], [ 347178.283587969897781, 6766867.718441595323384 ], [ 347148.052014354383573, 6766893.228250216692686 ], [ 347138.730225678766146, 6766901.09502349793911 ], [ 347067.584254861460067, 6766956.649760992266238 ], [ 347030.475835244229529, 6766985.210245908237994 ], [ 347022.443668268620968, 6766990.592763562686741 ], [ 346996.230004081386141, 6767003.018700156360865 ], [ 346992.696886140562128, 6767004.430102897807956 ], [ 346979.610439292620867, 6767008.539529740810394 ], [ 346945.692305468895938, 6767016.360897673293948 ], [ 346869.715316832996905, 6767027.479606836102903 ], [ 346866.654619411681779, 6767027.976102748885751 ], [ 346752.571531992056407, 6767048.302300876937807 ], [ 346731.221131741069257, 6767054.624386880546808 ], [ 346655.053044958971441, 6767086.778373547829688 ], [ 346639.77255184733076, 6767094.849760617129505 ], [ 346488.730996353842784, 6767192.191556730307639 ], [ 346487.565058839682024, 6767192.954517777077854 ], [ 346422.463072658167221, 6767236.206429252400994 ], [ 346420.615377599955536, 6767237.463972202502191 ], [ 346340.926258586870972, 6767293.013583917170763 ], [ 346336.348608125408646, 6767296.402275461703539 ], [ 346130.894092611619271, 6767457.74969482421875 ], [ 346069.131483387784101, 6767504.146850378252566 ], [ 346068.894660438469145, 6767504.325305825099349 ], [ 346011.307944053376559, 6767547.853184414096177 ], [ 345950.006649481423665, 6767593.036592037416995 ], [ 345948.762298883113544, 6767593.968782225623727 ], [ 345896.548774268536363, 6767633.721348178572953 ], [ 345888.392394032387529, 6767639.932586122304201 ], [ 345859.834577218920458, 6767659.910549267195165 ], [ 345857.576940250175539, 6767661.537152792327106 ], [ 345800.607881226926111, 6767703.799118009395897 ], [ 345787.556908512837254, 6767713.467196378856897 ], [ 345784.300108871248085, 6767715.985268250107765 ], [ 345761.80238801339874, 6767734.131958164274693 ], [ 345629.261425664939452, 6767826.890269748866558 ], [ 345627.756033540528733, 6767827.964688211679459 ], [ 345607.636164940486196, 6767842.607216430827975 ], [ 345563.994667204271536, 6767871.414097428321838 ], [ 345561.745931296085473, 6767872.895070940256119 ], [ 345561.637388814357109, 6767872.966656111180782 ], [ 345540.086155076802243, 6767887.200087047182024 ], [ 345491.379351342387963, 6767915.444823151454329 ], [ 345489.719672032457311, 6767916.428776336833835 ], [ 345452.959107838687487, 6767938.704610518179834 ], [ 345451.801223196845967, 6767939.417060717940331 ], [ 345388.200004796788562, 6767979.149630315601826 ], [ 345368.535967273637652, 6767991.4411575589329 ], [ 345356.175057104381267, 6768000.558781338855624 ], [ 345293.456748676777352, 6768054.729646739549935 ], [ 345288.353105207206681, 6768059.129849549382925 ], [ 345279.671493705245666, 6768066.622811368666589 ], [ 345217.74225255503552, 6768120.122982260771096 ], [ 345215.401756089762785, 6768122.209890053607523 ], [ 345185.629066458670422, 6768149.606678662821651 ], [ 345114.455265193711966, 6768208.831984681077302 ], [ 345099.627003971545491, 6768221.16383667010814 ], [ 345038.20018660381902, 6768271.4201017357409 ], [ 345031.431119688728359, 6768277.492419705726206 ], [ 345009.892628444591537, 6768298.658461539074779 ], [ 345003.922560739738401, 6768305.062663449905813 ], [ 344988.024317562230863, 6768323.689180213026702 ], [ 344980.868998691323213, 6768333.15712939761579 ], [ 344960.435468245821539, 6768363.821395095437765 ], [ 344954.747077765176073, 6768372.360175110399723 ], [ 344951.977381626667921, 6768376.761630108579993 ], [ 344944.250901376421098, 6768389.7791957994923 ], [ 344903.643367102369666, 6768458.236595162190497 ], [ 344900.175411932112183, 6768463.951111406087875 ], [ 344896.520603811077308, 6768469.965869906358421 ], [ 344895.810200142965186, 6768471.153427514247596 ], [ 344871.74843987688655, 6768512.015786168165505 ], [ 344867.941181291884277, 6768519.121790305711329 ], [ 344844.49786921433406, 6768567.46275048982352 ], [ 344830.145024580764584, 6768597.067208219319582 ], [ 344824.127547151467297, 6768612.692103734239936 ], [ 344820.969337999878917, 6768623.520078906789422 ], [ 344815.498152056243271, 6768642.308947656303644 ], [ 344813.18851369083859, 6768652.023897130973637 ], [ 344808.537782640720252, 6768677.089209952391684 ], [ 344806.88308438914828, 6768693.167579357512295 ], [ 344806.79237861384172, 6768697.356795984320343 ], [ 344806.057000667962711, 6768732.449988747015595 ], [ 344805.228112439275719, 6768772.062743464484811 ], [ 344804.220621560583822, 6768787.741001627407968 ], [ 344804.107942718255799, 6768789.838483234867454 ], [ 344802.561630323994905, 6768825.638109308667481 ], [ 344798.970568889984861, 6768851.75517688319087 ], [ 344793.642024034401402, 6768876.810621429234743 ], [ 344773.536683357669972, 6768960.580373344011605 ], [ 344771.920991839491762, 6768968.824137538671494 ], [ 344752.34504217171343, 6769097.030163214541972 ], [ 344749.623203642433509, 6769114.861192566342652 ], [ 344747.815935124875978, 6769126.708150224760175 ], [ 344741.743194672220852, 6769166.61656787712127 ], [ 344739.66820020636078, 6769180.031543892808259 ], [ 344729.252934709191322, 6769242.416732259094715 ], [ 344727.350553609197959, 6769248.735723935067654 ], [ 344725.418360503623262, 6769256.17956022452563 ], [ 344721.93699431308778, 6769272.083327841944993 ], [ 344721.704907364910468, 6769272.723471128381789 ], [ 344717.208681987889577, 6769289.599299303255975 ], [ 344708.144091109163128, 6769341.488116035237908 ], [ 344694.06552961259149, 6769391.542181595228612 ], [ 344668.004351524694357, 6769470.169515789486468 ], [ 344667.362892464152537, 6769472.175292106345296 ], [ 344657.483888675225899, 6769504.225208831951022 ], [ 344633.845054147474002, 6769577.97713964432478 ], [ 344622.548256719892379, 6769606.424493050202727 ], [ 344603.468231033475604, 6769654.462576898746192 ], [ 344595.95264267467428, 6769673.394504964351654 ], [ 344587.702385363460053, 6769693.056863158009946 ], [ 344587.515419741743244, 6769693.505500190891325 ], [ 344585.264268063299824, 6769698.944483100436628 ], [ 344572.931950825673994, 6769728.750779746100307 ], [ 344567.611124067625497, 6769741.424535213038325 ], [ 344559.546708927315194, 6769759.613494079560041 ], [ 344558.023980421246961, 6769763.035718517377973 ], [ 344554.795281851431355, 6769769.618535753339529 ], [ 344543.702668237674516, 6769792.197995071299374 ], [ 344536.193916667078156, 6769802.956421443261206 ], [ 344524.670036524999887, 6769819.463240508921444 ], [ 344521.480395009682979, 6769823.407276234589517 ], [ 344511.78868074825732, 6769835.404452043585479 ], [ 344483.292783197655808, 6769862.505694570019841 ], [ 344470.453385233879089, 6769874.700305668637156 ], [ 344463.191057480173185, 6769882.366933753713965 ], [ 344446.789809720241465, 6769901.623332727700472 ], [ 344444.240349244093522, 6769904.741712553426623 ], [ 344437.651813812961336, 6769913.140142023563385 ], [ 344428.442864482989535, 6769927.157478912733495 ], [ 344422.076970392954536, 6769938.88528579287231 ], [ 344415.807295313163195, 6769952.909081911668181 ], [ 344408.278718440677039, 6769973.955146295949817 ], [ 344405.817559069313575, 6769981.850617785938084 ], [ 344397.870824396784883, 6770011.626104 ], [ 344389.247921280795708, 6770043.911121325567365 ], [ 344384.840545060404111, 6770060.423109423369169 ], [ 344380.820832081895787, 6770075.496753574348986 ], [ 344373.282113758614287, 6770100.391472726128995 ], [ 344372.216049491835292, 6770104.178965320810676 ], [ 344342.153724951203912, 6770219.647598145529628 ], [ 344340.925730806135107, 6770224.213165996596217 ], [ 344260.511692810512614, 6770489.697618053294718 ], [ 344249.164315827423707, 6770518.879958814941347 ], [ 344239.658092627418227, 6770543.321818503551185 ], [ 344228.799419091374148, 6770571.275740075856447 ], [ 344222.55127922038082, 6770587.379264471121132 ], [ 344190.175846653757617, 6770670.838954785838723 ], [ 344149.311944297922309, 6770757.985870398581028 ], [ 344106.402107954316307, 6770830.485939607024193 ], [ 344104.778171189071145, 6770833.226236314512789 ], [ 344074.233438359922729, 6770880.642331956885755 ], [ 344071.349712297378574, 6770885.115033442154527 ], [ 344070.035481637343764, 6770887.209853165782988 ], [ 344045.305797259905376, 6770927.732275390066206 ], [ 344041.271284221846145, 6770935.007553316652775 ], [ 344018.990654886700213, 6770979.449242680333555 ], [ 344012.997102118271869, 6770994.248336435295641 ], [ 344009.583267688401975, 6771005.096307864412665 ], [ 343999.015592048119288, 6771038.694582838565111 ], [ 343998.113097549416125, 6771041.731156446970999 ], [ 343985.661672413058113, 6771086.192842144519091 ], [ 343984.409958635340445, 6771091.14649607334286 ], [ 343982.840851604589261, 6771098.099520442076027 ], [ 343970.107068896002602, 6771153.803514181636274 ], [ 343968.198181166255381, 6771165.097717884927988 ], [ 343964.908036233333405, 6771194.852153866551816 ], [ 343964.904023849347141, 6771216.79715409502387 ], [ 343967.938543043041136, 6771244.332005186006427 ], [ 343968.965499495854601, 6771251.352602285332978 ], [ 343975.628248354187235, 6771287.815783830359578 ], [ 343976.71837915602373, 6771293.000837403349578 ], [ 343978.334590531885624, 6771299.789567943662405 ], [ 343986.872725490538869, 6771335.572375345043838 ], [ 344002.515289963048417, 6771401.119897399097681 ], [ 344019.600147036660928, 6771472.733126921579242 ], [ 344033.101532403496094, 6771529.308446327224374 ], [ 344039.628334045177326, 6771563.847571267746389 ], [ 344039.749437338614371, 6771564.477361316792667 ], [ 344044.251740416395478, 6771587.493057488463819 ], [ 344044.981186790042557, 6771590.90493646543473 ], [ 344051.134424563206267, 6771617.41500276979059 ], [ 344061.078607122297399, 6771694.010296877473593 ], [ 344052.787940436508507, 6771742.867361157201231 ], [ 344036.17688876518514, 6771787.185444226488471 ], [ 344017.195012319192756, 6771818.993317704647779 ], [ 344016.971951030020136, 6771819.368963115848601 ], [ 343991.638892622955609, 6771862.244052459485829 ], [ 343964.349098010919988, 6771893.941719433292747 ], [ 343939.801654249953572, 6771915.722065405920148 ], [ 343916.484179565741215, 6771933.605682575143874 ], [ 343863.489761120988987, 6771962.934445383958519 ], [ 342727.417467027553357, 6772376.923607524484396 ], [ 341704.38889701559674, 6772664.206112373620272 ], [ 341701.314501046144869, 6772665.122903764247894 ], [ 341600.812537049292587, 6772696.856968780048192 ], [ 341587.971565938729327, 6772701.91003474406898 ], [ 341371.094132514321245, 6772805.060744140297174 ], [ 341345.475277491786983, 6772822.578473226167262 ], [ 341162.991812220367137, 6772994.486325536854565 ], [ 341147.259002548351418, 6773013.487819654867053 ], [ 341057.889106179762166, 6773153.561625585891306 ], [ 341045.954463973350357, 6773180.175991955213249 ], [ 340964.706853437179234, 6773467.932181841693819 ], [ 340963.646129673987161, 6773472.016651428304613 ], [ 340811.389306443394162, 6774113.6604920681566 ], [ 340729.940048325108364, 6774345.668218318372965 ], [ 340655.955810428073164, 6774457.75477990694344 ], [ 340508.125068992259912, 6774596.209686074405909 ], [ 340272.325924765085801, 6774717.605062659829855 ], [ 339733.962576887570322, 6774977.29158943053335 ], [ 339722.542669535148889, 6774983.756084172986448 ], [ 339519.427770892507397, 6775117.051156819798052 ], [ 339516.551477974746376, 6775119.011189962737262 ], [ 339386.421719255507924, 6775211.043979098089039 ], [ 339373.796302815957461, 6775221.636481706984341 ], [ 339111.013515888073016, 6775481.887813501991332 ], [ 339103.985383201739751, 6775489.61614179238677 ], [ 338477.184776155860163, 6776255.706293008290231 ], [ 338109.625167908554431, 6776661.279422093182802 ], [ 337855.943867901398335, 6776843.329496941529214 ], [ 337648.41479230299592, 6776940.991793619468808 ], [ 337643.696019237686414, 6776943.366640157066286 ], [ 337342.190126557950862, 6777105.226370550692081 ], [ 337338.038795133936219, 6777107.58431305270642 ], [ 337195.218478316382971, 6777193.278287447057664 ], [ 337186.601484916056506, 6777199.077669210731983 ], [ 337018.408297522226349, 6777325.44403781183064 ], [ 337013.000706985010765, 6777329.808879076503217 ], [ 336928.479445405886509, 6777403.025187220424414 ], [ 336923.164396544103511, 6777407.978513020090759 ], [ 336853.304481529572513, 6777477.995419559068978 ], [ 336850.541812555806246, 6777480.877111576497555 ], [ 336828.153985669661779, 6777505.182566365227103 ], [ 336825.735473035019822, 6777507.906149391084909 ], [ 336770.942032917344477, 6777571.92242634948343 ], [ 336745.784080596698914, 6777600.11933384463191 ], [ 336741.668030927306972, 6777605.041799684986472 ], [ 336714.720178850810044, 6777639.455364265479147 ], [ 336712.122604585019872, 6777642.924925201572478 ], [ 336623.659765744116157, 6777766.581801117397845 ], [ 336619.812914698501118, 6777772.374623591080308 ], [ 336589.311046553542838, 6777821.965350065380335 ], [ 336588.930645487096626, 6777822.588907820172608 ], [ 336532.816773417463992, 6777915.33156484272331 ], [ 336529.345430339279119, 6777921.559929452836514 ], [ 336473.709824788791593, 6778030.329589495435357 ], [ 336471.320563613029663, 6778035.338875121437013 ], [ 336449.889269824314397, 6778083.67983537260443 ], [ 336448.750109531800263, 6778086.353555909357965 ], [ 336430.806863922683988, 6778130.225351905450225 ], [ 336430.399983684939798, 6778131.23586060013622 ], [ 336399.741441757709254, 6778208.591395169496536 ], [ 336399.38337087794207, 6778209.507996272295713 ], [ 336379.444598840898834, 6778261.298311521299183 ], [ 336376.43913827452343, 6778270.377860935404897 ], [ 336350.868363844987471, 6778362.120705171488225 ], [ 336349.558401985035744, 6778367.364651255309582 ], [ 336344.478344550530892, 6778390.322779165580869 ], [ 336316.005173281708267, 6778514.093803144991398 ], [ 336230.419865419797134, 6778846.009833240881562 ], [ 336202.84906217554817, 6778919.981224716641009 ], [ 336157.364402671286371, 6779011.317836863920093 ], [ 336149.937515634053852, 6779022.323286921717227 ], [ 336104.427290608931798, 6779082.663714720867574 ], [ 336036.234738695027772, 6779154.804629336111248 ], [ 336007.214258005435113, 6779179.694495699368417 ], [ 335903.223714277846739, 6779253.790929105132818 ], [ 335821.593798687390517, 6779308.175771742127836 ], [ 335651.216651464928873, 6779419.879348067566752 ], [ 335584.45608971134061, 6779462.980333022773266 ], [ 335578.906066897965502, 6779466.83522027079016 ], [ 335442.088820946810301, 6779568.886136056855321 ], [ 335432.004457839007955, 6779577.505771894939244 ], [ 335319.338558666931931, 6779687.549897037446499 ], [ 335105.948140653432347, 6779895.31583771109581 ], [ 335105.643144629779272, 6779895.614064566791058 ], [ 335034.810204358072951, 6779965.171057121828198 ], [ 335032.547533133707475, 6779967.465746378526092 ], [ 334967.206413343141321, 6780035.902948365546763 ], [ 334961.506067250098567, 6780042.415792076848447 ], [ 334884.331970690866001, 6780138.697787120938301 ], [ 334876.526391767431051, 6780149.932045142166317 ], [ 334802.901426043419633, 6780273.098619787953794 ], [ 334755.127300531545188, 6780344.698635715059936 ], [ 334691.381651046918705, 6780419.595337139442563 ], [ 334616.058080688293558, 6780479.836623402312398 ], [ 334559.917686155065894, 6780517.510163792409003 ], [ 334515.341950417496264, 6780540.168127167969942 ], [ 334437.575094853993505, 6780573.920525118708611 ], [ 334355.404969943570904, 6780606.007786658592522 ], [ 334350.473812476033345, 6780608.087124047800899 ], [ 334311.478588594007306, 6780625.773816397413611 ], [ 334305.345811364066321, 6780628.812593554146588 ], [ 334187.123243126727175, 6780692.520679455250502 ], [ 334176.133016370353289, 6780699.397775726392865 ], [ 334122.154852681444027, 6780738.260508116334677 ], [ 334119.111278207739815, 6780740.540905814617872 ], [ 334065.809284582152031, 6780782.083137161098421 ], [ 334063.344214119599201, 6780784.067842187359929 ], [ 334009.827825076761656, 6780828.569520127028227 ], [ 333997.36194375983905, 6780840.941436385735869 ], [ 333954.903409409453161, 6780891.222033780068159 ], [ 333949.844558246259112, 6780897.740494990721345 ], [ 333909.604191570833791, 6780954.259925772435963 ], [ 333903.062410909973551, 6780964.769210857339203 ], [ 333763.138013902120292, 6781224.065486931242049 ], [ 333744.934805430588312, 6781256.1477674189955 ], [ 333711.581419673748314, 6781314.845266604796052 ], [ 333651.53519422293175, 6781394.243434240110219 ], [ 333574.824210574151948, 6781461.670997478999197 ], [ 333489.309319740859792, 6781520.561633968725801 ], [ 333382.665908706723712, 6781582.976777515374124 ], [ 332814.004997486481443, 6781898.077629380859435 ], [ 332806.398657618963625, 6781902.747778255492449 ], [ 332725.200524749234319, 6781957.737494762986898 ], [ 332717.7414293345646, 6781963.312691387720406 ], [ 332640.839450252533425, 6782026.580859891138971 ], [ 332634.073148813680746, 6782032.685276512056589 ], [ 332568.064104922057595, 6782097.933074923232198 ], [ 332555.143142630811781, 6782113.605638196691871 ], [ 332475.272611490334384, 6782233.483220957219601 ], [ 332473.87074570695404, 6782235.647230199538171 ], [ 332342.586549221305177, 6782444.148240358568728 ], [ 332340.281895618012641, 6782447.997275471687317 ], [ 332293.18087612540694, 6782530.82178726606071 ], [ 332288.624628960445989, 6782539.872129990719259 ], [ 332272.65217182674678, 6782576.055363754741848 ], [ 332271.656209505395964, 6782578.391416487284005 ], [ 332255.716736265923828, 6782617.134171634912491 ], [ 332254.459869247046299, 6782620.345408875495195 ], [ 332240.804531559697352, 6782657.088537961244583 ], [ 332238.046815454959869, 6782665.676615672186017 ], [ 332224.366739731747657, 6782715.967211440205574 ], [ 332223.311342868255451, 6782720.211402023211122 ], [ 332211.099050966091454, 6782774.351277993991971 ], [ 332210.212451584346127, 6782778.736631716601551 ], [ 332202.263329702487681, 6782823.148326866328716 ], [ 332201.431417255254928, 6782828.686174524016678 ], [ 332194.999555018206593, 6782881.536291729658842 ], [ 332194.348167455580551, 6782889.592266472987831 ], [ 332168.314867760578636, 6783535.875009364448488 ], [ 332161.733373288239818, 6783589.645652175880969 ], [ 332152.270024362893309, 6783646.514881473965943 ], [ 332137.532226156035904, 6783708.716062327846885 ], [ 332118.865951520623639, 6783760.571027679368854 ], [ 332112.880171433323994, 6783773.988270234316587 ], [ 332079.419938322273083, 6783842.271300237625837 ], [ 332030.654612713435199, 6783915.510622997768223 ], [ 331979.463378934713546, 6783981.565588190220296 ], [ 331873.3659201876726, 6784107.068452554754913 ], [ 331872.451091142196674, 6784108.166423709131777 ], [ 331685.987353266216815, 6784335.238771991804242 ], [ 331625.299654623435345, 6784399.14818405546248 ], [ 331568.536982718389481, 6784448.427008670754731 ], [ 331528.037905482109636, 6784477.140838694758713 ], [ 331501.052403830515686, 6784494.259376020170748 ], [ 331488.078704651910812, 6784502.499506269581616 ], [ 331362.428475494147278, 6784572.352712200023234 ], [ 331214.803034805925563, 6784654.085068643093109 ], [ 331205.393884794961195, 6784660.000368377193809 ], [ 331134.659896371304058, 6784710.160988003946841 ], [ 331127.340099234890658, 6784715.880736586637795 ], [ 331037.857249279215466, 6784792.757316994480789 ], [ 330938.885351717763115, 6784873.959131202660501 ], [ 330881.524619100848213, 6784910.661244092509151 ], [ 330880.426765606214758, 6784911.373871685937047 ], [ 330871.656898473447654, 6784917.148404005914927 ], [ 330802.840643099450972, 6784953.424581535160542 ], [ 330699.960586162167601, 6784993.928615280427039 ], [ 330695.734389827062842, 6784995.705415070056915 ], [ 330643.875442251097411, 6785018.921073432080448 ], [ 330636.344665852549952, 6785022.680474524386227 ], [ 330586.530720456561539, 6785050.225323367863894 ], [ 330580.019979491422419, 6785054.155932389199734 ], [ 330521.250903326261323, 6785092.758713376708329 ], [ 330516.207498409086838, 6785096.298625673167408 ], [ 330461.231571502634324, 6785137.47092619817704 ], [ 330455.809109066496603, 6785141.83450707513839 ], [ 330394.734007303719409, 6785194.588067430071533 ], [ 330361.918003280239645, 6785222.816371198743582 ], [ 330360.951316203980241, 6785223.658758151344955 ], [ 330356.923616999702062, 6785227.214247881434858 ], [ 330338.69690593710402, 6785241.886579316109419 ], [ 330334.237539510882925, 6785245.69717444293201 ], [ 330318.941252643475309, 6785259.564581184647977 ], [ 330318.036568822804838, 6785260.394932184368372 ], [ 330291.948556923365686, 6785284.636231055483222 ], [ 330282.945471003418788, 6785292.670978788286448 ], [ 330279.892456069472246, 6785295.310421886853874 ], [ 330259.89945711492328, 6785311.661144925281405 ], [ 330255.946361766313203, 6785315.070072758942842 ], [ 330228.32703119359212, 6785340.173735200427473 ], [ 330172.615532232972328, 6785390.0548425167799 ], [ 330168.716936039738357, 6785393.738510716706514 ], [ 330115.13457909040153, 6785447.158520989120007 ], [ 330111.141782335005701, 6785451.377449419349432 ], [ 330068.295687084784731, 6785499.368474979884923 ], [ 330003.470965760119725, 6785572.113922402262688 ], [ 329962.46690359985223, 6785617.486385008320212 ], [ 329959.606832083140034, 6785620.793728110380471 ], [ 329924.149131979153026, 6785663.655712833628058 ], [ 329917.904743410181254, 6785672.064572824165225 ], [ 329871.071296910056844, 6785742.566490609198809 ], [ 329836.549357551615685, 6785794.252102991566062 ], [ 329835.643641816917807, 6785795.632666287012398 ], [ 329789.143349863705225, 6785867.804221120662987 ], [ 329741.684051839984022, 6785937.627317876555026 ], [ 329673.80335194140207, 6786032.937564139254391 ], [ 329673.590720121108461, 6786033.237281132489443 ], [ 329585.886511075019371, 6786157.344073047861457 ], [ 329583.661913795163855, 6786160.628339129500091 ], [ 329516.611317164555658, 6786263.974810395389795 ], [ 329479.064357721537817, 6786319.543682450428605 ], [ 329439.507326380407903, 6786372.356256846338511 ], [ 329436.020430866454262, 6786377.318378455005586 ], [ 329336.305419740150683, 6786528.784899037331343 ], [ 329264.922362319251988, 6786631.786371158435941 ], [ 329260.859923129493836, 6786638.148380821570754 ], [ 329175.274929921026342, 6786784.041098895482719 ], [ 329172.647212135605514, 6786788.813763848505914 ], [ 329128.201397099648602, 6786875.01764377951622 ], [ 329128.028476379986387, 6786875.354593266732991 ], [ 329090.220672676688991, 6786949.370752294547856 ], [ 329090.123307948349975, 6786949.561868433840573 ], [ 329026.622055213723797, 6787074.538957859389484 ], [ 328967.483935216150712, 6787184.208087007515132 ], [ 328932.680240899906494, 6787240.391457885503769 ], [ 328888.910200941551011, 6787308.616858860477805 ], [ 328836.926472805964295, 6787379.32070623524487 ], [ 328786.697204708470963, 6787442.465195546858013 ], [ 328683.865112863248214, 6787561.805248741060495 ], [ 328683.425221227225848, 6787562.319263538345695 ], [ 328615.00835199462017, 6787642.814210833050311 ], [ 328610.925889005418867, 6787647.949662757106125 ], [ 328520.615951339423191, 6787769.536925807595253 ], [ 328517.606932852650061, 6787773.817649904638529 ], [ 328438.237164368038066, 6787893.255722117610276 ], [ 328377.306620709307026, 6787982.005928656086326 ], [ 328300.458379837975372, 6788094.012595061212778 ], [ 328242.927995757025201, 6788177.313130249269307 ], [ 328118.840022606542334, 6788342.272943808697164 ], [ 328118.604331950424239, 6788342.587551054544747 ], [ 328070.579763196466956, 6788406.955514183267951 ], [ 328056.023533369181678, 6788434.650023518130183 ], [ 328050.737810174701735, 6788465.487189477309585 ], [ 328055.239997027034406, 6788496.448455402627587 ], [ 328069.089388508582488, 6788524.503116862848401 ], [ 328090.930309686693363, 6788546.904988128691912 ], [ 328118.624819021788426, 6788561.461217955686152 ], [ 328149.461984981200658, 6788566.746941150166094 ], [ 328180.423250905645546, 6788562.244754297658801 ], [ 328208.477912366564851, 6788548.395362816751003 ], [ 328230.879783631942701, 6788526.554441638290882 ], [ 328278.786816250067204, 6788462.344013743102551 ], [ 328403.974524824356195, 6788295.922236176207662 ], [ 328406.34373006754322, 6788292.636164865456522 ], [ 328465.112806610413827, 6788207.542077511548996 ], [ 328465.287171370931901, 6788207.28877580165863 ], [ 328542.197266593342647, 6788095.191948636434972 ], [ 328603.547199050954077, 6788005.830868794582784 ], [ 328604.393271560664289, 6788004.578313081525266 ], [ 328682.732849835418165, 6787886.69050282612443 ], [ 328769.525303052098025, 6787769.83894570171833 ], [ 328835.59759196115192, 6787692.102482852526009 ], [ 328939.490479383268394, 6787571.531341208145022 ], [ 328941.994331971975043, 6787568.507478156127036 ], [ 328994.628401704714634, 6787502.339851600117981 ], [ 328996.93620852008462, 6787499.322760307230055 ], [ 329051.92862765211612, 6787424.526747236028314 ], [ 329055.528973711479921, 6787419.288870818912983 ], [ 329101.442572487576399, 6787347.722253798507154 ], [ 329102.285323996387888, 6787346.385514804162085 ], [ 329139.087118430354167, 6787286.976624274626374 ], [ 329142.094974978477694, 6787281.778623208403587 ], [ 329203.238893024274148, 6787168.389826860278845 ], [ 329204.372335093677975, 6787166.225003760308027 ], [ 329268.378503093321342, 6787040.254188423976302 ], [ 329306.051380645076279, 6786966.502173686400056 ], [ 329349.161588006245438, 6786882.88874155189842 ], [ 329431.456615460454486, 6786742.604273572564125 ], [ 329501.366843643772881, 6786641.728005738928914 ], [ 329502.700395674153697, 6786639.753953265026212 ], [ 329601.40224695939105, 6786489.826416574418545 ], [ 329640.599018109554891, 6786437.494825394824147 ], [ 329643.419519883347675, 6786433.531836656853557 ], [ 329682.851780870347284, 6786375.172749845311046 ], [ 329683.883728988934308, 6786373.614282089285553 ], [ 329750.363294386479538, 6786271.147953072562814 ], [ 329836.816587976412848, 6786148.81128263566643 ], [ 329905.22581784427166, 6786052.758935576304793 ], [ 329906.476383953006007, 6786050.96171644423157 ], [ 329955.243090655887499, 6785979.21513311099261 ], [ 329956.601749684195966, 6785977.162346246652305 ], [ 330003.321578012721147, 6785904.650056314654648 ], [ 330037.454893806600012, 6785853.546283981762826 ], [ 330037.594496533274651, 6785853.336702491156757 ], [ 330081.595903389563318, 6785787.09806748945266 ], [ 330112.317050097335596, 6785749.961724269203842 ], [ 330152.088982296467293, 6785705.952657571993768 ], [ 330152.555303493340034, 6785705.433021235279739 ], [ 330217.5190154563752, 6785632.531534616835415 ], [ 330258.398895944817923, 6785586.742825564928353 ], [ 330308.023675922013354, 6785537.268401387147605 ], [ 330362.015147637401242, 6785488.927314805798233 ], [ 330362.570639552082866, 6785488.426200739108026 ], [ 330388.534732347237878, 6785464.827011055313051 ], [ 330407.565662166511174, 6785449.263089737854898 ], [ 330409.659533886006102, 6785447.502330372110009 ], [ 330414.343248674762435, 6785443.453087593428791 ], [ 330415.526677108136937, 6785442.413571594282985 ], [ 330425.867131952545606, 6785433.185297327116132 ], [ 330427.35303071339149, 6785431.832149157300591 ], [ 330453.727400361269247, 6785407.324763173237443 ], [ 330466.395016589318402, 6785395.840473672375083 ], [ 330484.105923295137472, 6785381.583359906449914 ], [ 330487.578960462997202, 6785378.6551373610273 ], [ 330492.829271141963545, 6785374.020375737920403 ], [ 330525.236428458418231, 6785346.143761621788144 ], [ 330525.390687451232225, 6785346.010794594883919 ], [ 330583.907593937532511, 6785295.46687294729054 ], [ 330633.629168856597971, 6785258.229635844938457 ], [ 330686.641403230838478, 6785223.408267077989876 ], [ 330729.438980179955252, 6785199.743151244707406 ], [ 330775.360633909935132, 6785179.185437017120421 ], [ 330881.232968989235815, 6785137.503338849171996 ], [ 330891.231786826450843, 6785132.916507157497108 ], [ 330969.22223466768628, 6785091.804195595905185 ], [ 330977.58422802266432, 6785086.862991525791585 ], [ 330989.868372915952932, 6785078.774477682076395 ], [ 331051.648452423862182, 6785039.244657385163009 ], [ 331061.181113200436812, 6785032.321275573223829 ], [ 331165.591670702851843, 6784946.657295185141265 ], [ 331167.328346608846914, 6784945.199176926165819 ], [ 331254.144346887071151, 6784870.61374262906611 ], [ 331316.545496320759412, 6784826.362310032360256 ], [ 331459.378244179824833, 6784747.283412754535675 ], [ 331459.531158520665485, 6784747.198577446863055 ], [ 331587.813818415103015, 6784675.881914366036654 ], [ 331592.838431752170436, 6784672.893027075566351 ], [ 331608.210143020900432, 6784663.129798855632544 ], [ 331637.344380850612652, 6784644.648188093677163 ], [ 331641.615200924687088, 6784641.782314696349204 ], [ 331688.221461424021982, 6784608.738494112156332 ], [ 331695.94077201950131, 6784602.674930145964026 ], [ 331760.053241204353981, 6784547.015338752418756 ], [ 331767.010819193732459, 6784540.361392964608967 ], [ 331833.498129781684838, 6784470.344486336223781 ], [ 331838.265955987968482, 6784464.94694594386965 ], [ 332026.562872647366021, 6784235.642183917574584 ], [ 332133.571350300335325, 6784109.061673739925027 ], [ 332136.245838460046798, 6784105.758096233941615 ], [ 332190.9414023856516, 6784035.181294219568372 ], [ 332195.136061491502915, 6784029.347249360755086 ], [ 332249.551262292778119, 6783947.622531955130398 ], [ 332256.1125330972136, 6783936.203596984967589 ], [ 332293.268904649768956, 6783860.377776372246444 ], [ 332294.794751922483556, 6783857.116648347117007 ], [ 332303.024236800032668, 6783838.670097840949893 ], [ 332305.78977999696508, 6783831.797575713135302 ], [ 332327.625126747298054, 6783771.138918787240982 ], [ 332330.841455300862435, 6783760.324838628061116 ], [ 332347.663248300144915, 6783689.328114833682775 ], [ 332349.000871635158546, 6783682.687504310160875 ], [ 332359.37431079975795, 6783620.349161392077804 ], [ 332359.989975336065982, 6783616.083606011234224 ], [ 332367.328895061800722, 6783556.124818101525307 ], [ 332367.988630878680851, 6783548.000442917458713 ], [ 332394.023319599044044, 6782901.68321714643389 ], [ 332399.628182486805599, 6782855.628489973954856 ], [ 332406.689551710383967, 6782816.176663475111127 ], [ 332417.928197588946205, 6782766.353182443417609 ], [ 332429.849159422097728, 6782722.529428478330374 ], [ 332441.331036064191721, 6782691.634544348344207 ], [ 332456.131238331785426, 6782655.660920630209148 ], [ 332469.542310362798162, 6782625.280125097371638 ], [ 332513.02650785894366, 6782548.815592754632235 ], [ 332642.428214770450722, 6782343.304287284612656 ], [ 332715.923373761761468, 6782232.995492805726826 ], [ 332771.428011956100818, 6782178.130958640947938 ], [ 332841.2080113501288, 6782120.722127132117748 ], [ 332914.847803271957673, 6782070.851137019693851 ], [ 333480.630113279563375, 6781757.345347653143108 ], [ 333482.674183388357051, 6781756.181074877269566 ], [ 333593.508356536971405, 6781691.313205781392753 ], [ 333599.714332658564672, 6781687.367723991163075 ], [ 333693.124757067475002, 6781623.039753802120686 ], [ 333702.426731289713643, 6781615.789430915378034 ], [ 333791.19467092648847, 6781537.764022053219378 ], [ 333804.93441521510249, 6781522.974190309643745 ], [ 333875.049955709604546, 6781430.261527753435075 ], [ 333882.23457353876438, 6781419.345872762612998 ], [ 333918.838464558706619, 6781354.927918944507837 ], [ 333937.612696390424389, 6781321.839277479797602 ], [ 333938.641626651806291, 6781319.98008884023875 ], [ 334076.125582575798035, 6781065.206235578283668 ], [ 334110.374349513382185, 6781017.102279968559742 ], [ 334144.481269986892585, 6780976.711899967864156 ], [ 334190.002558061911259, 6780938.858566856943071 ], [ 334240.556209894712083, 6780899.458323882892728 ], [ 334287.719153520534746, 6780865.502354810014367 ], [ 334397.208880448306445, 6780806.500245208851993 ], [ 334430.64793996111257, 6780791.333609421737492 ], [ 334512.057344674947672, 6780759.543407524004579 ], [ 334515.496359593118541, 6780758.126215889118612 ], [ 334597.758223283104599, 6780722.42289293371141 ], [ 334603.256914989382494, 6780719.835043102502823 ], [ 334655.93221426254604, 6780693.060050340369344 ], [ 334666.342015479633119, 6780686.951641603372991 ], [ 334730.973981081973761, 6780643.579752488061786 ], [ 334737.710088789113797, 6780638.639222282916307 ], [ 334823.781593967694789, 6780569.802095233462751 ], [ 334837.475241589709185, 6780556.520418350584805 ], [ 334911.219011772889644, 6780469.876620978116989 ], [ 334918.250123478006572, 6780460.565347702242434 ], [ 334970.645059955073521, 6780382.04003204125911 ], [ 334973.295623911602888, 6780377.84581714682281 ], [ 335044.676148225960787, 6780258.433949314057827 ], [ 335114.853231458168011, 6780170.881391121074557 ], [ 335176.090276526811067, 6780106.74272873159498 ], [ 335245.621211524994578, 6780038.464287804439664 ], [ 335458.915503611788154, 6779830.791939401067793 ], [ 335459.028796691040043, 6779830.681457712315023 ], [ 335566.995623150491156, 6779725.227056251838803 ], [ 335695.774330337415449, 6779629.172023782506585 ], [ 335759.990441603178624, 6779587.7137500224635 ], [ 335760.580532186315395, 6779587.32983476202935 ], [ 335931.56085960753262, 6779475.230798210017383 ], [ 335932.176977039023768, 6779474.823595074936748 ], [ 336015.420112100895494, 6779419.363966478966177 ], [ 336018.003995602659415, 6779417.583326390013099 ], [ 336126.933348211692646, 6779339.96784105617553 ], [ 336134.006228045094758, 6779334.432991637848318 ], [ 336170.412215347227175, 6779303.208830727264285 ], [ 336177.981615055992734, 6779295.99678660184145 ], [ 336253.588975905906409, 6779216.011744095943868 ], [ 336260.755389647500124, 6779207.533369760029018 ], [ 336311.196029551152606, 6779140.655875997617841 ], [ 336314.249335016473196, 6779136.378255947493017 ], [ 336326.832695582415909, 6779117.73174287006259 ], [ 336333.456167192896828, 6779106.371043866500258 ], [ 336384.22664644382894, 6779004.420108706690371 ], [ 336388.414941930794157, 6778994.767971370369196 ], [ 336419.650702279061079, 6778910.963642701506615 ], [ 336422.780513036472257, 6778901.006998899392784 ], [ 336509.998211117170285, 6778562.760250429622829 ], [ 336510.62002324545756, 6778560.210849813185632 ], [ 336539.480942641501315, 6778434.754309939220548 ], [ 336539.664681215246674, 6778433.940071247518063 ], [ 336544.250813711783849, 6778413.214121230877936 ], [ 336567.810332830180414, 6778328.6872603520751 ], [ 336585.8522523776046, 6778281.823958072811365 ], [ 336616.128815778589342, 6778205.432205576449633 ], [ 336633.315717602497898, 6778163.409693760797381 ], [ 336653.032901650411077, 6778118.935122149065137 ], [ 336705.779773186892271, 6778015.813043606467545 ], [ 336759.857814243936446, 6777926.435122796334326 ], [ 336788.345683616062161, 6777880.118807639926672 ], [ 336873.523147062689532, 6777761.054360168986022 ], [ 336897.155588144785725, 6777730.874717834405601 ], [ 336920.861450275231618, 6777704.305305782705545 ], [ 336922.215388675278518, 6777702.756024119444191 ], [ 336976.493377125822008, 6777639.341959699057043 ], [ 336996.294573518738616, 6777617.844693075865507 ], [ 337062.176892648858484, 6777551.814321007579565 ], [ 337141.322684257116634, 6777483.254498799331486 ], [ 337302.578497422276996, 6777362.10029605589807 ], [ 337438.892007458023727, 6777280.31048702262342 ], [ 337735.96607120562112, 6777120.829929485917091 ], [ 337949.389012350817211, 6777020.394004852510989 ], [ 337965.112505258468445, 6777011.15691901743412 ], [ 338234.879633937671315, 6776817.563122524879873 ], [ 338250.673762860067654, 6776803.471440656110644 ], [ 338627.077863744634669, 6776388.1391093255952 ], [ 338630.375734151690267, 6776384.31002131011337 ], [ 339255.464922598912381, 6775620.311605357564986 ], [ 339508.6567411046708, 6775369.558849684894085 ], [ 339630.614793225366157, 6775283.305406930856407 ], [ 339826.777070038311649, 6775154.573023865930736 ], [ 340360.388836302736308, 6774897.178483967669308 ], [ 340362.715574745263439, 6774896.018630543723702 ], [ 340612.073910549515858, 6774767.642638429999352 ], [ 340634.659429501218256, 6774751.72069669701159 ], [ 340801.27763552358374, 6774595.669879008084536 ], [ 340816.377884171903133, 6774577.770469152368605 ], [ 340903.661548373813275, 6774445.535197406075895 ], [ 340914.557569416589104, 6774423.571645696647465 ], [ 341001.832988585345447, 6774174.968134422786534 ], [ 341004.776667295896914, 6774164.931846071965992 ], [ 341157.755282892147079, 6773520.246213177219033 ], [ 341234.423789613007102, 6773248.707921371795237 ], [ 341309.179185896471608, 6773131.54013560898602 ], [ 341471.181754187273327, 6772978.926234168000519 ], [ 341667.628173746110406, 6772885.492873140610754 ], [ 341760.005068331083748, 6772856.324344863183796 ], [ 342785.134090787440073, 6772568.451999948360026 ], [ 342792.336271283798851, 6772566.132176612503827 ], [ 343939.310400403628591, 6772148.170343390665948 ], [ 343953.494604680279735, 6772141.708703563548625 ], [ 344019.849979284859728, 6772104.985571203753352 ], [ 344032.285697796323802, 6772096.840369922108948 ], [ 344064.354301284649409, 6772072.244969447143376 ], [ 344069.865330192260444, 6772067.696476322598755 ], [ 344102.115345197962597, 6772039.081827429123223 ], [ 344111.529688926588278, 6772029.525875846855342 ], [ 344148.999407291936222, 6771986.004014607518911 ], [ 344159.310728367243428, 6771971.628764855675399 ], [ 344189.050043974071741, 6771921.296278617344797 ], [ 344212.529842636315152, 6771881.951250360347331 ], [ 344220.296930349548347, 6771865.803079896606505 ], [ 344243.418649439699948, 6771804.114615636877716 ], [ 344248.370609247125685, 6771785.747578708454967 ], [ 344260.764312778948806, 6771712.711236388422549 ], [ 344261.341465921024792, 6771683.10646415874362 ], [ 344248.832320080895443, 6771586.754481583833694 ], [ 344247.075010141765233, 6771577.019305293448269 ], [ 344240.19654666056158, 6771547.384740584529936 ], [ 344236.090763669926673, 6771526.39604830276221 ], [ 344229.18245555908652, 6771489.838032590225339 ], [ 344228.190041346650105, 6771485.193645359948277 ], [ 344214.139701176260132, 6771426.318022837862372 ], [ 344197.054841917357408, 6771354.70478415582329 ], [ 344181.410989518510178, 6771289.151864451356232 ], [ 344172.89093034574762, 6771253.44486721791327 ], [ 344171.894381200370844, 6771249.258964482694864 ], [ 344166.346082207921427, 6771218.894825337454677 ], [ 344164.909694610105362, 6771205.861222288571298 ], [ 344166.356070268258918, 6771192.780919503420591 ], [ 344177.842446685768664, 6771142.533710587769747 ], [ 344177.9040488259634, 6771142.26249620039016 ], [ 344178.941207026131451, 6771137.66664257273078 ], [ 344190.276284008345101, 6771097.191225130110979 ], [ 344200.361792801704723, 6771065.125920671969652 ], [ 344201.369184065260924, 6771061.92478368896991 ], [ 344218.194596819055732, 6771028.364251992665231 ], [ 344240.111421316978522, 6770992.451023074798286 ], [ 344242.335691889224108, 6770989.001146742142737 ], [ 344273.922507312614471, 6770939.967389042489231 ], [ 344275.883835429674946, 6770936.794241959229112 ], [ 344278.473072139837313, 6770932.425059006549418 ], [ 344323.870890255202539, 6770855.721349032595754 ], [ 344328.354459727066569, 6770847.242954522371292 ], [ 344372.709569022292271, 6770752.650643365457654 ], [ 344375.400222762138583, 6770746.361419557593763 ], [ 344409.009555412456393, 6770659.720893231220543 ], [ 344415.23515612463234, 6770643.675438561476767 ], [ 344426.063918758474756, 6770615.798493546433747 ], [ 344435.563918881991412, 6770591.372634277679026 ], [ 344448.306727200746536, 6770558.601627727039158 ], [ 344450.810866854619235, 6770551.349559213034809 ], [ 344532.792369150090963, 6770280.690172391943634 ], [ 344533.654277682711836, 6770277.674987697973847 ], [ 344535.394178813148756, 6770271.206197356805205 ], [ 344535.600232237076852, 6770270.427623553201556 ], [ 344565.268247224914376, 6770156.473523807711899 ], [ 344572.721287109423429, 6770131.861736128106713 ], [ 344573.636747637356166, 6770128.645776204764843 ], [ 344578.078343241417315, 6770111.99009002558887 ], [ 344582.476694200304337, 6770095.511909855529666 ], [ 344591.099973450414836, 6770063.225484246388078 ], [ 344597.986673401494045, 6770037.421830911189318 ], [ 344600.990436178457458, 6770029.024840898811817 ] ] ] ] } },
{ "type": "Feature", "properties": { }, "geometry": { "type": "MultiPolygon", "coordinates": [ [ [ [ 345243.531664275447838, 6718912.659557237289846 ], [ 345245.846118822111748, 6718901.030707753263414 ], [ 345247.908782476384658, 6718892.509907539002597 ], [ 345250.729084861231968, 6718885.022213658317924 ], [ 345256.150217359128874, 6718872.30522168520838 ], [ 345266.609625162091106, 6718853.554199411533773 ], [ 345279.711105614667758, 6718834.293474005535245 ], [ 345316.480261881137267, 6718788.9875696785748 ], [ 345417.619931112218183, 6718677.317870284430683 ], [ 345425.730442148633301, 6718668.35926022939384 ], [ 345587.332789068343118, 6718503.713536095805466 ], [ 345665.123264959373046, 6718432.566633493639529 ], [ 345673.997856627451256, 6718423.339398570358753 ], [ 345680.368925183021929, 6718415.803950952365994 ], [ 345743.843368553207256, 6718340.821105055510998 ], [ 345747.444489738321863, 6718336.309177068062127 ], [ 345764.983682322199456, 6718312.983539170585573 ], [ 345769.696273885550909, 6718306.142010129988194 ], [ 345781.372577026835643, 6718287.585480343550444 ], [ 345786.893739763880149, 6718277.586065990850329 ], [ 345809.429994465084746, 6718230.614849890582263 ], [ 345813.58718000841327, 6718220.588508757762611 ], [ 345836.016237199655734, 6718156.930413115769625 ], [ 345837.744288614194375, 6718151.54446966201067 ], [ 345848.208433382387739, 6718115.451219238340855 ], [ 345851.285544908954762, 6718100.827524351887405 ], [ 345858.129706103587523, 6718049.517119506374002 ], [ 345858.988311129796784, 6718034.330530376173556 ], [ 345855.689922361401841, 6717866.501914404332638 ], [ 345854.419568725861609, 6717852.458465228788555 ], [ 345838.691079968586564, 6717755.474110981449485 ], [ 345824.486988112272229, 6717662.060560375452042 ], [ 345824.888418905378785, 6717596.78655403573066 ], [ 345842.770392906793859, 6717535.65251571405679 ], [ 345878.74650213989662, 6717465.218147023580968 ], [ 345880.849229363258928, 6717460.842333474196494 ], [ 345891.057748702878598, 6717438.206566489301622 ], [ 345918.8673362408299, 6717376.527180314064026 ], [ 345920.912475373886991, 6717371.995997458696365 ], [ 345925.38588126457762, 6717360.130350158549845 ], [ 345934.926476591965184, 6717328.966177987866104 ], [ 345936.873896168603096, 6717321.617882220074534 ], [ 345946.901004272222053, 6717276.996226612478495 ], [ 345948.894064843014348, 6717264.441976880654693 ], [ 345951.920338638068642, 6717232.287989731878042 ], [ 345952.303035681252368, 6717226.302164124324918 ], [ 345953.234831351903267, 6717198.787309434264898 ], [ 345953.214318853220902, 6717191.458735762163997 ], [ 345951.047960868221708, 6717136.573467002250254 ], [ 345952.69561564817559, 6717055.245972546748817 ], [ 345966.699090013455134, 6716997.527654618024826 ], [ 345993.690982093336061, 6716940.241976254619658 ], [ 345995.891808831074741, 6716935.218220435082912 ], [ 346035.167396685515996, 6716838.426321035251021 ], [ 346039.764241807337385, 6716824.079647863283753 ], [ 346057.113777485210449, 6716751.51321804150939 ], [ 346059.565558166825213, 6716735.861527089960873 ], [ 346065.609859943680931, 6716656.576353545300663 ], [ 346065.529901639209129, 6716640.388828893192112 ], [ 346060.714251912315376, 6716584.509278357960284 ], [ 346060.596935422508977, 6716583.242255143821239 ], [ 346049.118537248054054, 6716467.313933704048395 ], [ 346048.624564469093457, 6716463.197305199690163 ], [ 346032.848137503082398, 6716351.371817531995475 ], [ 346028.290172764041927, 6716314.416196389123797 ], [ 346028.096560933452565, 6716238.22992945369333 ], [ 346028.87435866787564, 6716219.126055832020938 ], [ 346031.545976126508322, 6716153.570271322503686 ], [ 346031.61745190579677, 6716151.012385692447424 ], [ 346033.309346853930037, 6716039.28027483727783 ], [ 346034.083959580399096, 6716022.407392365857959 ], [ 346035.295523592911195, 6716016.151984059251845 ], [ 346061.520114931627177, 6715941.471699033863842 ], [ 346088.682242763752583, 6715876.133169860579073 ], [ 346090.851019030611496, 6715870.43146116565913 ], [ 346117.897823316452559, 6715792.226085942238569 ], [ 346120.464329025126062, 6715783.553803741931915 ], [ 346140.032032500836067, 6715704.448596707545221 ], [ 346141.748013806703966, 6715695.944213340990245 ], [ 346159.230894044099841, 6715584.57482133526355 ], [ 346175.541766434616875, 6715523.174631428904831 ], [ 346176.51908090111101, 6715519.163765448145568 ], [ 346187.753261369653046, 6715468.53765869140625 ], [ 346190.188614369835705, 6715457.704027907922864 ], [ 346191.6167171318084, 6715449.925137777812779 ], [ 346201.594349666615017, 6715380.138188107870519 ], [ 346202.513867509434931, 6715361.81116296350956 ], [ 346197.046786484948825, 6715230.935636746697128 ], [ 346196.755987826618366, 6715226.423457393422723 ], [ 346194.315179059340153, 6715198.428692411631346 ], [ 346194.293817762285471, 6715198.187076613306999 ], [ 346173.010954752448015, 6714960.741478915326297 ], [ 346172.376960993628018, 6714955.330530724488199 ], [ 346166.019313503347803, 6714911.44873658940196 ], [ 346165.543179996195249, 6714908.478016306646168 ], [ 346162.4014631001628, 6714890.601359220221639 ], [ 346160.884916799666826, 6714883.49662006739527 ], [ 346149.381779900926631, 6714837.805164287798107 ], [ 346146.21692671458004, 6714827.580359898507595 ], [ 346124.332105383276939, 6714768.311442985199392 ], [ 346116.429384462186135, 6714751.763399802148342 ], [ 346046.907556712627411, 6714635.085217945277691 ], [ 346045.704146778967697, 6714633.117507649585605 ], [ 345935.96762841445161, 6714458.249360160902143 ], [ 345884.740062848257367, 6714360.01635352615267 ], [ 345873.677052251645364, 6714338.277133222669363 ], [ 345855.759385993587784, 6714296.137745249085128 ], [ 345838.677564012527, 6714250.681819026358426 ], [ 345809.08085135219153, 6714167.740933977998793 ], [ 345804.147478931350634, 6714153.900267001241446 ], [ 345804.016213263210375, 6714153.534250418655574 ], [ 345798.417195302667096, 6714138.017152066342533 ], [ 345796.530017940909602, 6714133.183665757067502 ], [ 345778.092014671303332, 6714089.351862137205899 ], [ 345777.77206399285933, 6714088.599870453588665 ], [ 345773.121333286748268, 6714077.791891503147781 ], [ 345772.030396314279642, 6714075.347280411981046 ], [ 345760.370585631520953, 6714050.131995555944741 ], [ 345757.560770722047891, 6714044.524225194007158 ], [ 345724.625945755746216, 6713983.639680220745504 ], [ 345722.259912424371578, 6713979.039841951802373 ], [ 345682.114038998086471, 6713891.555367977358401 ], [ 345681.545337118033785, 6713890.337724629789591 ], [ 345634.547047383268364, 6713791.448611316271126 ], [ 345616.067478629527614, 6713750.328221641480923 ], [ 345613.534644745639525, 6713745.103438314981759 ], [ 345609.441078191273846, 6713737.248636616393924 ], [ 345597.88444246398285, 6713706.08692180365324 ], [ 345597.52934510644991, 6713705.144022295251489 ], [ 345590.5374435383128, 6713686.858074432238936 ], [ 345590.333401160489302, 6713685.201539044268429 ], [ 345589.739342179032974, 6713672.019119477830827 ], [ 345591.823689361743163, 6713644.252459423616529 ], [ 345598.405118011520244, 6713617.514905454590917 ], [ 345604.09985595109174, 6713602.478084524162114 ], [ 345627.308720428089146, 6713552.963655908592045 ], [ 345681.543118884437717, 6713437.234408926218748 ], [ 345704.320529639720917, 6713405.051062057726085 ], [ 345743.536101327568758, 6713360.308325399644673 ], [ 345817.111218001286034, 6713277.005102789029479 ], [ 345828.590599784743972, 6713264.330795927904546 ], [ 345861.625309555442072, 6713227.837937885895371 ], [ 345861.993407432048116, 6713227.429051520302892 ], [ 345873.298641558503732, 6713214.801413028500974 ], [ 345874.564062318648212, 6713213.36040357593447 ], [ 345900.370682670385577, 6713183.398231387138367 ], [ 345957.83195357414661, 6713119.945412212051451 ], [ 345971.475825085653923, 6713104.881785017438233 ], [ 345975.962098532239906, 6713099.568508336320519 ], [ 346025.751306228572503, 6713036.260347601957619 ], [ 346033.298107241687831, 6713025.217425330542028 ], [ 346113.887195633375086, 6712888.482461109757423 ], [ 346177.315678073326126, 6712787.561646651476622 ], [ 346205.170871078211349, 6712743.661384869366884 ], [ 346206.822204477328341, 6712740.965583714656532 ], [ 346238.057964609586634, 6712688.115467106923461 ], [ 346245.182079123915173, 6712673.449087916873395 ], [ 346261.776500719541218, 6712630.736137865111232 ], [ 346263.967531429545488, 6712625.701051109470427 ], [ 346276.593757953494787, 6712596.711651539430022 ], [ 346277.757775014964864, 6712593.924899633973837 ], [ 346309.661459560273215, 6712514.179812425747514 ], [ 346312.454177880834322, 6712506.24723256751895 ], [ 346326.524169058422558, 6712460.183279272168875 ], [ 346373.081989039608743, 6712330.328984330408275 ], [ 346373.537653371517081, 6712329.030019064433873 ], [ 346402.737999738543294, 6712243.917384722270072 ], [ 346422.636412103252951, 6712196.720934717915952 ], [ 346444.466781205381267, 6712146.641794163733721 ], [ 346480.079073124506976, 6712068.946565606631339 ], [ 346484.172945269150659, 6712058.505760952830315 ], [ 346519.012197800620925, 6711952.515581638552248 ], [ 346520.462807589094155, 6711947.696967924945056 ], [ 346540.657205240568146, 6711873.940760659985244 ], [ 346541.458102899137884, 6711870.81896938290447 ], [ 346542.497096007107757, 6711866.479780822992325 ], [ 346544.091464038239792, 6711858.346038298681378 ], [ 346560.886782667250372, 6711748.783482707105577 ], [ 346580.659849981137086, 6711630.32877189759165 ], [ 346618.977799263200723, 6711493.63283924292773 ], [ 346668.034701064287219, 6711363.875163952820003 ], [ 346725.963156471960247, 6711252.372766436077654 ], [ 347025.28167912614299, 6710711.515396106988192 ], [ 347065.225211120268796, 6710639.338856960646808 ], [ 347072.60901189444121, 6710622.50870341155678 ], [ 347081.04464629344875, 6710597.173441239632666 ], [ 347082.333666653197724, 6710593.000085325911641 ], [ 347126.350691748957615, 6710438.608957178890705 ], [ 347129.007819028804079, 6710426.475414285436273 ], [ 347148.331879353092518, 6710301.527747350744903 ], [ 347162.343563706497662, 6710229.783166443929076 ], [ 347176.869040912366472, 6710177.169508841820061 ], [ 347185.705757681920659, 6710151.324299895204604 ], [ 347195.460395580681507, 6710124.607627213001251 ], [ 347210.808857234485913, 6710086.494771990925074 ], [ 347226.379827151016798, 6710050.795360507443547 ], [ 347247.261490443372168, 6710011.870987887494266 ], [ 347265.423620568879414, 6709981.609423831105232 ], [ 347291.797904195322189, 6709941.467449815012515 ], [ 347304.959384819376282, 6709922.937400931492448 ], [ 347317.936127464985475, 6709905.984214955940843 ], [ 347395.538749290572014, 6709816.763487360440195 ], [ 347554.752960745478049, 6709665.892373445443809 ], [ 347647.205709143017884, 6709578.289839264005423 ], [ 347647.816248547344003, 6709577.706417536363006 ], [ 347809.849691320210695, 6709421.555619838647544 ], [ 347810.164619419083465, 6709421.250791322439909 ], [ 347868.455428933026269, 6709364.581389251165092 ], [ 347873.351053327263799, 6709359.472819188609719 ], [ 347921.820904646010604, 6709305.172973904758692 ], [ 347932.770235407107975, 6709290.358669863082469 ], [ 347968.599004591058474, 6709231.159740562550724 ], [ 347979.044725474726874, 6709207.391656711697578 ], [ 347997.309564455586951, 6709144.793362896889448 ], [ 348001.097221814969089, 6709123.340879307128489 ], [ 348007.405395061592571, 6709027.348830034025013 ], [ 348007.4297055992065, 6709026.967777796089649 ], [ 348007.918020938290283, 6709019.076675208285451 ], [ 348009.848253491159994, 6708990.119439446367323 ], [ 348010.814360234886408, 6708975.582211962901056 ], [ 348011.003047933336347, 6708971.457387934438884 ], [ 348013.006808189908043, 6708891.532852518372238 ], [ 348014.350889866705984, 6708837.943397760391235 ], [ 348014.382108217512723, 6708835.645772242918611 ], [ 348014.51404457812896, 6708772.727538047358394 ], [ 348014.097569274308626, 6708763.39833711553365 ], [ 348011.409381231525913, 6708734.04382642544806 ], [ 348010.429835576040205, 6708726.511045478284359 ], [ 347994.155451460159384, 6708630.144977875985205 ], [ 347992.420411878847517, 6708605.724656820297241 ], [ 347990.950958438508678, 6708561.702012285590172 ], [ 348003.348745286057238, 6708454.971062706783414 ], [ 348015.454451712954324, 6708378.584047781303525 ], [ 348020.363700510933995, 6708357.652068765833974 ], [ 348030.513029086752795, 6708326.581917966715991 ], [ 348034.837703683064319, 6708317.217423151247203 ], [ 348038.525551508530043, 6708309.221867766231298 ], [ 348049.177403076202609, 6708289.218828369863331 ], [ 348055.945845302601811, 6708277.734693106263876 ], [ 348076.167004406976048, 6708243.365682309493423 ], [ 348101.717861219251063, 6708199.983615148812532 ], [ 348106.719572346075438, 6708190.325937709771097 ], [ 348123.970155918272212, 6708152.053094990551472 ], [ 348126.820322096173186, 6708145.030705194920301 ], [ 348139.906687441922259, 6708108.917458582669497 ], [ 348143.262183823680971, 6708097.618831676431 ], [ 348181.410026147961617, 6707934.488166456110775 ], [ 348214.116674792079721, 6707842.942269837483764 ], [ 348226.067424573935568, 6707809.458911144174635 ], [ 348230.197273386700545, 6707794.146826361306012 ], [ 348244.231926506443415, 6707718.760923816822469 ], [ 348244.80203256040113, 6707715.376935623586178 ], [ 348253.410832834488247, 6707658.317605908028781 ], [ 348253.89373756677378, 6707654.660950632765889 ], [ 348268.045330677123275, 6707529.801986388862133 ], [ 348280.653666098776739, 6707443.341713005676866 ], [ 348288.337093993381131, 6707404.922366971150041 ], [ 348301.495446310727857, 6707362.954222453758121 ], [ 348301.99516527360538, 6707361.31108857318759 ], [ 348330.402555913664401, 6707264.939110626466572 ], [ 348330.903052652196493, 6707263.182158751413226 ], [ 348346.182848010619637, 6707207.622548665851355 ], [ 348348.861097283428535, 6707194.503558955155313 ], [ 348356.018605629680678, 6707141.563458924181759 ], [ 348356.382142437447328, 6707138.525146154686809 ], [ 348375.141741393890698, 6706958.418826558627188 ], [ 348375.158130631782115, 6706958.260250886902213 ], [ 348378.637259196373634, 6706924.333168908953667 ], [ 348387.088206585205626, 6706842.030050305649638 ], [ 348392.422619789664168, 6706790.129096644930542 ], [ 348405.160133129917085, 6706681.742628803476691 ], [ 348404.460352752415929, 6706653.495830848813057 ], [ 348394.79606880893698, 6706595.996583199128509 ], [ 348394.547227138886228, 6706594.578581472858787 ], [ 348358.862007662886754, 6706399.489085198380053 ], [ 348342.825855949660763, 6706308.327246057800949 ], [ 348330.367360886826646, 6706237.447185643017292 ], [ 348329.645245503867045, 6706233.748944922350347 ], [ 348316.262026152166072, 6706171.470590927638113 ], [ 348308.528357215924188, 6706135.485814506188035 ], [ 348308.83976438420359, 6706097.09889552462846 ], [ 348316.22223783651134, 6706056.078183895908296 ], [ 348350.646470392297488, 6705987.687247692607343 ], [ 348354.78723464923678, 6705978.287476231344044 ], [ 348368.112733304791618, 6705943.264025834389031 ], [ 348371.840408024436329, 6705931.237507431767881 ], [ 348375.089322977873962, 6705917.820016562007368 ], [ 348376.947144276229665, 6705908.04349257890135 ], [ 348382.52967093209736, 6705867.851008712314069 ], [ 348383.287372419435997, 6705860.305913555435836 ], [ 348387.935229564609472, 6705785.633599382825196 ], [ 348391.171920550754294, 6705746.090925948694348 ], [ 348397.159759101225063, 6705725.173439261503518 ], [ 348407.305057788849808, 6705704.280230572447181 ], [ 348482.306526581232902, 6705563.68365594279021 ], [ 348484.577937729191035, 6705559.15281858574599 ], [ 348499.20630064595025, 6705528.028639034368098 ], [ 348513.653349422849715, 6705497.259072289802134 ], [ 348519.00772722781403, 6705483.188944095745683 ], [ 348532.611427330004517, 6705437.314814432524145 ], [ 348535.528339784708805, 6705427.483945508487523 ], [ 348538.037340752896853, 6705416.97653975803405 ], [ 348540.158832229673862, 6705405.341466907411814 ], [ 348551.359122775436845, 6705344.145658141002059 ], [ 348552.318269408715423, 6705337.739957127720118 ], [ 348574.170109704427887, 6705150.594953844323754 ], [ 348574.471817607060075, 6705147.627479995600879 ], [ 348579.823479592218064, 6705085.847651021555066 ], [ 348585.009510273404885, 6705066.192276212386787 ], [ 348635.317416729638353, 6704922.522843361832201 ], [ 348637.074397448741365, 6704916.996500262059271 ], [ 348647.183965219010133, 6704881.683104056864977 ], [ 348648.50489797006594, 6704876.560596658848226 ], [ 348674.446741802094039, 6704763.69170365575701 ], [ 348676.618073559948243, 6704749.883224089629948 ], [ 348677.261259827646427, 6704742.42461886908859 ], [ 348680.267330643895548, 6704707.348416894674301 ], [ 348679.957961211737711, 6704687.213828618638217 ], [ 348677.401708715304267, 6704665.317923163063824 ], [ 348668.165862610447221, 6704633.510159993544221 ], [ 348655.94532553688623, 6704608.144903202541173 ], [ 348642.932554665778298, 6704587.836879759095609 ], [ 348620.792107716144528, 6704561.051888342015445 ], [ 348612.007176402839832, 6704551.714041865430772 ], [ 348592.907931465946604, 6704533.858697765506804 ], [ 348466.820383690821473, 6704402.55721503123641 ], [ 348413.515168507408816, 6704345.169355149380863 ], [ 348388.166237274650484, 6704314.630315199494362 ], [ 348384.385225650214124, 6704310.331724715419114 ], [ 348315.061300961882807, 6704235.925637978129089 ], [ 348308.235070484282915, 6704229.266058824956417 ], [ 348213.752671193098649, 6704145.501721802167594 ], [ 348209.14703054149868, 6704141.65895580034703 ], [ 348110.772530201647896, 6704064.463390357792377 ], [ 348107.749129823583644, 6704062.182068635709584 ], [ 348004.547345254046377, 6703987.335117663256824 ], [ 347954.085858525300864, 6703941.002073644660413 ], [ 347953.264484477753285, 6703940.201212781481445 ], [ 347949.845695627853274, 6703933.402603811584413 ], [ 347948.979547177616041, 6703928.048311082646251 ], [ 347949.418349368905183, 6703862.394512051716447 ], [ 347949.530738033063244, 6703844.744400310330093 ], [ 347963.357646726304665, 6703698.490532962605357 ], [ 347963.468359426653478, 6703697.235090936534107 ], [ 347971.318530328047927, 6703601.313028641045094 ], [ 347971.61758315685438, 6703590.542964598163962 ], [ 347969.358186592638958, 6703504.119125995784998 ], [ 347969.13480315124616, 6703499.560278640128672 ], [ 347955.863704831281211, 6703315.003506064414978 ], [ 347956.184582314104773, 6703212.614844534546137 ], [ 347957.744680808973499, 6703171.580303704366088 ], [ 347960.770591860986315, 6703120.104045106098056 ], [ 347972.246305850916542, 6703017.314904281869531 ], [ 347981.673071464698296, 6702947.907326730899513 ], [ 347990.514105917653069, 6702899.537121150642633 ], [ 348000.192134174052626, 6702850.632402715273201 ], [ 348004.644774964719545, 6702831.859635336324573 ], [ 348020.099007731652819, 6702766.811596215702593 ], [ 348036.816449384554289, 6702706.37641919683665 ], [ 348079.604796092316974, 6702577.632886034436524 ], [ 348097.989452159206849, 6702524.681559024378657 ], [ 348101.132865961000789, 6702515.616943671368062 ], [ 348107.739409099332988, 6702501.058180761523545 ], [ 348115.751285652338993, 6702487.784508418291807 ], [ 348130.303715541202109, 6702466.868736944161355 ], [ 348146.432455293776002, 6702451.561147137545049 ], [ 348456.034433622262441, 6702191.450229779817164 ], [ 348521.881201843323652, 6702138.436930678784847 ], [ 348547.56466496916255, 6702120.465255266055465 ], [ 348559.005590354383457, 6702114.58275893330574 ], [ 348559.90813357377192, 6702114.112883899360895 ], [ 348572.440655196725857, 6702107.507040969096124 ], [ 348681.576505499950144, 6702066.758714739233255 ], [ 348709.288177128939424, 6702056.585598618723452 ], [ 348715.937179130036384, 6702053.869961318559945 ], [ 348816.600789714313578, 6702008.472608024254441 ], [ 348918.988371261162683, 6701963.990255530923605 ], [ 349061.450234967574943, 6701902.3855517860502 ], [ 349062.323438584047835, 6701902.003002022393048 ], [ 349097.465884115546942, 6701886.407044953666627 ], [ 349128.715467217494734, 6701874.628297456540167 ], [ 349171.731502464448567, 6701862.494564709253609 ], [ 349212.745067360170651, 6701856.030314629897475 ], [ 349219.444679204723798, 6701854.968933712691069 ], [ 349271.621198515524156, 6701851.301625101827085 ], [ 349304.581123620446306, 6701850.651511365547776 ], [ 349429.852475346415304, 6701848.151519714854658 ], [ 349460.65036778699141, 6701842.641574586741626 ], [ 349488.238237398152705, 6701827.884233213029802 ], [ 349509.915591286320705, 6701805.324046988040209 ], [ 349523.560499017941765, 6701777.169364125467837 ], [ 349527.837301954510622, 6701746.176161149516702 ], [ 349522.327356826455798, 6701715.378268708474934 ], [ 349507.570015452918597, 6701687.790399097837508 ], [ 349485.009829227987211, 6701666.113045209087431 ], [ 349456.855146365356632, 6701652.468137477524579 ], [ 349425.861943388939835, 6701648.191334540955722 ], [ 349300.625411168439314, 6701650.690634007565677 ], [ 349265.154579446825664, 6701651.390273792669177 ], [ 349260.115273166506086, 6701651.616925572045147 ], [ 349201.082326398871373, 6701655.766148956492543 ], [ 349192.445942715567071, 6701656.751896899193525 ], [ 349181.567611819540616, 6701658.475340374745429 ], [ 349134.728581303730607, 6701665.857756595127285 ], [ 349123.149536613433156, 6701668.393964313901961 ], [ 349070.301072194532026, 6701683.301176001317799 ], [ 349062.178959889977705, 6701685.971990531310439 ], [ 349024.247467204928398, 6701700.269316452555358 ], [ 349018.953591419674922, 6701702.439628158695996 ], [ 348981.630954281485174, 6701719.003138116560876 ], [ 348839.528515011945274, 6701780.452416153624654 ], [ 348839.372394284931943, 6701780.520085071213543 ], [ 348736.272947898425627, 6701825.311707714572549 ], [ 348735.009147746372037, 6701825.871179952286184 ], [ 348636.991279179987032, 6701870.07535445690155 ], [ 348612.394219374691602, 6701879.105078428983688 ], [ 348611.877384168794379, 6701879.296429413370788 ], [ 348496.491432618582621, 6701922.378371626138687 ], [ 348484.841382397164125, 6701927.597963855601847 ], [ 348467.100834176701028, 6701936.948937152512372 ], [ 348450.071830473316368, 6701945.704614552669227 ], [ 348438.466190841514617, 6701952.704540963284671 ], [ 348404.459782918856945, 6701976.500090735964477 ], [ 348399.080088261864148, 6701980.540710787288845 ], [ 348329.797391916334163, 6702036.320279065519571 ], [ 348328.183100679540075, 6702037.647989964112639 ], [ 348015.462679659191053, 6702300.378855016082525 ], [ 348010.94829003495397, 6702304.410854767076671 ], [ 347985.212596666417085, 6702328.836286853998899 ], [ 347971.966519604669884, 6702344.256655821576715 ], [ 347949.72712023666827, 6702376.220678218640387 ], [ 347946.200017813011073, 6702381.657795075327158 ], [ 347933.484721590706613, 6702402.723855528980494 ], [ 347928.035332273342647, 6702413.076475789770484 ], [ 347917.101166968233883, 6702437.171969749964774 ], [ 347913.683522238396108, 6702445.731153230182827 ], [ 347909.047200043685734, 6702459.100878031924367 ], [ 347890.450445045018569, 6702512.663090546615422 ], [ 347890.02229522599373, 6702513.923246175050735 ], [ 347846.219665761804208, 6702645.718599651940167 ], [ 347844.735289681353606, 6702650.597094296477735 ], [ 347826.849765583581757, 6702715.255002926103771 ], [ 347825.938468366570305, 6702718.80079684779048 ], [ 347810.05671656713821, 6702785.648296036757529 ], [ 347805.158201072947122, 6702806.300884210504591 ], [ 347804.361150759737939, 6702809.966144849546254 ], [ 347794.177368998411112, 6702861.426521534100175 ], [ 347793.904613065067679, 6702862.85961595363915 ], [ 347784.520691039040685, 6702914.200015084818006 ], [ 347783.800766062864568, 6702918.721804277971387 ], [ 347773.90559322439367, 6702991.578179869800806 ], [ 347773.613285031868145, 6702993.940980585291982 ], [ 347761.714339471422136, 6703100.521049759350717 ], [ 347761.26921825541649, 6703105.748305779881775 ], [ 347758.02854877745267, 6703160.877996379509568 ], [ 347757.92841976339696, 6703162.946961507201195 ], [ 347756.262731957307551, 6703206.758768590167165 ], [ 347756.19102848082548, 6703210.24454905744642 ], [ 347755.852942148048896, 6703318.124375310726464 ], [ 347756.109990385710262, 6703325.610040804371238 ], [ 347769.486156428931281, 6703511.627955437637866 ], [ 347771.544901968445629, 6703590.376721831969917 ], [ 347764.18617745541269, 6703680.293749120086432 ], [ 347750.004686061933171, 6703830.298208327963948 ], [ 347749.562791736214422, 6703839.073568641208112 ], [ 347749.422710554441437, 6703861.07363913487643 ], [ 347748.928056752367411, 6703935.083983561955392 ], [ 347750.209120825398713, 6703951.721441765315831 ], [ 347754.818621427519247, 6703980.216113260947168 ], [ 347763.812264896405395, 6704008.403228144161403 ], [ 347768.900032353529241, 6704018.741294961422682 ], [ 347769.283023919269908, 6704019.511141069233418 ], [ 347782.11376326053869, 6704045.026369827799499 ], [ 347801.642871217452921, 6704071.699385070241988 ], [ 347815.537341685849242, 6704085.246851832605898 ], [ 347817.71503734192811, 6704087.307393720373511 ], [ 347873.532052575610578, 6704138.557810453698039 ], [ 347882.45536842639558, 6704145.849656191654503 ], [ 347988.795928331615869, 6704222.97299961745739 ], [ 348083.319863047159743, 6704297.146983353421092 ], [ 348171.985021442407742, 6704375.753985987976193 ], [ 348236.102733631036244, 6704444.572190900333226 ], [ 348261.403037764888722, 6704475.052647515200078 ], [ 348265.080417227407452, 6704479.239838728681207 ], [ 348320.847956499201246, 6704539.278612021356821 ], [ 348321.988539649581071, 6704540.486279577948153 ], [ 348450.518575875321403, 6704674.331251822412014 ], [ 348454.354982443968765, 6704678.116617293097079 ], [ 348470.731075655610766, 6704693.426163836382329 ], [ 348479.788316586927976, 6704704.383400660008192 ], [ 348477.99849586590426, 6704725.267940894700587 ], [ 348477.959524411300663, 6704725.719867045991123 ], [ 348454.179768452711869, 6704829.181854879483581 ], [ 348445.596776587946806, 6704859.162819370627403 ], [ 348394.943848164053634, 6705003.817566735669971 ], [ 348392.633835753658786, 6705011.354696502909064 ], [ 348384.247677141684107, 6705043.138752723112702 ], [ 348381.31178298976738, 6705060.020324213430285 ], [ 348375.346728669130243, 6705128.881182162091136 ], [ 348354.043665817240253, 6705311.32630867883563 ], [ 348343.420736688771285, 6705369.367547593079507 ], [ 348342.251623424701393, 6705375.779289562255144 ], [ 348340.871236643346492, 6705380.431606600061059 ], [ 348329.407184938201681, 6705419.090451993979514 ], [ 348318.193258840707131, 6705442.974073741585016 ], [ 348304.651471957680769, 6705471.786389159038663 ], [ 348229.948634593863972, 6705611.823154006153345 ], [ 348228.223989329300821, 6705615.209568874910474 ], [ 348213.455444814928342, 6705645.623881166800857 ], [ 348207.272525238629896, 6705661.783805278129876 ], [ 348196.173440227343235, 6705700.556554576382041 ], [ 348192.645288365893066, 6705719.919135449454188 ], [ 348188.522299454780295, 6705770.289716016501188 ], [ 348188.382127689721528, 6705772.235428467392921 ], [ 348183.909384963044431, 6705844.094360372051597 ], [ 348179.534230797318742, 6705875.594131723046303 ], [ 348178.942276204645168, 6705878.038808008655906 ], [ 348169.688622555346228, 6705902.360215256921947 ], [ 348131.051174697407987, 6705979.121584656648338 ], [ 348121.955204893078189, 6706006.369425090029836 ], [ 348110.493296613625716, 6706070.057515169493854 ], [ 348108.915444126818329, 6706086.958693445660174 ], [ 348108.445422779303044, 6706144.897858715616167 ], [ 348110.674514014448505, 6706166.7207942456007 ], [ 348120.726142462808639, 6706213.491040603257716 ], [ 348133.71324597945204, 6706273.926083092577755 ], [ 348145.846702512411866, 6706342.956903249025345 ], [ 348161.945198255183641, 6706434.473159193992615 ], [ 348162.065103180124424, 6706435.141485490836203 ], [ 348197.681885000842158, 6706629.856836169958115 ], [ 348204.861430018092506, 6706672.572720696218312 ], [ 348193.704576549353078, 6706767.50898552313447 ], [ 348193.545152040605899, 6706768.95640295278281 ], [ 348188.135790747299325, 6706821.586560958065093 ], [ 348179.68265376763884, 6706903.910999035462737 ], [ 348176.209633810678497, 6706937.778503735549748 ], [ 348157.616815384535585, 6707116.283604267053306 ], [ 348151.563313848106191, 6707161.057981239631772 ], [ 348138.304998870647978, 6707209.26718779373914 ], [ 348110.398685400607064, 6707303.939263112843037 ], [ 348095.903547355614137, 6707350.171043019741774 ], [ 348093.265186282631475, 6707360.477702856995165 ], [ 348084.021445929713082, 6707406.699059280566871 ], [ 348083.126357726927381, 6707411.879409721121192 ], [ 348069.908056114974897, 6707502.522459165193141 ], [ 348069.497610537218861, 6707505.69068190921098 ], [ 348055.373830235563219, 6707630.304254806600511 ], [ 348047.296222998178564, 6707683.842824641615152 ], [ 348035.031570549937896, 6707749.721324546262622 ], [ 348025.770618820679374, 6707775.668475181795657 ], [ 347991.159297465055715, 6707872.545549967326224 ], [ 347987.956669145671185, 6707883.41932892985642 ], [ 347949.860405217914376, 6708046.329430741257966 ], [ 347940.077227121335454, 6708073.327173347584903 ], [ 347926.622748216090258, 6708103.177824651822448 ], [ 347903.824057598423678, 6708141.887067743577063 ], [ 347883.625526650517713, 6708176.217654078267515 ], [ 347875.778089191473555, 6708189.532539577223361 ], [ 347873.663245673931669, 6708193.305019247345626 ], [ 347860.651094254164491, 6708217.740449634380639 ], [ 347858.110087046923582, 6708222.859650390222669 ], [ 347853.254981638980098, 6708233.385951570235193 ], [ 347846.486820454243571, 6708248.041484354063869 ], [ 347842.216207366785966, 6708258.916918846778572 ], [ 347828.923692553478759, 6708299.609309152700007 ], [ 347826.622447637433652, 6708307.826718537136912 ], [ 347819.901976341498084, 6708336.481359995901585 ], [ 347818.492782594636083, 6708343.662595338188112 ], [ 347805.488876479910687, 6708425.717250840738416 ], [ 347804.924170516314916, 6708429.831426271237433 ], [ 347791.425505404127762, 6708546.039694988168776 ], [ 347790.813271256221924, 6708560.914128399454057 ], [ 347792.594401584996376, 6708614.274150010198355 ], [ 347792.790185081830714, 6708618.025094728916883 ], [ 347795.000106457679067, 6708649.129278223030269 ], [ 347796.144900770392269, 6708658.694529855623841 ], [ 347812.589389762375504, 6708756.067845282144845 ], [ 347814.504682453523856, 6708776.982483277097344 ], [ 347814.384957314177882, 6708834.077391155064106 ], [ 347813.069671471836045, 6708886.51873632054776 ], [ 347811.117626939027105, 6708964.380472246557474 ], [ 347810.290443003817927, 6708976.827322483062744 ], [ 347808.345056830090471, 6709006.011891978792846 ], [ 347808.314549228001852, 6709006.486574138514698 ], [ 347807.823336088040378, 6709014.4245047532022 ], [ 347802.246199908433482, 6709099.292296112515032 ], [ 347790.717518026416656, 6709138.804049625061452 ], [ 347766.456950675463304, 6709178.889144483022392 ], [ 347726.504321009211708, 6709223.647309621796012 ], [ 347670.908876203291584, 6709277.696320800110698 ], [ 347509.337269580224529, 6709433.402049369178712 ], [ 347417.189879884244874, 6709520.715244439430535 ], [ 347254.469732635188848, 6709674.908577036112547 ], [ 347247.800553970329929, 6709681.868310697376728 ], [ 347164.97796349786222, 6709777.090503059327602 ], [ 347161.02297089213971, 6709781.935635017231107 ], [ 347145.058759873674717, 6709802.791734714061022 ], [ 347142.938578996574506, 6709805.666562912985682 ], [ 347127.69176793762017, 6709827.132548565044999 ], [ 347125.644312289485242, 6709830.128878341056406 ], [ 347097.154462496808264, 6709873.49076927639544 ], [ 347094.986725660215598, 6709876.941291742026806 ], [ 347074.536703200254124, 6709911.014919688925147 ], [ 347072.159153935383074, 6709915.201600954867899 ], [ 347048.221083230338991, 6709959.823256369680166 ], [ 347044.68095204711426, 6709967.117522624321282 ], [ 347026.919117888319306, 6710007.839907276444137 ], [ 347025.81889604422031, 6710010.463605757802725 ], [ 347009.326942289888393, 6710051.415947427973151 ], [ 347008.15297041030135, 6710054.474803943186998 ], [ 346997.482676299056038, 6710083.69933879096061 ], [ 346996.795276145101525, 6710085.64406165573746 ], [ 346986.65272453322541, 6710115.308514245785773 ], [ 346984.880878786440007, 6710121.048431939445436 ], [ 346968.537352396757342, 6710180.247361467219889 ], [ 346966.785493193019647, 6710187.691782836802304 ], [ 346951.662371137703303, 6710265.127302114851773 ], [ 346950.983060209022369, 6710269.01111379917711 ], [ 346932.308690006961115, 6710389.757941798307002 ], [ 346890.596663909440394, 6710536.064211985096335 ], [ 346885.766448538575787, 6710550.57109634950757 ], [ 346850.291411565965973, 6710614.673224202357233 ], [ 346550.335779316723347, 6711156.681827729567885 ], [ 346549.092031892505474, 6711159.000732898712158 ], [ 346487.840916038432624, 6711276.898685127496719 ], [ 346483.041478378290776, 6711287.637275792658329 ], [ 346430.341440051444806, 6711427.03120834659785 ], [ 346427.591231419588439, 6711435.403680707328022 ], [ 346386.625217771506868, 6711581.546351379714906 ], [ 346384.278479850909207, 6711592.072785254567862 ], [ 346363.506863250571769, 6711716.509515195153654 ], [ 346363.296765571460128, 6711717.82178520783782 ], [ 346347.084407281363383, 6711823.581458225846291 ], [ 346328.227297892328352, 6711892.453473747707903 ], [ 346295.927738086960744, 6711990.71723909303546 ], [ 346262.265927563770674, 6712064.157108343206346 ], [ 346261.502607020491268, 6712065.864412257447839 ], [ 346239.057058008096647, 6712117.354783242568374 ], [ 346238.580767049221322, 6712118.465680750086904 ], [ 346217.116489261912648, 6712169.376160183921456 ], [ 346214.673547634738497, 6712175.774144688621163 ], [ 346184.58469825075008, 6712263.476571338251233 ], [ 346137.452109455887694, 6712394.933952487073839 ], [ 346135.946484532032628, 6712399.471958015114069 ], [ 346122.407372372981627, 6712443.797858599573374 ], [ 346092.627939133031759, 6712518.233257976360619 ], [ 346080.598154091625474, 6712545.853247579187155 ], [ 346077.591649856592994, 6712552.762315303087234 ], [ 346076.073865703190677, 6712556.449479303322732 ], [ 346061.719533520808909, 6712593.396586498245597 ], [ 346035.450026612437796, 6712637.843928181566298 ], [ 346008.326648744987324, 6712680.590836759656668 ], [ 346008.09710939892102, 6712680.954319427721202 ], [ 345943.794982362072915, 6712783.265186443924904 ], [ 345942.311227968835738, 6712785.702486290596426 ], [ 345864.400964939326514, 6712917.892305537126958 ], [ 345820.905954079353251, 6712973.197245424613357 ], [ 345809.594425954623148, 6712985.685829953290522 ], [ 345751.288928923895583, 6713050.070902932435274 ], [ 345749.64297303854255, 6713051.934535401873291 ], [ 345723.650761367578525, 6713082.112184044905007 ], [ 345713.16863332077628, 6713093.820435472764075 ], [ 345680.34526184364222, 6713130.079837067052722 ], [ 345668.455228122125845, 6713143.207541922107339 ], [ 345667.621925743413158, 6713144.139222590252757 ], [ 345593.507086710596923, 6713228.053529679775238 ], [ 345593.255665313918144, 6713228.339288237504661 ], [ 345550.492029884655494, 6713277.130163805559278 ], [ 345544.069644510862418, 6713285.273696241900325 ], [ 345513.14723159460118, 6713328.965525466948748 ], [ 345504.222545762779191, 6713344.300344507209957 ], [ 345446.21379759098636, 6713468.083570266142488 ], [ 345421.386857777193654, 6713521.050045225769281 ], [ 345418.415409624634776, 6713528.074780309572816 ], [ 345409.229391361237504, 6713552.330244415439665 ], [ 345405.645861051278189, 6713563.845878589898348 ], [ 345395.626998964289669, 6713604.548267085105181 ], [ 345393.009154730185401, 6713620.964156964793801 ], [ 345389.850945189071354, 6713663.036289398558438 ], [ 345389.671767076652031, 6713675.023762566037476 ], [ 345390.710759865643922, 6713698.079451138153672 ], [ 345391.35944345081225, 6713705.802599472925067 ], [ 345393.528135106607806, 6713723.40930702816695 ], [ 345399.373249443189707, 6713746.898986391723156 ], [ 345410.539789212518372, 6713776.102882075123489 ], [ 345424.102412262116559, 6713812.673610923811793 ], [ 345429.182594676676672, 6713824.117658475413918 ], [ 345434.832891592232045, 6713834.959539564326406 ], [ 345452.558618764625862, 6713874.40249509550631 ], [ 345453.452624642464798, 6713876.336449298076332 ], [ 345500.619777059589978, 6713975.580866624601185 ], [ 345541.420971797313541, 6714064.493393729440868 ], [ 345543.382615239359438, 6714068.526961195282638 ], [ 345547.249978199484758, 6714076.045555252581835 ], [ 345548.219609195424709, 6714077.883428173139691 ], [ 345580.155912570364308, 6714136.922068915329874 ], [ 345589.936963130021468, 6714158.074382856488228 ], [ 345593.89707557176007, 6714167.277412362396717 ], [ 345611.170329670247156, 6714208.340312202461064 ], [ 345615.822491845872719, 6714221.233297819271684 ], [ 345620.696554673893843, 6714234.907570643350482 ], [ 345650.591913946846034, 6714318.685392247512937 ], [ 345651.16648134769639, 6714320.254023312591016 ], [ 345669.291137455205899, 6714368.485004277899861 ], [ 345670.873295033408795, 6714372.437594342045486 ], [ 345690.968739572854247, 6714419.698756691999733 ], [ 345693.871885927219409, 6714425.923641728237271 ], [ 345706.719117244356312, 6714451.168920981697738 ], [ 345707.174907989741769, 6714452.05364709533751 ], [ 345760.476899839704856, 6714554.264534167014062 ], [ 345764.441382217337377, 6714561.179707097820938 ], [ 345875.68500116316136, 6714738.449460639618337 ], [ 345939.903246726258658, 6714846.226663525216281 ], [ 345956.742151719401591, 6714891.830127489753067 ], [ 345966.049460753391031, 6714928.799564860761166 ], [ 345968.301612064009532, 6714941.614512234926224 ], [ 345974.052818999334704, 6714981.310528592206538 ], [ 345995.081581946578808, 6715215.921219105832279 ], [ 345997.315439209924079, 6715241.542361543513834 ], [ 346002.303580715844873, 6715360.95263578556478 ], [ 345994.190149186179042, 6715417.700730670243502 ], [ 345992.59257987618912, 6715424.807493449188769 ], [ 345992.532561529485974, 6715425.076212477870286 ], [ 345981.715810937050264, 6715473.821198530495167 ], [ 345964.599480550794397, 6715538.253431893885136 ], [ 345962.457264887692872, 6715548.419640422798693 ], [ 345944.84104886604473, 6715660.638407646678388 ], [ 345927.402935169055127, 6715731.134447000920773 ], [ 345902.83305962808663, 6715802.177824826911092 ], [ 345875.761972109146882, 6715867.297356423921883 ], [ 345873.749158748832997, 6715872.551536956802011 ], [ 345844.162593591609038, 6715956.80578101053834 ], [ 345840.338781625847332, 6715970.923259682022035 ], [ 345836.347728697641287, 6715991.529406270012259 ], [ 345834.628468285722192, 6716005.958257998339832 ], [ 345833.449293335492257, 6716031.643454829230905 ], [ 345833.35554169054376, 6716034.715429505333304 ], [ 345831.65975048072869, 6716146.704848027788103 ], [ 345829.040155865077395, 6716210.98410311806947 ], [ 345828.174168766767252, 6716232.25403730198741 ], [ 345828.091712524823379, 6716236.576209501363337 ], [ 345828.306106961856131, 6716320.940433326177299 ], [ 345829.057805671123788, 6716332.927170026116073 ], [ 345834.458919873053674, 6716376.718980981968343 ], [ 345834.68747373984661, 6716378.447853130288422 ], [ 345850.296049378230236, 6716489.083587464876473 ], [ 345861.507451968558598, 6716602.315334919840097 ], [ 345865.571240646240767, 6716649.470484828576446 ], [ 345860.748243201116566, 6716712.735391770489514 ], [ 345847.003005986451171, 6716770.226428432390094 ], [ 345811.599219427036587, 6716857.476548271253705 ], [ 345781.450322946184315, 6716921.462428983300924 ], [ 345774.730833910754882, 6716940.508246522396803 ], [ 345755.756840768968686, 6717018.713621842674911 ], [ 345752.958065414510202, 6717040.265828168019652 ], [ 345751.028505798487458, 6717135.508017784915864 ], [ 345751.085795501014218, 6717141.477547963149846 ], [ 345753.225313392234966, 6717195.682815646752715 ], [ 345752.519172186905053, 6717216.534353453665972 ], [ 345750.370810063614044, 6717239.360578964464366 ], [ 345742.573952980048489, 6717274.05738965049386 ], [ 345736.005353674350772, 6717295.513593656942248 ], [ 345708.739093557931483, 6717355.987906746566296 ], [ 345699.530817654449493, 6717376.405793096870184 ], [ 345660.378447433235124, 6717453.058675747364759 ], [ 345653.455686109839007, 6717470.471951399929821 ], [ 345628.998118437477387, 6717554.086315184831619 ], [ 345624.978368708165362, 6717581.54542397428304 ], [ 345624.442379242333118, 6717668.699126161634922 ], [ 345625.576871503319126, 6717684.346915041096509 ], [ 345641.038076568336692, 6717786.027900801040232 ], [ 345641.191353960486595, 6717787.003494929522276 ], [ 345655.867418947047554, 6717877.49843742325902 ], [ 345658.877048260881566, 6718030.634394948370755 ], [ 345654.03205458202865, 6718066.957120270468295 ], [ 345646.442168791138101, 6718093.136388104408979 ], [ 345626.759456054540351, 6718148.999815586023033 ], [ 345609.048831808671821, 6718185.91320557706058 ], [ 345602.633203016826883, 6718196.10922441445291 ], [ 345589.327936417190358, 6718213.804100010544062 ], [ 345527.699619623017497, 6718286.606102449819446 ], [ 345525.411209682817571, 6718289.312714673578739 ], [ 345450.364613357873168, 6718357.950074429623783 ], [ 345446.486835190444253, 6718361.693519230000675 ], [ 345281.583792333258316, 6718529.702099678106606 ], [ 345278.818401950469706, 6718532.635580386966467 ], [ 345269.375382792728487, 6718543.066039763391018 ], [ 345166.422992237203289, 6718656.737189695239067 ], [ 345162.895304056990426, 6718660.850893004797399 ], [ 345121.756125998799689, 6718711.541413388215005 ], [ 345116.718359710706864, 6718718.314127767458558 ], [ 345098.750376304262318, 6718744.729187939316034 ], [ 345094.102454545442015, 6718752.258164765313268 ], [ 345078.905119279399514, 6718779.503069776110351 ], [ 345074.24702856206568, 6718789.002796163782477 ], [ 345065.910345953016076, 6718808.559139025397599 ], [ 345064.318852254655212, 6718812.525363978929818 ], [ 345058.579652335087303, 6718827.762514558620751 ], [ 345054.968648615933489, 6718839.483035448938608 ], [ 345050.977595734933857, 6718855.969952339306474 ], [ 345050.094019680167548, 6718859.977953275665641 ], [ 345046.786306907306425, 6718876.597374049946666 ], [ 345045.977247522852849, 6718880.629173217341304 ], [ 345044.146186631929595, 6718895.335200530476868 ], [ 345043.305096824245993, 6718912.242038931697607 ], [ 345043.221783299639355, 6718920.046050680801272 ], [ 345044.186562186048832, 6718954.059690122492611 ], [ 345044.559641489351634, 6718960.306543854996562 ], [ 345046.266558443312533, 6718979.023043875582516 ], [ 345047.90532743249787, 6718990.095270627178252 ], [ 345052.935372913489118, 6719014.540699374862015 ], [ 345057.560026608174667, 6719030.313496686518192 ], [ 345073.77986219531158, 6719072.445618141442537 ], [ 345082.902951206779107, 6719090.465864418074489 ], [ 345111.895804588217288, 6719135.7174026761204 ], [ 345118.897726852388587, 6719145.33430912066251 ], [ 345152.278859185869806, 6719185.87537725828588 ], [ 345165.182643962732982, 6719203.183464120142162 ], [ 345186.334165822598152, 6719248.913093190640211 ], [ 345211.218382039223798, 6719329.405092715285718 ], [ 345213.202059142466169, 6719335.18873349390924 ], [ 345234.105609324004035, 6719390.558379570022225 ], [ 345237.960566294903401, 6719399.441891267895699 ], [ 345258.047764945367817, 6719440.204268902540207 ], [ 345260.051991969754454, 6719444.057966338470578 ], [ 345287.05756493791705, 6719493.338751110248268 ], [ 345290.775578591972589, 6719499.57505495287478 ], [ 345321.194985914044082, 6719546.626256691291928 ], [ 345323.895108471799176, 6719550.590781564824283 ], [ 345353.234292922948953, 6719591.523127519525588 ], [ 345357.810276226024143, 6719597.428279501385987 ], [ 345385.937302193371579, 6719631.051992165856063 ], [ 345389.723697096458636, 6719635.324374370276928 ], [ 345435.966042836196721, 6719684.593999068252742 ], [ 345471.903375121823046, 6719722.886420849710703 ], [ 345516.139537688053679, 6719781.457895554602146 ], [ 345556.440389542258345, 6719854.660540932789445 ], [ 345563.303565345879178, 6719869.034047958441079 ], [ 345584.424369542044587, 6719913.560039605014026 ], [ 345593.547164539806545, 6719932.779613100923598 ], [ 345594.061706606589723, 6719933.847253147512674 ], [ 345613.30537748511415, 6719973.178917464800179 ], [ 345635.081857292971108, 6720018.298870285972953 ], [ 345637.429306576086674, 6720022.859986243769526 ], [ 345638.748662813392002, 6720025.269535666331649 ], [ 345638.850917487579864, 6720025.455813978798687 ], [ 345685.745785729959607, 6720110.669879421591759 ], [ 345689.178286549693439, 6720116.439741915091872 ], [ 345744.23667166515952, 6720202.293687790632248 ], [ 345744.860892778262496, 6720203.254885390400887 ], [ 345759.134678111528046, 6720224.960826527327299 ], [ 345759.668875192815904, 6720225.764694981276989 ], [ 345781.544348138326313, 6720258.341116786003113 ], [ 345784.651688854792155, 6720263.09547783434391 ], [ 345825.687039800628554, 6720325.956579510122538 ], [ 345827.962699343508575, 6720330.872527737170458 ], [ 345849.821015654655639, 6720385.112595584243536 ], [ 345854.057955443509854, 6720404.035898906178772 ], [ 345949.854505428520497, 6720831.609536966308951 ], [ 345949.930910790746566, 6720831.947810420766473 ], [ 345976.342772709671408, 6720947.946118970401585 ], [ 345979.467947447381448, 6720958.798944585956633 ], [ 345996.043420555593912, 6721006.127291072160006 ], [ 346008.8754765157355, 6721044.404415769502521 ], [ 346012.535288101353217, 6721053.739786114543676 ], [ 346134.077743095636833, 6721323.167318910360336 ], [ 346171.316416768124327, 6721422.986180508509278 ], [ 346195.441754296945874, 6721529.839028882794082 ], [ 346202.111287888139486, 6721584.569081593304873 ], [ 346204.025348123454023, 6721612.733019346371293 ], [ 346202.360015926766209, 6721665.448925507254899 ], [ 346196.737721299752593, 6721705.029954076744616 ], [ 346175.460479413508438, 6721790.979819408617914 ], [ 346141.37900809221901, 6721883.554456373676658 ], [ 346058.360385760315694, 6722050.679825653322041 ], [ 346043.801697917166166, 6722079.218373561277986 ], [ 346032.69392366905231, 6722100.995170421898365 ], [ 346001.855956272163894, 6722161.439973584376276 ], [ 345878.417026470007841, 6722403.45432822406292 ], [ 345845.011174586601555, 6722468.954824239015579 ], [ 345844.797763204143848, 6722469.375721261836588 ], [ 345829.839561241853517, 6722499.050171962939203 ], [ 345825.691616752184927, 6722507.279065961949527 ], [ 345778.035803038394079, 6722601.835974293760955 ], [ 345639.899754614685662, 6722875.903619927354157 ], [ 345639.648786612553522, 6722876.405043642967939 ], [ 345584.59039931249572, 6722987.184327285736799 ], [ 345452.298994818003848, 6723253.3769591152668 ], [ 345451.140653800975997, 6723255.788127123378217 ], [ 345367.386350658489391, 6723436.274194966070354 ], [ 345345.02327103971038, 6723484.465162355452776 ], [ 345342.560870850749779, 6723490.239561589434743 ], [ 345336.865459149761591, 6723504.85026510246098 ], [ 345334.287635515502188, 6723511.460523063316941 ], [ 345314.393030723265838, 6723553.381423816084862 ], [ 345286.982534023409244, 6723611.142455130815506 ], [ 345226.216729769425001, 6723739.20103872474283 ], [ 345226.016409096191637, 6723739.625768922269344 ], [ 345106.416760982829146, 6723994.758057839237154 ], [ 345103.702496318728663, 6724001.110293874517083 ], [ 345053.047460334608331, 6724131.995817705988884 ], [ 345048.344450511212926, 6724148.004296637140214 ], [ 345031.654592882026918, 6724229.409073748625815 ], [ 345029.629309785726946, 6724247.917579900473356 ], [ 345028.994369144376833, 6724288.20004706364125 ], [ 345029.038258547661826, 6724293.131473626941442 ], [ 345044.578778687515296, 6724756.020024894736707 ], [ 345048.007673886721022, 6724912.864496323280036 ], [ 345046.468884204456117, 6724987.697898256592453 ], [ 345045.120048486161977, 6725033.581179049797356 ], [ 345028.629885352100246, 6725179.2841144381091 ], [ 345026.917787562822923, 6725192.005620157346129 ], [ 345005.506698667246383, 6725338.321105625480413 ], [ 344988.038783477444667, 6725451.963359744288027 ], [ 344987.686643951106817, 6725454.464213372208178 ], [ 344977.645658863009885, 6725532.939094666391611 ], [ 344975.826980636222288, 6725547.106512470170856 ], [ 344946.961964523652568, 6725760.718245452269912 ], [ 344921.593748849292751, 6725873.840381334535778 ], [ 344881.07914955628803, 6726037.12204490788281 ], [ 344873.862407397886273, 6726065.726550270803273 ], [ 344873.694868656573817, 6726066.400468556210399 ], [ 344828.630604270671029, 6726250.396060895174742 ], [ 344827.953003729518969, 6726253.35653969924897 ], [ 344822.568380706070457, 6726278.641811293549836 ], [ 344821.666799478465691, 6726283.449966779910028 ], [ 344818.010098807339091, 6726305.980589358136058 ], [ 344807.258375400328077, 6726368.344560328871012 ], [ 344807.169405891792849, 6726368.868941783905029 ], [ 344788.68192504363833, 6726479.618231466040015 ], [ 344788.106608908739872, 6726483.542319865897298 ], [ 344781.239893412566744, 6726537.863418175838888 ], [ 344756.112571401579771, 6726724.283605451695621 ], [ 344743.630996848689392, 6726804.112340675666928 ], [ 344735.091013223689515, 6726850.97595686186105 ], [ 344734.843328103946988, 6726852.392843456938863 ], [ 344732.069161144841928, 6726868.964245176874101 ], [ 344729.442850932769943, 6726882.095273833721876 ], [ 344728.645340829214547, 6726886.621073051355779 ], [ 344711.995237525785342, 6726995.721662573516369 ], [ 344687.82070250128163, 6727067.814797315746546 ], [ 344665.843091275542974, 6727117.886315270327032 ], [ 344610.80209079902852, 6727243.270828514359891 ], [ 344610.533646338386461, 6727243.887984706088901 ], [ 344582.348897441872396, 6727309.28575502987951 ], [ 344458.717137810774148, 6727596.210910263471305 ], [ 344423.304209444380831, 6727675.261011265218258 ], [ 344378.09582628950011, 6727742.408395788632333 ], [ 344329.05297629442066, 6727792.068008945323527 ], [ 344109.836111761745997, 6727966.056199975311756 ], [ 344107.934118690784089, 6727967.604163633659482 ], [ 343843.683387053955812, 6728188.109296793118119 ], [ 343822.713710625190288, 6728205.592406209558249 ], [ 343734.256673735799268, 6728279.421804347075522 ], [ 343696.925175647018477, 6728304.96489530056715 ], [ 343619.419607420859393, 6728334.967191377654672 ], [ 343280.826693215232808, 6728416.441271992400289 ], [ 343176.138778829190414, 6728441.637820502743125 ], [ 343175.982977066363674, 6728441.675451379269361 ], [ 342702.886557290388737, 6728556.344003308564425 ], [ 342700.893012733024079, 6728556.848954536952078 ], [ 342383.398208474623971, 6728640.751570322550833 ], [ 342382.954935381771065, 6728640.838693212717772 ], [ 342226.277104716165923, 6728671.588613658212125 ], [ 342108.103584192460403, 6728685.705971566960216 ], [ 341729.142808164004236, 6728695.306078900583088 ], [ 341490.284575792204123, 6728697.677986577153206 ], [ 341488.675021173898131, 6728697.706927916966379 ], [ 341454.499873992579523, 6728698.596645916812122 ], [ 341368.448976308631245, 6728700.829273167066276 ], [ 341269.194296796398703, 6728702.880831928923726 ], [ 340968.483360213518608, 6728708.337502758018672 ], [ 340929.876604268734809, 6728709.037355028092861 ], [ 340903.792428756132722, 6728709.517756039276719 ], [ 340873.334736295684706, 6728710.077445353381336 ], [ 340724.758034260303248, 6728712.780595174059272 ], [ 340285.650120213453192, 6728712.960193038918078 ], [ 340285.358497887558769, 6728712.960737533867359 ], [ 340099.474950207339134, 6728713.578846395947039 ], [ 339966.514069341938011, 6728712.602941992692649 ], [ 339963.433499482576735, 6728712.62778518628329 ], [ 339900.393007939099334, 6728714.107507784850895 ], [ 339889.808685414958745, 6728714.919540676288307 ], [ 339842.196416138263885, 6728721.128379102796316 ], [ 339825.985199286020361, 6728724.629334962926805 ], [ 339786.602414643741213, 6728736.627090953290462 ], [ 339780.780892744835, 6728738.598030343651772 ], [ 339748.176300915307365, 6728750.765754630789161 ], [ 339736.082272540370468, 6728756.218396822921932 ], [ 339729.295833715528715, 6728759.83771993778646 ], [ 339691.033127694216091, 6728780.244636424817145 ], [ 339685.088573503948282, 6728783.682300613261759 ], [ 339596.361864079954103, 6728839.141928718425333 ], [ 339594.03659997228533, 6728840.640483534894884 ], [ 339372.029159427736886, 6728988.102453428320587 ], [ 339311.639577013964299, 6729026.751119023188949 ], [ 339286.331128546618856, 6729041.184082885272801 ], [ 339285.63253789691953, 6729041.586216719821095 ], [ 339263.741956460347865, 6729054.304955103434622 ], [ 339221.855438556405716, 6729072.941213687881827 ], [ 339187.930925757391378, 6729083.428009627386928 ], [ 339044.375559513864573, 6729121.135339554399252 ], [ 339043.8539337082766, 6729121.273859513923526 ], [ 338729.36062908457825, 6729205.698068772442639 ], [ 338724.484226218890399, 6729207.141000424511731 ], [ 338600.77551844419213, 6729247.194527553394437 ], [ 338561.886135151551571, 6729258.819436430931091 ], [ 338375.59865435725078, 6729309.882471367716789 ], [ 338360.117112949083094, 6729313.745386715047061 ], [ 338323.216063930944074, 6729317.432776055298746 ], [ 338322.149494110781234, 6729317.545134167186916 ], [ 338303.987616254482418, 6729319.556930914521217 ], [ 338268.088746270223055, 6729322.167007577605546 ], [ 338208.819284494849853, 6729321.363565337844193 ], [ 338133.714722834294662, 6729316.129381244070828 ], [ 338132.255323254677933, 6729316.03838939126581 ], [ 338010.305574556521606, 6729309.329642565920949 ], [ 338002.897102041752078, 6729309.197015157900751 ], [ 337980.979296084609814, 6729309.616936391219497 ], [ 337977.823469415889122, 6729309.727264806628227 ], [ 337923.086676336126402, 6729312.506744438782334 ], [ 337917.190166238928214, 6729312.981359214521945 ], [ 337894.175645363109652, 6729315.520884073339403 ], [ 337892.735295546881389, 6729315.690399241633713 ], [ 337870.108335566124879, 6729318.519869877956808 ], [ 337866.495336787018459, 6729319.038804555311799 ], [ 337845.797935342823621, 6729322.398176124319434 ], [ 337843.778793795150705, 6729322.747169055975974 ], [ 337822.355746397050098, 6729326.676434049382806 ], [ 337817.457487196254078, 6729327.702152466401458 ], [ 337768.542353537457529, 6729339.229996223002672 ], [ 337763.408988486102317, 6729340.584570212289691 ], [ 337719.482670693018008, 6729353.432167232967913 ], [ 337715.208484396571293, 6729354.787016685120761 ], [ 337692.160979553125799, 6729362.665543149225414 ], [ 337687.051642513426486, 6729364.569202957674861 ], [ 337637.130499607708771, 6729384.735431332141161 ], [ 337631.104138895869255, 6729387.404096079058945 ], [ 337584.390680883487221, 6729409.959877647459507 ], [ 337578.356664151477162, 6729413.131434753537178 ], [ 337534.850891030975617, 6729437.926797554828227 ], [ 337529.057779979193583, 6729441.49489035923034 ], [ 337510.942369892552961, 6729453.52129062730819 ], [ 337462.49944044824224, 6729485.225805611349642 ], [ 337458.704505105270073, 6729487.836261864751577 ], [ 337423.617874143703375, 6729513.18152192980051 ], [ 337421.005968526587822, 6729515.133853297680616 ], [ 337409.807932129828259, 6729523.792234063148499 ], [ 337390.833120039256755, 6729538.484546631574631 ], [ 337365.159536891093012, 6729558.273890185169876 ], [ 337362.275115583732259, 6729560.583414390683174 ], [ 337345.787655215535779, 6729574.292238909751177 ], [ 337269.41100855905097, 6729636.599909694865346 ], [ 337238.706873725459445, 6729661.078419052064419 ], [ 337214.057277155399788, 6729679.695628549903631 ], [ 337213.151007717300672, 6729680.388262964785099 ], [ 337155.024561236845329, 6729725.340005691163242 ], [ 337126.449289853975642, 6729745.531201490201056 ], [ 337124.527255852299277, 6729746.923794490285218 ], [ 337104.016085598384961, 6729762.159431439824402 ], [ 336988.992881126818247, 6729845.86603057384491 ], [ 336783.655005735752638, 6729946.978177826851606 ], [ 336758.094270160014275, 6729965.020308270119131 ], [ 336739.359890951018315, 6729990.078095677308738 ], [ 336729.28571967582684, 6730019.698709229938686 ], [ 336728.857886409794446, 6730050.982676893472672 ], [ 336738.118270453822333, 6730080.867705945856869 ], [ 336756.160400896857027, 6730106.428441521711648 ], [ 336781.21818830416305, 6730125.162820730358362 ], [ 336810.838801856501959, 6730135.236992006190121 ], [ 336842.122769520326983, 6730135.664825271815062 ], [ 336872.007798572594766, 6730126.40444122813642 ], [ 337085.059098649478983, 6730021.494061763398349 ], [ 337099.724402314866893, 6730012.636692574247718 ], [ 337222.094696904881857, 6729923.583346840925515 ], [ 337222.882288786815479, 6729923.004277956672013 ], [ 337242.83308670273982, 6729908.184883931651711 ], [ 337272.200754143763334, 6729887.433783600106835 ], [ 337275.668791785195936, 6729884.869384353980422 ], [ 337335.050439380342141, 6729838.946939288638532 ], [ 337360.289792971627321, 6729819.884301404468715 ], [ 337362.358505581971258, 6729818.2788912570104 ], [ 337394.526060807984322, 6729792.633687252178788 ], [ 337395.401242335443385, 6729791.927875724621117 ], [ 337472.575338570517488, 6729728.969649724662304 ], [ 337473.296251412306447, 6729728.375904373824596 ], [ 337488.721909683546983, 6729715.549936176277697 ], [ 337513.018791867012624, 6729696.821761537343264 ], [ 337513.192341235699132, 6729696.687685071490705 ], [ 337532.172056865296327, 6729681.991545585915446 ], [ 337542.052782363432925, 6729674.35171655099839 ], [ 337573.95014264585916, 6729651.310265445150435 ], [ 337620.739837483735755, 6729620.687745335511863 ], [ 337621.2872564754216, 6729620.326906463131309 ], [ 337636.839955479605123, 6729610.001830598339438 ], [ 337674.425518980016932, 6729588.580588858574629 ], [ 337715.098703112395015, 6729568.941377889364958 ], [ 337759.43396025855327, 6729551.031633268110454 ], [ 337777.778935696580447, 6729544.760612806305289 ], [ 337817.004272056103218, 6729533.287961788475513 ], [ 337860.898445441620424, 6729522.943409197963774 ], [ 337878.851743331353646, 6729519.650541306473315 ], [ 337896.736022871278692, 6729516.747764337807894 ], [ 337916.832186998042744, 6729514.234766287729144 ], [ 337936.18468545214273, 6729512.099325313232839 ], [ 337986.38915907003684, 6729509.549992332234979 ], [ 338003.021485880308319, 6729509.231335109099746 ], [ 338120.539424372254871, 6729515.696277474053204 ], [ 338197.709798650350422, 6729521.074432097375393 ], [ 338203.306680588517338, 6729521.307212837971747 ], [ 338269.68679266620893, 6729522.207045303657651 ], [ 338278.293739689455833, 6729521.952964428812265 ], [ 338320.372958603315055, 6729518.893537005409598 ], [ 338324.131154070142657, 6729518.548890189267695 ], [ 338343.635893691971432, 6729516.388344234786928 ], [ 338387.226528686413076, 6729512.032488586381078 ], [ 338401.492905048013199, 6729509.553300289437175 ], [ 338425.134120187838562, 6729503.654403637163341 ], [ 338427.360353226889856, 6729503.071629035286605 ], [ 338615.863380166934803, 6729451.401293436996639 ], [ 338618.067704890156165, 6729450.769809833727777 ], [ 338659.140914749877993, 6729438.492106216028333 ], [ 338661.303856601996813, 6729437.818774090148509 ], [ 338783.67037102294853, 6729398.199812796898186 ], [ 339095.446497493598145, 6729314.505016895011067 ], [ 339240.817691882199142, 6729276.320727919228375 ], [ 339244.946016727131791, 6729275.141050923615694 ], [ 339286.604690935928375, 6729262.263459485955536 ], [ 339297.721721195382997, 6729258.088953603990376 ], [ 339349.968229541089386, 6729234.843301103450358 ], [ 339359.555317753867712, 6729229.943402897566557 ], [ 339385.758877787040547, 6729214.718762759119272 ], [ 339412.933842357713729, 6729199.221357530914247 ], [ 339417.299730102706235, 6729196.581750569865108 ], [ 339480.554617475310806, 6729156.099321455694735 ], [ 339481.978801047836896, 6729155.170700019225478 ], [ 339703.542118803423364, 6729008.003725740127265 ], [ 339788.182605041423813, 6728955.098237416706979 ], [ 339823.411913155927323, 6728936.309144228696823 ], [ 339824.331900938472245, 6728935.818499115295708 ], [ 339847.8277747775428, 6728927.050061949528754 ], [ 339876.309551223763265, 6728918.373240158893168 ], [ 339910.399971878447104, 6728913.927707170136273 ], [ 339966.586627997341566, 6728912.608861730434 ], [ 340098.540267755568493, 6728913.577373199164867 ], [ 340099.606749522674363, 6728913.579513854347169 ], [ 340285.877732945955358, 6728912.960116672329605 ], [ 340725.728989784838632, 6728912.780214776284993 ], [ 340727.507151316502132, 6728912.763676836155355 ], [ 340876.981970166205429, 6728910.044187008403242 ], [ 340907.469077505229507, 6728909.483958828262985 ], [ 340933.516033737978432, 6728909.004239193163812 ], [ 340972.109214428637642, 6728908.304633011110127 ], [ 341272.948998461361043, 6728902.845624146051705 ], [ 341273.201229927886743, 6728902.840728903189301 ], [ 341372.845611841825303, 6728900.78111513145268 ], [ 341373.372758791432716, 6728900.768828721717 ], [ 341459.691642431949731, 6728898.529248462058604 ], [ 341493.075409760233015, 6728897.66013368871063 ], [ 341731.898597517050803, 6728895.288574011996388 ], [ 341733.438087013142649, 6728895.261432181112468 ], [ 342117.849026784242596, 6728885.523257373832166 ], [ 342127.17851922090631, 6728884.849307414144278 ], [ 342253.721277118776925, 6728869.732135681435466 ], [ 342261.118126877991017, 6728868.566127840429544 ], [ 342421.485881184868049, 6728837.092015223577619 ], [ 342425.124300583614968, 6728836.376907652243972 ], [ 342431.388194909028243, 6728834.93524772580713 ], [ 342750.997592053026892, 6728750.47382004186511 ], [ 343223.016757706587669, 6728636.066371695138514 ], [ 343327.618895553227048, 6728610.890467947348952 ], [ 343672.69390684569953, 6728527.856629646383226 ], [ 343685.398673385730945, 6728523.888469240628183 ], [ 343779.930550133576617, 6728487.295313163660467 ], [ 343800.300117595063057, 6728476.568784676492214 ], [ 343851.136564033164177, 6728441.785289729945362 ], [ 343858.744876692828257, 6728436.027990259230137 ], [ 343950.807259060267825, 6728359.189422971569002 ], [ 343971.772822667320725, 6728341.709742549806833 ], [ 344235.13104399619624, 6728121.949380148202181 ], [ 344458.123038382444065, 6727944.964941473677754 ], [ 344467.106955599796493, 6727936.904646928422153 ], [ 344526.972746746148914, 6727876.28598325047642 ], [ 344538.772925804136321, 6727861.867240420542657 ], [ 344594.004478301969357, 6727779.832581479102373 ], [ 344602.314140152244363, 6727764.867036692798138 ], [ 344641.532006053079385, 6727677.323407754302025 ], [ 344642.108421984186862, 6727676.011600666679442 ], [ 344766.019228550139815, 6727388.438831310719252 ], [ 344794.069307130703237, 6727323.353539854288101 ], [ 344848.975942018616479, 6727198.275114140473306 ], [ 344872.767380008881446, 6727144.07116099819541 ], [ 344876.011172886588611, 6727135.672393644228578 ], [ 344904.360841521585826, 6727051.128203705884516 ], [ 344908.404703645675909, 6727034.422205455601215 ], [ 344926.00945085886633, 6726919.066266555339098 ], [ 344928.494253826502245, 6726906.64274597261101 ], [ 344929.06386410468258, 6726903.541310739703476 ], [ 344931.97963630547747, 6726886.124034428037703 ], [ 344940.616172288660891, 6726838.730582020245492 ], [ 344941.035959105298389, 6726836.250524404458702 ], [ 344953.874945635732729, 6726754.13587997853756 ], [ 344954.179110728378873, 6726752.046187396161258 ], [ 344979.502507047902327, 6726564.171320258639753 ], [ 344979.609191007213667, 6726563.354425400495529 ], [ 344986.278823303815443, 6726510.592409575358033 ], [ 345004.395943236420862, 6726402.06176767218858 ], [ 345015.185975210915785, 6726339.475592846050858 ], [ 345015.348192804958671, 6726338.506243104115129 ], [ 345018.691650645458139, 6726317.905654353089631 ], [ 345023.250342286133673, 6726296.498815704137087 ], [ 345067.870726736902725, 6726114.315567418932915 ], [ 345075.050493122427724, 6726085.857620388269424 ], [ 345075.145674427156337, 6726085.477213885635138 ], [ 345115.979752579587512, 6725920.907988777384162 ], [ 345116.499398442858364, 6725918.707583978772163 ], [ 345143.059690519759897, 6725800.26973214186728 ], [ 345144.582504706340842, 6725791.778836851939559 ], [ 345174.070119571581017, 6725573.559644169174135 ], [ 345174.156884740339592, 6725572.901074876077473 ], [ 345176.020475618657656, 6725558.383789630606771 ], [ 345185.909036497701891, 6725481.10024001263082 ], [ 345203.239877176354639, 6725368.349761257879436 ], [ 345203.346877978881821, 6725367.636519528925419 ], [ 345224.893616562534589, 6725220.394054117612541 ], [ 345225.053910825110506, 6725219.252798167057335 ], [ 345226.983469521452207, 6725204.915479267947376 ], [ 345227.242618894786574, 6725202.823300714604557 ], [ 345244.320038174744695, 6725051.931517673656344 ], [ 345244.911216184962541, 6725043.624093420803547 ], [ 345246.395492531824857, 6724993.133535175584257 ], [ 345246.417539157730062, 6724992.250946507789195 ], [ 345248.009013490518555, 6724914.855419498868287 ], [ 345248.006260122871026, 6724910.613913742825389 ], [ 345244.518213736184407, 6724751.063749606721103 ], [ 345244.485792537743691, 6724749.894001241773367 ], [ 345229.008402669918723, 6724288.885842644609511 ], [ 345229.457109814917203, 6724260.418566087260842 ], [ 345242.58762945869239, 6724196.374459259212017 ], [ 345288.973703987605404, 6724076.5193343879655 ], [ 345407.006792119995225, 6723824.728861604817212 ], [ 345467.670140369795263, 6723696.886194929480553 ], [ 345495.078725194325671, 6723639.129192384891212 ], [ 345516.501340722257737, 6723593.98854501824826 ], [ 345519.325009458698332, 6723587.446567947976291 ], [ 345523.200618589413352, 6723577.508426421321929 ], [ 345527.763173403043766, 6723565.803895900957286 ], [ 345548.804395744926296, 6723520.461444101296365 ], [ 345631.995831240783446, 6723341.188326095230877 ], [ 345763.690140707825776, 6723076.197150147520006 ], [ 345818.623149052145891, 6722965.670133082196116 ], [ 345956.633565961441491, 6722691.85174558032304 ], [ 346004.286740849260241, 6722597.300072726793587 ], [ 346008.432920531835407, 6722589.074679834768176 ], [ 346023.284808871103451, 6722559.611136727035046 ], [ 346056.581354207824916, 6722494.324963327497244 ], [ 346180.012235493108165, 6722252.326387328095734 ], [ 346210.849736671720166, 6722191.882497989572585 ], [ 346221.959826367208734, 6722170.101162219420075 ], [ 346236.760138321493287, 6722141.088972637429833 ], [ 346237.240718007902615, 6722140.134352131746709 ], [ 346322.908171293791384, 6721967.676602732390165 ], [ 346327.191656873736065, 6721957.736881201155484 ], [ 346365.048936795268673, 6721854.906111009418964 ], [ 346368.276272377639543, 6721844.38790787756443 ], [ 346392.098899966222234, 6721748.155903559178114 ], [ 346394.03521553525934, 6721738.189212468452752 ], [ 346401.14324795641005, 6721688.148570168763399 ], [ 346402.087214246857911, 6721677.242714343592525 ], [ 346404.082741291902494, 6721614.074526843614876 ], [ 346403.902461998572107, 6721604.136534444987774 ], [ 346401.469899280345999, 6721568.343227780424058 ], [ 346400.96568712341832, 6721563.026979259215295 ], [ 346393.362897340732161, 6721500.63864582311362 ], [ 346391.641884727519937, 6721490.711672038771212 ], [ 346364.916675713961013, 6721372.343806590884924 ], [ 346361.064504502515774, 6721359.414382507093251 ], [ 346320.296397158934269, 6721250.134817387908697 ], [ 346317.758054448000621, 6721243.967087715864182 ], [ 346196.907747470599134, 6720976.073864330537617 ], [ 346185.458206511044409, 6720941.920685105025768 ], [ 346185.023547049320769, 6720940.652401391416788 ], [ 346170.095995098119602, 6720898.029403765685856 ], [ 346144.978301914292388, 6720787.714957441203296 ], [ 346049.224227898172103, 6720360.330908978357911 ], [ 346043.206186716328375, 6720333.452731717377901 ], [ 346038.373954782553483, 6720317.923645096831024 ], [ 346012.52281870302977, 6720253.775640515610576 ], [ 346010.519550385244656, 6720249.145152795128524 ], [ 346004.1371646153857, 6720235.357730984687805 ], [ 345997.12606057949597, 6720222.703199154697359 ], [ 345952.11127483175369, 6720153.746093669906259 ], [ 345948.617953970620874, 6720148.401139358058572 ], [ 345947.929562154400628, 6720147.362069396302104 ], [ 345925.975693706830498, 6720114.668902918696404 ], [ 345912.281931890291162, 6720093.844995245337486 ], [ 345859.346050618682057, 6720011.300723813474178 ], [ 345814.121762053284328, 6719929.122318588197231 ], [ 345814.085671529057436, 6719929.056406213901937 ], [ 345793.307816009153612, 6719886.005561033263803 ], [ 345793.073346474498976, 6719885.523060434497893 ], [ 345773.97222814289853, 6719846.482755752280354 ], [ 345765.12002884800313, 6719827.833270901814103 ], [ 345743.949855322600342, 6719783.203200911171734 ], [ 345743.839832773956005, 6719782.972020731307566 ], [ 345735.67631608073134, 6719765.875217749737203 ], [ 345733.037437138496898, 6719760.735923524945974 ], [ 345687.874223960214294, 6719678.7012635525316 ], [ 345680.070970482367557, 6719666.661496520042419 ], [ 345628.27799193339888, 6719598.08431990724057 ], [ 345621.396997772506438, 6719589.919349852949381 ], [ 345581.799818386847619, 6719547.727239366620779 ], [ 345537.508409063797444, 6719500.536270068958402 ], [ 345513.61193740775343, 6719471.969862173311412 ], [ 345487.847995779651683, 6719436.025489771738648 ], [ 345460.703373149794061, 6719394.039559476077557 ], [ 345436.487507214129437, 6719349.849536970257759 ], [ 345419.503361861221492, 6719315.384096630848944 ], [ 345401.392258671170566, 6719267.411127207800746 ], [ 345375.43850267061498, 6719183.459529236890376 ], [ 345370.661387896805536, 6719171.015118561685085 ], [ 345342.336458801582921, 6719109.776569886133075 ], [ 345331.746435761277098, 6719091.986228254623711 ], [ 345311.180970314831939, 6719064.401386407203972 ], [ 345308.207759166019969, 6719060.607705748640001 ], [ 345277.081766666553449, 6719022.80548351816833 ], [ 345256.779517166956794, 6718991.118087735958397 ], [ 345247.169279631925747, 6718966.154844867996871 ], [ 345244.930920143960975, 6718955.276681324467063 ], [ 345244.017396389623173, 6718945.259810071438551 ], [ 345243.252101967751514, 6718918.279069822281599 ], [ 345243.531664275447838, 6718912.659557237289846 ] ] ] ] } },
{ "type": "Feature", "properties": { }, "geometry": { "type": "MultiPolygon", "coordinates": [ [ [ [ 344600.990436178457458, 6770029.024840898811817 ], [ 344612.02040330786258, 6770016.074762294068933 ], [ 344621.05027689342387, 6770007.498363544233143 ], [ 344654.371429531020112, 6769975.808056122623384 ], [ 344663.245037520769984, 6769966.186653745360672 ], [ 344677.007076328620315, 6769949.150873005390167 ], [ 344682.399438183638267, 6769942.483143199235201 ], [ 344686.639818410854787, 6769936.844032639637589 ], [ 344700.187958242604509, 6769917.437661684118211 ], [ 344712.085854364268016, 6769900.390536362305284 ], [ 344719.837374461407308, 6769887.251078265719116 ], [ 344734.317309739126358, 6769857.776590025052428 ], [ 344738.410856817325111, 6769849.430527152493596 ], [ 344739.992544747656211, 6769846.047342594712973 ], [ 344742.301418260904029, 6769840.858312948606908 ], [ 344742.355126515671145, 6769840.737392134033144 ], [ 344750.848482644301839, 6769821.58097439352423 ], [ 344751.634662191441748, 6769819.759212952107191 ], [ 344757.43982988485368, 6769805.931798691861331 ], [ 344757.639167327259202, 6769805.45352606382221 ], [ 344770.063514806970488, 6769775.424797171726823 ], [ 344772.219389093923382, 6769770.216012923978269 ], [ 344780.750652920803986, 6769749.883948252536356 ], [ 344781.483325994049665, 6769748.089250913821161 ], [ 344789.346706379496027, 6769728.281222796067595 ], [ 344808.42461324960459, 6769680.248473525047302 ], [ 344820.977316751319449, 6769648.638524872250855 ], [ 344823.265474604791962, 6769642.253257941454649 ], [ 344848.11060295481002, 6769564.737753318622708 ], [ 344848.445752296713181, 6769563.671645894646645 ], [ 344858.17918287194334, 6769532.094004458747804 ], [ 344884.630825986270793, 6769452.288625895045698 ], [ 344885.973720355308615, 6769447.902708588168025 ], [ 344902.045129358419217, 6769390.763393603265285 ], [ 344904.288648780318908, 6769380.895959284156561 ], [ 344912.869620877841953, 6769331.775541771203279 ], [ 344915.894052970397752, 6769321.323087873868644 ], [ 344919.969290066102985, 6769302.706366675905883 ], [ 344922.595397726399824, 6769293.98342864587903 ], [ 344925.475531226198655, 6769281.622915419749916 ], [ 344937.036391086061485, 6769212.375864518806338 ], [ 344937.226339628745336, 6769211.194653426297009 ], [ 344939.411523564835079, 6769197.067295220680535 ], [ 344939.448722616943996, 6769196.824832691811025 ], [ 344945.53142715775175, 6769156.850886717438698 ], [ 344947.333762974361889, 6769145.036260920576751 ], [ 344950.053902546467725, 6769127.216360957361758 ], [ 344968.994957668299321, 6769003.168361218646169 ], [ 344988.422620499099139, 6768922.22218269854784 ], [ 344988.996548644208815, 6768919.686026622541249 ], [ 344995.354196905274875, 6768889.791616842150688 ], [ 344996.609598754381295, 6768882.61152131203562 ], [ 345001.334543666685931, 6768848.247947246767581 ], [ 345002.173487836844288, 6768838.941574668511748 ], [ 345003.876310844148975, 6768799.518475456163287 ], [ 345004.955147286236752, 6768782.729959934018552 ], [ 345005.139094739977736, 6768778.409168564714491 ], [ 345006.013137735659257, 6768736.638455190695822 ], [ 345006.663809665711597, 6768705.586516146548092 ], [ 345008.920262543600984, 6768693.425267378799617 ], [ 345012.975280289363582, 6768679.499705670401454 ], [ 345013.774917158996686, 6768676.758136712945998 ], [ 345024.455410000809934, 6768654.72834247816354 ], [ 345046.136002304381691, 6768610.022174431011081 ], [ 345067.799707838508766, 6768573.232259831391275 ], [ 345071.109857152390759, 6768567.784710175357759 ], [ 345074.882819791266229, 6768561.567631579004228 ], [ 345075.400638098886702, 6768560.704605311155319 ], [ 345116.244357564777602, 6768491.84903075825423 ], [ 345122.636378884548321, 6768481.079760051332414 ], [ 345126.87231123103993, 6768474.721247827634215 ], [ 345144.006125974410679, 6768449.008811637759209 ], [ 345153.200586211693007, 6768438.236503916792572 ], [ 345168.36738943378441, 6768423.331969154067338 ], [ 345226.582292959617916, 6768375.703526924364269 ], [ 345227.201861393987201, 6768375.19246069714427 ], [ 345242.349720648955554, 6768362.594816544093192 ], [ 345315.47198135103099, 6768301.74815918225795 ], [ 345319.222065984737128, 6768298.466085890308022 ], [ 345349.675008792197332, 6768270.443329230882227 ], [ 345410.365233035990968, 6768218.013521231710911 ], [ 345418.969634615583345, 6768210.587179966270924 ], [ 345424.086959122796543, 6768206.175181791186333 ], [ 345481.076710556226317, 6768156.952220117673278 ], [ 345494.175961377390195, 6768148.764183927327394 ], [ 345557.189599555102177, 6768109.398683902807534 ], [ 345592.543706662370823, 6768087.975121865049005 ], [ 345642.933127935917582, 6768058.754647574387491 ], [ 345647.878398091648705, 6768055.691331358626485 ], [ 345671.803450468869414, 6768039.890120866708457 ], [ 345674.041537432232872, 6768038.416160541586578 ], [ 345674.128798194869887, 6768038.358626904897392 ], [ 345719.720803466509096, 6768008.264254841022193 ], [ 345723.475109245919157, 6768005.661071185953915 ], [ 345744.694663159258198, 6767990.218230918981135 ], [ 345879.269969035754912, 6767896.036191398277879 ], [ 345884.714484773052391, 6767891.942698610946536 ], [ 345908.262234993570019, 6767872.949053693562746 ], [ 345919.686033232777845, 6767864.48637592419982 ], [ 345975.619000798440538, 6767822.9930539149791 ], [ 346004.692124527471606, 6767802.654601639136672 ], [ 346007.954882829799317, 6767800.272515395656228 ], [ 346017.705516122689005, 6767792.847222672775388 ], [ 346069.296139964426402, 6767753.56889982521534 ], [ 346130.45744470320642, 6767708.488674649968743 ], [ 346131.424705412238836, 6767707.766685623675585 ], [ 346189.37459436658537, 6767663.964297000318766 ], [ 346251.875997785420623, 6767617.012146286666393 ], [ 346253.576665996748488, 6767615.705815355293453 ], [ 346457.633956343866885, 6767455.455664039589465 ], [ 346534.069159801409114, 6767402.174288539215922 ], [ 346597.659960432501975, 6767359.926365843974054 ], [ 346740.825660529488232, 6767267.660324595868587 ], [ 346798.682415367453359, 6767243.236377477645874 ], [ 346900.209670663403813, 6767225.147253548726439 ], [ 346978.67793854692718, 6767213.663962821476161 ], [ 346986.667735083552543, 6767212.160707872360945 ], [ 347028.334655284765176, 6767202.552504920400679 ], [ 347035.824505667143967, 6767200.516253599897027 ], [ 347056.233297982893419, 6767194.107452193275094 ], [ 347063.370844651595689, 6767191.565252065658569 ], [ 347073.331984504591674, 6767187.585996255278587 ], [ 347079.068509281321894, 6767185.083480469882488 ], [ 347114.798326335439924, 6767168.146647905930877 ], [ 347127.633012218517251, 6767160.857165689580142 ], [ 347144.537264488521032, 6767149.529284114949405 ], [ 347149.860714632610325, 6767145.703256758861244 ], [ 347189.845455762639176, 6767114.929011784493923 ], [ 347190.398627461807337, 6767114.500172330066562 ], [ 347263.317799633019604, 6767057.56082043517381 ], [ 347266.267041173763573, 6767055.166337792761624 ], [ 347277.034077979275025, 6767046.079901405610144 ], [ 347307.269864661968313, 6767020.566537741571665 ], [ 347318.251275719085243, 6767011.297117432579398 ], [ 347325.616340101871174, 6767005.087951421737671 ], [ 347326.252454640401993, 6767004.547111675143242 ], [ 347334.869500321976375, 6766997.158493398688734 ], [ 347337.5998442164273, 6766994.729419376701117 ], [ 347386.937387008743826, 6766949.193826101720333 ], [ 347430.494499255437404, 6766909.007231271825731 ], [ 347439.201960034377407, 6766899.892597236670554 ], [ 347471.266727748443373, 6766861.784283365122974 ], [ 347507.479223212285433, 6766818.756886559538543 ], [ 347509.599376074271277, 6766816.150066912174225 ], [ 347556.30458842322696, 6766756.711182213388383 ], [ 347562.620912923302967, 6766747.691554464399815 ], [ 347567.545921633660328, 6766739.762835814617574 ], [ 347582.036262135021389, 6766716.446991604752839 ], [ 347592.365241973020602, 6766694.075745704583824 ], [ 347598.839182405441534, 6766673.797712570987642 ], [ 347607.856042087718379, 6766647.106497621163726 ], [ 347608.915517066954635, 6766643.779877166263759 ], [ 347621.168345872894861, 6766602.849845970980823 ], [ 347638.199515494052321, 6766545.967977696098387 ], [ 347661.056965232128277, 6766472.185642164200544 ], [ 347662.768514578288887, 6766465.955561856739223 ], [ 347667.419245577882975, 6766446.599181487224996 ], [ 347672.828911579155829, 6766424.047773472964764 ], [ 347674.989233788393904, 6766411.644192677922547 ], [ 347680.175953502359334, 6766364.44301921967417 ], [ 347680.279784126498271, 6766363.452735940925777 ], [ 347680.933398274355568, 6766356.904722301289439 ], [ 347683.061191844637506, 6766335.848311873152852 ], [ 347686.796124859363772, 6766302.802643437869847 ], [ 347687.004100122838281, 6766300.778137377463281 ], [ 347689.69903460459318, 6766271.629816462285817 ], [ 347691.254450894019101, 6766254.866081902757287 ], [ 347692.514511677145492, 6766241.335514271631837 ], [ 347694.860042699379846, 6766216.010804858058691 ], [ 347711.060981159273069, 6766138.135523553006351 ], [ 347736.639522816927638, 6766048.462571645155549 ], [ 347739.440044582472183, 6766038.641199056059122 ], [ 347746.594872713438235, 6766015.741901927627623 ], [ 347750.618228722945787, 6765996.174013896845281 ], [ 347752.09219461173052, 6765981.876712270081043 ], [ 347754.712343248305842, 6765956.561470572836697 ], [ 347753.163935818651225, 6765925.977784156799316 ], [ 347735.352626916952431, 6765840.013859056867659 ], [ 347734.622832978377119, 6765836.764874446205795 ], [ 347717.600399769376963, 6765766.476527720689774 ], [ 347714.921536620473489, 6765752.509766886942089 ], [ 347710.259541787672788, 6765728.183250801637769 ], [ 347709.425090301956516, 6765697.51424671150744 ], [ 347708.517906854744069, 6765664.130841230042279 ], [ 347710.432744039280806, 6765606.818244891241193 ], [ 347712.505561329424381, 6765566.030298480764031 ], [ 347724.070793924853206, 6765461.463067073374987 ], [ 347730.153628728876356, 6765424.352619079872966 ], [ 347744.814928015286569, 6765334.9096375470981 ], [ 347745.428100538963918, 6765330.577064097858965 ], [ 347754.820268613111693, 6765251.83178935199976 ], [ 347755.496792209451087, 6765237.652981960214674 ], [ 347752.743614869832527, 6765119.799932832829654 ], [ 347750.795424267940689, 6764993.778471738100052 ], [ 347750.714916856377386, 6764991.025093596428633 ], [ 347742.840010648360476, 6764808.019315172918141 ], [ 347742.479749678401276, 6764802.81378922984004 ], [ 347730.117961260140873, 6764673.342017073184252 ], [ 347726.684273551101796, 6764541.494570950977504 ], [ 347727.017529196571559, 6764447.70408281031996 ], [ 347734.945950731169432, 6764363.533056952059269 ], [ 347752.795369575440418, 6764268.395359358750284 ], [ 347781.72540099627804, 6764144.410196143202484 ], [ 347816.981535005092155, 6764005.36142984777689 ], [ 347817.661737637943588, 6764002.503117765299976 ], [ 347837.369622617494315, 6763913.929680950939655 ], [ 347838.373511252808385, 6763908.785487661138177 ], [ 347853.420865118736401, 6763819.257792771793902 ], [ 347879.203466934035532, 6763700.314784523099661 ], [ 347879.409919614321552, 6763699.338870381936431 ], [ 347884.909986275073607, 6763672.683854853734374 ], [ 347905.510634374746587, 6763572.791879687458277 ], [ 347905.7816909312387, 6763571.429787092842162 ], [ 347918.146451540291309, 6763506.959776922129095 ], [ 347935.180978080548812, 6763419.184746594168246 ], [ 347952.343399581091944, 6763331.42632835637778 ], [ 347964.18740416347282, 6763287.233901961706579 ], [ 347975.756415190582629, 6763244.903009090572596 ], [ 347995.898040967178531, 6763197.987449423409998 ], [ 347999.548601107206196, 6763188.068340907804668 ], [ 348016.254950290895067, 6763134.018448243848979 ], [ 348016.372069774719421, 6763133.636834717355669 ], [ 348035.733623523556162, 6763070.098716365173459 ], [ 348038.375403700512834, 6763059.31475468352437 ], [ 348050.565378209459595, 6762994.067881245166063 ], [ 348052.086912192287855, 6762986.409006646834314 ], [ 348056.714952313282993, 6762963.111276579089463 ], [ 348057.066415738547221, 6762961.429943103343248 ], [ 348057.116519089613575, 6762961.188775716349483 ], [ 348061.660052417370025, 6762939.182890801690519 ], [ 348073.56784152117325, 6762881.500778750516474 ], [ 348086.184275742503814, 6762820.364873237907887 ], [ 348098.748276093509048, 6762787.550762508995831 ], [ 348100.236095747095533, 6762783.392159947194159 ], [ 348134.203496273083147, 6762681.402669774368405 ], [ 348204.782262380758766, 6762472.302950433455408 ], [ 348205.993691120878793, 6762468.460094531066716 ], [ 348219.022334629495163, 6762424.028403258882463 ], [ 348220.170695358305238, 6762419.765844683162868 ], [ 348228.213455580058508, 6762387.053874854929745 ], [ 348231.753943159012124, 6762375.917503703385592 ], [ 348235.710633723356295, 6762357.791727757081389 ], [ 348242.167233897722326, 6762305.141573275439441 ], [ 348242.805812778882682, 6762288.388676627539098 ], [ 348239.424962963617872, 6762214.662463241256773 ], [ 348237.80630641116295, 6762200.756693824194372 ], [ 348223.070746762445197, 6762122.421342235989869 ], [ 348216.408095841994509, 6762100.821484630927444 ], [ 348181.593583015084732, 6762021.256362841464579 ], [ 348179.103784922277555, 6762015.989497514441609 ], [ 348114.565590641344897, 6761889.16545117739588 ], [ 348058.201954683230724, 6761775.311715805903077 ], [ 348053.913734543602914, 6761767.53787502553314 ], [ 347992.357519560842775, 6761666.796712886542082 ], [ 347989.800405906396918, 6761662.825731689110398 ], [ 347961.784090150031261, 6761621.49663910921663 ], [ 347929.755468846764416, 6761573.142051153816283 ], [ 347925.710070694738533, 6761567.47368838917464 ], [ 347872.869786398136057, 6761498.63603003975004 ], [ 347847.718576220213436, 6761464.357704758644104 ], [ 347770.434125143452547, 6761358.026145718991756 ], [ 347725.540055908437353, 6761296.238708288408816 ], [ 347671.423853527230676, 6761217.230519364587963 ], [ 347669.622536930954084, 6761214.686615296639502 ], [ 347576.772840715304483, 6761087.800341966561973 ], [ 347570.871495013823733, 6761080.483811523765326 ], [ 347506.536385665647686, 6761007.977369527332485 ], [ 347499.097501210519113, 6761000.438682994805276 ], [ 347318.296628373092972, 6760835.655452742241323 ], [ 347280.003018592309672, 6760797.778984263539314 ], [ 347278.3023243797943, 6760796.136137860827148 ], [ 347162.866190982516855, 6760687.235194510780275 ], [ 347039.709534130524844, 6760561.912653434090316 ], [ 346946.536119506577961, 6760463.886649045161903 ], [ 346858.893025958794169, 6760366.529627036303282 ], [ 346799.127657323842868, 6760293.630985197611153 ], [ 346784.548622272792272, 6760268.957507325336337 ], [ 346782.977346500731073, 6760266.387475058436394 ], [ 346769.961163543688599, 6760245.80103503074497 ], [ 346743.903268546331674, 6760204.545199252665043 ], [ 346687.731983139587101, 6760091.215636484324932 ], [ 346619.020001986413263, 6759949.564802894368768 ], [ 346542.361303143377881, 6759789.274877162650228 ], [ 346540.651897523319349, 6759785.868889488279819 ], [ 346478.493726418004371, 6759667.690987966954708 ], [ 346475.899615332134999, 6759663.061436406336725 ], [ 346378.984652959508821, 6759500.381856300868094 ], [ 346377.360778917674907, 6759497.749508822336793 ], [ 346279.274887775012758, 6759344.118236696347594 ], [ 346253.264995570993051, 6759303.382592217065394 ], [ 346252.286155220295768, 6759301.879465668462217 ], [ 346177.629180729330983, 6759189.452810905873775 ], [ 346149.808283870399464, 6759141.653102148324251 ], [ 346122.565718528057914, 6759088.212044640444219 ], [ 346067.4233715487062, 6758954.678261401131749 ], [ 346067.234560339304153, 6758954.224200312979519 ], [ 346009.908858317532577, 6758817.315443035215139 ], [ 345952.718681750528049, 6758672.096831965260208 ], [ 345952.16341671475675, 6758670.71707408875227 ], [ 345894.878618019807618, 6758531.373130613006651 ], [ 345894.358242681715637, 6758530.131173949688673 ], [ 345821.810141444555484, 6758360.202949532307684 ], [ 345819.391163163818419, 6758354.96138602681458 ], [ 345738.236323675431777, 6758191.671531639061868 ], [ 345692.582116674864665, 6758094.141581105068326 ], [ 345671.428614241478499, 6758012.352405671030283 ], [ 345654.501558475778438, 6757916.685357602313161 ], [ 345656.705445373954717, 6757827.527832490392029 ], [ 345674.358887847105507, 6757704.592679995112121 ], [ 345705.756054726836737, 6757568.401753943413496 ], [ 345705.816865806235, 6757568.13632442150265 ], [ 345777.647571350738872, 6757252.635323081165552 ], [ 345777.725043688435107, 6757252.292256344109774 ], [ 345845.397220718732569, 6756950.151224297471344 ], [ 345919.216350433416665, 6756650.705739917233586 ], [ 345996.49607331585139, 6756356.369259804487228 ], [ 345997.531190341745969, 6756352.03599242027849 ], [ 346022.326843200775329, 6756236.947513957507908 ], [ 346022.796648797520902, 6756234.634693793021142 ], [ 346047.897402943286579, 6756103.129285266622901 ], [ 346048.778719620720949, 6756097.707253971137106 ], [ 346061.997021091112401, 6755999.405636294744909 ], [ 346062.369304538937286, 6755996.260783449746668 ], [ 346073.014861344941892, 6755892.25023331400007 ], [ 346073.434538470231928, 6755886.539970951154828 ], [ 346078.761440458707511, 6755767.532225213013589 ], [ 346078.822120954864658, 6755765.86555477231741 ], [ 346082.483335757395253, 6755635.38995348662138 ], [ 346082.428931249247398, 6755628.255870474502444 ], [ 346076.739208522369154, 6755496.950424292124808 ], [ 346076.609813152812421, 6755494.602772342041135 ], [ 346054.609550344117451, 6755165.834251225925982 ], [ 346054.599853435938712, 6755165.690888306125998 ], [ 346047.846399433619808, 6755066.899362069554627 ], [ 346037.569763569917995, 6754916.646598719060421 ], [ 346024.786416891787667, 6754724.505155622959137 ], [ 346024.719968139543198, 6754723.572271432727575 ], [ 345976.172606206731871, 6754084.21030502859503 ], [ 345977.119879895763006, 6754020.05929038580507 ], [ 345978.09027898759814, 6753954.87216021027416 ], [ 346001.280736338638235, 6753681.877946535125375 ], [ 346004.830259778536856, 6753649.643172335810959 ], [ 346005.153017519274727, 6753646.149839084595442 ], [ 346022.865377546346281, 6753409.124162614345551 ], [ 346023.127750190149527, 6753403.442653531208634 ], [ 346025.016079811379313, 6753296.802595040760934 ], [ 346024.757973398023751, 6753287.637451618909836 ], [ 346015.423528954968788, 6753161.750992082990706 ], [ 346014.702323950943537, 6753152.091649846173823 ], [ 346014.327989204146434, 6753148.137499495409429 ], [ 345994.717183059023228, 6752977.233741016127169 ], [ 345992.701392251707148, 6752956.869199395179749 ], [ 345985.216508695099037, 6752868.897177963517606 ], [ 345988.166285647312179, 6752823.611207575537264 ], [ 345991.540432174922898, 6752771.966918627731502 ], [ 346009.38789993757382, 6752630.234922615811229 ], [ 346013.449844993767329, 6752605.442086608149111 ], [ 346013.818670898210257, 6752603.002650560811162 ], [ 346047.594193539349362, 6752359.308221303857863 ], [ 346048.104318041994702, 6752354.915302391164005 ], [ 346058.08195077907294, 6752248.505200980231166 ], [ 346058.285228033084422, 6752245.99853789806366 ], [ 346060.470412139431573, 6752214.074507657438517 ], [ 346060.653866596869193, 6752204.083898199722171 ], [ 346058.625356926990207, 6752139.955890014767647 ], [ 346058.442723430169281, 6752136.300561124458909 ], [ 346056.216310025600251, 6752103.716654233634472 ], [ 346055.331759927328676, 6752095.62767976988107 ], [ 346047.737215880479198, 6752045.247100780718029 ], [ 346046.82066999853123, 6752040.087940085679293 ], [ 346036.661627204855904, 6751990.487215246073902 ], [ 346036.489080176805146, 6751989.662460238672793 ], [ 346005.978937837295234, 6751846.832347522489727 ], [ 345990.364884546608664, 6751770.190774046815932 ], [ 345989.529506207560189, 6751766.456979575566947 ], [ 345970.720040704181883, 6751689.341390184126794 ], [ 345912.306912968459073, 6751412.513998504728079 ], [ 345912.1410022933851, 6751411.74279628880322 ], [ 345863.962949765904341, 6751192.0153982732445 ], [ 345859.163145877013449, 6751166.440862867981195 ], [ 345858.207777117844671, 6751161.927365591749549 ], [ 345846.321176521829329, 6751111.53800308611244 ], [ 345816.334422803018242, 6750970.181245817802846 ], [ 345814.71791188721545, 6750963.65138076338917 ], [ 345772.844843744649552, 6750815.988992999307811 ], [ 345772.019531398138497, 6750813.230526837520301 ], [ 345729.156945957976859, 6750677.135975900106132 ], [ 345727.229258454230148, 6750671.589242605492473 ], [ 345674.380795293662231, 6750532.805194511078298 ], [ 345672.748985952581279, 6750528.784488765522838 ], [ 345613.048116190242581, 6750390.380369557067752 ], [ 345612.667419740639161, 6750389.509213564917445 ], [ 345542.791014952235855, 6750231.658730702474713 ], [ 345541.810027094499674, 6750229.511520434170961 ], [ 345527.016745249391533, 6750198.117390947416425 ], [ 345478.807146810984705, 6750095.881331423297524 ], [ 345478.188403617881704, 6750094.593130989931524 ], [ 345440.332117956655566, 6750017.199632512405515 ], [ 345410.26002881367458, 6749955.713148907758296 ], [ 345408.564801396569237, 6749952.40432648267597 ], [ 345243.734189714014065, 6749644.903919793665409 ], [ 345126.333220035361592, 6749420.880904474295676 ], [ 345105.728784091596026, 6749381.279465897940099 ], [ 345105.48095999303041, 6749380.806242667138577 ], [ 345080.939825155655853, 6749334.247644238173962 ], [ 345047.959809585066978, 6749261.928333738818765 ], [ 345040.603756444528699, 6749236.08734786324203 ], [ 345035.843729564803652, 6749209.021412719041109 ], [ 345035.343741295917425, 6749201.501843838021159 ], [ 345030.739968872396275, 6749132.656947790645063 ], [ 345029.905812059121672, 6749120.219659894704819 ], [ 345029.714182060153689, 6749117.801951312460005 ], [ 345022.507199192186818, 6749039.016683966852725 ], [ 345020.899175821105018, 6749021.439335783012211 ], [ 345020.447870327567216, 6749017.408851085230708 ], [ 344996.031535158865154, 6748833.213295134715736 ], [ 344995.185208208626136, 6748827.921437065117061 ], [ 344970.90905413206201, 6748698.475642998702824 ], [ 344963.948813122755382, 6748661.369184580631554 ], [ 344957.433333708089776, 6748640.078677861019969 ], [ 344942.137061324669048, 6748604.743422154337168 ], [ 344939.053048417379614, 6748597.602907881140709 ], [ 344937.815618621592876, 6748594.852546429261565 ], [ 344918.684953146323096, 6748553.990187446586788 ], [ 344913.735717644973192, 6748544.720862620510161 ], [ 344889.781155811389908, 6748505.028284845873713 ], [ 344885.797789944394026, 6748498.940094854682684 ], [ 344871.911565425805748, 6748479.313764815218747 ], [ 344855.108959461795166, 6748455.570357349701226 ], [ 344852.778899194381665, 6748452.411178151145577 ], [ 344845.261166149633937, 6748442.626389358192682 ], [ 344827.798784808081109, 6748419.894021521322429 ], [ 344822.50952913693618, 6748413.566730190999806 ], [ 344798.282849954033736, 6748386.901716277934611 ], [ 344796.395429741125554, 6748384.881176848895848 ], [ 344773.034578080696519, 6748360.555725449696183 ], [ 344762.424721625633538, 6748350.981983103789389 ], [ 344718.589110005414113, 6748316.778378712013364 ], [ 344713.437252280418761, 6748313.016610332764685 ], [ 344667.795771739678457, 6748281.872433817945421 ], [ 344662.417416824260727, 6748278.448490322567523 ], [ 344612.636455984087661, 6748248.944007147103548 ], [ 344602.500310288509354, 6748243.693821331486106 ], [ 344550.4929356953362, 6748220.41817335691303 ], [ 344542.184779006813187, 6748217.136988990940154 ], [ 344501.977396925387438, 6748203.299576178193092 ], [ 344493.856758996669669, 6748200.884398140944541 ], [ 344432.201591629069299, 6748185.357301105745137 ], [ 344422.292103246669285, 6748183.388033898547292 ], [ 344367.349160810408648, 6748175.329540305770934 ], [ 344356.526167663221713, 6748174.339039499871433 ], [ 344301.541995290492196, 6748172.309418515302241 ], [ 344296.40236707002623, 6748172.251885736361146 ], [ 344217.851193358597811, 6748173.391671859659255 ], [ 344215.875307979644276, 6748173.439876462332904 ], [ 344158.86808780458523, 6748175.394515688531101 ], [ 344112.258221879019402, 6748176.856659648939967 ], [ 344079.665603663073853, 6748176.776950058527291 ], [ 344049.031012718798593, 6748175.162684321403503 ], [ 344039.660020406357944, 6748173.648501274175942 ], [ 344009.822831595491152, 6748167.952893245965242 ], [ 343984.011411100160331, 6748161.446887898258865 ], [ 343958.23234410234727, 6748153.746436395682395 ], [ 343930.017191843013279, 6748143.531217130832374 ], [ 343885.651698050904088, 6748124.575912642292678 ], [ 343866.723457731015515, 6748113.615213409997523 ], [ 343850.411473357991781, 6748102.054905929602683 ], [ 343822.793827037850861, 6748080.051548735238612 ], [ 343799.408094335405622, 6748059.330357393249869 ], [ 343783.837045973807108, 6748043.61095810122788 ], [ 343767.143409534182865, 6748023.578429469838738 ], [ 343740.525587591575459, 6747986.785150969401002 ], [ 343724.669924894638825, 6747961.621144524775445 ], [ 343714.289180101826787, 6747938.269581079483032 ], [ 343702.978635752748232, 6747907.797997636720538 ], [ 343691.487582071858924, 6747868.851453896611929 ], [ 343682.888584496686235, 6747834.463875557295978 ], [ 343670.094427230884321, 6747772.146455391310155 ], [ 343655.397848753724247, 6747691.712508438155055 ], [ 343655.288776712899562, 6747691.125477465800941 ], [ 343634.822263670386747, 6747582.775738504715264 ], [ 343634.050174322037492, 6747579.07357011642307 ], [ 343625.644136197224725, 6747542.26371271815151 ], [ 343601.324686112697236, 6747403.074117694981396 ], [ 343598.833955877344124, 6747388.74169300403446 ], [ 343598.540395991934929, 6747387.130760317668319 ], [ 343547.796948461385909, 6747121.042941281571984 ], [ 343546.06980029377155, 6747036.54383270163089 ], [ 343569.290888544986956, 6746918.383253370411694 ], [ 343582.630037466355134, 6746867.550813459791243 ], [ 343583.096608156978618, 6746865.701134948059916 ], [ 343601.722029506985564, 6746788.775725934654474 ], [ 343605.771428465901408, 6746772.800698614679277 ], [ 343612.759175274870358, 6746747.850582801736891 ], [ 343613.296946275397204, 6746745.850950009189546 ], [ 343615.544605945062358, 6746737.134458118118346 ], [ 343631.302885856712237, 6746689.893804519437253 ], [ 343648.527070366486441, 6746647.093452830798924 ], [ 343664.383154691022355, 6746613.060122525319457 ], [ 343693.302653503953479, 6746555.588219941593707 ], [ 343724.17650289402809, 6746504.983893756754696 ], [ 343727.670178833825048, 6746498.769611797295511 ], [ 343750.816635760013014, 6746453.927997334860265 ], [ 343755.858875196427107, 6746442.445200026035309 ], [ 343771.938530113024171, 6746398.533411619253457 ], [ 343775.369679179391824, 6746387.086917297914624 ], [ 343785.190637787396554, 6746345.414710028097034 ], [ 343787.024236396187916, 6746335.35551795642823 ], [ 343792.227448056277353, 6746295.293009642511606 ], [ 343793.02657312725205, 6746285.011644283309579 ], [ 343793.735727385617793, 6746257.726746521890163 ], [ 343793.717832044756506, 6746251.914806473068893 ], [ 343792.563395659148227, 6746216.011520324274898 ], [ 343792.463320443814155, 6746213.718646921217442 ], [ 343778.799784763308708, 6745965.965796971693635 ], [ 343773.0580680584535, 6745861.823474451899529 ], [ 343772.617521212028805, 6745822.059403705410659 ], [ 343774.188061318127438, 6745794.844051112420857 ], [ 343789.546178285963833, 6745656.615235355682671 ], [ 343789.692840481002349, 6745655.204080323688686 ], [ 343800.34664339502342, 6745545.104668855667114 ], [ 343800.709244700323325, 6745539.995518389157951 ], [ 343804.560116629174445, 6745454.93142528925091 ], [ 343804.628348115191329, 6745447.798469563946128 ], [ 343802.418427188938949, 6745363.174294144846499 ], [ 343802.225090028776322, 6745359.044537398964167 ], [ 343797.23627486260375, 6745285.198346487246454 ], [ 343797.220156446855981, 6745284.963854250498116 ], [ 343796.428088102140464, 6745273.635386564768851 ], [ 343791.518840834090952, 6745198.45406312122941 ], [ 343786.442752825736534, 6745118.115027213469148 ], [ 343781.478549960360397, 6745029.989046121947467 ], [ 343780.875344214378856, 6745002.692645058035851 ], [ 343782.337835066078696, 6744971.647418606095016 ], [ 343785.337998723669443, 6744915.86009618267417 ], [ 343785.436449726461433, 6744913.517617240548134 ], [ 343787.349516926973592, 6744850.359427747316658 ], [ 343787.385720403399318, 6744845.943355628289282 ], [ 343786.717796759156045, 6744797.842350442893803 ], [ 343786.197761970048305, 6744788.951974742114544 ], [ 343781.349128152302001, 6744742.030748902820051 ], [ 343778.397540442936588, 6744726.153636208735406 ], [ 343769.285736555990297, 6744692.529923706315458 ], [ 343767.309332562377676, 6744686.101403283886611 ], [ 343755.327928811486345, 6744651.337903896346688 ], [ 343753.104632725531701, 6744645.488066926598549 ], [ 343733.95747536275303, 6744599.496667066588998 ], [ 343733.159114009293262, 6744597.632506190799177 ], [ 343723.54620176483877, 6744575.800896076485515 ], [ 343717.157465808326378, 6744561.287917362526059 ], [ 343694.522454012825619, 6744509.898857347667217 ], [ 343673.772080187278334, 6744448.957702022045851 ], [ 343671.668827944318764, 6744442.782510899938643 ], [ 343665.574368116620462, 6744414.346136801876128 ], [ 343662.446750105824322, 6744389.862700593657792 ], [ 343662.000115592789371, 6744367.899552006274462 ], [ 343663.519608413276728, 6744347.467326717451215 ], [ 343667.148600328830071, 6744325.162597745656967 ], [ 343674.725974980683532, 6744292.971423007547855 ], [ 343685.555137362738606, 6744263.149990670382977 ], [ 343685.761459910077974, 6744262.576374471187592 ], [ 343696.46473791077733, 6744232.531992830336094 ], [ 343697.576447961153463, 6744229.230589939281344 ], [ 343706.351686853333376, 6744201.588213254697621 ], [ 343725.076134038448799, 6744146.564320537261665 ], [ 343807.447793094732333, 6743904.441967394202948 ], [ 343808.712541589513421, 6743900.452461932785809 ], [ 343851.030895226227585, 6743756.579366424120963 ], [ 343853.328015656385105, 6743747.075835417956114 ], [ 343881.191172227729112, 6743600.823184743523598 ], [ 343882.757612072455231, 6743588.435850218869746 ], [ 343910.257948503189255, 6743154.686960971914232 ], [ 343910.318352850736119, 6743153.648774321191013 ], [ 343949.39979922468774, 6742415.800015323795378 ], [ 343968.751241632562596, 6742293.883866637013853 ], [ 344014.015906485321466, 6742138.396648635156453 ], [ 344145.036318644299172, 6741828.527971072122455 ], [ 344146.028698505251668, 6741826.092131041921675 ], [ 344315.293865685467608, 6741394.462846894748509 ], [ 344318.487651808594819, 6741384.935902678407729 ], [ 344370.165189369407017, 6741200.51039055082947 ], [ 344373.596921180840582, 6741180.967748129740357 ], [ 344378.288882523076609, 6741118.069510073401034 ], [ 344378.532588699192274, 6741113.213636796921492 ], [ 344380.354950239881873, 6741042.686825257726014 ], [ 344380.384697233384941, 6741040.954599130898714 ], [ 344381.572119261545595, 6740901.400695567950606 ], [ 344381.302256802853663, 6740893.159211165271699 ], [ 344375.991848548990674, 6740821.50261081662029 ], [ 344374.798221838078462, 6740811.82664068415761 ], [ 344364.177404507179745, 6740750.508107081986964 ], [ 344362.947272428136785, 6740744.505845717154443 ], [ 344352.474882509093732, 6740700.334105684421957 ], [ 344348.656960009771865, 6740687.898259864188731 ], [ 344319.919732105685398, 6740612.232409006915987 ], [ 344316.129664962587412, 6740603.523464820347726 ], [ 344270.321941931499168, 6740510.594887699000537 ], [ 344262.577641894982662, 6740494.871875559911132 ], [ 344261.255245068168733, 6740492.282702592201531 ], [ 344174.589097072428558, 6740328.517159402370453 ], [ 344099.765466510783881, 6740177.221819652244449 ], [ 344044.75341753452085, 6740047.531854116357863 ], [ 344007.009631958557293, 6739958.563889972865582 ], [ 344004.515411467989907, 6739953.140793038532138 ], [ 343939.124817880860064, 6739821.465415542945266 ], [ 343936.727272149233613, 6739816.933081681840122 ], [ 343647.425432209682185, 6739302.399296068586409 ], [ 343455.4729187884368, 6738961.048373237252235 ], [ 343455.402488563966472, 6738960.923336604610085 ], [ 343320.34163928887574, 6738721.548098171129823 ], [ 343081.932916231220588, 6738299.025245512835681 ], [ 342955.049325494037475, 6738074.196236913092434 ], [ 342624.055730425519869, 6737480.203945947811007 ], [ 342610.363343886099756, 6737461.248529308475554 ], [ 342533.840681345551275, 6737377.904113849624991 ], [ 342517.236997812055051, 6737363.411223985254765 ], [ 342341.21013533428777, 6737241.11409162543714 ], [ 342335.06821680784924, 6737237.17122741881758 ], [ 342130.476493934518658, 6737116.13999891653657 ], [ 341961.102606197237037, 6737014.716332724317908 ], [ 341956.640730598301161, 6737012.197492961771786 ], [ 341889.156821374548599, 6736976.349195166490972 ], [ 341843.359826104016975, 6736952.008745794184506 ], [ 341834.820110933564138, 6736947.975072911009192 ], [ 340817.648808089958038, 6736525.052052552811801 ], [ 340694.452953850093763, 6736468.339138969779015 ], [ 340675.374118947598618, 6736458.776167963631451 ], [ 340658.405994962784462, 6736448.818300807848573 ], [ 340642.134704583499115, 6736437.74988098628819 ], [ 340626.611681328504346, 6736425.621502190828323 ], [ 340611.951995139592327, 6736412.516517328098416 ], [ 340598.193671040527988, 6736398.458086645230651 ], [ 340585.375134557136334, 6736383.499750739894807 ], [ 340573.573710139433388, 6736367.731345223262906 ], [ 340561.957408287853468, 6736349.854111073538661 ], [ 340467.5744055424002, 6736193.412821548059583 ], [ 340097.028080807300285, 6735491.754326953552663 ], [ 340096.552095506922342, 6735490.863926009275019 ], [ 340062.735345887136646, 6735428.365612774156034 ], [ 340056.778453910315875, 6735418.708985376171768 ], [ 339920.159114694630262, 6735223.025576543062925 ], [ 339907.270084041461814, 6735207.989889641292393 ], [ 339757.275387801171746, 6735064.586181640625 ], [ 339574.023782270611264, 6734883.618897451087832 ], [ 339565.960726943565533, 6734876.47212640196085 ], [ 339482.783561086689588, 6734810.394481976516545 ], [ 339471.606240157911088, 6734802.691662473604083 ], [ 339384.297839838953223, 6734750.89134815428406 ], [ 339383.478909137193114, 6734750.410716347396374 ], [ 339186.680431414046325, 6734636.16207863483578 ], [ 339174.028476212581154, 6734629.964668923988938 ], [ 338924.769094833231065, 6734528.963553367182612 ], [ 338924.253761953616049, 6734528.756402185186744 ], [ 338566.254686819214839, 6734386.003093079663813 ], [ 338552.924816442362498, 6734381.741956021636724 ], [ 338500.200041822448839, 6734368.874361680820584 ], [ 338480.355908866273239, 6734366.097773745656013 ], [ 338404.105362729751505, 6734363.148324474692345 ], [ 338390.334328342869412, 6734363.565433340147138 ], [ 338246.37204237334663, 6734377.896567441523075 ], [ 338145.925038924557157, 6734385.521893916651607 ], [ 337938.012973173579667, 6734376.338534371927381 ], [ 337927.237753042427357, 6734376.443747188895941 ], [ 337804.603588072117418, 6734384.262283808551729 ], [ 337791.767488301149569, 6734385.919915368780494 ], [ 337685.410881119605619, 6734406.726023500785232 ], [ 337684.843264729250222, 6734406.838770215399563 ], [ 337495.591871091688517, 6734444.999671056866646 ], [ 337301.673524242418353, 6734483.041949296370149 ], [ 337293.70188165496802, 6734484.948105758056045 ], [ 337229.770824415027164, 6734503.034722880460322 ], [ 337212.538664988183882, 6734509.682487525045872 ], [ 337151.938982185849454, 6734539.756862998940051 ], [ 337143.821053616178688, 6734544.267017409205437 ], [ 336944.016441336541902, 6734667.750980247743428 ], [ 336872.026217018719763, 6734710.140011285431683 ], [ 336846.470317547093146, 6734722.804120481945574 ], [ 336814.77694121823879, 6734734.364103063941002 ], [ 336786.561526166333351, 6734740.008088609203696 ], [ 336703.656547589809634, 6734750.793129583820701 ], [ 336575.661338793637697, 6734744.320275370962918 ], [ 336377.970956131699495, 6734724.851760718040168 ], [ 336153.070269798394293, 6734702.502826452255249 ], [ 336025.328953156014904, 6734688.960026065818965 ], [ 336024.983585722220596, 6734688.924017368815839 ], [ 335962.315736767544877, 6734682.500109278596938 ], [ 335929.770174169563688, 6734673.513932503759861 ], [ 335855.105927347554825, 6734649.779968375340104 ], [ 335766.495025494194124, 6734618.290949671529233 ], [ 335683.922558475227561, 6734588.774221448227763 ], [ 335583.120586637814995, 6734552.088983702473342 ], [ 335578.040951111994218, 6734550.392930533736944 ], [ 335494.905014687858056, 6734525.087661679834127 ], [ 335477.591805980948266, 6734521.453449757769704 ], [ 335369.363362444099039, 6734508.585854791104794 ], [ 335365.103643768234178, 6734508.171633362770081 ], [ 335273.577437628642656, 6734501.244927737861872 ], [ 335181.597383523709141, 6734490.791965390555561 ], [ 335095.978109236515593, 6734460.738601882010698 ], [ 335045.150532432249747, 6734425.04376782104373 ], [ 334901.935139029053971, 6734275.203210837207735 ], [ 334701.745518921525218, 6734044.075929987244308 ], [ 334672.903659463685472, 6734003.361659524030983 ], [ 334661.228510014188942, 6733976.733095560222864 ], [ 334651.787330276274588, 6733939.08080509211868 ], [ 334648.677207976812497, 6733897.277948847040534 ], [ 334656.015704339253716, 6733852.825878792442381 ], [ 334680.971856012649368, 6733750.630454580299556 ], [ 334723.050023290503304, 6733617.962045291438699 ], [ 334785.701151938817929, 6733491.049205083400011 ], [ 334790.899166540941224, 6733478.409875344485044 ], [ 334829.836669629788958, 6733361.611716891638935 ], [ 334834.439191762183327, 6733340.270457624457777 ], [ 334844.589990120439325, 6733242.098815720528364 ], [ 334844.937186250463128, 6733225.76483543869108 ], [ 334831.726308268320281, 6733007.765820554457605 ], [ 334838.018831264576875, 6732877.179889789782465 ], [ 334865.277650066884235, 6732680.463481290265918 ], [ 334879.415105151303578, 6732586.51832403242588 ], [ 334879.922801505366806, 6732582.627239703200758 ], [ 334894.345016137463972, 6732452.191631183959544 ], [ 334894.750386181753129, 6732447.52877298463136 ], [ 334901.12452725978801, 6732346.987574147991836 ], [ 334901.324886364513077, 6732340.631047673523426 ], [ 334901.291973427927587, 6732228.679179245606065 ], [ 334901.963748886366375, 6732077.68703665304929 ], [ 334923.834050535748247, 6731911.061351021751761 ], [ 334945.426871225761715, 6731838.379798444919288 ], [ 334993.938932962948456, 6731734.544249046593904 ], [ 335052.148693702009041, 6731649.281276360154152 ], [ 335109.645867907383945, 6731594.57475040666759 ], [ 335209.826189143233933, 6731527.001946686767042 ], [ 335342.870948375319131, 6731465.24031157232821 ], [ 335847.590040114184376, 6731329.947535583749413 ], [ 335850.538480192073621, 6731329.108544924296439 ], [ 336070.054625567980111, 6731262.990911308676004 ], [ 336090.162961024791002, 6731254.441190636716783 ], [ 336240.742741727852263, 6731169.916998259723186 ], [ 336248.17010990640847, 6731165.309810089878738 ], [ 336381.466323610045947, 6731074.326825308613479 ], [ 336393.791661480267067, 6731064.397531912662089 ], [ 336510.158885307377204, 6730954.37810674123466 ], [ 336522.417745144397486, 6730940.411712410859764 ], [ 336645.142617635778151, 6730771.143366808071733 ], [ 336654.334961953863967, 6730755.718312012962997 ], [ 336781.281775546842255, 6730491.247769200243056 ], [ 336787.21269342926098, 6730475.687905794009566 ], [ 336849.505161328008398, 6730259.719095186330378 ], [ 336953.419490057858638, 6729988.33858949970454 ], [ 337063.807712497597095, 6729788.10609766934067 ], [ 337065.377568074094597, 6729785.142035912722349 ], [ 337226.710104914905969, 6729467.771385787054896 ], [ 337227.066399683128111, 6729467.06355988048017 ], [ 337495.778047031140886, 6728927.92438152898103 ], [ 337496.509258763224352, 6728926.426134648732841 ], [ 337610.229525498638395, 6728688.400646530091763 ], [ 337613.595749835658353, 6728680.499347259290516 ], [ 337722.038592071679886, 6728392.213257794268429 ], [ 337724.056474199460354, 6728386.293376158922911 ], [ 337813.978852924716193, 6728092.728273660875857 ], [ 337816.667271969781723, 6728081.782912557944655 ], [ 337911.083710359118413, 6727575.777536332607269 ], [ 337911.209485320199747, 6727575.090160768479109 ], [ 338037.382761895132717, 6726871.66506112832576 ], [ 338095.297372529632412, 6726658.304916786961257 ], [ 338575.908002845186274, 6725380.249490736983716 ], [ 339061.357581124815624, 6724117.447159518487751 ], [ 339061.941289345966652, 6724115.890231285244226 ], [ 339341.529382446198724, 6723350.853296235203743 ], [ 339342.817698035098147, 6723347.098539588972926 ], [ 339416.86657100514276, 6723116.471667626872659 ], [ 339419.368110785901081, 6723107.16009826771915 ], [ 339512.737309321702924, 6722678.000352158211172 ], [ 339514.465317684109323, 6722667.289175719022751 ], [ 339538.164257136755623, 6722443.860957050696015 ], [ 339538.716792818799149, 6722434.342672746628523 ], [ 339540.407219913846347, 6722270.153376155532897 ], [ 339540.412519460078329, 6722269.123872002586722 ], [ 339540.412523309350945, 6721933.420441796071827 ], [ 339560.226965333451517, 6721582.786653504706919 ], [ 339598.044606243143789, 6721336.134273207746446 ], [ 339632.543940985167865, 6721168.581582644023001 ], [ 339705.32526175287785, 6720890.691652874462306 ], [ 339806.441547846246976, 6720602.009546699002385 ], [ 339979.565567650191952, 6720235.083896325901151 ], [ 340224.741092677169945, 6719814.425193917006254 ], [ 340502.736613547313027, 6719472.022269180975854 ], [ 340708.178683797363192, 6719263.524958278983831 ], [ 341042.118334025552031, 6718991.424596728757024 ], [ 341981.474180539487861, 6718395.328391961753368 ], [ 341986.122976348910015, 6718392.192136154510081 ], [ 342230.715137688093819, 6718217.004899046383798 ], [ 342234.770946369855665, 6718213.941056347452104 ], [ 342868.779358656494878, 6717709.185453149490058 ], [ 342872.650723922590259, 6717705.940234887413681 ], [ 343119.370347693737131, 6717488.2809401107952 ], [ 343123.21663451223867, 6717484.703732746653259 ], [ 343251.433326832950115, 6717359.017237659543753 ], [ 343254.277947281079832, 6717356.113041515462101 ], [ 343434.543244950356893, 6717164.428888623602688 ], [ 343440.840992292447481, 6717157.044796018861234 ], [ 343669.576141879952047, 6716860.870183466002345 ], [ 343672.449440740165301, 6716856.956929832696915 ], [ 343815.904698814556468, 6716651.295390313491225 ], [ 343820.193108824430965, 6716644.59421403799206 ], [ 343950.949563059781212, 6716421.165996756404638 ], [ 343952.707966716145165, 6716418.033612058497965 ], [ 344028.133916704682633, 6716277.829831128008664 ], [ 344030.145013560424559, 6716273.884598559699953 ], [ 344144.401268686517142, 6716036.918912613764405 ], [ 344148.828203507873695, 6716026.18563692457974 ], [ 344239.913264560513198, 6715762.934866057708859 ], [ 344241.322709452011622, 6715758.534929728135467 ], [ 344338.922092826513108, 6715427.736790349707007 ], [ 344340.917478983057663, 6715419.786613523960114 ], [ 344384.530451879370958, 6715209.935856278985739 ], [ 344385.790128814231139, 6715202.463821530342102 ], [ 344429.19695373083232, 6714868.156337802298367 ], [ 344429.948152448516339, 6714859.310015939176083 ], [ 344446.410761541104876, 6714451.109708046540618 ], [ 344470.426539758045692, 6713978.592577235773206 ], [ 344507.624424375302624, 6713764.455904819071293 ], [ 344621.386186966556124, 6713365.705228165723383 ], [ 344675.696412487421185, 6713228.92881827428937 ], [ 344776.716486462100875, 6713008.967497213743627 ], [ 344866.711865630641114, 6712853.297925502061844 ], [ 344994.150402605824638, 6712662.136777631938457 ], [ 345349.034122310462408, 6712231.69666566606611 ], [ 345352.563264326483477, 6712227.156221406534314 ], [ 345560.757685895601753, 6711942.789400731213391 ], [ 345566.420876882504672, 6711934.151174585334957 ], [ 345753.851929681492038, 6711613.251185422763228 ], [ 345758.648938500264194, 6711603.953017680905759 ], [ 345844.976070190372411, 6711412.678787183947861 ], [ 345848.697294247336686, 6711403.165344365872443 ], [ 345953.643842634104658, 6711088.334219382144511 ], [ 345956.88652003830066, 6711076.057006654329598 ], [ 346037.697095900366548, 6710666.243643198162317 ], [ 346038.887840316805523, 6710658.696169808506966 ], [ 346069.356727004866116, 6710402.264123284257948 ], [ 346069.918283219041768, 6710395.696995123289526 ], [ 346085.148605479043908, 6710104.98135949857533 ], [ 346085.193475475010928, 6710095.459253709763288 ], [ 345976.068234331964049, 6707554.31065328232944 ], [ 345908.569373924925458, 6705947.840470733121037 ], [ 345909.802385633869562, 6705723.492486922070384 ], [ 345930.625800147594418, 6705498.09271743055433 ], [ 345961.586424747831188, 6705317.54601394943893 ], [ 345994.826701859536115, 6705164.893505631946027 ], [ 346044.088065438438207, 6704985.086629583500326 ], [ 346094.379905162553769, 6704837.887013657949865 ], [ 346206.960475592699368, 6704552.759619752876461 ], [ 346232.746564668195788, 6704503.024167931638658 ], [ 346319.15792631887598, 6704359.686090627685189 ], [ 346492.75630591425579, 6704113.548229223117232 ], [ 346704.278029594104737, 6703845.271941409446299 ], [ 346946.099080110783689, 6703604.151708574965596 ], [ 347107.859254417882767, 6703472.71551473159343 ], [ 347281.2782802634174, 6703356.426930443383753 ], [ 347623.435357574839145, 6703157.011335249058902 ], [ 347624.05756268807454, 6703156.645688178949058 ], [ 348083.372050355479587, 6702884.48889840580523 ], [ 348678.867401932599023, 6702537.683615758083761 ], [ 348683.917041976994369, 6702534.538008157163858 ], [ 348857.577311263419688, 6702419.049606795422733 ], [ 348863.502858999068849, 6702414.78913729544729 ], [ 349084.396083105471916, 6702243.401189824566245 ], [ 349089.407675059686881, 6702239.244473243132234 ], [ 349234.132812483643647, 6702111.028451626189053 ], [ 349240.862890137941577, 6702104.476796264760196 ], [ 349401.700666425866075, 6701932.468964007683098 ], [ 349404.659568846167531, 6701929.160334218293428 ], [ 349535.836566958168987, 6701775.75902215950191 ], [ 349542.041682046779897, 6701767.707679522223771 ], [ 349730.355053655861411, 6701495.82852375600487 ], [ 349737.685334909125231, 6701483.421854257583618 ], [ 349882.501180007180665, 6701192.256304590962827 ], [ 349884.043002114049159, 6701189.011419006623328 ], [ 350056.689019413141068, 6700808.162640642374754 ], [ 350061.756795563793276, 6700794.367833874188364 ], [ 350150.252620479266625, 6700484.885708802379668 ], [ 350151.904143117251806, 6700478.26278424076736 ], [ 350211.143242567079142, 6700200.664696442894638 ], [ 350213.069943334616255, 6700187.210158214904368 ], [ 350234.072449200903066, 6699904.762976755388081 ], [ 350234.333140553091653, 6699899.058088578283787 ], [ 350239.627061269071419, 6699589.615955070592463 ], [ 350239.453727651678491, 6699581.776987176388502 ], [ 350220.941513736208435, 6699280.273368861526251 ], [ 350220.341686121071689, 6699273.874309916980565 ], [ 350136.149249990354292, 6698607.106844890862703 ], [ 350107.599947691312991, 6698373.908390514552593 ], [ 350106.916190338146407, 6698369.239456985145807 ], [ 350046.407218121981714, 6698014.635768043808639 ], [ 350045.842313979694154, 6698011.607340196147561 ], [ 349942.380864881211892, 6697500.739342757500708 ], [ 349769.413218765344936, 6696516.615028770640492 ], [ 349767.409725563658867, 6696456.531562581658363 ], [ 349780.236617549904622, 6696369.974915701895952 ], [ 349806.008948678616434, 6696285.142826061695814 ], [ 349975.964675595110748, 6695950.181913556531072 ], [ 349977.251899859227706, 6695947.550111792981625 ], [ 350014.474239330447745, 6695868.534888310357928 ], [ 350018.041236588614993, 6695859.94864462222904 ], [ 350066.280201496207155, 6695726.653571748174727 ], [ 350069.480612397834193, 6695715.988329751417041 ], [ 350102.274863123719115, 6695579.513851257972419 ], [ 350104.736006227496546, 6695548.323909791186452 ], [ 350097.438470446970314, 6695517.89997767098248 ], [ 350081.096589429304004, 6695491.220161350443959 ], [ 350057.310020349046681, 6695470.896067139692605 ], [ 350028.407158318557777, 6695458.917158986441791 ], [ 349997.217216851480771, 6695456.456015883013606 ], [ 349966.793284731684253, 6695463.753551662899554 ], [ 349940.113468411087524, 6695480.095432681031525 ], [ 349919.789374200336169, 6695503.882001761347055 ], [ 349907.810466047085356, 6695532.784863791428506 ], [ 349876.319063728675246, 6695663.837490800768137 ], [ 349831.561363336862996, 6695787.513049487024546 ], [ 349796.946652981161606, 6695860.992823015898466 ], [ 349623.693646085041109, 6696202.452250933274627 ], [ 349617.18934295856161, 6696218.631494164466858 ], [ 349586.720458085474093, 6696318.922739060595632 ], [ 349583.482591686188243, 6696333.332289976999164 ], [ 349568.244025618769228, 6696436.16306016407907 ], [ 349567.219309947220609, 6696454.154711597599089 ], [ 349569.759069812775124, 6696530.320468430407345 ], [ 349571.213176288176328, 6696544.298262546770275 ], [ 349745.623815871251281, 6697536.632695523090661 ], [ 349746.10389526624931, 6697539.171364649198949 ], [ 349849.516004335775506, 6698049.79573277477175 ], [ 349909.368878502398729, 6698400.554458230733871 ], [ 349937.654400020721368, 6698631.59827955532819 ], [ 349937.701119077042677, 6698631.973995379172266 ], [ 350021.514484774961602, 6699295.73938749730587 ], [ 350039.589210532780271, 6699590.117749853990972 ], [ 350034.411265499831643, 6699892.78083155490458 ], [ 350014.12570063630119, 6700165.58640325628221 ], [ 349957.020868755469564, 6700433.183181083761156 ], [ 349871.489572073740419, 6700732.297941383905709 ], [ 349702.627408429980278, 6701104.79972127918154 ], [ 349561.828637181373779, 6701387.888575231656432 ], [ 349380.526220034342259, 6701649.645601252093911 ], [ 349254.099376383703202, 6701797.49197656661272 ], [ 349097.988804119639099, 6701964.444304230622947 ], [ 348959.220813855645247, 6702087.382723609916866 ], [ 348743.786071216629352, 6702254.535512041300535 ], [ 348575.644376200507395, 6702366.353924158960581 ], [ 347982.39471020468045, 6702711.851361799053848 ], [ 347981.744270753057208, 6702712.233458194881678 ], [ 347522.415726774663199, 6702984.398576728999615 ], [ 347177.847759806085378, 6703185.21928386669606 ], [ 347172.507770134077873, 6703188.561189642176032 ], [ 346992.663018267718144, 6703309.158635535277426 ], [ 346985.295930643973406, 6703314.603980613872409 ], [ 346816.030766595446039, 6703452.138259419240057 ], [ 346808.483785827353131, 6703458.935023292899132 ], [ 346558.836840184347238, 6703707.858471153303981 ], [ 346550.917373611766379, 6703716.756920570507646 ], [ 346334.048184769286308, 6703991.815481515601277 ], [ 346330.856027631089091, 6703996.094283041544259 ], [ 346153.649986691423692, 6704247.347296154126525 ], [ 346149.728179947880562, 6704253.354327414184809 ], [ 346059.805802925198805, 6704402.51643275283277 ], [ 346056.669829652470071, 6704408.117396363988519 ], [ 346027.050280886876862, 6704465.246712729334831 ], [ 346022.815529053914361, 6704474.549481541849673 ], [ 345907.495542274322361, 6704766.614863427355886 ], [ 345905.878319946292322, 6704771.009238115511835 ], [ 345853.82971357787028, 6704923.350749361328781 ], [ 345852.013146563549526, 6704929.258456598967314 ], [ 345801.234420202672482, 6705114.603796096518636 ], [ 345799.970027896750253, 6705119.750366458669305 ], [ 345765.691501123597845, 6705277.170928140170872 ], [ 345764.840492741146591, 6705281.545918190851808 ], [ 345732.846101142116822, 6705468.121027952060103 ], [ 345731.831470258184709, 6705475.82332334946841 ], [ 345710.251746595604345, 6705709.409642060287297 ], [ 345709.829225674329791, 6705718.059315126389265 ], [ 345708.55934249953134, 6705949.116107110865414 ], [ 345708.645986438670661, 6705953.863680424168706 ], [ 345776.246483716415241, 6707562.752816437743604 ], [ 345885.173132164520212, 6710099.277877950109541 ], [ 345870.364688925037626, 6710381.940707763656974 ], [ 345840.735945094318595, 6710631.301949420943856 ], [ 345761.895822850347031, 6711031.122583384625614 ], [ 345660.578485057340004, 6711335.066371227614582 ], [ 345578.510202542238403, 6711516.904308836907148 ], [ 345396.329430771933403, 6711828.815311916172504 ], [ 345192.889233171998058, 6712106.688473708927631 ], [ 344836.604583282838576, 6712538.827780402265489 ], [ 344830.556613397027832, 6712546.97226002253592 ], [ 344698.530279063794296, 6712745.015224257484078 ], [ 344695.162009883846622, 6712750.434732657857239 ], [ 344601.223842076200526, 6712912.924345847219229 ], [ 344596.923128647438716, 6712921.23891781270504 ], [ 344492.850654799432959, 6713147.846540763042867 ], [ 344490.783936494844966, 6713152.677372037433088 ], [ 344433.655808637500741, 6713296.550466969609261 ], [ 344430.433960553084034, 6713306.020027559250593 ], [ 344313.844092038925737, 6713714.683605742640793 ], [ 344311.482583356148098, 6713725.003691226243973 ], [ 344272.338929611025378, 6713950.341552382335067 ], [ 344270.992374718305655, 6713962.380374610424042 ], [ 344246.642000137944706, 6714441.480782140046358 ], [ 344246.594315076130442, 6714442.527052936144173 ], [ 344230.289661020389758, 6714846.810770553536713 ], [ 344187.943165759672411, 6715172.951885516755283 ], [ 344145.936322728986852, 6715375.07449340261519 ], [ 344050.151571399823297, 6715699.722215806134045 ], [ 343961.723465058545116, 6715955.293951627798378 ], [ 343850.954608752392232, 6716185.026826971210539 ], [ 343777.428961059369612, 6716321.698274973779917 ], [ 343649.590658314118627, 6716540.140142717398703 ], [ 343509.802135370788164, 6716740.544946427457035 ], [ 343285.520651064056437, 6717030.952790771611035 ], [ 343109.976382815861143, 6717217.61686194408685 ], [ 342985.087675139773637, 6717340.041046031750739 ], [ 342742.232871026266366, 6717554.290746110491455 ], [ 342112.190096631995402, 6718055.889170464128256 ], [ 341871.945197736378759, 6718227.962714589200914 ], [ 340929.95959106477676, 6718825.727711917832494 ], [ 340920.372401831788011, 6718832.638674012385309 ], [ 340577.611887236358598, 6719111.926443173550069 ], [ 340569.548730323498603, 6719119.262925344519317 ], [ 340356.901482002518605, 6719335.07256643474102 ], [ 340350.497778740245849, 6719342.228417818434536 ], [ 340064.601518251758534, 6719694.362565361894667 ], [ 340055.839325641631149, 6719707.038457468152046 ], [ 339804.584412133845035, 6720138.12784079182893 ], [ 339800.542158385389484, 6720145.811837843619287 ], [ 339623.344361808151007, 6720521.371606080792844 ], [ 339619.405229189200327, 6720530.985096645541489 ], [ 339515.233802730799653, 6720828.389480796642601 ], [ 339512.874561528558843, 6720836.110965613275766 ], [ 339438.396897138678469, 6721120.477788149379194 ], [ 339437.188730458670761, 6721125.646848461590707 ], [ 339401.640323127096053, 6721298.294562923721969 ], [ 339400.740739848988596, 6721303.306382525712252 ], [ 339361.811481159122195, 6721557.208902304060757 ], [ 339360.815689778944943, 6721566.722130533307791 ], [ 339340.571812980051618, 6721924.955140732228756 ], [ 339340.412523341714405, 6721930.597174189984798 ], [ 339340.412519465957303, 6722268.609103992581367 ], [ 339338.776525877183303, 6722427.511334891431034 ], [ 339316.154032082587946, 6722640.791068376973271 ], [ 339224.965857408067677, 6723059.926013360731304 ], [ 339152.999352751648985, 6723284.067302609793842 ], [ 338874.378069199330639, 6724046.458756569772959 ], [ 338389.095553951745387, 6725308.82650591712445 ], [ 338388.835529111966025, 6725309.510368651710451 ], [ 337906.429388355114497, 6726592.340474488213658 ], [ 337903.522172604047228, 6726601.342685550451279 ], [ 337843.219342821394093, 6726823.501141346991062 ], [ 337841.298048562195618, 6726832.042066892609 ], [ 337714.412916633184068, 6727539.435811376199126 ], [ 337621.095880686538294, 6728039.549167566001415 ], [ 337533.742940172902308, 6728324.725953355431557 ], [ 337427.914951910555828, 6728606.060675527900457 ], [ 337316.406965482747182, 6728839.455686466768384 ], [ 337048.243913845799398, 6729377.494170285761356 ], [ 336887.850996440276504, 6729693.016416878439486 ], [ 336774.932269892131444, 6729897.838973953388631 ], [ 336769.117918696138076, 6729910.359111622907221 ], [ 336661.211065010342281, 6730192.166412678547204 ], [ 336658.515784436138347, 6730200.212040674872696 ], [ 336597.361949217389338, 6730412.233196711167693 ], [ 336477.931522996281274, 6730661.044716726057231 ], [ 336365.975831503106747, 6730815.459663714282215 ], [ 336262.158258792303968, 6730913.614017634652555 ], [ 336139.03175381780602, 6730997.655541523359716 ], [ 336001.850740179419518, 6731074.658671247772872 ], [ 335794.326402997015975, 6731137.164406617172062 ], [ 335282.725892349437345, 6731274.301785439252853 ], [ 335266.511384571145754, 6731280.18852006085217 ], [ 335118.39715104579227, 6731348.945660883560777 ], [ 335104.583677563467063, 6731356.745306058786809 ], [ 334990.863412592967506, 6731433.450960911810398 ], [ 334977.852189479803201, 6731443.907655266113579 ], [ 334906.606950384040829, 6731511.694978305138648 ], [ 334892.949155183858238, 6731527.75804649759084 ], [ 334824.185954689222854, 6731628.479210974648595 ], [ 334816.174690103973262, 6731642.534793582744896 ], [ 334761.083318722434342, 6731760.452742432244122 ], [ 334755.823963281116448, 6731774.302433429285884 ], [ 334729.857381803565659, 6731861.706088745966554 ], [ 334726.566904128238093, 6731877.170896982774138 ], [ 334702.843227256787941, 6732057.917097368277609 ], [ 334701.99380750162527, 6732070.485982843674719 ], [ 334701.292897727631498, 6732228.026522926986217 ], [ 334701.291912350221537, 6732228.500825268216431 ], [ 334701.323959687200841, 6732337.508395640179515 ], [ 334695.299222473986447, 6732432.538344722241163 ], [ 334681.349937096529175, 6732558.6967450119555 ], [ 334667.417654012271669, 6732651.278508666902781 ], [ 334667.250685743871145, 6732652.433817240409553 ], [ 334639.296822619449813, 6732854.166093220934272 ], [ 334638.466257834807038, 6732863.078755438327789 ], [ 334631.69630943716038, 6733003.572483194060624 ], [ 334631.76353028108133, 6733014.434548336081207 ], [ 334644.807634465396404, 6733229.681549032218754 ], [ 334636.629276448395103, 6733308.777084798552096 ], [ 334603.330996764882002, 6733408.659651429392397 ], [ 334540.353808247542474, 6733536.232993450015783 ], [ 334534.702497209771536, 6733550.266001647338271 ], [ 334489.308394105290063, 6733693.389237272553146 ], [ 334487.48348552652169, 6733699.89890546258539 ], [ 334460.824241774214897, 6733809.068490584380925 ], [ 334459.305074336531106, 6733816.503101847134531 ], [ 334449.401655701745767, 6733876.491883907467127 ], [ 334448.341814741317648, 6733900.199668775312603 ], [ 334452.976052939309739, 6733962.488020982593298 ], [ 334455.703241475683171, 6733979.39025648124516 ], [ 334469.276118461624719, 6734033.520134414546192 ], [ 334474.689369627798442, 6734049.352910407818854 ], [ 334493.828280975227244, 6734093.004747775383294 ], [ 334503.812214042409323, 6734110.655450291931629 ], [ 334541.364391173818149, 6734163.665537885390222 ], [ 334547.375956007861532, 6734171.330865061841905 ], [ 334752.362687225744594, 6734407.996611124835908 ], [ 334755.660352188511752, 6734411.620556629262865 ], [ 334907.35333710553823, 6734570.33087966311723 ], [ 334922.173104419664014, 6734583.072132701985538 ], [ 334992.346365266130306, 6734632.352918033488095 ], [ 335016.697304987348616, 6734644.873242685571313 ], [ 335125.989479238400236, 6734683.236070083454251 ], [ 335147.817849466053303, 6734688.240479006431997 ], [ 335252.863346021971665, 6734700.178247808478773 ], [ 335256.608621250314172, 6734700.532656150870025 ], [ 335347.876506476139184, 6734707.439812041819096 ], [ 335445.161559056024998, 6734719.006315375678241 ], [ 335517.239718284865376, 6734740.945771117694676 ], [ 335615.793551399197895, 6734776.812835349701345 ], [ 335616.332034641585778, 6734777.007063989527524 ], [ 335699.261821597872768, 6734806.651521416381001 ], [ 335699.437481360277161, 6734806.714128894731402 ], [ 335789.722679475729819, 6734838.79813021607697 ], [ 335792.913631991483271, 6734839.871927717700601 ], [ 335871.011276676261332, 6734864.697286257520318 ], [ 335874.689999541500583, 6734865.789404548704624 ], [ 335917.165025194641203, 6734877.517211922444403 ], [ 335933.582903614849783, 6734880.602813393808901 ], [ 336004.416293518268503, 6734887.863748531788588 ], [ 336132.31190450390568, 6734901.422906801104546 ], [ 336132.966018769773655, 6734901.490080281160772 ], [ 336358.237854921026155, 6734923.875896616838872 ], [ 336558.430939062207472, 6734943.590916138142347 ], [ 336563.180859665328171, 6734943.944704205729067 ], [ 336702.562603080586996, 6734950.993387617170811 ], [ 336720.513475333456881, 6734950.285445271059871 ], [ 336815.738013946218416, 6734937.897762790322304 ], [ 336822.452423571958207, 6734936.790796360000968 ], [ 336861.48887716740137, 6734928.982256970368326 ], [ 336876.140478712331969, 6734924.870656905695796 ], [ 336920.190486206440255, 6734908.803661894053221 ], [ 336930.326019771280698, 6734904.459601756185293 ], [ 336964.06031047279248, 6734887.742728159762919 ], [ 336970.397761542873923, 6734884.312450629658997 ], [ 337046.417420861427672, 6734839.550821826793253 ], [ 337048.250676058523823, 6734838.444771833717823 ], [ 337245.011854865064379, 6734716.841722661629319 ], [ 337293.139947368297726, 6734692.95674079656601 ], [ 337344.199917798803654, 6734678.511459030210972 ], [ 337534.351263551856391, 6734641.20817896258086 ], [ 337534.866817878209986, 6734641.105631276033819 ], [ 337724.092208795947954, 6734602.949973656795919 ], [ 337823.800542980374303, 6734583.444439984858036 ], [ 337934.578138296026736, 6734576.381818521767855 ], [ 338143.096570175315719, 6734585.591960918158293 ], [ 338155.07882435945794, 6734585.402458648197353 ], [ 338262.680573876132257, 6734577.233987303450704 ], [ 338265.016783832514193, 6734577.029057942330837 ], [ 338403.274856847478077, 6734563.265765899792314 ], [ 338462.56362582417205, 6734565.559116246178746 ], [ 338498.691745168121997, 6734574.376261266879737 ], [ 338849.917377363482956, 6734714.428637715056539 ], [ 339092.374581462179776, 6734812.673477902077138 ], [ 339282.655296051816549, 6734923.138318262062967 ], [ 339363.704703340365086, 6734971.225154781714082 ], [ 339437.330902642861474, 6735029.715315726585686 ], [ 339617.319717338075861, 6735207.460481372661889 ], [ 339618.480749543523416, 6735208.588624709285796 ], [ 339761.867918502073735, 6735345.67514992505312 ], [ 339889.538034772500396, 6735528.540355549193919 ], [ 339920.410453849006444, 6735585.597114092670381 ], [ 340292.051756648696028, 6736289.329035433009267 ], [ 340294.854538449086249, 6736294.28882400598377 ], [ 340391.571597005939111, 6736454.598847204819322 ], [ 340393.342781103856396, 6736457.426839648745954 ], [ 340407.674288307141978, 6736479.482715371996164 ], [ 340411.46641510311747, 6736484.915865491144359 ], [ 340427.232722259010188, 6736505.98192632663995 ], [ 340431.360396141943056, 6736511.133469853550196 ], [ 340448.479043473431375, 6736531.109734488651156 ], [ 340452.942567893769592, 6736535.982798671349883 ], [ 340471.347587604017463, 6736554.789282074198127 ], [ 340476.170200476015452, 6736559.398930314928293 ], [ 340495.787378761626314, 6736576.935651167295873 ], [ 340500.86655128991697, 6736581.182204471901059 ], [ 340521.596936442947481, 6736597.379175872541964 ], [ 340526.919845808646642, 6736601.262576675973833 ], [ 340548.672732080391143, 6736616.05980983749032 ], [ 340554.303741329757031, 6736619.62179056648165 ], [ 340576.996668959676754, 6736632.93930044118315 ], [ 340582.8007295068237, 6736636.092515061609447 ], [ 340606.318254813668318, 6736647.880311003886163 ], [ 340609.311267025361303, 6736649.318836158141494 ], [ 340735.713842628174461, 6736707.50795616582036 ], [ 340739.138420426694211, 6736709.007520960643888 ], [ 341753.670826656045392, 6737130.833331710658967 ], [ 341795.302714878809638, 6737152.960086131468415 ], [ 341860.551634446310345, 6737187.621131998486817 ], [ 342027.956218914245255, 6737287.865549369715154 ], [ 342028.415668155241292, 6737288.13900853600353 ], [ 342230.094530595000833, 6737407.447063335217535 ], [ 342394.0171612824779, 6737521.334610836580396 ], [ 342455.079447316762526, 6737587.840406206436455 ], [ 342780.474450190085918, 6738171.785612715408206 ], [ 342780.739404974970967, 6738172.258079469203949 ], [ 342907.750215564388782, 6738397.312512258067727 ], [ 343146.155393586319406, 6738819.829082136042416 ], [ 343281.18046141427476, 6739059.140903283841908 ], [ 343473.093792303581722, 6739400.422147155739367 ], [ 343761.137410359631758, 6739912.718139642849565 ], [ 343824.059273028571624, 6740039.422296389937401 ], [ 343860.633984868123662, 6740125.634571871720254 ], [ 343916.779864196258131, 6740257.997523089870811 ], [ 343919.202915712317917, 6740263.277674592100084 ], [ 343995.923481000354514, 6740418.408666017465293 ], [ 343997.174420220020693, 6740420.853055808693171 ], [ 344083.802800117584411, 6740584.54723188187927 ], [ 344090.911640524456743, 6740598.980090046301484 ], [ 344134.638067046646029, 6740687.686422480270267 ], [ 344159.373031327850185, 6740752.814211580902338 ], [ 344167.634705184609629, 6740787.661320278421044 ], [ 344176.899510321905836, 6740841.151013908907771 ], [ 344181.544249136175495, 6740903.825327638536692 ], [ 344180.399307225481607, 6741038.386679207906127 ], [ 344178.662134769896511, 6741105.616606775671244 ], [ 344174.892730386811309, 6741156.147477967664599 ], [ 344127.26253404567251, 6741326.128939305432141 ], [ 343960.314051580324303, 6741751.850634893402457 ], [ 343827.530044136103243, 6742065.890288030728698 ], [ 343823.620848684804514, 6742076.883469969965518 ], [ 343774.961338757013436, 6742244.032212871126831 ], [ 343772.211969653842971, 6742256.306900157593191 ], [ 343751.052792224567384, 6742389.611972058191895 ], [ 343749.956365449354053, 6742399.999207753688097 ], [ 343710.625814524129964, 6743142.551003642380238 ], [ 343683.554173485666979, 6743569.538297419436276 ], [ 343657.7776497740997, 6743704.838291457854211 ], [ 343617.431052602478303, 6743842.007848623208702 ], [ 343535.737412170448806, 6744082.137242242693901 ], [ 343516.682257949491031, 6744138.132954756729305 ], [ 343516.038424853468314, 6744140.09086047578603 ], [ 343507.478457401855849, 6744167.055122943595052 ], [ 343497.462077435280662, 6744195.171363814733922 ], [ 343484.735372857889161, 6744230.218262737616897 ], [ 343481.390178031346295, 6744241.43834977503866 ], [ 343471.668171142577194, 6744282.740626215003431 ], [ 343470.305740685784258, 6744289.594206288456917 ], [ 343465.415876229002606, 6744319.648586114868522 ], [ 343464.393398010928649, 6744328.291212281212211 ], [ 343462.199967933003791, 6744357.785696825943887 ], [ 343461.945254157530144, 6744367.235106679610908 ], [ 343462.596685998665635, 6744399.269116374664009 ], [ 343463.382092858722899, 6744409.907426000572741 ], [ 343467.719476252619643, 6744443.861076756380498 ], [ 343469.133827575307805, 6744452.145659905858338 ], [ 343477.338573976303451, 6744490.42850114684552 ], [ 343480.458112557069398, 6744501.713405300863087 ], [ 343484.447740587580483, 6744513.427031586878002 ], [ 343506.595008290954866, 6744578.470682968385518 ], [ 343509.742036700306926, 6744586.547520104795694 ], [ 343534.112834828731138, 6744641.877390519715846 ], [ 343540.499160069739446, 6744656.384892929345369 ], [ 343549.709128682326991, 6744677.30139038246125 ], [ 343567.263341958750971, 6744719.466544548049569 ], [ 343577.128314124129247, 6744748.089313711971045 ], [ 343583.241166482970584, 6744770.646514551714063 ], [ 343586.798961841501296, 6744805.076031356118619 ], [ 343587.374333292886149, 6744846.511823315173388 ], [ 343585.563630020304117, 6744906.29055998288095 ], [ 343582.608558588020969, 6744961.239403309300542 ], [ 343582.575040364696179, 6744961.903881365433335 ], [ 343580.93409067025641, 6744996.737367537803948 ], [ 343580.847722898703068, 6745003.652285570278764 ], [ 343581.565122553089168, 6745036.116214866749942 ], [ 343581.698995710408781, 6745039.531077262014151 ], [ 343586.778516454447526, 6745129.704215060919523 ], [ 343586.819246369996108, 6745130.385814921930432 ], [ 343591.923505139653571, 6745211.170708309859037 ], [ 343591.937011158326641, 6745211.380948248319328 ], [ 343596.868104468972888, 6745286.896826931275427 ], [ 343596.899124027055223, 6745287.355640331283212 ], [ 343597.699032629199792, 6745298.796242409385741 ], [ 343602.540564749622717, 6745370.462298047728837 ], [ 343604.603341439447831, 6745449.451900968328118 ], [ 343601.029726199107245, 6745528.391513899900019 ], [ 343590.690993851982057, 6745635.23489704914391 ], [ 343575.11846521490952, 6745775.393498285673559 ], [ 343574.672984410950448, 6745780.674993813969195 ], [ 343572.751671529957093, 6745813.968767907470465 ], [ 343572.59171300008893, 6745820.837803977541625 ], [ 343573.094717136060353, 6745866.239313965663314 ], [ 343573.240219253930263, 6745870.636456345207989 ], [ 343579.103107632719912, 6745976.976570952683687 ], [ 343592.703584968694486, 6746223.586021304130554 ], [ 343593.727709929109551, 6746255.436586622148752 ], [ 343593.228236943657976, 6746274.653941918164492 ], [ 343589.349330082826782, 6746304.519868678413332 ], [ 343582.075651577848475, 6746335.383478878997266 ], [ 343570.214531252800953, 6746367.774908215738833 ], [ 343551.585933801485226, 6746403.864076745696366 ], [ 343520.443197583139408, 6746454.909126618877053 ], [ 343516.481337587290909, 6746462.042009055614471 ], [ 343485.047673947876319, 6746524.51032727304846 ], [ 343483.731014791701455, 6746527.228396208956838 ], [ 343466.10936229507206, 6746565.051323210820556 ], [ 343463.984632729785517, 6746569.949302296154201 ], [ 343444.63132503896486, 6746618.0403091609478 ], [ 343442.539564016507939, 6746623.730334679596126 ], [ 343424.720007930882275, 6746677.150345051661134 ], [ 343422.749015955720097, 6746683.824219812639058 ], [ 343419.890570091549307, 6746694.909358960576355 ], [ 343412.847380134975538, 6746720.057437434792519 ], [ 343412.207776433322579, 6746722.455364807508886 ], [ 343407.721964955679141, 6746740.152055510319769 ], [ 343407.46454509277828, 6746741.19089515414089 ], [ 343388.93765716755297, 6746817.709348326548934 ], [ 343375.046159585705027, 6746870.646662414073944 ], [ 343373.648138239630498, 6746876.745396825484931 ], [ 343347.747524271253496, 6747008.540751049295068 ], [ 343345.891565105644986, 6747029.867613283917308 ], [ 343348.010780111246277, 6747133.548225186765194 ], [ 343349.760117910744157, 6747150.237271811813116 ], [ 343401.927462441613898, 6747423.791703105904162 ], [ 343404.285808113578241, 6747437.362346469424665 ], [ 343429.072362684644759, 6747579.225601870566607 ], [ 343430.089813748607412, 6747584.27740528807044 ], [ 343438.648628678522073, 6747621.756268979981542 ], [ 343458.708693368767854, 6747727.954269988462329 ], [ 343473.547266688081436, 6747809.165350586175919 ], [ 343473.961839188646991, 6747811.30246165767312 ], [ 343487.402780524396803, 6747876.770219420082867 ], [ 343488.346761710126884, 6747880.918213058263063 ], [ 343497.96981611289084, 6747919.40101692546159 ], [ 343499.070279394334648, 6747923.440515937283635 ], [ 343512.12366002734052, 6747967.682242927141488 ], [ 343514.286021780804731, 6747974.18204711843282 ], [ 343527.883636953891255, 6748010.815196910873055 ], [ 343530.25581108260667, 6748016.638018475845456 ], [ 343544.842943487514276, 6748049.451882474124432 ], [ 343551.615192743483931, 6748062.140005694702268 ], [ 343573.021747839986347, 6748096.113652883097529 ], [ 343576.606384337472264, 6748101.418272129260004 ], [ 343607.108251612691674, 6748143.580388167873025 ], [ 343611.306833445094526, 6748148.984503545798361 ], [ 343632.944275964517146, 6748174.949648309499025 ], [ 343638.721537532401271, 6748181.306160619482398 ], [ 343659.608596221543849, 6748202.392217764630914 ], [ 343664.33564634231152, 6748206.863504038192332 ], [ 343692.116341489425395, 6748231.478901258669794 ], [ 343696.121762641065288, 6748234.845077097415924 ], [ 343727.984216228709556, 6748260.230330397374928 ], [ 343732.475203573179897, 6748263.606552354991436 ], [ 343754.821800183970481, 6748279.443591065704823 ], [ 343762.532155335706193, 6748284.39344476070255 ], [ 343790.675673535035457, 6748300.690397520549595 ], [ 343801.497482424019836, 6748306.110551234334707 ], [ 343854.032599532511085, 6748328.556354402564466 ], [ 343859.279796395334415, 6748330.625259196385741 ], [ 343892.832675325335003, 6748342.77298790961504 ], [ 343898.253656966204289, 6748344.562344911508262 ], [ 343928.846230303170159, 6748353.700636353343725 ], [ 343933.026110961218365, 6748354.851128123700619 ], [ 343963.767111893219408, 6748362.599679447710514 ], [ 343969.458163537085056, 6748363.858978574164212 ], [ 344003.555276980972849, 6748370.367761767469347 ], [ 344006.35436814307468, 6748370.860958978533745 ], [ 344022.44226858735783, 6748373.460473022423685 ], [ 344033.131448530009948, 6748374.602344812825322 ], [ 344071.648405510466546, 6748376.631965643726289 ], [ 344076.66596391616622, 6748376.77021215017885 ], [ 344113.459511786059011, 6748376.860195674002171 ], [ 344116.839515853964258, 6748376.811327676288784 ], [ 344165.28462877147831, 6748375.29161231406033 ], [ 344165.575930888357107, 6748375.28204926289618 ], [ 344221.741090671741404, 6748373.356282244436443 ], [ 344296.73352985503152, 6748372.268133748322725 ], [ 344343.71017879480496, 6748374.002174443565309 ], [ 344388.264029081503395, 6748380.536897578276694 ], [ 344440.902736437215935, 6748393.793309844098985 ], [ 344472.873574639786966, 6748404.796107421629131 ], [ 344515.582071196986362, 6748423.910087682306767 ], [ 344557.701252452447079, 6748448.873540651984513 ], [ 344598.072207890683785, 6748476.421292113140225 ], [ 344633.744067944819108, 6748504.254967614077032 ], [ 344651.185229703143705, 6748522.416297468356788 ], [ 344671.706977088644635, 6748545.00349051412195 ], [ 344686.657889510272071, 6748564.466451150365174 ], [ 344692.987375188909937, 6748572.704664006829262 ], [ 344708.647631438041572, 6748594.833840481936932 ], [ 344720.428588277543895, 6748611.484654877334833 ], [ 344739.783820804732386, 6748643.556169179268181 ], [ 344756.044253065076191, 6748678.287821410223842 ], [ 344758.546764797181822, 6748684.08196731004864 ], [ 344769.44227986613987, 6748709.251311236992478 ], [ 344774.336328760138713, 6748735.342479625716805 ], [ 344798.118076863873284, 6748862.151992280036211 ], [ 344821.915646140405443, 6749041.679610691033304 ], [ 344823.338803117338102, 6749057.23617915995419 ], [ 344830.43528248637449, 6749134.813444784842432 ], [ 344831.186313593760133, 6749146.011301443912089 ], [ 344835.785649631754495, 6749214.789748467504978 ], [ 344836.641975612437818, 6749227.668455023318529 ], [ 344837.933150137367193, 6749238.354900664649904 ], [ 344844.521685138286557, 6749275.81789521034807 ], [ 344846.831205088587012, 6749285.875834697857499 ], [ 344857.666418071021326, 6749323.938717099837959 ], [ 344862.859815863426775, 6749338.052277559414506 ], [ 344900.156367547053378, 6749419.836984300985932 ], [ 344902.6788120137644, 6749424.973632086068392 ], [ 344928.430142312601674, 6749473.828171794302762 ], [ 344948.979525352304336, 6749513.323799456469715 ], [ 344949.11636705690762, 6749513.585860495455563 ], [ 345066.802943907037843, 6749738.153867733664811 ], [ 345067.240790905081667, 6749738.979946020059288 ], [ 345231.4138839947409, 6750045.253716269508004 ], [ 345260.670105843397323, 6750105.072048027999699 ], [ 345298.215389542572666, 6750181.829733436927199 ], [ 345346.102418787486386, 6750283.381725075654685 ], [ 345360.38660212373361, 6750313.69545166939497 ], [ 345429.59276731533464, 6750470.03186630923301 ], [ 345488.245827602804638, 6750606.006855958141387 ], [ 345539.276706136821304, 6750740.017789809964597 ], [ 345580.824396917945705, 6750871.937370984815061 ], [ 345621.386533676006366, 6751014.976852737367153 ], [ 345650.909659208147787, 6751154.148079099133611 ], [ 345651.404131206742022, 6751156.355690691620111 ], [ 345663.020698570879176, 6751205.600335470400751 ], [ 345667.674606975284405, 6751230.397503858432174 ], [ 345668.279104639019351, 6751233.369144185446203 ], [ 345716.697461098607164, 6751454.192505092360079 ], [ 345775.352115894143935, 6751732.164524846710265 ], [ 345776.045752882608213, 6751735.214787355624139 ], [ 345794.772483457054477, 6751811.991177698597312 ], [ 345810.099100385792553, 6751887.221869922243059 ], [ 345810.292553665232845, 6751888.148969956673682 ], [ 345840.813606838928536, 6752031.030160628259182 ], [ 345850.362233092775568, 6752077.650574876926839 ], [ 345856.959146352950484, 6752121.413084849715233 ], [ 345858.783207383239642, 6752148.108502084389329 ], [ 345860.595693546812981, 6752205.407281213440001 ], [ 345858.837998912087642, 6752231.085985589772463 ], [ 345849.184247852477711, 6752334.041932788677514 ], [ 345815.881733483285643, 6752574.323550878092647 ], [ 345811.719071879459079, 6752599.731129038147628 ], [ 345811.186934757686686, 6752603.405379007570446 ], [ 345792.732437649741769, 6752749.957973767071962 ], [ 345792.161648445762694, 6752755.932176981121302 ], [ 345788.591140049917158, 6752810.581957533955574 ], [ 345785.151285800558981, 6752863.391730022616684 ], [ 345785.299817853840068, 6752878.369247005321085 ], [ 345793.479825832531787, 6752974.511268691159785 ], [ 345793.606161000963766, 6752975.884036464616656 ], [ 345795.766606687335297, 6752997.709955076687038 ], [ 345795.932193283282686, 6752999.259521836414933 ], [ 345815.405391830776352, 6753168.964061096310616 ], [ 345815.972986000357196, 6753176.565902562811971 ], [ 345824.966177225694992, 6753297.850142904557288 ], [ 345823.209467169246636, 6753397.05722045339644 ], [ 345805.83984679041896, 6753629.496376727707684 ], [ 345802.34591688553337, 6753661.22628173045814 ], [ 345802.103983922803309, 6753663.707229786552489 ], [ 345778.512242170982063, 6753941.42529680300504 ], [ 345778.164448988856748, 6753948.401193177327514 ], [ 345777.141947257972788, 6754017.08834879565984 ], [ 345776.127513577288482, 6754085.787505593150854 ], [ 345776.403648047533352, 6754094.835275745019317 ], [ 345825.258632307813969, 6754738.248585175722837 ], [ 345838.017097230767831, 6754930.01604042109102 ], [ 345838.029591931786854, 6754930.201248000375926 ], [ 345848.312204719113652, 6755080.541397939436138 ], [ 345855.060639932227787, 6755179.259507839567959 ], [ 345876.97760756011121, 6755506.783278671093285 ], [ 345882.461908306577243, 6755633.348067690618336 ], [ 345878.924204761802685, 6755759.4220682810992 ], [ 345873.762659781787079, 6755874.735590835101902 ], [ 345863.569953372119926, 6755974.32164540886879 ], [ 345850.92886424617609, 6756068.330661094747484 ], [ 345826.564513066376094, 6756195.977979448623955 ], [ 345802.486692670034245, 6756307.734654292464256 ], [ 345725.581573523872066, 6756600.644375341013074 ], [ 345725.210102798242588, 6756602.103857951238751 ], [ 345650.955080235842615, 6756903.317530948668718 ], [ 345650.465984078648034, 6756905.396852330304682 ], [ 345582.59879806364188, 6757208.408555581234396 ], [ 345510.837355176801793, 6757523.605335521511734 ], [ 345478.527219684037846, 6757663.756429105065763 ], [ 345476.986642458185088, 6757672.006818146444857 ], [ 345457.897205296903849, 6757804.941959382034838 ], [ 345456.912376691005193, 6757816.684968807734549 ], [ 345454.314893116708845, 6757921.765318983234465 ], [ 345455.813872621103656, 6757941.659553985111415 ], [ 345475.167178898060229, 6758051.039100405760109 ], [ 345476.823294820904266, 6758058.655548174865544 ], [ 345501.272614810615778, 6758153.187871045432985 ], [ 345507.518633014697116, 6758170.543785750865936 ], [ 345557.596448378521018, 6758277.523781158961356 ], [ 345558.61482876521768, 6758279.634545805864036 ], [ 345639.006059050967451, 6758441.387959036044776 ], [ 345710.155980464187451, 6758608.041249846108258 ], [ 345766.902009600889869, 6758746.074648874811828 ], [ 345824.211161294719204, 6758891.595364321954548 ], [ 345825.015263930195943, 6758893.574869602918625 ], [ 345882.658627542725299, 6759031.242285773158073 ], [ 345939.231130621978082, 6759168.239362925291061 ], [ 345942.568533112760633, 6759175.487218871712685 ], [ 345972.888988801452797, 6759234.966096714138985 ], [ 345975.55403227295028, 6759239.852937803603709 ], [ 346006.262048927485012, 6759292.61307203117758 ], [ 346009.383417249948252, 6759297.629039388149977 ], [ 346085.179031374398619, 6759411.770382508635521 ], [ 346110.703120144666173, 6759451.745181100443006 ], [ 346207.955677460238803, 6759604.071208054199815 ], [ 346302.720561947440729, 6759763.141709034331143 ], [ 346362.755961188930087, 6759877.283701522275805 ], [ 346438.712001193489414, 6760036.104398910887539 ], [ 346438.95256261510076, 6760036.603840727359056 ], [ 346507.971386104938574, 6760178.887234637513757 ], [ 346508.346381889539771, 6760179.651983271352947 ], [ 346567.000012913602404, 6760297.989854847081006 ], [ 346572.050819830445107, 6760306.982503897510469 ], [ 346600.87875387450913, 6760352.623969291336834 ], [ 346613.127313862438314, 6760371.99635451938957 ], [ 346630.840265915147029, 6760401.973656103014946 ], [ 346639.601291345607024, 6760414.503310416825116 ], [ 346705.692793648457155, 6760495.118236167356372 ], [ 346708.704414049803745, 6760498.623239413835108 ], [ 346798.799954275600612, 6760598.704525201581419 ], [ 346800.639147430134472, 6760600.692744623869658 ], [ 346895.319450686161872, 6760700.304118318483233 ], [ 346896.477084010548424, 6760701.501904390752316 ], [ 347021.543811055889819, 6760828.768106949515641 ], [ 347024.246447463519871, 6760831.416147059760988 ], [ 347140.198892550426535, 6760940.804172127507627 ], [ 347179.103865003969986, 6760979.285343561321497 ], [ 347182.065286344964989, 6760982.097223970107734 ], [ 347360.456255272845738, 6761144.684050275012851 ], [ 347418.149008891312405, 6761209.704477475956082 ], [ 347507.299673922534566, 6761331.535739309154451 ], [ 347561.32055388588924, 6761410.404760085977614 ], [ 347562.923146127257496, 6761412.676128738559783 ], [ 347608.638840243162122, 6761475.594363549724221 ], [ 347686.069400999927893, 6761582.126949146389961 ], [ 347686.335178005741909, 6761582.490890417248011 ], [ 347712.260528356244322, 6761617.824283365160227 ], [ 347713.560981740592979, 6761619.556988760828972 ], [ 347764.939434371481184, 6761686.490246516652405 ], [ 347795.339707754959818, 6761732.386467876844108 ], [ 347795.935682352283038, 6761733.275850888341665 ], [ 347822.926907774875872, 6761773.092751299031079 ], [ 347880.934643695596606, 6761868.026572869159281 ], [ 347935.571875935827848, 6761978.392997518181801 ], [ 347936.067312180995941, 6761979.380026035010815 ], [ 347999.53431003348669, 6762104.099063593894243 ], [ 348028.620855087356176, 6762170.57348221167922 ], [ 348039.956358148891013, 6762230.833875364623964 ], [ 348042.630417552019935, 6762289.14710574503988 ], [ 348038.331748984113801, 6762324.200470992363989 ], [ 348036.602656550589018, 6762329.639217680320144 ], [ 348034.794437817123253, 6762336.061476099304855 ], [ 348026.481876367528457, 6762369.870796760544181 ], [ 348014.641464394459035, 6762410.250252148136497 ], [ 347944.642612607800402, 6762617.631892122328281 ], [ 347944.51434879534645, 6762618.014437211677432 ], [ 347911.181182196072768, 6762718.099595765583217 ], [ 347896.501569310261402, 6762756.439171477220953 ], [ 347891.953877598047256, 6762771.985364127904177 ], [ 347877.697273251367733, 6762841.06910184584558 ], [ 347865.791071182989981, 6762898.74352641031146 ], [ 347861.272740191081539, 6762920.627347798086703 ], [ 347860.84441164258169, 6762922.676389249972999 ], [ 347860.645157019374892, 6762923.653904778882861 ], [ 347855.920354527828749, 6762947.438740357756615 ], [ 347854.287793347728439, 6762955.656487377360463 ], [ 347854.07184662471991, 6762956.776896498166025 ], [ 347842.798191403911915, 6763017.119168324396014 ], [ 347825.115500209329184, 6763075.147823487408459 ], [ 347810.030903694045264, 6763123.950875163078308 ], [ 347789.236066021956503, 6763172.387950620613992 ], [ 347784.663403617334552, 6763185.474604378454387 ], [ 347771.197723304212559, 6763234.745390743948519 ], [ 347771.06896206131205, 6763235.22113383654505 ], [ 347758.271205871424172, 6763282.972204389050603 ], [ 347756.721435561776161, 6763289.666710374876857 ], [ 347738.885387265007012, 6763380.869655488990247 ], [ 347738.857861672178842, 6763381.010944794863462 ], [ 347721.788689232547767, 6763468.964497540146112 ], [ 347721.747058381675743, 6763469.180279298685491 ], [ 347709.492399865295738, 6763533.076215838082135 ], [ 347689.035305295081344, 6763632.272106802091002 ], [ 347683.637130371760577, 6763658.433323617093265 ], [ 347657.462861801788677, 6763779.183210099115968 ], [ 347656.576419737422839, 6763783.792661123909056 ], [ 347641.574467025464401, 6763873.050231399014592 ], [ 347622.755058102018666, 6763957.630577229894698 ], [ 347587.625472184910905, 6764096.180242971517146 ], [ 347587.174068055988755, 6764098.03466812800616 ], [ 347557.529780873679556, 6764225.080910533666611 ], [ 347556.628733152407221, 6764229.364059579558671 ], [ 347537.531050341262016, 6764331.155024756677449 ], [ 347536.256888072181027, 6764340.217048619873822 ], [ 347527.474922143563163, 6764433.449614275246859 ], [ 347527.034856550802942, 6764442.472205120138824 ], [ 347526.680278727028053, 6764542.263544376939535 ], [ 347526.713541823672131, 6764545.222267035394907 ], [ 347530.275802612770349, 6764682.006688702851534 ], [ 347530.694623842136934, 6764688.90792213473469 ], [ 347543.137121436186135, 6764819.22500563878566 ], [ 347550.84060974168824, 6764998.247185290791094 ], [ 347552.77361409162404, 6765123.286302226595581 ], [ 347552.788942789658904, 6765124.076040420681238 ], [ 347555.385165431012865, 6765235.210455953143537 ], [ 347547.094878809177317, 6765304.717399675399065 ], [ 347532.787524785322603, 6765392.00109648425132 ], [ 347526.281351560435724, 6765431.694267647340894 ], [ 347525.570550347445533, 6765436.876521365717053 ], [ 347513.391241898352746, 6765546.99592920858413 ], [ 347512.914049180515576, 6765552.913603235036135 ], [ 347510.646405234700069, 6765597.535259075462818 ], [ 347510.573290538217407, 6765599.27146777510643 ], [ 347508.52828781720018, 6765660.480021906085312 ], [ 347508.509424465475604, 6765666.535664902068675 ], [ 347509.498941367957741, 6765702.948855737224221 ], [ 347510.554517374082934, 6765741.744959685020149 ], [ 347512.304783722676802, 6765757.84687302261591 ], [ 347518.497511936700903, 6765790.1608304399997 ], [ 347521.633893021324184, 6765806.512954100035131 ], [ 347522.653279761027079, 6765811.213622001931071 ], [ 347539.849999376339838, 6765882.221625148318708 ], [ 347554.179920849157497, 6765951.383094581775367 ], [ 347553.152834146691021, 6765961.306557607837021 ], [ 347552.702153540856671, 6765965.678029263392091 ], [ 347548.167447115411051, 6765980.191528109833598 ], [ 347547.450044358090963, 6765982.592912826687098 ], [ 347544.309556761116255, 6765993.606540280394256 ], [ 347517.734002138371579, 6766086.774808568879962 ], [ 347515.994539525010623, 6766093.837360959500074 ], [ 347497.902865999203641, 6766180.801098806783557 ], [ 347496.232859987125266, 6766191.94640913233161 ], [ 347493.373833739373367, 6766222.815497325733304 ], [ 347492.114539787988178, 6766236.337830697186291 ], [ 347490.552908265264705, 6766253.168488515540957 ], [ 347487.947154733235948, 6766281.352173591963947 ], [ 347484.260047865798697, 6766313.974689323455095 ], [ 347484.134087170299608, 6766315.151518966071308 ], [ 347481.940657197497785, 6766336.857459992170334 ], [ 347481.928454947075807, 6766336.978953591547906 ], [ 347481.318226950825192, 6766343.092317654751241 ], [ 347476.874860689043999, 6766383.528684612363577 ], [ 347472.949367250315845, 6766399.89300674945116 ], [ 347469.058007296232972, 6766416.088878630660474 ], [ 347447.016434877354186, 6766487.237616154365242 ], [ 347446.739592992584221, 6766488.146495902910829 ], [ 347429.571469095244538, 6766545.485773460939527 ], [ 347417.817260204465128, 6766584.75018653832376 ], [ 347409.091067396395374, 6766610.580985301174223 ], [ 347408.568180415430106, 6766612.172656320035458 ], [ 347405.615433653292712, 6766621.421412514522672 ], [ 347397.671541957359295, 6766634.203869911842048 ], [ 347395.638239314837847, 6766637.47725735232234 ], [ 347353.378037018119358, 6766691.259247954934835 ], [ 347318.243684863205999, 6766733.005603523924947 ], [ 347290.233334847842343, 6766766.295324635691941 ], [ 347251.31137667002622, 6766802.205440862104297 ], [ 347203.297662843891885, 6766846.519217337481678 ], [ 347196.384913622634485, 6766852.446499972604215 ], [ 347189.315704685635865, 6766858.406243102625012 ], [ 347178.283587969897781, 6766867.718441595323384 ], [ 347148.052014354383573, 6766893.228250216692686 ], [ 347138.730225678766146, 6766901.09502349793911 ], [ 347067.584254861460067, 6766956.649760992266238 ], [ 347030.475835244229529, 6766985.210245908237994 ], [ 347022.443668268620968, 6766990.592763562686741 ], [ 346996.230004081386141, 6767003.018700156360865 ], [ 346992.696886140562128, 6767004.430102897807956 ], [ 346979.610439292620867, 6767008.539529740810394 ], [ 346945.692305468895938, 6767016.360897673293948 ], [ 346869.715316832996905, 6767027.479606836102903 ], [ 346866.654619411681779, 6767027.976102748885751 ], [ 346752.571531992056407, 6767048.302300876937807 ], [ 346731.221131741069257, 6767054.624386880546808 ], [ 346655.053044958971441, 6767086.778373547829688 ], [ 346639.77255184733076, 6767094.849760617129505 ], [ 346488.730996353842784, 6767192.191556730307639 ], [ 346487.565058839682024, 6767192.954517777077854 ], [ 346422.463072658167221, 6767236.206429252400994 ], [ 346420.615377599955536, 6767237.463972202502191 ], [ 346340.926258586870972, 6767293.013583917170763 ], [ 346336.348608125408646, 6767296.402275461703539 ], [ 346130.894092611619271, 6767457.74969482421875 ], [ 346069.131483387784101, 6767504.146850378252566 ], [ 346068.894660438469145, 6767504.325305825099349 ], [ 346011.307944053376559, 6767547.853184414096177 ], [ 345950.006649481423665, 6767593.036592037416995 ], [ 345948.762298883113544, 6767593.968782225623727 ], [ 345896.548774268536363, 6767633.721348178572953 ], [ 345888.392394032387529, 6767639.932586122304201 ], [ 345859.834577218920458, 6767659.910549267195165 ], [ 345857.576940250175539, 6767661.537152792327106 ], [ 345800.607881226926111, 6767703.799118009395897 ], [ 345787.556908512837254, 6767713.467196378856897 ], [ 345784.300108871248085, 6767715.985268250107765 ], [ 345761.80238801339874, 6767734.131958164274693 ], [ 345629.261425664939452, 6767826.890269748866558 ], [ 345627.756033540528733, 6767827.964688211679459 ], [ 345607.636164940486196, 6767842.607216430827975 ], [ 345563.994667204271536, 6767871.414097428321838 ], [ 345561.745931296085473, 6767872.895070940256119 ], [ 345561.637388814357109, 6767872.966656111180782 ], [ 345540.086155076802243, 6767887.200087047182024 ], [ 345491.379351342387963, 6767915.444823151454329 ], [ 345489.719672032457311, 6767916.428776336833835 ], [ 345452.959107838687487, 6767938.704610518179834 ], [ 345451.801223196845967, 6767939.417060717940331 ], [ 345388.200004796788562, 6767979.149630315601826 ], [ 345368.535967273637652, 6767991.4411575589329 ], [ 345356.175057104381267, 6768000.558781338855624 ], [ 345293.456748676777352, 6768054.729646739549935 ], [ 345288.353105207206681, 6768059.129849549382925 ], [ 345279.671493705245666, 6768066.622811368666589 ], [ 345217.74225255503552, 6768120.122982260771096 ], [ 345215.401756089762785, 6768122.209890053607523 ], [ 345185.629066458670422, 6768149.606678662821651 ], [ 345114.455265193711966, 6768208.831984681077302 ], [ 345099.627003971545491, 6768221.16383667010814 ], [ 345038.20018660381902, 6768271.4201017357409 ], [ 345031.431119688728359, 6768277.492419705726206 ], [ 345009.892628444591537, 6768298.658461539074779 ], [ 345003.922560739738401, 6768305.062663449905813 ], [ 344988.024317562230863, 6768323.689180213026702 ], [ 344980.868998691323213, 6768333.15712939761579 ], [ 344960.435468245821539, 6768363.821395095437765 ], [ 344954.747077765176073, 6768372.360175110399723 ], [ 344951.977381626667921, 6768376.761630108579993 ], [ 344944.250901376421098, 6768389.7791957994923 ], [ 344903.643367102369666, 6768458.236595162190497 ], [ 344900.175411932112183, 6768463.951111406087875 ], [ 344896.520603811077308, 6768469.965869906358421 ], [ 344895.810200142965186, 6768471.153427514247596 ], [ 344871.74843987688655, 6768512.015786168165505 ], [ 344867.941181291884277, 6768519.121790305711329 ], [ 344844.49786921433406, 6768567.46275048982352 ], [ 344830.145024580764584, 6768597.067208219319582 ], [ 344824.127547151467297, 6768612.692103734239936 ], [ 344820.969337999878917, 6768623.520078906789422 ], [ 344815.498152056243271, 6768642.308947656303644 ], [ 344813.18851369083859, 6768652.023897130973637 ], [ 344808.537782640720252, 6768677.089209952391684 ], [ 344806.88308438914828, 6768693.167579357512295 ], [ 344806.79237861384172, 6768697.356795984320343 ], [ 344806.057000667962711, 6768732.449988747015595 ], [ 344805.228112439275719, 6768772.062743464484811 ], [ 344804.220621560583822, 6768787.741001627407968 ], [ 344804.107942718255799, 6768789.838483234867454 ], [ 344802.561630323994905, 6768825.638109308667481 ], [ 344798.970568889984861, 6768851.75517688319087 ], [ 344793.642024034401402, 6768876.810621429234743 ], [ 344773.536683357669972, 6768960.580373344011605 ], [ 344771.920991839491762, 6768968.824137538671494 ], [ 344752.34504217171343, 6769097.030163214541972 ], [ 344749.623203642433509, 6769114.861192566342652 ], [ 344747.815935124875978, 6769126.708150224760175 ], [ 344741.743194672220852, 6769166.61656787712127 ], [ 344739.66820020636078, 6769180.031543892808259 ], [ 344729.252934709191322, 6769242.416732259094715 ], [ 344727.350553609197959, 6769248.735723935067654 ], [ 344725.418360503623262, 6769256.17956022452563 ], [ 344721.93699431308778, 6769272.083327841944993 ], [ 344721.704907364910468, 6769272.723471128381789 ], [ 344717.208681987889577, 6769289.599299303255975 ], [ 344708.144091109163128, 6769341.488116035237908 ], [ 344694.06552961259149, 6769391.542181595228612 ], [ 344668.004351524694357, 6769470.169515789486468 ], [ 344667.362892464152537, 6769472.175292106345296 ], [ 344657.483888675225899, 6769504.225208831951022 ], [ 344633.845054147474002, 6769577.97713964432478 ], [ 344622.548256719892379, 6769606.424493050202727 ], [ 344603.468231033475604, 6769654.462576898746192 ], [ 344595.95264267467428, 6769673.394504964351654 ], [ 344587.702385363460053, 6769693.056863158009946 ], [ 344587.515419741743244, 6769693.505500190891325 ], [ 344585.264268063299824, 6769698.944483100436628 ], [ 344572.931950825673994, 6769728.750779746100307 ], [ 344567.611124067625497, 6769741.424535213038325 ], [ 344559.546708927315194, 6769759.613494079560041 ], [ 344558.023980421246961, 6769763.035718517377973 ], [ 344554.795281851431355, 6769769.618535753339529 ], [ 344543.702668237674516, 6769792.197995071299374 ], [ 344536.193916667078156, 6769802.956421443261206 ], [ 344524.670036524999887, 6769819.463240508921444 ], [ 344521.480395009682979, 6769823.407276234589517 ], [ 344511.78868074825732, 6769835.404452043585479 ], [ 344483.292783197655808, 6769862.505694570019841 ], [ 344470.453385233879089, 6769874.700305668637156 ], [ 344463.191057480173185, 6769882.366933753713965 ], [ 344446.789809720241465, 6769901.623332727700472 ], [ 344444.240349244093522, 6769904.741712553426623 ], [ 344437.651813812961336, 6769913.140142023563385 ], [ 344428.442864482989535, 6769927.157478912733495 ], [ 344422.076970392954536, 6769938.88528579287231 ], [ 344415.807295313163195, 6769952.909081911668181 ], [ 344408.278718440677039, 6769973.955146295949817 ], [ 344405.817559069313575, 6769981.850617785938084 ], [ 344397.870824396784883, 6770011.626104 ], [ 344389.247921280795708, 6770043.911121325567365 ], [ 344384.840545060404111, 6770060.423109423369169 ], [ 344380.820832081895787, 6770075.496753574348986 ], [ 344373.282113758614287, 6770100.391472726128995 ], [ 344372.216049491835292, 6770104.178965320810676 ], [ 344342.153724951203912, 6770219.647598145529628 ], [ 344340.925730806135107, 6770224.213165996596217 ], [ 344260.511692810512614, 6770489.697618053294718 ], [ 344249.164315827423707, 6770518.879958814941347 ], [ 344239.658092627418227, 6770543.321818503551185 ], [ 344228.799419091374148, 6770571.275740075856447 ], [ 344222.55127922038082, 6770587.379264471121132 ], [ 344190.175846653757617, 6770670.838954785838723 ], [ 344149.311944297922309, 6770757.985870398581028 ], [ 344106.402107954316307, 6770830.485939607024193 ], [ 344104.778171189071145, 6770833.226236314512789 ], [ 344074.233438359922729, 6770880.642331956885755 ], [ 344071.349712297378574, 6770885.115033442154527 ], [ 344070.035481637343764, 6770887.209853165782988 ], [ 344045.305797259905376, 6770927.732275390066206 ], [ 344041.271284221846145, 6770935.007553316652775 ], [ 344018.990654886700213, 6770979.449242680333555 ], [ 344012.997102118271869, 6770994.248336435295641 ], [ 344009.583267688401975, 6771005.096307864412665 ], [ 343999.015592048119288, 6771038.694582838565111 ], [ 343998.113097549416125, 6771041.731156446970999 ], [ 343985.661672413058113, 6771086.192842144519091 ], [ 343984.409958635340445, 6771091.14649607334286 ], [ 343982.840851604589261, 6771098.099520442076027 ], [ 343970.107068896002602, 6771153.803514181636274 ], [ 343968.198181166255381, 6771165.097717884927988 ], [ 343964.908036233333405, 6771194.852153866551816 ], [ 343964.904023849347141, 6771216.79715409502387 ], [ 343967.938543043041136, 6771244.332005186006427 ], [ 343968.965499495854601, 6771251.352602285332978 ], [ 343975.628248354187235, 6771287.815783830359578 ], [ 343976.71837915602373, 6771293.000837403349578 ], [ 343978.334590531885624, 6771299.789567943662405 ], [ 343986.872725490538869, 6771335.572375345043838 ], [ 344002.515289963048417, 6771401.119897399097681 ], [ 344019.600147036660928, 6771472.733126921579242 ], [ 344033.101532403496094, 6771529.308446327224374 ], [ 344039.628334045177326, 6771563.847571267746389 ], [ 344039.749437338614371, 6771564.477361316792667 ], [ 344044.251740416395478, 6771587.493057488463819 ], [ 344044.981186790042557, 6771590.90493646543473 ], [ 344051.134424563206267, 6771617.41500276979059 ], [ 344061.078607122297399, 6771694.010296877473593 ], [ 344052.787940436508507, 6771742.867361157201231 ], [ 344036.17688876518514, 6771787.185444226488471 ], [ 344017.195012319192756, 6771818.993317704647779 ], [ 344016.971951030020136, 6771819.368963115848601 ], [ 343991.638892622955609, 6771862.244052459485829 ], [ 343964.349098010919988, 6771893.941719433292747 ], [ 343939.801654249953572, 6771915.722065405920148 ], [ 343916.484179565741215, 6771933.605682575143874 ], [ 343863.489761120988987, 6771962.934445383958519 ], [ 342727.417467027553357, 6772376.923607524484396 ], [ 341704.38889701559674, 6772664.206112373620272 ], [ 341701.314501046144869, 6772665.122903764247894 ], [ 341600.812537049292587, 6772696.856968780048192 ], [ 341587.971565938729327, 6772701.91003474406898 ], [ 341371.094132514321245, 6772805.060744140297174 ], [ 341345.475277491786983, 6772822.578473226167262 ], [ 341162.991812220367137, 6772994.486325536854565 ], [ 341147.259002548351418, 6773013.487819654867053 ], [ 341057.889106179762166, 6773153.561625585891306 ], [ 341045.954463973350357, 6773180.175991955213249 ], [ 340964.706853437179234, 6773467.932181841693819 ], [ 340963.646129673987161, 6773472.016651428304613 ], [ 340811.389306443394162, 6774113.6604920681566 ], [ 340729.940048325108364, 6774345.668218318372965 ], [ 340655.955810428073164, 6774457.75477990694344 ], [ 340508.125068992259912, 6774596.209686074405909 ], [ 340272.325924765085801, 6774717.605062659829855 ], [ 339733.962576887570322, 6774977.29158943053335 ], [ 339722.542669535148889, 6774983.756084172986448 ], [ 339519.427770892507397, 6775117.051156819798052 ], [ 339516.551477974746376, 6775119.011189962737262 ], [ 339386.421719255507924, 6775211.043979098089039 ], [ 339373.796302815957461, 6775221.636481706984341 ], [ 339111.013515888073016, 6775481.887813501991332 ], [ 339103.985383201739751, 6775489.61614179238677 ], [ 338477.184776155860163, 6776255.706293008290231 ], [ 338109.625167908554431, 6776661.279422093182802 ], [ 337855.943867901398335, 6776843.329496941529214 ], [ 337648.41479230299592, 6776940.991793619468808 ], [ 337643.696019237686414, 6776943.366640157066286 ], [ 337342.190126557950862, 6777105.226370550692081 ], [ 337338.038795133936219, 6777107.58431305270642 ], [ 337195.218478316382971, 6777193.278287447057664 ], [ 337186.601484916056506, 6777199.077669210731983 ], [ 337018.408297522226349, 6777325.44403781183064 ], [ 337013.000706985010765, 6777329.808879076503217 ], [ 336928.479445405886509, 6777403.025187220424414 ], [ 336923.164396544103511, 6777407.978513020090759 ], [ 336853.304481529572513, 6777477.995419559068978 ], [ 336850.541812555806246, 6777480.877111576497555 ], [ 336828.153985669661779, 6777505.182566365227103 ], [ 336825.735473035019822, 6777507.906149391084909 ], [ 336770.942032917344477, 6777571.92242634948343 ], [ 336745.784080596698914, 6777600.11933384463191 ], [ 336741.668030927306972, 6777605.041799684986472 ], [ 336714.720178850810044, 6777639.455364265479147 ], [ 336712.122604585019872, 6777642.924925201572478 ], [ 336623.659765744116157, 6777766.581801117397845 ], [ 336619.812914698501118, 6777772.374623591080308 ], [ 336589.311046553542838, 6777821.965350065380335 ], [ 336588.930645487096626, 6777822.588907820172608 ], [ 336532.816773417463992, 6777915.33156484272331 ], [ 336529.345430339279119, 6777921.559929452836514 ], [ 336473.709824788791593, 6778030.329589495435357 ], [ 336471.320563613029663, 6778035.338875121437013 ], [ 336449.889269824314397, 6778083.67983537260443 ], [ 336448.750109531800263, 6778086.353555909357965 ], [ 336430.806863922683988, 6778130.225351905450225 ], [ 336430.399983684939798, 6778131.23586060013622 ], [ 336399.741441757709254, 6778208.591395169496536 ], [ 336399.38337087794207, 6778209.507996272295713 ], [ 336379.444598840898834, 6778261.298311521299183 ], [ 336376.43913827452343, 6778270.377860935404897 ], [ 336350.868363844987471, 6778362.120705171488225 ], [ 336349.558401985035744, 6778367.364651255309582 ], [ 336344.478344550530892, 6778390.322779165580869 ], [ 336316.005173281708267, 6778514.093803144991398 ], [ 336230.419865419797134, 6778846.009833240881562 ], [ 336202.84906217554817, 6778919.981224716641009 ], [ 336157.364402671286371, 6779011.317836863920093 ], [ 336149.937515634053852, 6779022.323286921717227 ], [ 336104.427290608931798, 6779082.663714720867574 ], [ 336036.234738695027772, 6779154.804629336111248 ], [ 336007.214258005435113, 6779179.694495699368417 ], [ 335903.223714277846739, 6779253.790929105132818 ], [ 335821.593798687390517, 6779308.175771742127836 ], [ 335651.216651464928873, 6779419.879348067566752 ], [ 335584.45608971134061, 6779462.980333022773266 ], [ 335578.906066897965502, 6779466.83522027079016 ], [ 335442.088820946810301, 6779568.886136056855321 ], [ 335432.004457839007955, 6779577.505771894939244 ], [ 335319.338558666931931, 6779687.549897037446499 ], [ 335105.948140653432347, 6779895.31583771109581 ], [ 335105.643144629779272, 6779895.614064566791058 ], [ 335034.810204358072951, 6779965.171057121828198 ], [ 335032.547533133707475, 6779967.465746378526092 ], [ 334967.206413343141321, 6780035.902948365546763 ], [ 334961.506067250098567, 6780042.415792076848447 ], [ 334884.331970690866001, 6780138.697787120938301 ], [ 334876.526391767431051, 6780149.932045142166317 ], [ 334802.901426043419633, 6780273.098619787953794 ], [ 334755.127300531545188, 6780344.698635715059936 ], [ 334691.381651046918705, 6780419.595337139442563 ], [ 334616.058080688293558, 6780479.836623402312398 ], [ 334559.917686155065894, 6780517.510163792409003 ], [ 334515.341950417496264, 6780540.168127167969942 ], [ 334437.575094853993505, 6780573.920525118708611 ], [ 334355.404969943570904, 6780606.007786658592522 ], [ 334350.473812476033345, 6780608.087124047800899 ], [ 334311.478588594007306, 6780625.773816397413611 ], [ 334305.345811364066321, 6780628.812593554146588 ], [ 334187.123243126727175, 6780692.520679455250502 ], [ 334176.133016370353289, 6780699.397775726392865 ], [ 334122.154852681444027, 6780738.260508116334677 ], [ 334119.111278207739815, 6780740.540905814617872 ], [ 334065.809284582152031, 6780782.083137161098421 ], [ 334063.344214119599201, 6780784.067842187359929 ], [ 334009.827825076761656, 6780828.569520127028227 ], [ 333997.36194375983905, 6780840.941436385735869 ], [ 333954.903409409453161, 6780891.222033780068159 ], [ 333949.844558246259112, 6780897.740494990721345 ], [ 333909.604191570833791, 6780954.259925772435963 ], [ 333903.062410909973551, 6780964.769210857339203 ], [ 333763.138013902120292, 6781224.065486931242049 ], [ 333744.934805430588312, 6781256.1477674189955 ], [ 333711.581419673748314, 6781314.845266604796052 ], [ 333651.53519422293175, 6781394.243434240110219 ], [ 333574.824210574151948, 6781461.670997478999197 ], [ 333489.309319740859792, 6781520.561633968725801 ], [ 333382.665908706723712, 6781582.976777515374124 ], [ 332814.004997486481443, 6781898.077629380859435 ], [ 332806.398657618963625, 6781902.747778255492449 ], [ 332725.200524749234319, 6781957.737494762986898 ], [ 332717.7414293345646, 6781963.312691387720406 ], [ 332640.839450252533425, 6782026.580859891138971 ], [ 332634.073148813680746, 6782032.685276512056589 ], [ 332568.064104922057595, 6782097.933074923232198 ], [ 332555.143142630811781, 6782113.605638196691871 ], [ 332475.272611490334384, 6782233.483220957219601 ], [ 332473.87074570695404, 6782235.647230199538171 ], [ 332342.586549221305177, 6782444.148240358568728 ], [ 332340.281895618012641, 6782447.997275471687317 ], [ 332293.18087612540694, 6782530.82178726606071 ], [ 332288.624628960445989, 6782539.872129990719259 ], [ 332272.65217182674678, 6782576.055363754741848 ], [ 332271.656209505395964, 6782578.391416487284005 ], [ 332255.716736265923828, 6782617.134171634912491 ], [ 332254.459869247046299, 6782620.345408875495195 ], [ 332240.804531559697352, 6782657.088537961244583 ], [ 332238.046815454959869, 6782665.676615672186017 ], [ 332224.366739731747657, 6782715.967211440205574 ], [ 332223.311342868255451, 6782720.211402023211122 ], [ 332211.099050966091454, 6782774.351277993991971 ], [ 332210.212451584346127, 6782778.736631716601551 ], [ 332202.263329702487681, 6782823.148326866328716 ], [ 332201.431417255254928, 6782828.686174524016678 ], [ 332194.999555018206593, 6782881.536291729658842 ], [ 332194.348167455580551, 6782889.592266472987831 ], [ 332168.314867760578636, 6783535.875009364448488 ], [ 332161.733373288239818, 6783589.645652175880969 ], [ 332152.270024362893309, 6783646.514881473965943 ], [ 332137.532226156035904, 6783708.716062327846885 ], [ 332118.865951520623639, 6783760.571027679368854 ], [ 332112.880171433323994, 6783773.988270234316587 ], [ 332079.419938322273083, 6783842.271300237625837 ], [ 332030.654612713435199, 6783915.510622997768223 ], [ 331979.463378934713546, 6783981.565588190220296 ], [ 331873.3659201876726, 6784107.068452554754913 ], [ 331872.451091142196674, 6784108.166423709131777 ], [ 331685.987353266216815, 6784335.238771991804242 ], [ 331625.299654623435345, 6784399.14818405546248 ], [ 331568.536982718389481, 6784448.427008670754731 ], [ 331528.037905482109636, 6784477.140838694758713 ], [ 331501.052403830515686, 6784494.259376020170748 ], [ 331488.078704651910812, 6784502.499506269581616 ], [ 331362.428475494147278, 6784572.352712200023234 ], [ 331214.803034805925563, 6784654.085068643093109 ], [ 331205.393884794961195, 6784660.000368377193809 ], [ 331134.659896371304058, 6784710.160988003946841 ], [ 331127.340099234890658, 6784715.880736586637795 ], [ 331037.857249279215466, 6784792.757316994480789 ], [ 330938.885351717763115, 6784873.959131202660501 ], [ 330881.524619100848213, 6784910.661244092509151 ], [ 330880.426765606214758, 6784911.373871685937047 ], [ 330871.656898473447654, 6784917.148404005914927 ], [ 330802.840643099450972, 6784953.424581535160542 ], [ 330699.960586162167601, 6784993.928615280427039 ], [ 330695.734389827062842, 6784995.705415070056915 ], [ 330643.875442251097411, 6785018.921073432080448 ], [ 330636.344665852549952, 6785022.680474524386227 ], [ 330586.530720456561539, 6785050.225323367863894 ], [ 330580.019979491422419, 6785054.155932389199734 ], [ 330521.250903326261323, 6785092.758713376708329 ], [ 330516.207498409086838, 6785096.298625673167408 ], [ 330461.231571502634324, 6785137.47092619817704 ], [ 330455.809109066496603, 6785141.83450707513839 ], [ 330394.734007303719409, 6785194.588067430071533 ], [ 330361.918003280239645, 6785222.816371198743582 ], [ 330360.951316203980241, 6785223.658758151344955 ], [ 330356.923616999702062, 6785227.214247881434858 ], [ 330338.69690593710402, 6785241.886579316109419 ], [ 330334.237539510882925, 6785245.69717444293201 ], [ 330318.941252643475309, 6785259.564581184647977 ], [ 330318.036568822804838, 6785260.394932184368372 ], [ 330291.948556923365686, 6785284.636231055483222 ], [ 330282.945471003418788, 6785292.670978788286448 ], [ 330279.892456069472246, 6785295.310421886853874 ], [ 330259.89945711492328, 6785311.661144925281405 ], [ 330255.946361766313203, 6785315.070072758942842 ], [ 330228.32703119359212, 6785340.173735200427473 ], [ 330172.615532232972328, 6785390.0548425167799 ], [ 330168.716936039738357, 6785393.738510716706514 ], [ 330115.13457909040153, 6785447.158520989120007 ], [ 330111.141782335005701, 6785451.377449419349432 ], [ 330068.295687084784731, 6785499.368474979884923 ], [ 330003.470965760119725, 6785572.113922402262688 ], [ 329962.46690359985223, 6785617.486385008320212 ], [ 329959.606832083140034, 6785620.793728110380471 ], [ 329924.149131979153026, 6785663.655712833628058 ], [ 329917.904743410181254, 6785672.064572824165225 ], [ 329871.071296910056844, 6785742.566490609198809 ], [ 329836.549357551615685, 6785794.252102991566062 ], [ 329835.643641816917807, 6785795.632666287012398 ], [ 329789.143349863705225, 6785867.804221120662987 ], [ 329741.684051839984022, 6785937.627317876555026 ], [ 329673.80335194140207, 6786032.937564139254391 ], [ 329673.590720121108461, 6786033.237281132489443 ], [ 329585.886511075019371, 6786157.344073047861457 ], [ 329583.661913795163855, 6786160.628339129500091 ], [ 329516.611317164555658, 6786263.974810395389795 ], [ 329479.064357721537817, 6786319.543682450428605 ], [ 329439.507326380407903, 6786372.356256846338511 ], [ 329436.020430866454262, 6786377.318378455005586 ], [ 329336.305419740150683, 6786528.784899037331343 ], [ 329264.922362319251988, 6786631.786371158435941 ], [ 329260.859923129493836, 6786638.148380821570754 ], [ 329175.274929921026342, 6786784.041098895482719 ], [ 329172.647212135605514, 6786788.813763848505914 ], [ 329128.201397099648602, 6786875.01764377951622 ], [ 329128.028476379986387, 6786875.354593266732991 ], [ 329090.220672676688991, 6786949.370752294547856 ], [ 329090.123307948349975, 6786949.561868433840573 ], [ 329026.622055213723797, 6787074.538957859389484 ], [ 328967.483935216150712, 6787184.208087007515132 ], [ 328932.680240899906494, 6787240.391457885503769 ], [ 328888.910200941551011, 6787308.616858860477805 ], [ 328836.926472805964295, 6787379.32070623524487 ], [ 328786.697204708470963, 6787442.465195546858013 ], [ 328683.865112863248214, 6787561.805248741060495 ], [ 328683.425221227225848, 6787562.319263538345695 ], [ 328615.00835199462017, 6787642.814210833050311 ], [ 328610.925889005418867, 6787647.949662757106125 ], [ 328520.615951339423191, 6787769.536925807595253 ], [ 328517.606932852650061, 6787773.817649904638529 ], [ 328438.237164368038066, 6787893.255722117610276 ], [ 328377.306620709307026, 6787982.005928656086326 ], [ 328300.458379837975372, 6788094.012595061212778 ], [ 328242.927995757025201, 6788177.313130249269307 ], [ 328118.840022606542334, 6788342.272943808697164 ], [ 328118.604331950424239, 6788342.587551054544747 ], [ 328070.579763196466956, 6788406.955514183267951 ], [ 328056.023533369181678, 6788434.650023518130183 ], [ 328050.737810174701735, 6788465.487189477309585 ], [ 328055.239997027034406, 6788496.448455402627587 ], [ 328069.089388508582488, 6788524.503116862848401 ], [ 328090.930309686693363, 6788546.904988128691912 ], [ 328118.624819021788426, 6788561.461217955686152 ], [ 328149.461984981200658, 6788566.746941150166094 ], [ 328180.423250905645546, 6788562.244754297658801 ], [ 328208.477912366564851, 6788548.395362816751003 ], [ 328230.879783631942701, 6788526.554441638290882 ], [ 328278.786816250067204, 6788462.344013743102551 ], [ 328403.974524824356195, 6788295.922236176207662 ], [ 328406.34373006754322, 6788292.636164865456522 ], [ 328465.112806610413827, 6788207.542077511548996 ], [ 328465.287171370931901, 6788207.28877580165863 ], [ 328542.197266593342647, 6788095.191948636434972 ], [ 328603.547199050954077, 6788005.830868794582784 ], [ 328604.393271560664289, 6788004.578313081525266 ], [ 328682.732849835418165, 6787886.69050282612443 ], [ 328769.525303052098025, 6787769.83894570171833 ], [ 328835.59759196115192, 6787692.102482852526009 ], [ 328939.490479383268394, 6787571.531341208145022 ], [ 328941.994331971975043, 6787568.507478156127036 ], [ 328994.628401704714634, 6787502.339851600117981 ], [ 328996.93620852008462, 6787499.322760307230055 ], [ 329051.92862765211612, 6787424.526747236028314 ], [ 329055.528973711479921, 6787419.288870818912983 ], [ 329101.442572487576399, 6787347.722253798507154 ], [ 329102.285323996387888, 6787346.385514804162085 ], [ 329139.087118430354167, 6787286.976624274626374 ], [ 329142.094974978477694, 6787281.778623208403587 ], [ 329203.238893024274148, 6787168.389826860278845 ], [ 329204.372335093677975, 6787166.225003760308027 ], [ 329268.378503093321342, 6787040.254188423976302 ], [ 329306.051380645076279, 6786966.502173686400056 ], [ 329349.161588006245438, 6786882.88874155189842 ], [ 329431.456615460454486, 6786742.604273572564125 ], [ 329501.366843643772881, 6786641.728005738928914 ], [ 329502.700395674153697, 6786639.753953265026212 ], [ 329601.40224695939105, 6786489.826416574418545 ], [ 329640.599018109554891, 6786437.494825394824147 ], [ 329643.419519883347675, 6786433.531836656853557 ], [ 329682.851780870347284, 6786375.172749845311046 ], [ 329683.883728988934308, 6786373.614282089285553 ], [ 329750.363294386479538, 6786271.147953072562814 ], [ 329836.816587976412848, 6786148.81128263566643 ], [ 329905.22581784427166, 6786052.758935576304793 ], [ 329906.476383953006007, 6786050.96171644423157 ], [ 329955.243090655887499, 6785979.21513311099261 ], [ 329956.601749684195966, 6785977.162346246652305 ], [ 330003.321578012721147, 6785904.650056314654648 ], [ 330037.454893806600012, 6785853.546283981762826 ], [ 330037.594496533274651, 6785853.336702491156757 ], [ 330081.595903389563318, 6785787.09806748945266 ], [ 330112.317050097335596, 6785749.961724269203842 ], [ 330152.088982296467293, 6785705.952657571993768 ], [ 330152.555303493340034, 6785705.433021235279739 ], [ 330217.5190154563752, 6785632.531534616835415 ], [ 330258.398895944817923, 6785586.742825564928353 ], [ 330308.023675922013354, 6785537.268401387147605 ], [ 330362.015147637401242, 6785488.927314805798233 ], [ 330362.570639552082866, 6785488.426200739108026 ], [ 330388.534732347237878, 6785464.827011055313051 ], [ 330407.565662166511174, 6785449.263089737854898 ], [ 330409.659533886006102, 6785447.502330372110009 ], [ 330414.343248674762435, 6785443.453087593428791 ], [ 330415.526677108136937, 6785442.413571594282985 ], [ 330425.867131952545606, 6785433.185297327116132 ], [ 330427.35303071339149, 6785431.832149157300591 ], [ 330453.727400361269247, 6785407.324763173237443 ], [ 330466.395016589318402, 6785395.840473672375083 ], [ 330484.105923295137472, 6785381.583359906449914 ], [ 330487.578960462997202, 6785378.6551373610273 ], [ 330492.829271141963545, 6785374.020375737920403 ], [ 330525.236428458418231, 6785346.143761621788144 ], [ 330525.390687451232225, 6785346.010794594883919 ], [ 330583.907593937532511, 6785295.46687294729054 ], [ 330633.629168856597971, 6785258.229635844938457 ], [ 330686.641403230838478, 6785223.408267077989876 ], [ 330729.438980179955252, 6785199.743151244707406 ], [ 330775.360633909935132, 6785179.185437017120421 ], [ 330881.232968989235815, 6785137.503338849171996 ], [ 330891.231786826450843, 6785132.916507157497108 ], [ 330969.22223466768628, 6785091.804195595905185 ], [ 330977.58422802266432, 6785086.862991525791585 ], [ 330989.868372915952932, 6785078.774477682076395 ], [ 331051.648452423862182, 6785039.244657385163009 ], [ 331061.181113200436812, 6785032.321275573223829 ], [ 331165.591670702851843, 6784946.657295185141265 ], [ 331167.328346608846914, 6784945.199176926165819 ], [ 331254.144346887071151, 6784870.61374262906611 ], [ 331316.545496320759412, 6784826.362310032360256 ], [ 331459.378244179824833, 6784747.283412754535675 ], [ 331459.531158520665485, 6784747.198577446863055 ], [ 331587.813818415103015, 6784675.881914366036654 ], [ 331592.838431752170436, 6784672.893027075566351 ], [ 331608.210143020900432, 6784663.129798855632544 ], [ 331637.344380850612652, 6784644.648188093677163 ], [ 331641.615200924687088, 6784641.782314696349204 ], [ 331688.221461424021982, 6784608.738494112156332 ], [ 331695.94077201950131, 6784602.674930145964026 ], [ 331760.053241204353981, 6784547.015338752418756 ], [ 331767.010819193732459, 6784540.361392964608967 ], [ 331833.498129781684838, 6784470.344486336223781 ], [ 331838.265955987968482, 6784464.94694594386965 ], [ 332026.562872647366021, 6784235.642183917574584 ], [ 332133.571350300335325, 6784109.061673739925027 ], [ 332136.245838460046798, 6784105.758096233941615 ], [ 332190.9414023856516, 6784035.181294219568372 ], [ 332195.136061491502915, 6784029.347249360755086 ], [ 332249.551262292778119, 6783947.622531955130398 ], [ 332256.1125330972136, 6783936.203596984967589 ], [ 332293.268904649768956, 6783860.377776372246444 ], [ 332294.794751922483556, 6783857.116648347117007 ], [ 332303.024236800032668, 6783838.670097840949893 ], [ 332305.78977999696508, 6783831.797575713135302 ], [ 332327.625126747298054, 6783771.138918787240982 ], [ 332330.841455300862435, 6783760.324838628061116 ], [ 332347.663248300144915, 6783689.328114833682775 ], [ 332349.000871635158546, 6783682.687504310160875 ], [ 332359.37431079975795, 6783620.349161392077804 ], [ 332359.989975336065982, 6783616.083606011234224 ], [ 332367.328895061800722, 6783556.124818101525307 ], [ 332367.988630878680851, 6783548.000442917458713 ], [ 332394.023319599044044, 6782901.68321714643389 ], [ 332399.628182486805599, 6782855.628489973954856 ], [ 332406.689551710383967, 6782816.176663475111127 ], [ 332417.928197588946205, 6782766.353182443417609 ], [ 332429.849159422097728, 6782722.529428478330374 ], [ 332441.331036064191721, 6782691.634544348344207 ], [ 332456.131238331785426, 6782655.660920630209148 ], [ 332469.542310362798162, 6782625.280125097371638 ], [ 332513.02650785894366, 6782548.815592754632235 ], [ 332642.428214770450722, 6782343.304287284612656 ], [ 332715.923373761761468, 6782232.995492805726826 ], [ 332771.428011956100818, 6782178.130958640947938 ], [ 332841.2080113501288, 6782120.722127132117748 ], [ 332914.847803271957673, 6782070.851137019693851 ], [ 333480.630113279563375, 6781757.345347653143108 ], [ 333482.674183388357051, 6781756.181074877269566 ], [ 333593.508356536971405, 6781691.313205781392753 ], [ 333599.714332658564672, 6781687.367723991163075 ], [ 333693.124757067475002, 6781623.039753802120686 ], [ 333702.426731289713643, 6781615.789430915378034 ], [ 333791.19467092648847, 6781537.764022053219378 ], [ 333804.93441521510249, 6781522.974190309643745 ], [ 333875.049955709604546, 6781430.261527753435075 ], [ 333882.23457353876438, 6781419.345872762612998 ], [ 333918.838464558706619, 6781354.927918944507837 ], [ 333937.612696390424389, 6781321.839277479797602 ], [ 333938.641626651806291, 6781319.98008884023875 ], [ 334076.125582575798035, 6781065.206235578283668 ], [ 334110.374349513382185, 6781017.102279968559742 ], [ 334144.481269986892585, 6780976.711899967864156 ], [ 334190.002558061911259, 6780938.858566856943071 ], [ 334240.556209894712083, 6780899.458323882892728 ], [ 334287.719153520534746, 6780865.502354810014367 ], [ 334397.208880448306445, 6780806.500245208851993 ], [ 334430.64793996111257, 6780791.333609421737492 ], [ 334512.057344674947672, 6780759.543407524004579 ], [ 334515.496359593118541, 6780758.126215889118612 ], [ 334597.758223283104599, 6780722.42289293371141 ], [ 334603.256914989382494, 6780719.835043102502823 ], [ 334655.93221426254604, 6780693.060050340369344 ], [ 334666.342015479633119, 6780686.951641603372991 ], [ 334730.973981081973761, 6780643.579752488061786 ], [ 334737.710088789113797, 6780638.639222282916307 ], [ 334823.781593967694789, 6780569.802095233462751 ], [ 334837.475241589709185, 6780556.520418350584805 ], [ 334911.219011772889644, 6780469.876620978116989 ], [ 334918.250123478006572, 6780460.565347702242434 ], [ 334970.645059955073521, 6780382.04003204125911 ], [ 334973.295623911602888, 6780377.84581714682281 ], [ 335044.676148225960787, 6780258.433949314057827 ], [ 335114.853231458168011, 6780170.881391121074557 ], [ 335176.090276526811067, 6780106.74272873159498 ], [ 335245.621211524994578, 6780038.464287804439664 ], [ 335458.915503611788154, 6779830.791939401067793 ], [ 335459.028796691040043, 6779830.681457712315023 ], [ 335566.995623150491156, 6779725.227056251838803 ], [ 335695.774330337415449, 6779629.172023782506585 ], [ 335759.990441603178624, 6779587.7137500224635 ], [ 335760.580532186315395, 6779587.32983476202935 ], [ 335931.56085960753262, 6779475.230798210017383 ], [ 335932.176977039023768, 6779474.823595074936748 ], [ 336015.420112100895494, 6779419.363966478966177 ], [ 336018.003995602659415, 6779417.583326390013099 ], [ 336126.933348211692646, 6779339.96784105617553 ], [ 336134.006228045094758, 6779334.432991637848318 ], [ 336170.412215347227175, 6779303.208830727264285 ], [ 336177.981615055992734, 6779295.99678660184145 ], [ 336253.588975905906409, 6779216.011744095943868 ], [ 336260.755389647500124, 6779207.533369760029018 ], [ 336311.196029551152606, 6779140.655875997617841 ], [ 336314.249335016473196, 6779136.378255947493017 ], [ 336326.832695582415909, 6779117.73174287006259 ], [ 336333.456167192896828, 6779106.371043866500258 ], [ 336384.22664644382894, 6779004.420108706690371 ], [ 336388.414941930794157, 6778994.767971370369196 ], [ 336419.650702279061079, 6778910.963642701506615 ], [ 336422.780513036472257, 6778901.006998899392784 ], [ 336509.998211117170285, 6778562.760250429622829 ], [ 336510.62002324545756, 6778560.210849813185632 ], [ 336539.480942641501315, 6778434.754309939220548 ], [ 336539.664681215246674, 6778433.940071247518063 ], [ 336544.250813711783849, 6778413.214121230877936 ], [ 336567.810332830180414, 6778328.6872603520751 ], [ 336585.8522523776046, 6778281.823958072811365 ], [ 336616.128815778589342, 6778205.432205576449633 ], [ 336633.315717602497898, 6778163.409693760797381 ], [ 336653.032901650411077, 6778118.935122149065137 ], [ 336705.779773186892271, 6778015.813043606467545 ], [ 336759.857814243936446, 6777926.435122796334326 ], [ 336788.345683616062161, 6777880.118807639926672 ], [ 336873.523147062689532, 6777761.054360168986022 ], [ 336897.155588144785725, 6777730.874717834405601 ], [ 336920.861450275231618, 6777704.305305782705545 ], [ 336922.215388675278518, 6777702.756024119444191 ], [ 336976.493377125822008, 6777639.341959699057043 ], [ 336996.294573518738616, 6777617.844693075865507 ], [ 337062.176892648858484, 6777551.814321007579565 ], [ 337141.322684257116634, 6777483.254498799331486 ], [ 337302.578497422276996, 6777362.10029605589807 ], [ 337438.892007458023727, 6777280.31048702262342 ], [ 337735.96607120562112, 6777120.829929485917091 ], [ 337949.389012350817211, 6777020.394004852510989 ], [ 337965.112505258468445, 6777011.15691901743412 ], [ 338234.879633937671315, 6776817.563122524879873 ], [ 338250.673762860067654, 6776803.471440656110644 ], [ 338627.077863744634669, 6776388.1391093255952 ], [ 338630.375734151690267, 6776384.31002131011337 ], [ 339255.464922598912381, 6775620.311605357564986 ], [ 339508.6567411046708, 6775369.558849684894085 ], [ 339630.614793225366157, 6775283.305406930856407 ], [ 339826.777070038311649, 6775154.573023865930736 ], [ 340360.388836302736308, 6774897.178483967669308 ], [ 340362.715574745263439, 6774896.018630543723702 ], [ 340612.073910549515858, 6774767.642638429999352 ], [ 340634.659429501218256, 6774751.72069669701159 ], [ 340801.27763552358374, 6774595.669879008084536 ], [ 340816.377884171903133, 6774577.770469152368605 ], [ 340903.661548373813275, 6774445.535197406075895 ], [ 340914.557569416589104, 6774423.571645696647465 ], [ 341001.832988585345447, 6774174.968134422786534 ], [ 341004.776667295896914, 6774164.931846071965992 ], [ 341157.755282892147079, 6773520.246213177219033 ], [ 341234.423789613007102, 6773248.707921371795237 ], [ 341309.179185896471608, 6773131.54013560898602 ], [ 341471.181754187273327, 6772978.926234168000519 ], [ 341667.628173746110406, 6772885.492873140610754 ], [ 341760.005068331083748, 6772856.324344863183796 ], [ 342785.134090787440073, 6772568.451999948360026 ], [ 342792.336271283798851, 6772566.132176612503827 ], [ 343939.310400403628591, 6772148.170343390665948 ], [ 343953.494604680279735, 6772141.708703563548625 ], [ 344019.849979284859728, 6772104.985571203753352 ], [ 344032.285697796323802, 6772096.840369922108948 ], [ 344064.354301284649409, 6772072.244969447143376 ], [ 344069.865330192260444, 6772067.696476322598755 ], [ 344102.115345197962597, 6772039.081827429123223 ], [ 344111.529688926588278, 6772029.525875846855342 ], [ 344148.999407291936222, 6771986.004014607518911 ], [ 344159.310728367243428, 6771971.628764855675399 ], [ 344189.050043974071741, 6771921.296278617344797 ], [ 344212.529842636315152, 6771881.951250360347331 ], [ 344220.296930349548347, 6771865.803079896606505 ], [ 344243.418649439699948, 6771804.114615636877716 ], [ 344248.370609247125685, 6771785.747578708454967 ], [ 344260.764312778948806, 6771712.711236388422549 ], [ 344261.341465921024792, 6771683.10646415874362 ], [ 344248.832320080895443, 6771586.754481583833694 ], [ 344247.075010141765233, 6771577.019305293448269 ], [ 344240.19654666056158, 6771547.384740584529936 ], [ 344236.090763669926673, 6771526.39604830276221 ], [ 344229.18245555908652, 6771489.838032590225339 ], [ 344228.190041346650105, 6771485.193645359948277 ], [ 344214.139701176260132, 6771426.318022837862372 ], [ 344197.054841917357408, 6771354.70478415582329 ], [ 344181.410989518510178, 6771289.151864451356232 ], [ 344172.89093034574762, 6771253.44486721791327 ], [ 344171.894381200370844, 6771249.258964482694864 ], [ 344166.346082207921427, 6771218.894825337454677 ], [ 344164.909694610105362, 6771205.861222288571298 ], [ 344166.356070268258918, 6771192.780919503420591 ], [ 344177.842446685768664, 6771142.533710587769747 ], [ 344177.9040488259634, 6771142.26249620039016 ], [ 344178.941207026131451, 6771137.66664257273078 ], [ 344190.276284008345101, 6771097.191225130110979 ], [ 344200.361792801704723, 6771065.125920671969652 ], [ 344201.369184065260924, 6771061.92478368896991 ], [ 344218.194596819055732, 6771028.364251992665231 ], [ 344240.111421316978522, 6770992.451023074798286 ], [ 344242.335691889224108, 6770989.001146742142737 ], [ 344273.922507312614471, 6770939.967389042489231 ], [ 344275.883835429674946, 6770936.794241959229112 ], [ 344278.473072139837313, 6770932.425059006549418 ], [ 344323.870890255202539, 6770855.721349032595754 ], [ 344328.354459727066569, 6770847.242954522371292 ], [ 344372.709569022292271, 6770752.650643365457654 ], [ 344375.400222762138583, 6770746.361419557593763 ], [ 344409.009555412456393, 6770659.720893231220543 ], [ 344415.23515612463234, 6770643.675438561476767 ], [ 344426.063918758474756, 6770615.798493546433747 ], [ 344435.563918881991412, 6770591.372634277679026 ], [ 344448.306727200746536, 6770558.601627727039158 ], [ 344450.810866854619235, 6770551.349559213034809 ], [ 344532.792369150090963, 6770280.690172391943634 ], [ 344533.654277682711836, 6770277.674987697973847 ], [ 344535.394178813148756, 6770271.206197356805205 ], [ 344535.600232237076852, 6770270.427623553201556 ], [ 344565.268247224914376, 6770156.473523807711899 ], [ 344572.721287109423429, 6770131.861736128106713 ], [ 344573.636747637356166, 6770128.645776204764843 ], [ 344578.078343241417315, 6770111.99009002558887 ], [ 344582.476694200304337, 6770095.511909855529666 ], [ 344591.099973450414836, 6770063.225484246388078 ], [ 344597.986673401494045, 6770037.421830911189318 ], [ 344600.990436178457458, 6770029.024840898811817 ] ] ] ] } },
{ "type": "Feature", "properties": { }, "geometry": { "type": "MultiPolygon", "coordinates": [ [ [ [ 345182.506903781730216, 6719229.956539168953896 ], [ 345181.749037008208688, 6719230.216749781742692 ], [ 345183.478965257469099, 6719235.25518817640841 ], [ 345210.994121788011398, 6719318.930392311885953 ], [ 345211.644219819107093, 6719320.842115906998515 ], [ 345224.98836072551785, 6719358.820477987639606 ], [ 345226.859481163381133, 6719363.729524438269436 ], [ 345237.952188859984744, 6719390.682589760050178 ], [ 345239.281419190578163, 6719393.764368639327586 ], [ 345251.679947049880866, 6719421.233018442988396 ], [ 345253.635616360406857, 6719425.316606709733605 ], [ 345277.350648043095134, 6719472.086948061361909 ], [ 345279.845750200853217, 6719476.703298391774297 ], [ 345296.174831720301881, 6719505.106918714009225 ], [ 345298.12880747183226, 6719508.361215218901634 ], [ 345319.905009508074727, 6719543.116749964654446 ], [ 345322.931693970574997, 6719547.666252692230046 ], [ 345340.071423148969188, 6719571.962863924913108 ], [ 345342.582490128290374, 6719575.367232979275286 ], [ 345371.549858109035995, 6719612.948863929137588 ], [ 345375.033722995722201, 6719617.219940080307424 ], [ 345392.928907239984255, 6719637.964218427427113 ], [ 345396.614876240026206, 6719642.007868970744312 ], [ 345459.412273483758327, 6719707.222441231831908 ], [ 345485.065042589732911, 6719735.30189707595855 ], [ 345498.673749939771369, 6719752.456636627204716 ], [ 345520.111051332845818, 6719783.942403791472316 ], [ 345537.600563104264438, 6719813.743806920945644 ], [ 345591.170787731593009, 6719923.584771639667451 ], [ 345619.56119942717487, 6719984.352186556905508 ], [ 345619.95866051770281, 6719985.192709014751017 ], [ 345635.163414978072979, 6720016.963616617023945 ], [ 345637.355777890770696, 6720021.273795384913683 ], [ 345642.589989407802932, 6720030.976303321309388 ], [ 345643.019514845975209, 6720031.764024875126779 ], [ 345670.983976441028062, 6720082.506097444333136 ], [ 345677.149374150671065, 6720090.549494244158268 ], [ 345713.247470717004035, 6720151.496745413169265 ], [ 345724.727756145584863, 6720172.806101419962943 ], [ 345728.143946014926769, 6720178.66253209579736 ], [ 345766.832573222927749, 6720240.102161925286055 ], [ 345767.987736826005857, 6720241.893976619467139 ], [ 345772.358905116212554, 6720248.518119588494301 ], [ 345773.679106087074615, 6720250.468421878293157 ], [ 345776.253954581567086, 6720254.177339082583785 ], [ 345781.735322283522692, 6720262.118469505570829 ], [ 345781.821807027445175, 6720262.24356069881469 ], [ 345808.622826532053296, 6720300.945505624637008 ], [ 345823.848140888148919, 6720325.587357074022293 ], [ 345834.807887025701348, 6720347.699877806007862 ], [ 345846.909451064362656, 6720377.375248308293521 ], [ 345857.600893013004679, 6720409.950778109021485 ], [ 345857.606358759105206, 6720409.948984225280583 ], [ 345857.617398648464587, 6720410.009581898339093 ], [ 345857.868697190890089, 6720410.773928345181048 ], [ 345858.034341630234849, 6720412.443694486282766 ], [ 345859.11312905093655, 6720416.560022580437362 ], [ 345873.19472884957213, 6720478.332204882055521 ], [ 345873.228181242709979, 6720478.478445226326585 ], [ 345973.837667439307552, 6720916.789735103026032 ], [ 345974.098301357356831, 6720917.896317061968148 ], [ 345983.958417490764987, 6720958.718466533347964 ], [ 345984.811387187161017, 6720962.004432475194335 ], [ 345994.028697304544039, 6720995.186422696337104 ], [ 345994.331200835877098, 6720996.252484069205821 ], [ 345995.975599191267975, 6721001.927627850323915 ], [ 345996.038106672407594, 6721002.142454201355577 ], [ 346000.062231750460342, 6721015.915155075490475 ], [ 346003.212907725363038, 6721025.037773557007313 ], [ 346026.840611116203945, 6721084.05343889631331 ], [ 346028.574471580097452, 6721088.121131007559597 ], [ 346144.100581632636022, 6721343.352570193819702 ], [ 346161.216030959272757, 6721388.392323674634099 ], [ 346176.376887163263746, 6721442.532029177062213 ], [ 346195.591238919994794, 6721532.260628324002028 ], [ 346203.700889080297202, 6721596.686150936409831 ], [ 346202.636085275677033, 6721661.49151043407619 ], [ 346200.553684171522036, 6721679.774110120721161 ], [ 346188.460506594041362, 6721749.846638359129429 ], [ 346182.086700443003792, 6721779.028977404348552 ], [ 346167.999284260964487, 6721827.915413870476186 ], [ 346157.249659207533114, 6721857.863461592234671 ], [ 346142.567430478986353, 6721891.121042248792946 ], [ 346106.043174500460736, 6721967.288214580155909 ], [ 345822.855329877173062, 6722527.468388859182596 ], [ 345822.556482354528271, 6722528.055350691080093 ], [ 345822.289094070030842, 6722528.584396190941334 ], [ 345599.346451758116018, 6722972.957948429509997 ], [ 345599.022779180260841, 6722973.608992981724441 ], [ 345438.336273001157679, 6723299.787812372669578 ], [ 345412.528641922224779, 6723352.185756320133805 ], [ 345411.582387264119461, 6723354.161258294247091 ], [ 345132.766214882780332, 6723952.994513156823814 ], [ 345132.093682513339445, 6723954.470109303481877 ], [ 345082.156724191328976, 6724066.433057080022991 ], [ 345079.595995737472549, 6724072.743770980276167 ], [ 345071.229145413963124, 6724095.56450242176652 ], [ 345068.832580328220502, 6724102.984259512275457 ], [ 345057.154093413613737, 6724144.626524592749774 ], [ 345055.170286871376447, 6724153.103763098828495 ], [ 345045.247761200647801, 6724205.737365522421896 ], [ 345044.157057563890703, 6724212.964930263347924 ], [ 345037.06193251372315, 6724275.361663376912475 ], [ 345036.435394924890716, 6724288.318501653149724 ], [ 345038.769255202321801, 6724429.00688742287457 ], [ 345038.812902034027502, 6724430.736061569303274 ], [ 345053.66243235085858, 6724868.803987145423889 ], [ 345053.406159803562332, 6724947.670338612049818 ], [ 345050.209127347858157, 6724996.389041665010154 ], [ 345041.444653714890592, 6725099.528860880993307 ], [ 345033.736790240684059, 6725162.566260556690395 ], [ 345034.844401011650916, 6725193.833541737869382 ], [ 345045.559922705870122, 6725223.228222700767219 ], [ 345064.834445400396362, 6725247.872947268188 ], [ 345090.781244520563632, 6725265.355318089015782 ], [ 345120.860466586309485, 6725273.964038901031017 ], [ 345152.127747767721303, 6725272.856428129598498 ], [ 345181.522428730735555, 6725262.1409064354375 ], [ 345206.167153297923505, 6725242.866383741609752 ], [ 345223.649524118809495, 6725216.91958462074399 ], [ 345232.258244930475485, 6725186.840362555347383 ], [ 345240.190047336975113, 6725121.971517885103822 ], [ 345240.570212339400314, 6725118.301613525487483 ], [ 345249.572388142696582, 6725012.364528905600309 ], [ 345249.716874519479461, 6725010.445526498369873 ], [ 345253.180888748611324, 6724957.658361232839525 ], [ 345253.394982081255876, 6724951.435160641558468 ], [ 345253.667410426598508, 6724867.596958448179066 ], [ 345253.610534859530162, 6724863.884182624518871 ], [ 345238.7273961979663, 6724424.824795530177653 ], [ 345236.515688944840804, 6724291.499966171570122 ], [ 345242.463278404728044, 6724239.195017411373556 ], [ 345250.901075589936227, 6724194.437092149630189 ], [ 345260.349432247516233, 6724160.746856815181673 ], [ 345266.200402044865768, 6724144.788233766332269 ], [ 345314.419202725868672, 6724036.677542929537594 ], [ 345592.430817897140514, 6723439.572292611002922 ], [ 345617.74907318665646, 6723388.167941057123244 ], [ 345778.27290453389287, 6723062.319336603395641 ], [ 346001.348076241964009, 6722617.692219238728285 ], [ 346285.00411736452952, 6722056.585895050317049 ], [ 346285.928594797092956, 6722054.70863766875118 ], [ 346323.584125320718158, 6721976.182321230880916 ], [ 346324.897062515490688, 6721973.330349963158369 ], [ 346341.650098232668824, 6721935.382062485441566 ], [ 346344.288664755702484, 6721928.779368134215474 ], [ 346357.322494271385949, 6721892.467613409273326 ], [ 346359.291985866788309, 6721886.373660733923316 ], [ 346375.174095514288638, 6721831.259242717176676 ], [ 346376.781048417557031, 6721824.907661090604961 ], [ 346384.325239707250148, 6721790.366738002747297 ], [ 346385.17162619298324, 6721786.035139001905918 ], [ 346398.129144873761106, 6721710.954285534098744 ], [ 346398.943466744152829, 6721705.264504021964967 ], [ 346401.900438096432481, 6721679.30354798398912 ], [ 346402.529366776230745, 6721669.629507591947913 ], [ 346403.790445404651109, 6721592.878604265861213 ], [ 346403.020990470016841, 6721578.746665333397686 ], [ 346393.489634520141408, 6721503.026680359616876 ], [ 346392.05577403359348, 6721494.576611323282123 ], [ 346371.29304322268581, 6721397.617277294397354 ], [ 346369.805453455017414, 6721391.590566968545318 ], [ 346352.591389327251818, 6721330.118816967122257 ], [ 346349.773912012926303, 6721321.562279031611979 ], [ 346329.957277692388743, 6721269.414286443963647 ], [ 346327.581331680179574, 6721263.700855609960854 ], [ 346211.690730516565964, 6721007.664147460833192 ], [ 346190.680689100001473, 6720955.186699589714408 ], [ 346188.042904766625725, 6720946.158795663155615 ], [ 346186.58384519192623, 6720941.123292651027441 ], [ 346177.969210829993244, 6720910.110913820564747 ], [ 346168.641149057890289, 6720871.491537863388658 ], [ 346068.175876127788797, 6720433.808521773666143 ], [ 346054.387024911236949, 6720373.314050180837512 ], [ 346053.861481659288984, 6720370.191058122552931 ], [ 346050.255346265563276, 6720355.583163660950959 ], [ 346047.624800605932251, 6720347.573581620119512 ], [ 346035.843276991334278, 6720311.676704899407923 ], [ 346033.426359484670684, 6720305.099857898429036 ], [ 346018.623334326548502, 6720268.799983375705779 ], [ 346015.625348743516952, 6720262.152478398755193 ], [ 346000.972156547359191, 6720232.588014755398035 ], [ 345996.445101873425301, 6720224.433594645000994 ], [ 345977.39314383774763, 6720193.598400786519051 ], [ 345974.53349495731527, 6720189.229477126151323 ], [ 345946.288889591058251, 6720148.442925660870969 ], [ 345941.108271076809615, 6720140.937505566515028 ], [ 345939.901793026016094, 6720138.714138121344149 ], [ 345935.899283043458126, 6720133.640600752085447 ], [ 345936.073656544554979, 6720133.530797496438026 ], [ 345899.192447571142111, 6720074.961445453576744 ], [ 345888.358780083537567, 6720054.852321966551244 ], [ 345886.362835421925411, 6720051.320971123874187 ], [ 345845.747574444976635, 6719982.747036553919315 ], [ 345841.449046455381904, 6719977.452218284830451 ], [ 345818.397065165161621, 6719935.623939076438546 ], [ 345814.524153085949365, 6719928.444832908920944 ], [ 345800.564142175135203, 6719899.274863875471056 ], [ 345772.01702337100869, 6719838.172029874287546 ], [ 345771.297468815406319, 6719836.664830530062318 ], [ 345715.673929441545624, 6719722.613727171905339 ], [ 345712.038507622899488, 6719715.834569635801017 ], [ 345690.903227953182068, 6719679.820929122157395 ], [ 345687.318045410735067, 6719674.155928242020309 ], [ 345661.941574563155882, 6719636.884555418044329 ], [ 345657.624472246156074, 6719631.015472310595214 ], [ 345639.585686139704194, 6719608.276304693892598 ], [ 345635.071988884184975, 6719602.976364896632731 ], [ 345606.184705075691454, 6719571.356417482718825 ], [ 345604.388829823350534, 6719569.441741580143571 ], [ 345542.579245770990383, 6719505.253005063161254 ], [ 345528.272520660248119, 6719488.668504793196917 ], [ 345502.279755034192931, 6719454.946058011613786 ], [ 345487.935063067707233, 6719434.611582458950579 ], [ 345468.617905693827197, 6719403.780763881281018 ], [ 345454.543057088507339, 6719379.298268928192556 ], [ 345433.039064880460501, 6719336.888498220592737 ], [ 345422.262612997204997, 6719313.01351997628808 ], [ 345412.808716328116134, 6719290.042438303120434 ], [ 345400.670338594121858, 6719255.495762883685529 ], [ 345373.266904636635445, 6719172.160313642583787 ], [ 345372.851494462636765, 6719170.924244543537498 ], [ 345370.909831437107641, 6719165.269125875085592 ], [ 345355.096821326587815, 6719136.133695593103766 ], [ 345330.627869386051316, 6719113.768656415864825 ], [ 345300.191928904678207, 6719100.631757485680282 ], [ 345267.133680213242769, 6719098.166644926182926 ], [ 345235.085975539055653, 6719106.644216015934944 ], [ 345207.570615942706354, 6719125.132849626243114 ], [ 345187.611331940861419, 6719151.600784351117909 ], [ 345177.401498325343709, 6719183.139393769204617 ], [ 345177.263806062808726, 6719184.072154424153268 ], [ 345177.59294058883097, 6719215.35731615498662 ], [ 345182.506903781730216, 6719229.956539168953896 ] ] ] ] } },
{ "type": "Feature", "properties": { }, "geometry": { "type": "MultiPolygon", "coordinates": [ [ [ [ 345595.899313964764588, 6713653.414129015989602 ], [ 345596.15327362815151, 6713652.263804364018142 ], [ 345598.673308778030332, 6713642.43510951474309 ], [ 345602.053792552731466, 6713630.071067989803851 ], [ 345606.81191749003483, 6713617.343303515575826 ], [ 345616.315285024407785, 6713595.459594937972724 ], [ 345619.082309854973573, 6713589.599600877612829 ], [ 345659.306068831647281, 6713505.603454329073429 ], [ 345697.553685032587964, 6713430.421733102761209 ], [ 345701.198647270270158, 6713423.99455151706934 ], [ 345704.877401754027233, 6713418.213283508084714 ], [ 345705.552194498828612, 6713417.229476700536907 ], [ 345713.591037527134176, 6713406.914207542315125 ], [ 345727.337935644609388, 6713390.479944648221135 ], [ 345738.757418875175063, 6713377.440662369132042 ], [ 345755.434580988541711, 6713350.969131662510335 ], [ 345763.115351834450848, 6713320.639683376997709 ], [ 345761.047884047322441, 6713289.421175228431821 ], [ 345749.434555779094808, 6713260.369492305442691 ], [ 345729.412160515435971, 6713236.328415748663247 ], [ 345702.940629809047095, 6713219.651253635063767 ], [ 345672.611181523418054, 6713211.97048278991133 ], [ 345641.39267337450292, 6713214.037950576283038 ], [ 345612.340990451979451, 6713225.65127884503454 ], [ 345588.299913895258214, 6713245.673674108460546 ], [ 345576.133352707605809, 6713259.566003778018057 ], [ 345574.658732442883775, 6713261.2888198569417 ], [ 345559.07448947156081, 6713279.919607966206968 ], [ 345556.901433002203703, 6713282.610708884894848 ], [ 345545.93007330968976, 6713296.688919873908162 ], [ 345542.340747602516785, 6713301.595264570787549 ], [ 345538.970094982301816, 6713306.509471219964325 ], [ 345537.068152810039464, 6713309.387587604112923 ], [ 345531.099068746028934, 6713318.768174130469561 ], [ 345528.48134473914979, 6713323.122402147389948 ], [ 345522.465850162494462, 6713333.729556200094521 ], [ 345520.322158667608164, 6713337.717293856665492 ], [ 345480.50357782113133, 6713415.98699383251369 ], [ 345479.440882472554222, 6713418.139430185779929 ], [ 345438.580914329271764, 6713503.464122841134667 ], [ 345438.346698244567961, 6713503.956661535426974 ], [ 345434.791562830621842, 6713511.485713020898402 ], [ 345433.49328885122668, 6713514.351073322817683 ], [ 345422.328596942359582, 6713540.060366707853973 ], [ 345420.384248889051378, 6713544.87626092415303 ], [ 345413.124551352811977, 6713564.295616576448083 ], [ 345410.333613856288139, 6713572.93927938118577 ], [ 345405.544460411008913, 6713590.455497773364186 ], [ 345405.13731826870935, 6713591.992543303407729 ], [ 345402.001263465732336, 6713604.223851144313812 ], [ 345401.219391355582047, 6713607.501971318386495 ], [ 345399.744752600265201, 6713614.181430925615132 ], [ 345398.577204356435686, 6713620.397773751057684 ], [ 345397.910446047957521, 6713624.69236130733043 ], [ 345397.190596109139733, 6713630.411974862217903 ], [ 345395.874452755670063, 6713644.026793923228979 ], [ 345395.604165538155939, 6713647.42752890009433 ], [ 345394.830190444365144, 6713659.843956980854273 ], [ 345394.640584150969516, 6713665.158671457320452 ], [ 345394.529960612300783, 6713677.35902903880924 ], [ 345394.597845483804122, 6713682.059643317945302 ], [ 345394.907400350784883, 6713690.212987751699984 ], [ 345395.3068171623745, 6713696.117523967288435 ], [ 345396.118460009922273, 6713704.446849748492241 ], [ 345396.52189523744164, 6713707.947026615962386 ], [ 345397.484145215712488, 6713715.173768877983093 ], [ 345398.334848619764671, 6713720.471955676563084 ], [ 345400.17860434378963, 6713730.267909948714077 ], [ 345400.523994098417461, 6713732.017052629962564 ], [ 345402.420135093969293, 6713741.188621137291193 ], [ 345403.585006015957333, 6713746.175403678789735 ], [ 345405.999169041519053, 6713755.433391775935888 ], [ 345407.178857750783209, 6713759.587768620811403 ], [ 345409.683960991853382, 6713767.735860736109316 ], [ 345411.313825201243162, 6713772.590904515236616 ], [ 345417.993535122368485, 6713790.918879837729037 ], [ 345419.3288067484973, 6713794.381525837816298 ], [ 345426.535583877412137, 6713812.084491193294525 ], [ 345427.950111032696441, 6713815.387935946695507 ], [ 345434.837081230827607, 6713830.704970304854214 ], [ 345436.523064434761181, 6713834.26547138672322 ], [ 345452.566529044532217, 6713866.489665796048939 ], [ 345467.406360895605758, 6713897.241402020677924 ], [ 345467.625729689607397, 6713897.693086669780314 ], [ 345504.008358823251911, 6713972.129483924247324 ], [ 345515.477767537173349, 6713996.615422027185559 ], [ 345516.216098637029063, 6713998.157231898978353 ], [ 345536.200982078677043, 6714038.990706525743008 ], [ 345536.463955122628249, 6714039.523996475152671 ], [ 345556.441586265456863, 6714079.735328289680183 ], [ 345556.718930511677172, 6714080.289259158074856 ], [ 345570.098658085626084, 6714106.806674672290683 ], [ 345586.916144851827994, 6714141.024939579889178 ], [ 345595.887203977501485, 6714160.0801254613325 ], [ 345607.63090741756605, 6714186.350757203064859 ], [ 345616.240703095332719, 6714208.252710603177547 ], [ 345623.735664536536206, 6714228.040543245151639 ], [ 345627.319998721475713, 6714238.655870486050844 ], [ 345641.842952822160441, 6714266.367844040505588 ], [ 345664.218573731486686, 6714288.235657443292439 ], [ 345692.256579774722923, 6714302.118736756034195 ], [ 345723.212415568123106, 6714306.658109447918832 ], [ 345754.055908222158905, 6714301.409430090337992 ], [ 345781.767881776671857, 6714286.886475989595056 ], [ 345803.635695179458708, 6714264.51085508055985 ], [ 345817.518774492666125, 6714236.472849036566913 ], [ 345822.058147183910478, 6714205.51701324339956 ], [ 345816.809467826620676, 6714174.673520589247346 ], [ 345812.642316713812761, 6714162.332128731533885 ], [ 345811.414199393475428, 6714158.902373406104743 ], [ 345803.052890053775627, 6714136.827251181937754 ], [ 345802.603528533945791, 6714135.662857702001929 ], [ 345792.926917855511419, 6714111.04709629714489 ], [ 345791.153074352594558, 6714106.821724306792021 ], [ 345778.073434795252979, 6714077.562607208266854 ], [ 345777.254733901529107, 6714075.778389966115355 ], [ 345767.507863428967539, 6714055.075324026867747 ], [ 345766.779745535983238, 6714053.561859475448728 ], [ 345749.360581295040902, 6714018.119371264241636 ], [ 345748.893132638710085, 6714017.180725484155118 ], [ 345735.416750036005396, 6713990.471748404204845 ], [ 345715.709212410030887, 6713950.804065631702542 ], [ 345696.230777760560159, 6713911.005376319400966 ], [ 345684.772482559375931, 6713886.543164355680346 ], [ 345684.057172444823664, 6713885.048422602005303 ], [ 345647.420947173668537, 6713810.093184810131788 ], [ 345632.422149985097349, 6713779.012033793143928 ], [ 345631.879151767643634, 6713777.904318152926862 ], [ 345616.438836613087915, 6713746.891583099961281 ], [ 345611.096730820951052, 6713735.010419742204249 ], [ 345605.267302319349255, 6713720.690819044597447 ], [ 345600.100209470430855, 6713706.513204844668508 ], [ 345598.982565170910675, 6713702.877957979217172 ], [ 345597.759683088690508, 6713698.188370888121426 ], [ 345596.562604617793113, 6713692.398143668659031 ], [ 345595.380200138199143, 6713686.115977293811738 ], [ 345595.004753716872074, 6713683.296279105357826 ], [ 345594.65109755838057, 6713679.666952034458518 ], [ 345594.543057668779511, 6713676.821296784095466 ], [ 345594.608245424169581, 6713669.631923387758434 ], [ 345595.110596261452883, 6713661.573003802448511 ], [ 345595.899313964764588, 6713653.414129015989602 ] ] ] ] } },
{ "type": "Feature", "properties": { }, "geometry": { "type": "MultiPolygon", "coordinates": [ [ [ [ 346970.329796668025665, 6710213.830868681892753 ], [ 346969.098545235407073, 6710219.854271223768592 ], [ 346956.871684272948187, 6710290.705015077255666 ], [ 346956.732174756354652, 6710291.534216122701764 ], [ 346954.572466304409318, 6710304.709159798920155 ], [ 346946.535966867813841, 6710353.289192100986838 ], [ 346936.488434053841047, 6710409.641170650720596 ], [ 346929.742111846862826, 6710443.159463439136744 ], [ 346925.452039912517648, 6710462.44854047242552 ], [ 346917.210602383362129, 6710490.47250899206847 ], [ 346907.355953402584419, 6710516.48993725515902 ], [ 346899.263786996132694, 6710535.619122894480824 ], [ 346892.192567525198683, 6710549.947200120426714 ], [ 346883.915313393168617, 6710566.702824239619076 ], [ 346857.396078570396639, 6710618.482040447182953 ], [ 346825.802113242039923, 6710679.130142915062606 ], [ 346820.515129999956116, 6710688.979896330274642 ], [ 346791.593024815316312, 6710742.769661650061607 ], [ 346791.470357770565897, 6710742.998511480167508 ], [ 346756.040334236808121, 6710809.303989972919226 ], [ 346728.934199313342106, 6710859.43504205159843 ], [ 346728.313615920138545, 6710860.601113603450358 ], [ 346689.194876850582659, 6710935.290218157693744 ], [ 346611.502873304416426, 6711081.120192759670317 ], [ 346530.01705015701009, 6711233.867344261147082 ], [ 346510.304081493988633, 6711270.123851171694696 ], [ 346509.097981557308231, 6711272.412174598313868 ], [ 346500.022749737778213, 6711290.184058664366603 ], [ 346493.658990853175055, 6711302.321898709982634 ], [ 346481.239632040669676, 6711325.972827894613147 ], [ 346479.667094912088942, 6711329.099220183677971 ], [ 346468.535818182688672, 6711352.229105917736888 ], [ 346466.550487967208028, 6711356.622455474920571 ], [ 346461.585827228904236, 6711368.354502219706774 ], [ 346459.762133762938902, 6711372.981433434411883 ], [ 346453.129843406029977, 6711391.117919695563614 ], [ 346451.554140989086591, 6711395.779267689213157 ], [ 346448.245596470718738, 6711406.423146371729672 ], [ 346447.574814356921706, 6711408.674033833667636 ], [ 346443.939805762376636, 6711421.416598293930292 ], [ 346442.504547951451968, 6711427.067484248429537 ], [ 346440.625628427893389, 6711435.48667324334383 ], [ 346440.603157885139808, 6711435.587606212124228 ], [ 346439.971804357366636, 6711438.430442407727242 ], [ 346439.734043437929358, 6711439.530221791006625 ], [ 346431.089263216068503, 6711480.635586814954877 ], [ 346430.903521394531708, 6711481.539463869296014 ], [ 346425.725532759679481, 6711507.340340540744364 ], [ 346425.603430195304099, 6711507.958853012882173 ], [ 346413.395338204572909, 6711570.841723036952317 ], [ 346409.329785531910602, 6711591.012803573161364 ], [ 346404.156757787102833, 6711616.468289652839303 ], [ 346403.975157823355403, 6711617.383779211901128 ], [ 346396.913452514854725, 6711653.874995744787157 ], [ 346390.426805379975121, 6711685.142940028570592 ], [ 346382.070974510686938, 6711724.204854895360768 ], [ 346381.499086816620547, 6711727.084325125440955 ], [ 346380.137439846759662, 6711734.509041405282915 ], [ 346374.026011013891548, 6711758.31645003054291 ], [ 346361.8402459443314, 6711799.249625144526362 ], [ 346361.673762839753181, 6711799.814944258891046 ], [ 346349.187286019383464, 6711842.680399953387678 ], [ 346336.709044170565903, 6711885.585256027989089 ], [ 346336.339321059233043, 6711886.889401967637241 ], [ 346325.606699837022461, 6711925.749001566320658 ], [ 346318.84858856711071, 6711949.831517520360649 ], [ 346313.098964012344368, 6711968.52218471467495 ], [ 346309.415952176845167, 6711978.812046589329839 ], [ 346304.242056168906856, 6711990.3672263212502 ], [ 346287.467302731296513, 6712027.625086016021669 ], [ 346269.492207247996703, 6712065.832540821284056 ], [ 346269.259964997705538, 6712066.329726537689567 ], [ 346253.616520913434215, 6712100.06036542635411 ], [ 346252.12274839298334, 6712103.443825484253466 ], [ 346243.049197377520613, 6712125.069626750424504 ], [ 346242.007463102519978, 6712127.652740176767111 ], [ 346229.687068261613604, 6712159.473265020176768 ], [ 346229.059316386119463, 6712161.138447539880872 ], [ 346220.654242674761917, 6712184.049424157477915 ], [ 346219.968766633712221, 6712185.978791609406471 ], [ 346211.156353431404568, 6712211.61142076458782 ], [ 346208.208349338092376, 6712219.549966780468822 ], [ 346206.925882551993709, 6712223.220602344721556 ], [ 346202.651722512790002, 6712236.262938931584358 ], [ 346194.972873115562834, 6712256.984843890182674 ], [ 346193.958234330988489, 6712259.856382231228054 ], [ 346186.128432647383306, 6712283.138287104666233 ], [ 346176.663574149599299, 6712310.952194343321025 ], [ 346167.289828486565966, 6712337.674107627011836 ], [ 346158.623666435130872, 6712361.799579727463424 ], [ 346158.108973264694214, 6712363.268238590098917 ], [ 346147.205367187329102, 6712395.174588633701205 ], [ 346139.549740450456738, 6712416.780116395093501 ], [ 346139.374217643053271, 6712417.27966985758394 ], [ 346135.671372995420825, 6712427.908182128332555 ], [ 346135.500157470814884, 6712428.403811876662076 ], [ 346130.46075403195573, 6712443.116609175689518 ], [ 346124.008923853863962, 6712460.956956343725324 ], [ 346115.347384503576905, 6712484.891316153109074 ], [ 346105.007707907818258, 6712511.742862934246659 ], [ 346093.352521695371252, 6712539.276421239599586 ], [ 346087.690266390156467, 6712551.897624709643424 ], [ 346078.056543225015048, 6712573.041773939505219 ], [ 346073.278505104244687, 6712583.084742110222578 ], [ 346061.336417796381284, 6712605.703940510749817 ], [ 346057.41750982881058, 6712612.831639123149216 ], [ 346047.256670048402157, 6712629.976085784845054 ], [ 346042.906720348168164, 6712636.821172276511788 ], [ 346027.321131398959551, 6712660.814065778627992 ], [ 346018.181820988771506, 6712674.906970680691302 ], [ 346018.017753749212716, 6712675.160804367624223 ], [ 346008.144535972794984, 6712690.486729207448661 ], [ 346007.422499135427643, 6712691.624287595041096 ], [ 346000.985638379876036, 6712701.918089590966702 ], [ 345992.316642827528995, 6712715.287858839146793 ], [ 345990.833874488540459, 6712717.645971208810806 ], [ 345982.202523468004074, 6712731.806709023192525 ], [ 345970.132071491098031, 6712750.892486696131527 ], [ 345969.824836301442701, 6712751.381405526772141 ], [ 345963.064520721964072, 6712762.208701179362833 ], [ 345962.349531848914921, 6712763.371413785032928 ], [ 345916.804306488775183, 6712838.582502445206046 ], [ 345916.748596001591068, 6712838.674611787311733 ], [ 345915.695183701114729, 6712840.418397500179708 ], [ 345915.539520740974694, 6712840.676957859657705 ], [ 345901.703661928186193, 6712863.737370732240379 ], [ 345901.278322173282504, 6712864.453025879338384 ], [ 345884.444235765375197, 6712893.047550842165947 ], [ 345874.666393602034077, 6712909.34241955075413 ], [ 345874.225208778458182, 6712910.08490698505193 ], [ 345864.07262194174109, 6712927.340346905402839 ], [ 345858.712633429095149, 6712935.581113567575812 ], [ 345853.514256210648455, 6712943.289372367784381 ], [ 345847.623820652079303, 6712950.84371224232018 ], [ 345827.260308197524864, 6712974.719902045093477 ], [ 345807.154965463443659, 6712997.540480632334948 ], [ 345784.792478444345761, 6713022.67779335565865 ], [ 345784.658069245982915, 6713022.829188901931047 ], [ 345769.377879539504647, 6713040.075587889179587 ], [ 345755.052654308325145, 6713056.014861715957522 ], [ 345742.600926716579124, 6713069.728761750273407 ], [ 345742.040909597591963, 6713070.350755487568676 ], [ 345733.8086100940709, 6713079.571424431167543 ], [ 345726.348737955151591, 6713087.932186902500689 ], [ 345725.325552003108896, 6713089.09699082840234 ], [ 345714.541454049875028, 6713101.56735510751605 ], [ 345713.894568839750718, 6713102.322953996248543 ], [ 345695.134802250191569, 6713124.45731939189136 ], [ 345694.674609696085099, 6713125.0042445929721 ], [ 345687.006206035031937, 6713134.18431312404573 ], [ 345674.360331939649768, 6713148.576056201010942 ], [ 345673.813096159428824, 6713149.204098741523921 ], [ 345663.656138526275754, 6713160.959364532493055 ], [ 345651.630477527505718, 6713174.349975290708244 ], [ 345641.427729054237716, 6713185.680587717331946 ], [ 345626.10325549938716, 6713202.632058257237077 ], [ 345610.859746765810996, 6713219.373990363441408 ], [ 345610.538842955196742, 6713219.728134984150529 ], [ 345598.450198618636932, 6713233.133217866532505 ], [ 345596.430559494008776, 6713235.443081374280155 ], [ 345586.693431504128966, 6713246.930425909347832 ], [ 345570.445857828482985, 6713273.66777850408107 ], [ 345563.255793346499559, 6713304.117288299836218 ], [ 345565.827051665750332, 6713335.298345126211643 ], [ 345577.907940107048489, 6713364.158729886636138 ], [ 345598.315897137159482, 6713387.873387041501701 ], [ 345625.053249731485266, 6713404.120960717089474 ], [ 345655.502759527880698, 6713411.311025199480355 ], [ 345686.683816353324801, 6713408.739766879938543 ], [ 345715.544201114564203, 6713396.658878438174725 ], [ 345739.258858269022312, 6713376.250921408645809 ], [ 345748.003887115861289, 6713365.934002555906773 ], [ 345758.904962736240122, 6713353.845813166350126 ], [ 345774.107215361320414, 6713337.149192607961595 ], [ 345774.345985780411866, 6713336.886013459414244 ], [ 345789.855443442647811, 6713319.729919077828526 ], [ 345789.986965618445538, 6713319.584145803935826 ], [ 345800.299652783607598, 6713308.131441500969231 ], [ 345800.388085865357425, 6713308.033101879060268 ], [ 345813.098063907469623, 6713293.880501973442733 ], [ 345814.364556307788007, 6713292.442788012325764 ], [ 345824.87556323694298, 6713280.277759403921664 ], [ 345838.071621267590672, 6713265.259874884970486 ], [ 345839.698110509722028, 6713263.361497170291841 ], [ 345847.938774675363675, 6713253.496358984149992 ], [ 345866.145904080942273, 6713232.014041859656572 ], [ 345876.097602324443869, 6713220.506236308254302 ], [ 345883.010106514324434, 6713212.758937776088715 ], [ 345890.953276714193635, 6713203.862110985442996 ], [ 345903.294454161485191, 6713190.269967038184404 ], [ 345903.635016308515333, 6713189.892963850870728 ], [ 345918.367172057449352, 6713173.500909921713173 ], [ 345918.839550725533627, 6713172.971542269922793 ], [ 345934.287862791505177, 6713155.535387438721955 ], [ 345956.743204235623125, 6713130.293698546476662 ], [ 345957.062606281717308, 6713129.932917235419154 ], [ 345977.858220376656391, 6713106.328845820389688 ], [ 345978.910479447047692, 6713105.114958679303527 ], [ 346001.219773706572596, 6713078.957342437468469 ], [ 346003.994160070782527, 6713075.555924901738763 ], [ 346013.354716630536132, 6713063.551239516586065 ], [ 346017.402907049690839, 6713057.973284071311355 ], [ 346024.994918806536589, 6713046.715695600956678 ], [ 346025.9147642289754, 6713045.326916266232729 ], [ 346032.951754614536185, 6713034.507826704531908 ], [ 346035.311959010083228, 6713030.69468701351434 ], [ 346046.382898139010649, 6713011.878406190313399 ], [ 346056.154111482086591, 6712995.594584474340081 ], [ 346056.582227335660718, 6712994.874302648939192 ], [ 346073.417682449275162, 6712966.277452791109681 ], [ 346086.961745520238765, 6712943.703379824757576 ], [ 346087.909300876432098, 6712942.134826380759478 ], [ 346133.073119388252962, 6712867.553573758341372 ], [ 346139.31906103703659, 6712857.550097431987524 ], [ 346151.676983987912536, 6712838.009771154262125 ], [ 346152.548965312656946, 6712836.605434804223478 ], [ 346160.885542303090915, 6712822.92830815911293 ], [ 346169.24357457831502, 6712810.03812241461128 ], [ 346170.125882850668859, 6712808.652583977207541 ], [ 346176.641021196148358, 6712798.233600771985948 ], [ 346186.067546916310675, 6712783.601063745096326 ], [ 346195.062013904855121, 6712769.731455604545772 ], [ 346210.898673004179727, 6712745.352057659998536 ], [ 346211.438397621095646, 6712744.512040018104017 ], [ 346216.890149424376432, 6712735.933156307786703 ], [ 346218.517011614923831, 6712733.282975804060698 ], [ 346230.294280437810812, 6712713.411118603311479 ], [ 346231.896171994041651, 6712710.605899323709309 ], [ 346237.001308127830271, 6712701.32069231197238 ], [ 346237.804566240520217, 6712699.829970411024988 ], [ 346251.115538686455693, 6712674.618002109229565 ], [ 346252.984956323867664, 6712670.891003786586225 ], [ 346259.014343252871186, 6712658.217822978273034 ], [ 346259.712925811938476, 6712656.717597127892077 ], [ 346269.810061398602556, 6712634.556347735226154 ], [ 346270.049182830145583, 6712634.027459854260087 ], [ 346276.265716638648883, 6712620.170766037888825 ], [ 346277.115936146932654, 6712618.220321660861373 ], [ 346289.8265601064777, 6712588.193456408567727 ], [ 346291.057881085609552, 6712585.146094683557749 ], [ 346302.353696723876055, 6712555.81150967720896 ], [ 346303.065355208353139, 6712553.905793867073953 ], [ 346312.076711930218153, 6712529.004786618053913 ], [ 346318.828910143871326, 6712510.333880444988608 ], [ 346319.393920861766674, 6712508.728972839191556 ], [ 346324.62404467217857, 6712493.459357614628971 ], [ 346328.153531690593809, 6712483.328444856218994 ], [ 346335.90839644492371, 6712461.442849921062589 ], [ 346336.277754663606174, 6712460.381551443599164 ], [ 346347.111425800540019, 6712428.67984641995281 ], [ 346355.640973994741216, 6712404.934689594432712 ], [ 346355.891230892157182, 6712404.229730316437781 ], [ 346365.543979937792756, 6712376.712456836365163 ], [ 346365.850211440585554, 6712375.826195948757231 ], [ 346375.523750236956403, 6712347.399050332605839 ], [ 346375.638427922618575, 6712347.060065133497119 ], [ 346383.039811663329601, 6712325.052060442045331 ], [ 346390.853122082771733, 6712303.967303137294948 ], [ 346392.111546900297981, 6712300.361477726139128 ], [ 346396.374939434870612, 6712287.351997517049313 ], [ 346399.071308684011456, 6712280.091067518107593 ], [ 346399.893776325159706, 6712277.790553627535701 ], [ 346408.770509784750175, 6712251.970836410298944 ], [ 346416.516501584264915, 6712230.856418727897108 ], [ 346428.012733101204503, 6712201.164503386244178 ], [ 346435.831832322757691, 6712182.528548669070005 ], [ 346450.581661121628713, 6712150.724737040698528 ], [ 346468.795199133921415, 6712112.010454209521413 ], [ 346469.49303942383267, 6712110.494426308199763 ], [ 346486.652726236206945, 6712072.381603605113924 ], [ 346486.737209827057086, 6712072.193441722542048 ], [ 346493.532841648790054, 6712057.016339791938663 ], [ 346496.414998430816922, 6712049.849340767599642 ], [ 346502.163747313665226, 6712033.78807498794049 ], [ 346503.592782394669484, 6712029.491307032294571 ], [ 346510.373561418382451, 6712007.448600966483355 ], [ 346511.074528501718305, 6712005.064945322461426 ], [ 346518.223900557029992, 6711979.588172344490886 ], [ 346518.334253863606136, 6711979.191795676015317 ], [ 346528.941202118585352, 6711940.787220165133476 ], [ 346541.212403161742259, 6711898.594216093420982 ], [ 346553.610545757226646, 6711856.032007412053645 ], [ 346566.255377183959354, 6711813.556783565320075 ], [ 346567.271829748468008, 6711809.888508441857994 ], [ 346574.725911754940171, 6711780.850720208138227 ], [ 346576.225947073253337, 6711774.025138474069536 ], [ 346577.953479619522113, 6711764.605340755544603 ], [ 346586.06691363157006, 6711726.676584942266345 ], [ 346586.1944074050989, 6711726.071433939039707 ], [ 346592.879933230928145, 6711693.844823691062629 ], [ 346593.143269145453814, 6711692.531273053959012 ], [ 346600.243579115194734, 6711655.840567731298506 ], [ 346605.339597830490675, 6711630.764028444886208 ], [ 346605.371326658176258, 6711630.607254560105503 ], [ 346609.523158978263382, 6711610.008100928738713 ], [ 346609.661618447164074, 6711609.308260162360966 ], [ 346621.877615559322294, 6711546.38467151299119 ], [ 346626.902792331762612, 6711521.345225638709962 ], [ 346635.336829687352292, 6711481.241929172538221 ], [ 346635.8349998727208, 6711478.99878619145602 ], [ 346637.06743015506072, 6711473.476429677568376 ], [ 346639.580235392029863, 6711464.667762001045048 ], [ 346641.80967741610948, 6711457.49545094370842 ], [ 346646.742458769644145, 6711444.006397172808647 ], [ 346649.798028728866484, 6711436.785744749009609 ], [ 346659.124761389335617, 6711417.405554502271116 ], [ 346670.745439726160839, 6711395.275600406341255 ], [ 346677.403788727417123, 6711382.575921904295683 ], [ 346677.898229967162479, 6711381.620391264557838 ], [ 346686.629861654248089, 6711364.521373946219683 ], [ 346705.914552345406264, 6711329.052564896643162 ], [ 346706.290921622770838, 6711328.353744034655392 ], [ 346787.976576954533812, 6711175.232002257369459 ], [ 346865.873138857190497, 6711029.018098752945662 ], [ 346866.201913692813832, 6711028.395710879005492 ], [ 346905.177504069113638, 6710953.979919012635946 ], [ 346932.086844534787815, 6710904.212825618684292 ], [ 346932.320468321209773, 6710903.778193853795528 ], [ 346967.805582609842531, 6710837.369615828618407 ], [ 346996.683200473897159, 6710783.662588695064187 ], [ 347002.313533347449265, 6710773.173222647048533 ], [ 347002.891594951797742, 6710772.08011731505394 ], [ 347034.931300682306755, 6710710.576366962864995 ], [ 347035.249344855896197, 6710709.960648538544774 ], [ 347062.256876616855152, 6710657.228025006130338 ], [ 347062.908177431905642, 6710655.933311014436185 ], [ 347071.514877921785228, 6710638.510789485648274 ], [ 347079.900937301921658, 6710621.51853099744767 ], [ 347082.325425309652928, 6710616.222627538256347 ], [ 347092.295470987563021, 6710592.654296756722033 ], [ 347093.713569054903928, 6710589.115510652773082 ], [ 347105.591096983407624, 6710557.75744488928467 ], [ 347108.012021430942696, 6710550.549891041591763 ], [ 347118.274797610705718, 6710515.652615466155112 ], [ 347119.952243114414159, 6710509.149294605478644 ], [ 347125.191371271910612, 6710485.593058681115508 ], [ 347125.610533481987659, 6710483.614184068515897 ], [ 347132.775200019590557, 6710448.017397646792233 ], [ 347133.188588351185899, 6710445.838941177353263 ], [ 347143.540465489320923, 6710387.780035649426281 ], [ 347143.7522168479627, 6710386.547897872515023 ], [ 347151.902679034916218, 6710337.278969348408282 ], [ 347151.926449829479679, 6710337.134621047414839 ], [ 347154.029979232756887, 6710324.30238835234195 ], [ 347165.66233940969687, 6710256.896586173214018 ], [ 347170.362386659136973, 6710237.036111681722105 ], [ 347172.71601856831694, 6710205.837873094715178 ], [ 347165.313669614493847, 6710175.439272731542587 ], [ 347148.87993328855373, 6710148.815937394276261 ], [ 347125.023458202660549, 6710128.573944642208517 ], [ 347096.079482355969958, 6710116.694721760228276 ], [ 347064.881243768904824, 6710114.341089851222932 ], [ 347034.482643405382987, 6710121.743438804522157 ], [ 347007.859308068349492, 6710138.177175130695105 ], [ 346987.617315316398162, 6710162.033650216646492 ], [ 346975.738092434243299, 6710190.977626063860953 ], [ 346970.329796668025665, 6710213.830868681892753 ] ] ] ] } },
{ "type": "Feature", "properties": { }, "geometry": { "type": "MultiPolygon", "coordinates": [ [ [ [ 347781.192036868946161, 6709163.293163725174963 ], [ 347725.00211421464337, 6709218.212409568950534 ], [ 347717.334057937317993, 6709226.611360993236303 ], [ 347708.410961429588497, 6709237.577320424839854 ], [ 347680.86208255472593, 6709265.276052958332002 ], [ 347680.086535157519393, 6709266.064491227269173 ], [ 347669.98779898067005, 6709276.445286782458425 ], [ 347656.868778909964021, 6709289.943266595713794 ], [ 347649.292883892776445, 6709296.732913513667881 ], [ 347635.24951231549494, 6709308.765136575326324 ], [ 347598.382726745563559, 6709340.365135298110545 ], [ 347595.648612204589881, 6709342.796822866424918 ], [ 347565.358002115855925, 6709370.746030450798571 ], [ 347562.324749218882062, 6709373.665395567193627 ], [ 347510.878341448318679, 6709425.309845021925867 ], [ 347500.247364677896257, 6709435.310972175560892 ], [ 347489.58656732889358, 6709444.679315055720508 ], [ 347484.787910346756689, 6709449.184589782729745 ], [ 347470.009600332821719, 6709464.004158000461757 ], [ 347430.369680970907211, 6709502.277035858482122 ], [ 347429.540967215900309, 6709503.086497330106795 ], [ 347400.114033140707761, 6709532.164766917005181 ], [ 347377.436091116338503, 6709554.572172528132796 ], [ 347376.712237370549701, 6709555.294743933714926 ], [ 347360.747341081907507, 6709571.395192508585751 ], [ 347288.230001173797064, 6709641.552091875113547 ], [ 347276.964497254986782, 6709651.039808862842619 ], [ 347267.271001906250603, 6709660.38924377784133 ], [ 347189.5288322546985, 6709746.205179489217699 ], [ 347188.579647589474916, 6709747.268062965944409 ], [ 347167.0961375242332, 6709771.672787084244192 ], [ 347160.933972217666451, 6709779.413614564575255 ], [ 347124.522881393728312, 6709830.110579639673233 ], [ 347121.383448460081127, 6709834.750798436813056 ], [ 347085.732871500134934, 6709890.762963170185685 ], [ 347081.290666171116754, 6709898.480711840093136 ], [ 347053.026477195031475, 6709953.072911734692752 ], [ 347052.015869571187068, 6709955.079805103130639 ], [ 347028.850511289667338, 6710002.398282863199711 ], [ 347025.521052112337202, 6710009.978648016229272 ], [ 347004.635877871070988, 6710063.437196471728384 ], [ 347001.766156437806785, 6710071.873782936483622 ], [ 346979.914762235828675, 6710146.929833493195474 ], [ 346976.267614332784433, 6710166.654115602374077 ], [ 346973.047516256163362, 6710205.654351806268096 ], [ 346975.382485869748052, 6710236.853992685675621 ], [ 346987.244393186236266, 6710265.805069157853723 ], [ 347007.472112070652656, 6710289.673648144118488 ], [ 347034.085612463881262, 6710306.123306831344962 ], [ 347064.479779520188458, 6710313.543838014826179 ], [ 347095.679420399537776, 6710311.208868401125073 ], [ 347124.630496872006916, 6710299.346961084753275 ], [ 347148.499075858329888, 6710279.119242200627923 ], [ 347164.948734545323532, 6710252.505741806700826 ], [ 347172.369265729037579, 6710222.111574750393629 ], [ 347174.75990789901698, 6710193.157298486679792 ], [ 347192.546888647077139, 6710132.061859268695116 ], [ 347210.301368715416174, 6710086.616764003410935 ], [ 347231.150932577322237, 6710044.028619589284062 ], [ 347256.849425266555045, 6709994.392054709605873 ], [ 347288.602215760562103, 6709944.503871023654938 ], [ 347320.489195756963454, 6709900.106049517169595 ], [ 347338.229111953289248, 6709879.953953359276056 ], [ 347410.961656801693607, 6709799.667907563969493 ], [ 347419.701412633759901, 6709792.307355344295502 ], [ 347424.815264329663478, 6709787.69020252302289 ], [ 347500.556362417759374, 6709714.414478356018662 ], [ 347502.034019998565782, 6709712.954907582141459 ], [ 347518.370086677139625, 6709696.480137140490115 ], [ 347540.685711529629771, 6709674.430726440623403 ], [ 347569.705007406708319, 6709645.75526527594775 ], [ 347609.609446485876106, 6709607.226990056224167 ], [ 347610.959310925216414, 6709605.898751808330417 ], [ 347624.081112043350004, 6709592.740317140705884 ], [ 347633.542561454756651, 6709584.42592007201165 ], [ 347636.052167978254147, 6709582.143981306813657 ], [ 347649.100059230695479, 6709569.869133725762367 ], [ 347651.426318089652341, 6709567.608465813100338 ], [ 347702.531626119976863, 6709516.306429153308272 ], [ 347729.930067798530217, 6709491.025831247679889 ], [ 347765.384566136286594, 6709460.636357908137143 ], [ 347780.266966353810858, 6709447.885263334959745 ], [ 347781.943955720926169, 6709446.415699015371501 ], [ 347792.917162237048615, 6709436.581323322840035 ], [ 347797.886669558123685, 6709431.808825502172112 ], [ 347813.359540215635207, 6709415.8889827914536 ], [ 347823.056462200882379, 6709405.921224164776504 ], [ 347853.731590811046772, 6709375.079236485995352 ], [ 347860.394873555225786, 6709367.676331563852727 ], [ 347868.870208107924554, 6709357.260645171627402 ], [ 347925.62999873427907, 6709301.784418328665197 ], [ 347934.290389594854787, 6709292.145974412560463 ], [ 347954.312927202438004, 6709266.725433703511953 ], [ 347969.588838574534748, 6709239.421291054226458 ], [ 347975.679649531666655, 6709208.732992046512663 ], [ 347971.989149060158525, 6709177.664521206170321 ], [ 347958.87858905934263, 6709149.257076924666762 ], [ 347937.631322488829028, 6709126.291377776302397 ], [ 347910.327179838903248, 6709111.015466404147446 ], [ 347879.638880831247661, 6709104.924655447714031 ], [ 347848.570409990788903, 6709108.615155918523669 ], [ 347820.162965710042045, 6709121.725715919397771 ], [ 347797.197266561561264, 6709142.972982490435243 ], [ 347781.192036868946161, 6709163.293163725174963 ] ] ] ] } },
{ "type": "Feature", "properties": { }, "geometry": { "type": "MultiPolygon", "coordinates": [ [ [ [ 347789.733256645849906, 6709156.004601414315403 ], [ 347779.852582262421492, 6709177.175556189380586 ], [ 347776.029434688156471, 6709208.227983094751835 ], [ 347781.989132905378938, 6709238.942013622261584 ], [ 347797.148300128756091, 6709266.311144467443228 ], [ 347820.023051450436469, 6709287.656294409185648 ], [ 347848.374246833263896, 6709300.888051453046501 ], [ 347879.426673738809768, 6709304.711199027486145 ], [ 347910.14070426649414, 6709298.751500810496509 ], [ 347937.509835111151915, 6709283.592333586886525 ], [ 347958.854985053651035, 6709260.717582264915109 ], [ 347958.985484564909711, 6709260.524246261455119 ], [ 347963.261315920040943, 6709253.597358027473092 ], [ 347968.033731825766154, 6709245.111604587174952 ], [ 347969.313598013715819, 6709242.762921373359859 ], [ 347975.641743683372624, 6709230.771166550926864 ], [ 347978.501516893971711, 6709224.894306792877614 ], [ 347983.804965221963357, 6709213.024744836613536 ], [ 347985.617608669563197, 6709208.69819254707545 ], [ 347988.979757828521542, 6709200.113557683303952 ], [ 347990.53050465247361, 6709195.874679831787944 ], [ 347992.927732228068635, 6709188.833401581272483 ], [ 347994.184800152957905, 6709184.873246937990189 ], [ 347997.633630308846477, 6709173.170645201578736 ], [ 347998.753418415726628, 6709169.048200655728579 ], [ 348001.853547962207813, 6709156.589080145582557 ], [ 348004.215856207592878, 6709143.350467316806316 ], [ 348012.275732033711392, 6709069.898631561547518 ], [ 348012.718482445867267, 6709064.536957221105695 ], [ 348013.338283270655666, 6709053.378244142979383 ], [ 348013.426553781377152, 6709051.454793680459261 ], [ 348014.645347158599179, 6709017.830973874777555 ], [ 348019.087944346480072, 6708910.726459268480539 ], [ 348022.968772326421458, 6708817.985875749029219 ], [ 348023.053869189636316, 6708813.120396173559129 ], [ 348022.919146834348794, 6708793.439932120032609 ], [ 348022.683604652353097, 6708787.230957846157253 ], [ 348020.708663775818422, 6708758.649818922393024 ], [ 348020.044470267777797, 6708752.141759408637881 ], [ 348015.214011777134147, 6708716.422920238226652 ], [ 348014.747406963608228, 6708713.3362060720101 ], [ 348009.320660812896676, 6708680.873929937370121 ], [ 347999.602212844940368, 6708621.589424359612167 ], [ 347998.208572130068205, 6708610.797204199247062 ], [ 347996.730002850934397, 6708597.337177976034582 ], [ 347996.092846524144989, 6708585.165596790611744 ], [ 347996.021313952456694, 6708572.446663473732769 ], [ 347997.067087082134094, 6708555.82155685313046 ], [ 348000.462066049862187, 6708529.864259672351182 ], [ 348006.031092269113287, 6708491.046677515842021 ], [ 348019.492093622509856, 6708402.208972058258951 ], [ 348024.006279376451857, 6708373.999391664750874 ], [ 348027.855987160932273, 6708357.121942115016282 ], [ 348035.287048365396913, 6708326.305175989866257 ], [ 348037.801178942958359, 6708318.292569967918098 ], [ 348039.561959035694599, 6708313.795554814860225 ], [ 348046.414603686251212, 6708299.707137367688119 ], [ 348051.771209339844063, 6708290.333873857744038 ], [ 348070.638566172739957, 6708261.746065155602992 ], [ 348070.992571869515814, 6708261.205889727920294 ], [ 348092.429647934390232, 6708228.263622054830194 ], [ 348095.847217779199127, 6708222.611979351378977 ], [ 348114.828857263957616, 6708188.744294356554747 ], [ 348118.579836736025754, 6708181.348379140719771 ], [ 348129.409059745667037, 6708157.603765459731221 ], [ 348133.181278140866198, 6708148.064756078645587 ], [ 348139.2235297258012, 6708130.148309377022088 ], [ 348140.367348105413839, 6708126.531523183919489 ], [ 348150.496653610025533, 6708092.254117761738598 ], [ 348151.044710303423926, 6708090.328802775591612 ], [ 348152.195495960710105, 6708086.126836423762143 ], [ 348152.793417195382062, 6708083.837627642787993 ], [ 348175.078886664414313, 6707994.1909244293347 ], [ 348175.183399879722856, 6707993.766545075923204 ], [ 348176.165858665423002, 6707989.739356631413102 ], [ 348187.86464968911605, 6707942.334467924199998 ], [ 348191.680758149421308, 6707927.683576631359756 ], [ 348202.195749966311269, 6707895.464902219362557 ], [ 348221.05864765890874, 6707843.573366522789001 ], [ 348222.066693933797069, 6707840.661260749213398 ], [ 348229.252782631898299, 6707818.818526873365045 ], [ 348229.34565240930533, 6707818.534815399907529 ], [ 348231.223488686082419, 6707812.769046640023589 ], [ 348233.46013419853989, 6707804.793876910582185 ], [ 348242.9145106607466, 6707764.776175021193922 ], [ 348244.178409728279803, 6707758.548233998008072 ], [ 348253.378485953377094, 6707704.446840570308268 ], [ 348254.070751172606833, 6707699.685524000786245 ], [ 348259.629729552310891, 6707653.70813081972301 ], [ 348260.048164762498345, 6707649.503665201365948 ], [ 348261.1360408248147, 6707635.596867901273072 ], [ 348263.553286298119929, 6707619.185127325356007 ], [ 348264.161939268757124, 6707614.180620254948735 ], [ 348272.996712223044597, 6707522.258299995213747 ], [ 348277.198486201639753, 6707481.437773391604424 ], [ 348275.493944623856805, 6707450.197347464971244 ], [ 348264.219006725994404, 6707421.01266913022846 ], [ 348244.477341986668762, 6707396.740538044832647 ], [ 348218.201402098755352, 6707379.756879514083266 ], [ 348187.96325913380133, 6707371.7241723658517 ], [ 348156.722833206702489, 6707373.428713943809271 ], [ 348127.53815487207612, 6707384.703651841729879 ], [ 348103.26602378685493, 6707404.445316581055522 ], [ 348086.282365255639888, 6707430.721256468445063 ], [ 348078.249658107582945, 6707460.959399433806539 ], [ 348074.013302929291967, 6707502.115884798578918 ], [ 348073.946410587290302, 6707502.788028223440051 ], [ 348065.320558827486821, 6707592.536606039851904 ], [ 348062.773878062667791, 6707609.827139626257122 ], [ 348062.011101372365374, 6707616.59989448171109 ], [ 348060.822100087418221, 6707631.799419898539782 ], [ 348055.805606160662137, 6707673.290013656020164 ], [ 348047.541905139514711, 6707721.88501756452024 ], [ 348039.771510715130717, 6707754.774899713695049 ], [ 348039.223505347559694, 6707756.457512978464365 ], [ 348032.565648596617393, 6707776.694640476256609 ], [ 348013.662188229733147, 6707828.697763453237712 ], [ 348012.58021851599915, 6707831.835467576980591 ], [ 348000.60902952455217, 6707868.516032542102039 ], [ 347998.90308882354293, 6707874.335905993357301 ], [ 347994.160244069178589, 6707892.544744562357664 ], [ 347993.844163025787566, 6707893.791043405421078 ], [ 347981.959382791246753, 6707941.949582452885807 ], [ 347981.895818544260692, 6707942.2086371043697 ], [ 347980.933543287566863, 6707946.153091416694224 ], [ 347958.98621308413567, 6708034.439577811397612 ], [ 347958.412322324409615, 6708036.535076349042356 ], [ 347949.10428461706033, 6708068.033324874937534 ], [ 347945.309411519905552, 6708079.285858906805515 ], [ 347938.333269966009539, 6708094.582042763009667 ], [ 347922.995999840204604, 6708121.947320336475968 ], [ 347903.537207508052234, 6708151.849567436613142 ], [ 347883.079622202087194, 6708182.846889447420835 ], [ 347879.718865678471047, 6708188.312824905849993 ], [ 347871.119927175692283, 6708203.359688853845 ], [ 347868.015953765367158, 6708209.23627932742238 ], [ 347857.969085377058946, 6708229.891731799580157 ], [ 347854.778859414509498, 6708237.172912112437189 ], [ 347850.306654983956832, 6708248.594878531992435 ], [ 347848.009968631260563, 6708255.116140862926841 ], [ 347843.450634833308868, 6708269.646868014708161 ], [ 347841.650426785519812, 6708276.143116597086191 ], [ 347833.283944851020351, 6708310.83909204043448 ], [ 347833.001663872273639, 6708312.042295317165554 ], [ 347828.285033902619034, 6708332.720406180247664 ], [ 347827.037200361606665, 6708339.157714257948101 ], [ 347821.939118688052986, 6708371.016116339713335 ], [ 347821.811397376586683, 6708371.836048507131636 ], [ 347808.229169563273899, 6708461.473804441280663 ], [ 347808.114111610513646, 6708462.253896909765899 ], [ 347802.400750263885129, 6708502.077532987110317 ], [ 347802.231730206985958, 6708503.310146199539304 ], [ 347798.319955538958311, 6708533.218754921108484 ], [ 347797.6727172130486, 6708539.909479164518416 ], [ 347796.200896998634562, 6708563.307640098966658 ], [ 347796.005222771025728, 6708570.147957677021623 ], [ 347796.109137229563203, 6708588.624590595252812 ], [ 347796.244289751106407, 6708593.289818421006203 ], [ 347797.152786706748884, 6708610.644812771119177 ], [ 347797.613985965435859, 6708616.336392890661955 ], [ 347799.508244646480307, 6708633.580611257813871 ], [ 347799.733803725626785, 6708635.468444257974625 ], [ 347801.467326798010617, 6708648.892680828459561 ], [ 347801.960981991374865, 6708652.262617042288184 ], [ 347811.980478278477676, 6708713.383578483946621 ], [ 347812.03201419301331, 6708713.694880657829344 ], [ 347817.227378409355879, 6708744.773052204400301 ], [ 347821.410036704211961, 6708775.701730967499316 ], [ 347822.945109522435814, 6708797.917145107872784 ], [ 347823.041894716967363, 6708812.055686094798148 ], [ 347819.262058153748512, 6708902.382866349071264 ], [ 347814.806353370891884, 6709009.803223968483508 ], [ 347814.786069397639949, 6709010.325156164355576 ], [ 347813.592691520752851, 6709043.247818400152028 ], [ 347813.175520872813649, 6709050.758436938747764 ], [ 347806.144231319834944, 6709114.836486840620637 ], [ 347805.187196674232837, 6709118.682716427370906 ], [ 347802.929686650983058, 6709126.342919894494116 ], [ 347801.929666211130098, 6709129.280238922685385 ], [ 347800.2463035035762, 6709133.578398671932518 ], [ 347797.233740990806837, 6709140.320766124874353 ], [ 347793.055783430987503, 6709148.237942076288164 ], [ 347788.939007462118752, 6709155.557913037016988 ], [ 347789.733256645849906, 6709156.004601414315403 ] ] ] ] } },
{ "type": "Feature", "properties": { }, "geometry": { "type": "MultiPolygon", "coordinates": [ [ [ [ 346347.084407281363383, 6711823.581458225846291 ], [ 346328.227297892328352, 6711892.453473747707903 ], [ 346295.927738086960744, 6711990.71723909303546 ], [ 346262.265927563770674, 6712064.157108343206346 ], [ 346261.502607020491268, 6712065.864412257447839 ], [ 346239.057058008096647, 6712117.354783242568374 ], [ 346238.580767049221322, 6712118.465680750086904 ], [ 346217.116489261912648, 6712169.376160183921456 ], [ 346214.673547634738497, 6712175.774144688621163 ], [ 346184.58469825075008, 6712263.476571338251233 ], [ 346137.452109455887694, 6712394.933952487073839 ], [ 346135.946484532032628, 6712399.471958015114069 ], [ 346122.407372372981627, 6712443.797858599573374 ], [ 346092.627939133031759, 6712518.233257976360619 ], [ 346080.598154091625474, 6712545.853247579187155 ], [ 346077.591649856592994, 6712552.762315303087234 ], [ 346076.073865703190677, 6712556.449479303322732 ], [ 346061.719533520808909, 6712593.396586498245597 ], [ 346035.450026612437796, 6712637.843928181566298 ], [ 346008.326648744987324, 6712680.590836759656668 ], [ 346008.09710939892102, 6712680.954319427721202 ], [ 345943.794982362072915, 6712783.265186443924904 ], [ 345942.311227968835738, 6712785.702486290596426 ], [ 345864.400964939326514, 6712917.892305537126958 ], [ 345820.905954079353251, 6712973.197245424613357 ], [ 345809.594425954623148, 6712985.685829953290522 ], [ 345751.288928923895583, 6713050.070902932435274 ], [ 345749.64297303854255, 6713051.934535401873291 ], [ 345723.650761367578525, 6713082.112184044905007 ], [ 345713.16863332077628, 6713093.820435472764075 ], [ 345680.34526184364222, 6713130.079837067052722 ], [ 345668.455228122125845, 6713143.207541922107339 ], [ 345667.621925743413158, 6713144.139222590252757 ], [ 345593.507086710596923, 6713228.053529679775238 ], [ 345593.255665313918144, 6713228.339288237504661 ], [ 345550.492029884655494, 6713277.130163805559278 ], [ 345544.069644510862418, 6713285.273696241900325 ], [ 345513.14723159460118, 6713328.965525466948748 ], [ 345504.222545762779191, 6713344.300344507209957 ], [ 345446.21379759098636, 6713468.083570266142488 ], [ 345421.386857777193654, 6713521.050045225769281 ], [ 345418.415409624634776, 6713528.074780309572816 ], [ 345409.229391361237504, 6713552.330244415439665 ], [ 345405.645861051278189, 6713563.845878589898348 ], [ 345395.626998964289669, 6713604.548267085105181 ], [ 345393.009154730185401, 6713620.964156964793801 ], [ 345389.850945189071354, 6713663.036289398558438 ], [ 345389.671767076652031, 6713675.023762566037476 ], [ 345390.710759865643922, 6713698.079451138153672 ], [ 345391.35944345081225, 6713705.802599472925067 ], [ 345393.528135106607806, 6713723.40930702816695 ], [ 345399.373249443189707, 6713746.898986391723156 ], [ 345410.539789212518372, 6713776.102882075123489 ], [ 345424.102412262116559, 6713812.673610923811793 ], [ 345429.182594676676672, 6713824.117658475413918 ], [ 345434.832891592232045, 6713834.959539564326406 ], [ 345452.558618764625862, 6713874.40249509550631 ], [ 345453.452624642464798, 6713876.336449298076332 ], [ 345500.619777059589978, 6713975.580866624601185 ], [ 345541.420971797313541, 6714064.493393729440868 ], [ 345543.382615239359438, 6714068.526961195282638 ], [ 345547.249978199484758, 6714076.045555252581835 ], [ 345548.219609195424709, 6714077.883428173139691 ], [ 345580.155912570364308, 6714136.922068915329874 ], [ 345589.936963130021468, 6714158.074382856488228 ], [ 345593.89707557176007, 6714167.277412362396717 ], [ 345611.170329670247156, 6714208.340312202461064 ], [ 345615.8193366790656, 6714221.224553600884974 ], [ 345620.302753143012524, 6714233.810259176418185 ], [ 345635.283113912621047, 6714261.277666504494846 ], [ 345658.018179294653237, 6714282.77153716981411 ], [ 345686.282482685113791, 6714296.187901354394853 ], [ 345717.309317139093764, 6714300.213471855968237 ], [ 345748.06155992357526, 6714294.454197785817087 ], [ 345775.528967251360882, 6714279.473837016150355 ], [ 345797.022837916505523, 6714256.738771634176373 ], [ 345810.439202101668343, 6714228.474468243308365 ], [ 345814.464772603183519, 6714197.447633788920939 ], [ 345808.7054985325085, 6714166.695391004905105 ], [ 345804.153719572525006, 6714153.917780382558703 ], [ 345804.016213263210375, 6714153.534250418655574 ], [ 345798.417195302667096, 6714138.017152066342533 ], [ 345796.530017940909602, 6714133.183665757067502 ], [ 345778.092014671303332, 6714089.351862137205899 ], [ 345777.77206399285933, 6714088.599870453588665 ], [ 345773.121333286748268, 6714077.791891503147781 ], [ 345772.030396314279642, 6714075.347280411981046 ], [ 345760.370585631520953, 6714050.131995555944741 ], [ 345757.560770722047891, 6714044.524225194007158 ], [ 345724.625945755746216, 6713983.639680220745504 ], [ 345722.259912424371578, 6713979.039841951802373 ], [ 345682.114038998086471, 6713891.555367977358401 ], [ 345681.545337118033785, 6713890.337724629789591 ], [ 345634.547047383268364, 6713791.448611316271126 ], [ 345616.067478629527614, 6713750.328221641480923 ], [ 345613.534644745639525, 6713745.103438314981759 ], [ 345609.441078191273846, 6713737.248636616393924 ], [ 345597.88444246398285, 6713706.08692180365324 ], [ 345597.52934510644991, 6713705.144022295251489 ], [ 345590.5374435383128, 6713686.858074432238936 ], [ 345590.333401160489302, 6713685.201539044268429 ], [ 345589.739342179032974, 6713672.019119477830827 ], [ 345591.823689361743163, 6713644.252459423616529 ], [ 345598.405118011520244, 6713617.514905454590917 ], [ 345604.09985595109174, 6713602.478084524162114 ], [ 345627.308720428089146, 6713552.963655908592045 ], [ 345681.543118884437717, 6713437.234408926218748 ], [ 345704.320529639720917, 6713405.051062057726085 ], [ 345743.536101327568758, 6713360.308325399644673 ], [ 345817.111218001286034, 6713277.005102789029479 ], [ 345828.590599784743972, 6713264.330795927904546 ], [ 345861.625309555442072, 6713227.837937885895371 ], [ 345861.993407432048116, 6713227.429051520302892 ], [ 345873.298641558503732, 6713214.801413028500974 ], [ 345874.564062318648212, 6713213.36040357593447 ], [ 345900.370682670385577, 6713183.398231387138367 ], [ 345957.83195357414661, 6713119.945412212051451 ], [ 345971.475825085653923, 6713104.881785017438233 ], [ 345975.962098532239906, 6713099.568508336320519 ], [ 346025.751306228572503, 6713036.260347601957619 ], [ 346033.298107241687831, 6713025.217425330542028 ], [ 346113.887195633375086, 6712888.482461109757423 ], [ 346177.315678073326126, 6712787.561646651476622 ], [ 346205.170871078211349, 6712743.661384869366884 ], [ 346206.822204477328341, 6712740.965583714656532 ], [ 346238.057964609586634, 6712688.115467106923461 ], [ 346245.182079123915173, 6712673.449087916873395 ], [ 346261.776500719541218, 6712630.736137865111232 ], [ 346263.967531429545488, 6712625.701051109470427 ], [ 346276.593757953494787, 6712596.711651539430022 ], [ 346277.757775014964864, 6712593.924899633973837 ], [ 346309.661459560273215, 6712514.179812425747514 ], [ 346312.454177880834322, 6712506.24723256751895 ], [ 346326.524169058422558, 6712460.183279272168875 ], [ 346373.081989039608743, 6712330.328984330408275 ], [ 346373.537653371517081, 6712329.030019064433873 ], [ 346402.737999738543294, 6712243.917384722270072 ], [ 346422.636412103252951, 6712196.720934717915952 ], [ 346444.466781205381267, 6712146.641794163733721 ], [ 346480.079073124506976, 6712068.946565606631339 ], [ 346484.172945269150659, 6712058.505760952830315 ], [ 346519.012197800620925, 6711952.515581638552248 ], [ 346520.462807589094155, 6711947.696967924945056 ], [ 346540.657205240568146, 6711873.940760659985244 ], [ 346541.458102899137884, 6711870.81896938290447 ], [ 346542.497096007107757, 6711866.479780822992325 ], [ 346544.091464038239792, 6711858.346038298681378 ], [ 346560.886782667250372, 6711748.783482707105577 ], [ 346580.659849981137086, 6711630.32877189759165 ], [ 346618.977799263200723, 6711493.63283924292773 ], [ 346668.034701064287219, 6711363.875163952820003 ], [ 346725.963156471960247, 6711252.372766436077654 ], [ 347025.28167912614299, 6710711.515396106988192 ], [ 347065.225211120268796, 6710639.338856960646808 ], [ 347072.60901189444121, 6710622.50870341155678 ], [ 347081.04464629344875, 6710597.173441239632666 ], [ 347082.333666653197724, 6710593.000085325911641 ], [ 347126.350691748957615, 6710438.608957178890705 ], [ 347129.007819028804079, 6710426.475414285436273 ], [ 347148.331879353092518, 6710301.527747350744903 ], [ 347162.343563706497662, 6710229.783166443929076 ], [ 347176.869040912366472, 6710177.169508841820061 ], [ 347185.705757681920659, 6710151.324299895204604 ], [ 347195.460395580681507, 6710124.607627213001251 ], [ 347210.808857234485913, 6710086.494771990925074 ], [ 347226.379827151016798, 6710050.795360507443547 ], [ 347247.261490443372168, 6710011.870987887494266 ], [ 347265.423620568879414, 6709981.609423831105232 ], [ 347291.797904195322189, 6709941.467449815012515 ], [ 347304.959384819376282, 6709922.937400931492448 ], [ 347317.936127464985475, 6709905.984214955940843 ], [ 347395.538749290572014, 6709816.763487360440195 ], [ 347554.752960745478049, 6709665.892373445443809 ], [ 347647.205709143017884, 6709578.289839264005423 ], [ 347647.816248547344003, 6709577.706417536363006 ], [ 347809.849691320210695, 6709421.555619838647544 ], [ 347810.164619419083465, 6709421.250791322439909 ], [ 347868.455428933026269, 6709364.581389251165092 ], [ 347873.351053327263799, 6709359.472819188609719 ], [ 347921.820904646010604, 6709305.172973904758692 ], [ 347932.770235407107975, 6709290.358669863082469 ], [ 347968.599004591058474, 6709231.159740562550724 ], [ 347979.044725474726874, 6709207.391656711697578 ], [ 347997.309564455586951, 6709144.793362896889448 ], [ 348001.097221814969089, 6709123.340879307128489 ], [ 348007.405395061592571, 6709027.348830034025013 ], [ 348007.4297055992065, 6709026.967777796089649 ], [ 348007.918020938290283, 6709019.076675208285451 ], [ 348009.848253491159994, 6708990.119439446367323 ], [ 348010.814360234886408, 6708975.582211962901056 ], [ 348011.003047933336347, 6708971.457387934438884 ], [ 348013.006808189908043, 6708891.532852518372238 ], [ 348014.350889866705984, 6708837.943397760391235 ], [ 348014.382108217512723, 6708835.645772242918611 ], [ 348014.51404457812896, 6708772.727538047358394 ], [ 348014.097569274308626, 6708763.39833711553365 ], [ 348011.409381231525913, 6708734.04382642544806 ], [ 348010.429835576040205, 6708726.511045478284359 ], [ 347994.155451460159384, 6708630.144977875985205 ], [ 347992.420411878847517, 6708605.724656820297241 ], [ 347990.950958438508678, 6708561.702012285590172 ], [ 348003.348745286057238, 6708454.971062706783414 ], [ 348015.454451712954324, 6708378.584047781303525 ], [ 348020.363700510933995, 6708357.652068765833974 ], [ 348030.513029086752795, 6708326.581917966715991 ], [ 348034.837703683064319, 6708317.217423151247203 ], [ 348038.525551508530043, 6708309.221867766231298 ], [ 348049.177403076202609, 6708289.218828369863331 ], [ 348055.945845302601811, 6708277.734693106263876 ], [ 348076.167004406976048, 6708243.365682309493423 ], [ 348101.717861219251063, 6708199.983615148812532 ], [ 348106.719572346075438, 6708190.325937709771097 ], [ 348123.970155918272212, 6708152.053094990551472 ], [ 348126.820322096173186, 6708145.030705194920301 ], [ 348139.906687441922259, 6708108.917458582669497 ], [ 348143.262183823680971, 6708097.618831676431 ], [ 348181.410026147961617, 6707934.488166456110775 ], [ 348214.116674792079721, 6707842.942269837483764 ], [ 348226.067424573935568, 6707809.458911144174635 ], [ 348230.197273386700545, 6707794.146826361306012 ], [ 348244.231926506443415, 6707718.760923816822469 ], [ 348244.80203256040113, 6707715.376935623586178 ], [ 348253.410832834488247, 6707658.317605908028781 ], [ 348253.89373756677378, 6707654.660950632765889 ], [ 348268.045086647267453, 6707529.804139454849064 ], [ 348275.367490779259242, 6707479.60678955540061 ], [ 348274.984894305758644, 6707448.322235953994095 ], [ 348264.953564712253865, 6707418.687086204998195 ], [ 348246.255438431748189, 6707393.602235244587064 ], [ 348220.720818342117127, 6707375.523163062520325 ], [ 348190.849210967833642, 6707366.219575207680464 ], [ 348159.564657366485335, 6707366.602171680890024 ], [ 348129.929507616849151, 6707376.633501274511218 ], [ 348104.84465665667085, 6707395.331627555191517 ], [ 348086.765584474313073, 6707420.866247644647956 ], [ 348077.461996619356796, 6707450.737855019047856 ], [ 348069.908681410190184, 6707502.518171923235059 ], [ 348069.497610537218861, 6707505.69068190921098 ], [ 348055.373830235563219, 6707630.304254806600511 ], [ 348047.296222998178564, 6707683.842824641615152 ], [ 348035.031570549937896, 6707749.721324546262622 ], [ 348025.770618820679374, 6707775.668475181795657 ], [ 347991.159297465055715, 6707872.545549967326224 ], [ 347987.956669145671185, 6707883.41932892985642 ], [ 347949.860405217914376, 6708046.329430741257966 ], [ 347940.077227121335454, 6708073.327173347584903 ], [ 347926.622748216090258, 6708103.177824651822448 ], [ 347903.824057598423678, 6708141.887067743577063 ], [ 347883.625526650517713, 6708176.217654078267515 ], [ 347875.778089191473555, 6708189.532539577223361 ], [ 347873.663245673931669, 6708193.305019247345626 ], [ 347860.651094254164491, 6708217.740449634380639 ], [ 347858.110087046923582, 6708222.859650390222669 ], [ 347853.254981638980098, 6708233.385951570235193 ], [ 347846.486820454243571, 6708248.041484354063869 ], [ 347842.216207366785966, 6708258.916918846778572 ], [ 347828.923692553478759, 6708299.609309152700007 ], [ 347826.622447637433652, 6708307.826718537136912 ], [ 347819.901976341498084, 6708336.481359995901585 ], [ 347818.492782594636083, 6708343.662595338188112 ], [ 347805.488876479910687, 6708425.717250840738416 ], [ 347804.924170516314916, 6708429.831426271237433 ], [ 347791.425505404127762, 6708546.039694988168776 ], [ 347790.813271256221924, 6708560.914128399454057 ], [ 347792.594401584996376, 6708614.274150010198355 ], [ 347792.790185081830714, 6708618.025094728916883 ], [ 347795.000106457679067, 6708649.129278223030269 ], [ 347796.144900770392269, 6708658.694529855623841 ], [ 347812.589389762375504, 6708756.067845282144845 ], [ 347814.504682453523856, 6708776.982483277097344 ], [ 347814.384957314177882, 6708834.077391155064106 ], [ 347813.069671471836045, 6708886.51873632054776 ], [ 347811.117626939027105, 6708964.380472246557474 ], [ 347810.290443003817927, 6708976.827322483062744 ], [ 347808.345056830090471, 6709006.011891978792846 ], [ 347808.314549228001852, 6709006.486574138514698 ], [ 347807.823336088040378, 6709014.4245047532022 ], [ 347802.246199908433482, 6709099.292296112515032 ], [ 347790.717518026416656, 6709138.804049625061452 ], [ 347766.456950675463304, 6709178.889144483022392 ], [ 347726.504321009211708, 6709223.647309621796012 ], [ 347670.908876203291584, 6709277.696320800110698 ], [ 347509.337269580224529, 6709433.402049369178712 ], [ 347417.189879884244874, 6709520.715244439430535 ], [ 347254.469732635188848, 6709674.908577036112547 ], [ 347247.800553970329929, 6709681.868310697376728 ], [ 347164.97796349786222, 6709777.090503059327602 ], [ 347161.02297089213971, 6709781.935635017231107 ], [ 347145.058759873674717, 6709802.791734714061022 ], [ 347142.938578996574506, 6709805.666562912985682 ], [ 347127.69176793762017, 6709827.132548565044999 ], [ 347125.644312289485242, 6709830.128878341056406 ], [ 347097.154462496808264, 6709873.49076927639544 ], [ 347094.986725660215598, 6709876.941291742026806 ], [ 347074.536703200254124, 6709911.014919688925147 ], [ 347072.159153935383074, 6709915.201600954867899 ], [ 347048.221083230338991, 6709959.823256369680166 ], [ 347044.68095204711426, 6709967.117522624321282 ], [ 347026.919117888319306, 6710007.839907276444137 ], [ 347025.81889604422031, 6710010.463605757802725 ], [ 347009.326942289888393, 6710051.415947427973151 ], [ 347008.15297041030135, 6710054.474803943186998 ], [ 346997.482676299056038, 6710083.69933879096061 ], [ 346996.795276145101525, 6710085.64406165573746 ], [ 346986.65272453322541, 6710115.308514245785773 ], [ 346984.880878786440007, 6710121.048431939445436 ], [ 346968.537352396757342, 6710180.247361467219889 ], [ 346966.785493193019647, 6710187.691782836802304 ], [ 346951.662371137703303, 6710265.127302114851773 ], [ 346950.983060209022369, 6710269.01111379917711 ], [ 346932.308690006961115, 6710389.757941798307002 ], [ 346890.596663909440394, 6710536.064211985096335 ], [ 346885.766448538575787, 6710550.57109634950757 ], [ 346850.291411565965973, 6710614.673224202357233 ], [ 346550.335779316723347, 6711156.681827729567885 ], [ 346549.092031892505474, 6711159.000732898712158 ], [ 346487.840916038432624, 6711276.898685127496719 ], [ 346483.041478378290776, 6711287.637275792658329 ], [ 346430.341440051444806, 6711427.03120834659785 ], [ 346427.591231419588439, 6711435.403680707328022 ], [ 346386.625217771506868, 6711581.546351379714906 ], [ 346384.278479850909207, 6711592.072785254567862 ], [ 346363.506863250571769, 6711716.509515195153654 ], [ 346363.296765571460128, 6711717.82178520783782 ], [ 346347.084407281363383, 6711823.581458225846291 ] ] ] ] } },
{ "type": "Feature", "properties": { }, "geometry": { "type": "MultiPolygon", "coordinates": [ [ [ [ 345710.251416007988155, 6705709.413221156224608 ], [ 345709.829225674329791, 6705718.059315126389265 ], [ 345708.55934249953134, 6705949.116107110865414 ], [ 345708.645986438670661, 6705953.863680424168706 ], [ 345776.246483716415241, 6707562.752816437743604 ], [ 345885.173132164520212, 6710099.277877950109541 ], [ 345870.364688925037626, 6710381.940707763656974 ], [ 345840.735945094318595, 6710631.301949420943856 ], [ 345761.895822850347031, 6711031.122583384625614 ], [ 345660.578485057340004, 6711335.066371227614582 ], [ 345578.510202542238403, 6711516.904308836907148 ], [ 345396.329430771933403, 6711828.815311916172504 ], [ 345192.889233171998058, 6712106.688473708927631 ], [ 344836.604583282838576, 6712538.827780402265489 ], [ 344830.556613397027832, 6712546.97226002253592 ], [ 344698.530279063794296, 6712745.015224257484078 ], [ 344695.162009883846622, 6712750.434732657857239 ], [ 344601.223842076200526, 6712912.924345847219229 ], [ 344596.923128647438716, 6712921.23891781270504 ], [ 344492.850654799432959, 6713147.846540763042867 ], [ 344490.783936494844966, 6713152.677372037433088 ], [ 344433.655808637500741, 6713296.550466969609261 ], [ 344430.426998775103129, 6713306.044441297650337 ], [ 344425.619594196439721, 6713322.911287126131356 ], [ 344421.85618978808634, 6713353.971011228859425 ], [ 344427.8749620905146, 6713384.673520150594413 ], [ 344443.086751735478174, 6713412.013438399881124 ], [ 344466.002522765775211, 6713433.314544291235507 ], [ 344494.379119849414565, 6713446.491737165488303 ], [ 344525.438843952433672, 6713450.255141573958099 ], [ 344556.141352873819415, 6713444.236369271762669 ], [ 344583.481271123397164, 6713429.024579626508057 ], [ 344604.782377014518715, 6713406.108808596618474 ], [ 344617.959569889004342, 6713377.732211512513459 ], [ 344621.390883197716903, 6713365.693401044234633 ], [ 344675.696412487421185, 6713228.92881827428937 ], [ 344776.716486462100875, 6713008.967497213743627 ], [ 344866.711865630641114, 6712853.297925502061844 ], [ 344994.150402605824638, 6712662.136777631938457 ], [ 345349.034122310462408, 6712231.69666566606611 ], [ 345352.563264326483477, 6712227.156221406534314 ], [ 345560.757685895601753, 6711942.789400731213391 ], [ 345566.420876882504672, 6711934.151174585334957 ], [ 345753.851929681492038, 6711613.251185422763228 ], [ 345758.648938500264194, 6711603.953017680905759 ], [ 345844.976070190372411, 6711412.678787183947861 ], [ 345848.697294247336686, 6711403.165344365872443 ], [ 345953.643842634104658, 6711088.334219382144511 ], [ 345956.88652003830066, 6711076.057006654329598 ], [ 346037.697095900366548, 6710666.243643198162317 ], [ 346038.887840316805523, 6710658.696169808506966 ], [ 346069.356727004866116, 6710402.264123284257948 ], [ 346069.918283219041768, 6710395.696995123289526 ], [ 346085.148605479043908, 6710104.98135949857533 ], [ 346085.193475475010928, 6710095.459253709763288 ], [ 345976.068234331964049, 6707554.31065328232944 ], [ 345908.569373924925458, 6705947.840470733121037 ], [ 345909.802395529404748, 6705723.490686409175396 ], [ 345913.700169218529481, 6705681.283287816680968 ], [ 345911.668180715234485, 6705650.062450274825096 ], [ 345900.087875429075211, 6705620.997588265687227 ], [ 345880.092814326169901, 6705596.933772991411388 ], [ 345853.640253301069606, 6705580.22653835080564 ], [ 345823.319553332752548, 6705572.511304879561067 ], [ 345792.098715790838469, 6705574.543293382972479 ], [ 345763.033853782282677, 6705586.123598668724298 ], [ 345738.970038507308345, 6705606.118659771978855 ], [ 345722.262803867459297, 6705632.571220796555281 ], [ 345714.547570395458024, 6705662.891920764930546 ], [ 345710.251416007988155, 6705709.413221156224608 ] ] ] ] } },
{ "type": "Feature", "properties": { }, "geometry": { "type": "MultiPolygon", "coordinates": [ [ [ [ 345718.684382063860539, 6705775.978619358502328 ], [ 345718.626055853266735, 6705777.968013271689415 ], [ 345717.10232353763422, 6705856.668327003717422 ], [ 345717.09618045843672, 6705860.191135220229626 ], [ 345717.684658263693564, 6705897.266414908692241 ], [ 345717.722954651573673, 6705898.869281836785376 ], [ 345718.906354332342744, 6705935.948522515594959 ], [ 345718.972839124209713, 6705937.602296028286219 ], [ 345720.743505144608207, 6705974.11551368702203 ], [ 345737.197875014040619, 6706410.907249024137855 ], [ 345778.242768839292694, 6707606.086361024528742 ], [ 345791.825162467779592, 6708030.279942885041237 ], [ 345791.839143084187526, 6708030.690241399221122 ], [ 345826.225249692332, 6708982.437016797251999 ], [ 345826.26473180425819, 6708983.4009292377159 ], [ 345857.486473922617733, 6709665.202927393838763 ], [ 345876.98571655806154, 6710117.999305410310626 ], [ 345876.756633694458287, 6710177.678671495057642 ], [ 345875.253066710778512, 6710374.845961112529039 ], [ 345875.131490833882708, 6710389.863345228135586 ], [ 345874.847909493837506, 6710404.391995712183416 ], [ 345874.450757571670692, 6710417.75234090257436 ], [ 345869.408765843138099, 6710496.1121840570122 ], [ 345860.072077393590007, 6710572.923752722330391 ], [ 345845.834974209195934, 6710651.875388225540519 ], [ 345845.539408465789165, 6710653.600780026987195 ], [ 345844.1142001360422, 6710662.38170953001827 ], [ 345842.690580202208366, 6710671.035155593417585 ], [ 345841.565850693790708, 6710677.762501056306064 ], [ 345790.139446738641709, 6710923.280909159220755 ], [ 345720.154978286009282, 6711162.227224687114358 ], [ 345631.686042321904097, 6711394.955465238541365 ], [ 345525.236427466501482, 6711620.057518282905221 ], [ 345408.836719480052125, 6711823.60619224794209 ], [ 345275.570858930586837, 6712016.037321843206882 ], [ 345124.358002176042646, 6712198.607108432799578 ], [ 345041.645986116025597, 6712293.231571578420699 ], [ 345039.872549640189391, 6712295.317370974458754 ], [ 344958.939029603730887, 6712393.189981670118868 ], [ 344957.221319442149252, 6712395.326155425980687 ], [ 344878.998184057069011, 6712495.383577012456954 ], [ 344876.63370618969202, 6712498.534008296206594 ], [ 344788.379264614719432, 6712621.07922076806426 ], [ 344785.510456386720762, 6712625.284399415366352 ], [ 344703.602603874111082, 6712752.168124932795763 ], [ 344700.950029026891571, 6712756.51641764305532 ], [ 344625.611446798255201, 6712887.402206932194531 ], [ 344623.916518448386341, 6712890.469923571683466 ], [ 344597.856789247947745, 6712939.653393718414009 ], [ 344597.003785613225773, 6712941.30002513807267 ], [ 344571.856011135620065, 6712990.967316141352057 ], [ 344571.018029125756584, 6712992.661903099156916 ], [ 344546.820409541716799, 6713042.781698549166322 ], [ 344546.27370365196839, 6713043.932747875340283 ], [ 344505.603013466927223, 6713130.98889584839344 ], [ 344504.065705797052942, 6713134.448857098817825 ], [ 344466.724751854548231, 6713222.970002053305507 ], [ 344465.671560786431655, 6713225.56780248042196 ], [ 344431.238866315747146, 6713314.041072607040405 ], [ 344424.592285855382215, 6713344.61381606105715 ], [ 344427.71850948932115, 6713375.744129260070622 ], [ 344440.31152066658251, 6713404.384760251268744 ], [ 344461.138627712440211, 6713427.732164522632957 ], [ 344488.161128278297838, 6713443.500935472548008 ], [ 344518.733871731965337, 6713450.147515933029354 ], [ 344549.864184931269847, 6713447.021292299032211 ], [ 344578.504815922642592, 6713434.428281121887267 ], [ 344601.852220193715766, 6713413.60117407515645 ], [ 344617.620991143456195, 6713386.5786735098809 ], [ 344651.545297080243472, 6713299.411685008555651 ], [ 344687.605550024891272, 6713213.926593146286905 ], [ 344727.20514505112078, 6713129.163138466887176 ], [ 344750.714762925577816, 6713080.468380087986588 ], [ 344775.016669692238793, 6713032.471692493185401 ], [ 344799.821682067005895, 6712985.656294825486839 ], [ 344873.015017287631053, 6712858.497445167973638 ], [ 344952.160324069031049, 6712735.893188389018178 ], [ 345037.775618832500186, 6712617.012548497878015 ], [ 345113.941270232142415, 6712519.586912783794105 ], [ 345193.128854450362269, 6712423.825655907392502 ], [ 345275.815091530326754, 6712329.230684512294829 ], [ 345277.538589546922594, 6712327.205227376893163 ], [ 345432.345172967412509, 6712140.296484930440784 ], [ 345437.541097761481069, 6712133.443313539028168 ], [ 345575.713805005594622, 6711933.926873059943318 ], [ 345580.311923436820507, 6711926.634677222929895 ], [ 345700.783820613869466, 6711715.964948366396129 ], [ 345704.376713522011414, 6711709.073698261752725 ], [ 345814.166771065269131, 6711476.907829080708325 ], [ 345817.239463060221169, 6711469.690559768117964 ], [ 345908.495801751851104, 6711229.629719073884189 ], [ 345910.990177057799883, 6711222.204628290608525 ], [ 345983.179335830442142, 6710975.730890743434429 ], [ 345985.086855618574191, 6710968.124048207886517 ], [ 346037.736250110901892, 6710716.766875060275197 ], [ 346038.491338624095079, 6710712.755628987215459 ], [ 346039.974120218714233, 6710703.886666309088469 ], [ 346040.01668260502629, 6710703.630035992711782 ], [ 346041.478868846374098, 6710694.742165379226208 ], [ 346041.513544744229876, 6710694.529964632354677 ], [ 346042.815745230764151, 6710686.50690552406013 ], [ 346057.40741998446174, 6710605.588998868130147 ], [ 346058.264029965270311, 6710599.909039028920233 ], [ 346068.289625438454095, 6710517.429933158680797 ], [ 346068.813929520139936, 6710511.78456227760762 ], [ 346074.148920455714688, 6710428.871087712235749 ], [ 346074.311134882329497, 6710425.421263325028121 ], [ 346074.774758949351963, 6710409.824769319035113 ], [ 346074.799868284084368, 6710408.804969562217593 ], [ 346075.104547475639265, 6710393.195418233051896 ], [ 346075.120314309664536, 6710392.053454343229532 ], [ 346075.246703198470641, 6710376.441553862765431 ], [ 346076.752262570662424, 6710179.014443500898778 ], [ 346076.754433399415575, 6710178.635734510608017 ], [ 346076.993241518153809, 6710116.422800205647945 ], [ 346076.901381419505924, 6710111.736530278809369 ], [ 346057.295421349641401, 6709656.46204228233546 ], [ 346057.283332952472847, 6709656.189955285750329 ], [ 346026.077427222800907, 6708974.733782849274576 ], [ 345991.716148293460719, 6708023.674193806014955 ], [ 345978.136611268215347, 6707599.569826909340918 ], [ 345978.128917063702829, 6707599.33793855085969 ], [ 345937.0743362843059, 6706403.87675382103771 ], [ 345937.062373293680139, 6706403.54450767673552 ], [ 345920.581412579165772, 6705966.046901410445571 ], [ 345920.534916629840154, 6705964.967636958695948 ], [ 345918.778173432219774, 6705928.741524294018745 ], [ 345917.646746162383351, 6705893.290725437924266 ], [ 345917.098950321495067, 6705858.778490939177573 ], [ 345918.569316648703534, 6705782.834514385089278 ], [ 345922.486584156285971, 6705683.112265865318477 ], [ 345918.808945880969986, 6705652.04226987529546 ], [ 345905.71014725859277, 6705623.629400453530252 ], [ 345884.472389963048045, 6705600.654907224699855 ], [ 345857.174573650525417, 6705585.367693657055497 ], [ 345826.488798776816111, 6705579.264178726822138 ], [ 345795.418802786909509, 6705582.941817002370954 ], [ 345767.005933365726378, 6705596.04061562474817 ], [ 345744.031440136197489, 6705617.278372920118272 ], [ 345728.744226568436716, 6705644.576189232990146 ], [ 345722.640711638727225, 6705675.26196410600096 ], [ 345718.684382063860539, 6705775.978619358502328 ] ] ] ] } },
{ "type": "Feature", "properties": { }, "geometry": { "type": "MultiPolygon", "coordinates": [ [ [ [ 344386.340385301329661, 6713452.407622925005853 ], [ 344381.788799410802312, 6713483.36166531033814 ], [ 344387.025309131713584, 6713514.207226417958736 ], [ 344401.537328407750465, 6713541.924927813000977 ], [ 344423.904319680877961, 6713563.801567762158811 ], [ 344451.936846005381085, 6713577.695708324201405 ], [ 344482.890888390480541, 6713582.247294215485454 ], [ 344513.73644949804293, 6713577.010784493759274 ], [ 344541.454150893143378, 6713562.49876521807164 ], [ 344563.330790842766874, 6713540.131773944944143 ], [ 344577.22493140498409, 6713512.09924762044102 ], [ 344602.002688186534215, 6713432.863829237408936 ], [ 344606.554274077061564, 6713401.90978685207665 ], [ 344601.317764356150292, 6713371.064225744456053 ], [ 344586.805745080113411, 6713343.346524349413812 ], [ 344564.438753806985915, 6713321.469884400255978 ], [ 344536.406227482482791, 6713307.575743838213384 ], [ 344505.452185097383335, 6713303.024157946929336 ], [ 344474.606623989820946, 6713308.260667668655515 ], [ 344446.888922594720498, 6713322.77268694434315 ], [ 344425.012282645097002, 6713345.139678217470646 ], [ 344411.118142082879785, 6713373.17220454197377 ], [ 344386.340385301329661, 6713452.407622925005853 ] ] ] ] } },
{ "type": "Feature", "properties": { }, "geometry": { "type": "MultiPolygon", "coordinates": [ [ [ [ 344243.022623999800999, 6714484.454297640360892 ], [ 344247.297595294890925, 6714515.44775331299752 ], [ 344260.940839119197335, 6714543.603242511861026 ], [ 344282.616859709261917, 6714566.164709784090519 ], [ 344310.203857143933419, 6714580.923681518062949 ], [ 344341.001423904381227, 6714586.435446728020906 ], [ 344371.99487957690144, 6714582.160475432872772 ], [ 344400.150368776114192, 6714568.517231608740985 ], [ 344422.711836048343685, 6714546.841211018152535 ], [ 344437.470807782083284, 6714519.254213583655655 ], [ 344442.982572992157657, 6714488.456646823324263 ], [ 344447.821229593711905, 6714246.714239311404526 ], [ 344443.546258298621979, 6714215.720783638767898 ], [ 344429.903014474315569, 6714187.565294439904392 ], [ 344408.226993884250987, 6714165.003827167674899 ], [ 344380.639996449579485, 6714150.244855433702469 ], [ 344349.842429689131677, 6714144.733090223744512 ], [ 344318.848974016611464, 6714149.008061518892646 ], [ 344290.693484817398712, 6714162.651305343024433 ], [ 344268.132017545169219, 6714184.327325933612883 ], [ 344253.37304581142962, 6714211.914323368109763 ], [ 344247.861280601355247, 6714242.711890128441155 ], [ 344243.022623999800999, 6714484.454297640360892 ] ] ] ] } },
{ "type": "Feature", "properties": { }, "geometry": { "type": "MultiPolygon", "coordinates": [ [ [ [ 344610.334631264209747, 6770036.004243213683367 ], [ 344621.336611813690979, 6770023.083173664286733 ], [ 344630.343505270779133, 6770014.541173754259944 ], [ 344630.470164532540366, 6770014.420841719023883 ], [ 344663.727562255051453, 6769982.769488927908242 ], [ 344672.568099573079962, 6769973.181930502876639 ], [ 344686.348699192632921, 6769956.127790574915707 ], [ 344691.798601613903884, 6769949.370597643777728 ], [ 344695.894584676367231, 6769943.921977286227047 ], [ 344709.474694783857558, 6769924.51368772238493 ], [ 344709.555761825991794, 6769924.397654377855361 ], [ 344721.442071273108013, 6769907.358800828456879 ], [ 344729.21414559596451, 6769894.169528755359352 ], [ 344743.573037693451624, 6769864.884880030527711 ], [ 344747.587605662585702, 6769856.782525689341128 ], [ 344749.402228584280238, 6769852.914612721651793 ], [ 344751.701398493198212, 6769847.728554439730942 ], [ 344760.200375813699793, 6769828.545052980072796 ], [ 344760.969296300201677, 6769826.76298101991415 ], [ 344766.776659661205485, 6769812.936318128369749 ], [ 344766.973759826505557, 6769812.463659158907831 ], [ 344779.407447621284518, 6769782.430619113147259 ], [ 344779.471906516700983, 6769782.27454871032387 ], [ 344781.593927051289938, 6769777.124309618957341 ], [ 344790.096354809473269, 6769756.845120560377836 ], [ 344790.799100539763458, 6769755.124320019967854 ], [ 344798.676465035008732, 6769735.311025730334222 ], [ 344817.765649476379622, 6769687.244134296663105 ], [ 344830.321675647457596, 6769655.647248566150665 ], [ 344832.622305412136484, 6769649.228242805227637 ], [ 344857.455203718796838, 6769571.716959071345627 ], [ 344857.791518194717355, 6769570.646586610935628 ], [ 344867.517890802642796, 6769539.072613747790456 ], [ 344893.964213208761066, 6769459.283684347756207 ], [ 344895.313299160858151, 6769454.875769472680986 ], [ 344911.37125989649212, 6769397.73449694737792 ], [ 344913.606108046660665, 6769387.903374913148582 ], [ 344922.201271641592029, 6769338.744276751764119 ], [ 344925.156479380733799, 6769328.519540042616427 ], [ 344929.298419077764265, 6769309.788413229398429 ], [ 344931.955978287383914, 6769300.954619615338743 ], [ 344934.834372181911021, 6769288.589171916246414 ], [ 344946.377138746727724, 6769219.346589460037649 ], [ 344946.549053112976253, 6769218.279808581806719 ], [ 344948.748060998797882, 6769204.148654355667531 ], [ 344948.805115910072345, 6769203.777423792518675 ], [ 344954.865042568242643, 6769163.84895012062043 ], [ 344956.668097209359985, 6769152.079634338617325 ], [ 344959.396046424342785, 6769134.188963607884943 ], [ 344978.312697051500436, 6769010.162809202447534 ], [ 344997.754638177924789, 6768929.237368582747877 ], [ 344998.327015636721626, 6768926.711302456445992 ], [ 345004.695904934545979, 6768896.812063720077276 ], [ 345005.962106954131741, 6768889.570904313586652 ], [ 345010.676942113845143, 6768855.206062683835626 ], [ 345011.509179413144011, 6768845.991083510220051 ], [ 345013.242007229942828, 6768806.445282578468323 ], [ 345014.297722708666697, 6768789.534615798853338 ], [ 345014.469315649010241, 6768785.434835659340024 ], [ 345015.359559469739906, 6768743.668189402669668 ], [ 345016.02841333008837, 6768712.371293499134481 ], [ 345018.226921519031748, 6768700.482703196816146 ], [ 345022.280194512626622, 6768686.668169341981411 ], [ 345022.414722852467094, 6768686.205541859380901 ], [ 345023.16206633875845, 6768683.612229932099581 ], [ 345033.774540147569496, 6768661.737137579359114 ], [ 345055.465569066698663, 6768617.018785319291055 ], [ 345077.119855782540981, 6768580.261237264610827 ], [ 345080.417245540127624, 6768574.84464186988771 ], [ 345080.632301251403987, 6768574.489715573377907 ], [ 345084.348631931934506, 6768568.327497848309577 ], [ 345084.707727525441442, 6768567.727329189889133 ], [ 345125.589215038984548, 6768498.855215989984572 ], [ 345125.689292713766918, 6768498.68623960390687 ], [ 345131.962133117136545, 6768488.071088255383074 ], [ 345136.112148501328193, 6768481.867404252290726 ], [ 345136.212595105811488, 6768481.716956563293934 ], [ 345153.340936894179322, 6768456.012021220289171 ], [ 345162.544421241269447, 6768445.238232668489218 ], [ 345177.728707977919839, 6768430.314128743484616 ], [ 345235.930497798603028, 6768382.678518805652857 ], [ 345236.531167185108643, 6768382.18297946639359 ], [ 345251.683149191085249, 6768369.583455353043973 ], [ 345324.801506126532331, 6768308.729063780978322 ], [ 345328.560412239457946, 6768305.43826924264431 ], [ 345358.980325934651773, 6768277.433956804685295 ], [ 345419.708713515778072, 6768225.007139775902033 ], [ 345419.797916851355694, 6768224.930038708262146 ], [ 345428.285955827625003, 6768217.584830190055072 ], [ 345433.30824877822306, 6768213.269271636381745 ], [ 345433.507556122494861, 6768213.09755445830524 ], [ 345490.41385249234736, 6768163.938244489952922 ], [ 345503.505246203043498, 6768155.752736334688962 ], [ 345566.524059475283138, 6768116.391758163459599 ], [ 345601.883981624501757, 6768094.963082798756659 ], [ 345652.267610326176509, 6768065.73745871335268 ], [ 345657.16142392664915, 6768062.707232991233468 ], [ 345681.16985773271881, 6768046.867691151797771 ], [ 345681.563251721323468, 6768046.606815141625702 ], [ 345683.637130669376347, 6768045.224481016397476 ], [ 345729.049535168858711, 6768015.259932154789567 ], [ 345732.819956647465006, 6768012.64599862601608 ], [ 345754.034478651883546, 6767997.206144492141902 ], [ 345888.598798084829468, 6767903.01977398339659 ], [ 345893.999314309621695, 6767898.96123090852052 ], [ 345917.633656766673084, 6767879.917319255881011 ], [ 345929.073301389813423, 6767871.424758446402848 ], [ 345984.921041998662986, 6767829.997464785352349 ], [ 346014.015004121058155, 6767809.659582630731165 ], [ 346017.3380257023382, 6767807.233377655036747 ], [ 346027.068770483427215, 6767799.817119632847607 ], [ 346078.614808462269139, 6767760.55444151815027 ], [ 346139.78488531766925, 6767715.490152223967016 ], [ 346140.783139541046694, 6767714.74509746581316 ], [ 346198.704309560882393, 6767670.950852946378291 ], [ 346261.2061828483711, 6767624.000916647724807 ], [ 346262.910060110560153, 6767622.692137213423848 ], [ 346466.951193919347133, 6767462.450020014308393 ], [ 346543.426917299162596, 6767409.165900729596615 ], [ 346607.008917064114939, 6767366.907448158599436 ], [ 346750.190535933128558, 6767274.64375276491046 ], [ 346808.006416790303774, 6767250.223835688084364 ], [ 346909.525581671507098, 6767232.141276031732559 ], [ 346988.020810185058508, 6767220.653895577415824 ], [ 346996.009077746479306, 6767219.15097819827497 ], [ 347037.659966810373589, 6767209.547080121934414 ], [ 347045.111553787603043, 6767207.522948020137846 ], [ 347065.551472220453434, 6767201.113694409839809 ], [ 347072.825203751446679, 6767198.520427517592907 ], [ 347082.768333966610953, 6767194.536368654109538 ], [ 347088.396616508136503, 6767192.07802067976445 ], [ 347124.138289017020725, 6767175.141221813857555 ], [ 347137.077789070375729, 6767167.783715477213264 ], [ 347153.949552593578119, 6767156.450162491761148 ], [ 347159.15197800839087, 6767152.708079283125699 ], [ 347199.159740275877994, 6767121.938521824777126 ], [ 347199.743298283021431, 6767121.486275241710246 ], [ 347272.664295264810789, 6767064.541769091039896 ], [ 347275.673372931254562, 6767062.096588604152203 ], [ 347286.364420540106948, 6767053.059333104640245 ], [ 347316.577607051294763, 6767027.592602516524494 ], [ 347316.689172922866419, 6767027.498424117453396 ], [ 347327.565213838592172, 6767018.303801786154509 ], [ 347334.876477907993831, 6767012.156749743968248 ], [ 347335.762769912369549, 6767011.402741667814553 ], [ 347344.343885133683216, 6767004.015913902781904 ], [ 347346.925196563475765, 6767001.714971507899463 ], [ 347396.248297154146712, 6766956.194522216916084 ], [ 347439.821402877627406, 6766916.02573131211102 ], [ 347448.566068591724616, 6766906.874781732447445 ], [ 347480.614126134896651, 6766868.777293527498841 ], [ 347516.828011956531554, 6766825.760810630396008 ], [ 347518.959666873968672, 6766823.140137053094804 ], [ 347565.665620174782816, 6766763.695882170461118 ], [ 347572.05924027133733, 6766754.550847453996539 ], [ 347576.914104867493734, 6766746.708674154244363 ], [ 347591.367745671013836, 6766723.471994120627642 ], [ 347601.721853668917902, 6766701.053251791745424 ], [ 347608.197851107863244, 6766680.758076799102128 ], [ 347617.206213657977059, 6766654.060261727310717 ], [ 347618.26080751005793, 6766650.745569649152458 ], [ 347630.497666010924149, 6766609.834314552135766 ], [ 347647.542424930492416, 6766552.951780432835221 ], [ 347670.380646198347677, 6766479.1371068386361 ], [ 347672.067140539293177, 6766473.001258917152882 ], [ 347676.729887273395434, 6766453.647188168019056 ], [ 347682.153399544418789, 6766431.045332070440054 ], [ 347684.309110303467605, 6766418.691794774495065 ], [ 347689.523662716848776, 6766371.486653631553054 ], [ 347689.663082086655777, 6766370.141232407651842 ], [ 347690.28567248134641, 6766363.709111491218209 ], [ 347692.383258913119789, 6766342.808895221911371 ], [ 347696.117315685958602, 6766309.807177553884685 ], [ 347696.315206725616008, 6766307.89362564496696 ], [ 347699.048007803037763, 6766278.729161776602268 ], [ 347700.617304217652418, 6766261.84802932292223 ], [ 347700.64517614612123, 6766261.543138599023223 ], [ 347701.850979799230117, 6766248.126348288729787 ], [ 347704.17220153711969, 6766222.990887041203678 ], [ 347720.374346869357396, 6766145.135173924267292 ], [ 347745.926358828786761, 6766055.580194837413728 ], [ 347748.783595008135308, 6766045.664436136372387 ], [ 347755.958952559099998, 6766022.536977889016271 ], [ 347759.887427462672349, 6766003.497901962138712 ], [ 347761.411935476120561, 6765989.186979765072465 ], [ 347761.449625578999985, 6765988.826989668421447 ], [ 347764.056216170138214, 6765963.487892020493746 ], [ 347762.502495661959983, 6765932.971820116043091 ], [ 347744.694818335294258, 6765847.001732414588332 ], [ 347743.953126737382263, 6765843.702889972366393 ], [ 347726.934802135976497, 6765773.571888417005539 ], [ 347724.324149604071863, 6765759.758478035219014 ], [ 347724.268702243804, 6765759.467459574341774 ], [ 347719.602029784116894, 6765735.169991225004196 ], [ 347718.783129906863905, 6765704.546905140392482 ], [ 347717.880003495374694, 6765671.115541870705783 ], [ 347719.786621549108531, 6765613.791230392642319 ], [ 347721.856191602302715, 6765572.999817118048668 ], [ 347733.385066408489365, 6765468.443083834834397 ], [ 347739.470492387074046, 6765431.365740596316755 ], [ 347754.158218911965378, 6765341.928983428515494 ], [ 347754.780945257516578, 6765337.52731878310442 ], [ 347764.140705570171122, 6765258.78674326185137 ], [ 347764.812716021551751, 6765244.656204970553517 ], [ 347762.069751790026203, 6765126.802672960795462 ], [ 347760.140288119029719, 6765000.78229443076998 ], [ 347760.059588246862404, 6764998.014908456243575 ], [ 347752.186181346478406, 6764815.008410858921707 ], [ 347751.826848805358168, 6764809.812156193889678 ], [ 347739.476157428813167, 6764680.317680518142879 ], [ 347736.008935966761783, 6764548.486411200836301 ], [ 347736.364750758861192, 6764454.709106545895338 ], [ 347744.301229729200713, 6764370.515535843558609 ], [ 347762.135924539761618, 6764275.369852927513421 ], [ 347791.047578943311237, 6764151.39764444809407 ], [ 347826.310254549200181, 6764012.351795512251556 ], [ 347826.993004314019345, 6764009.482701029628515 ], [ 347846.695237040170468, 6763920.90893143415451 ], [ 347847.691045202373061, 6763915.81081887986511 ], [ 347862.781653844111133, 6763826.248412556014955 ], [ 347888.528544269851409, 6763707.264834841713309 ], [ 347888.710553971817717, 6763706.405474956147373 ], [ 347894.23409485060256, 6763679.748992354609072 ], [ 347894.255725678871386, 6763679.644320954568684 ], [ 347914.839760721835773, 6763579.76906319335103 ], [ 347915.100738707697019, 6763578.458550109528005 ], [ 347927.498663354548626, 6763513.954803794622421 ], [ 347944.524707602977287, 6763426.167684647254646 ], [ 347961.694395414844621, 6763338.421903049573302 ], [ 347973.54011876671575, 6763294.219316475093365 ], [ 347985.107275747170206, 6763251.891873446293175 ], [ 348005.248325228341855, 6763204.97324419952929 ], [ 348008.917474471498281, 6763194.992699047550559 ], [ 348025.584570562234148, 6763140.940365086309612 ], [ 348025.675186530977953, 6763140.644871403463185 ], [ 348045.051791819161735, 6763077.108700498007238 ], [ 348047.693812936660834, 6763066.337030407972634 ], [ 348059.899187854491174, 6763001.132089377380908 ], [ 348061.422769725439139, 6762993.509103963151574 ], [ 348061.483373294817284, 6762993.203406439162791 ], [ 348065.890226309478749, 6762970.79125757701695 ], [ 348066.073881593649276, 6762969.977827190421522 ], [ 348066.450318988587242, 6762968.238655308261514 ], [ 348071.00804086989956, 6762946.236600464209914 ], [ 348082.916517256759107, 6762888.46436273958534 ], [ 348095.494598164514173, 6762827.367793022654951 ], [ 348108.065707052417565, 6762794.603877662681043 ], [ 348109.57755760132568, 6762790.382988846860826 ], [ 348143.549396049464121, 6762688.391416572965682 ], [ 348214.126568824343849, 6762479.292856840416789 ], [ 348215.32899467513198, 6762475.480612182058394 ], [ 348228.373979101597797, 6762431.044859858229756 ], [ 348229.566953028028365, 6762426.606198406778276 ], [ 348237.503952190105338, 6762394.113827281631529 ], [ 348241.01113182521658, 6762383.196318581700325 ], [ 348245.058563104947098, 6762364.791765917092562 ], [ 348251.519451382162515, 6762312.143408322706819 ], [ 348252.157743396994192, 6762295.353570777922869 ], [ 348248.755546581116505, 6762221.622621362097561 ], [ 348247.134675026114564, 6762207.726668111048639 ], [ 348232.383359064289834, 6762129.389828381128609 ], [ 348225.721937043708749, 6762107.80346542596817 ], [ 348190.90225150086917, 6762028.238953046500683 ], [ 348188.418132968945429, 6762022.983985585160553 ], [ 348123.899633293098304, 6761896.175264296121895 ], [ 348067.573000203410629, 6761782.322770044207573 ], [ 348063.257563495542854, 6761774.500022754073143 ], [ 348001.661914276715834, 6761673.763057407923043 ], [ 347999.1508673534845, 6761669.862604690715671 ], [ 347971.142222622933332, 6761628.496831910684705 ], [ 347939.077131565019954, 6761580.110442367382348 ], [ 347935.042839823989198, 6761574.459073469042778 ], [ 347882.209898878703825, 6761505.633588692173362 ], [ 347857.060489958617836, 6761471.343351926654577 ], [ 347779.753320453513879, 6761365.01614670548588 ], [ 347734.870631101774052, 6761303.234172596596181 ], [ 347680.775839484354947, 6761224.232341003604233 ], [ 347678.967375806241762, 6761221.677892433479428 ], [ 347586.124039387272205, 6761094.795092990621924 ], [ 347580.212997711554635, 6761087.467359054833651 ], [ 347515.862203627068084, 6761014.962030661292374 ], [ 347508.428268936404493, 6761007.429695292375982 ], [ 347327.610082244966179, 6760842.646758158691227 ], [ 347289.324141685618088, 6760804.775572442449629 ], [ 347287.626973959850147, 6760803.1359544089064 ], [ 347172.196911538485438, 6760694.223676852881908 ], [ 347049.010984199412633, 6760568.899612379260361 ], [ 346955.850193118560128, 6760470.881920943967998 ], [ 346868.227299546240829, 6760373.520384791307151 ], [ 346808.476465017243754, 6760300.643403974361718 ], [ 346793.935267289401963, 6760275.998983605764806 ], [ 346792.252767387020867, 6760273.249705097638071 ], [ 346779.236376008600928, 6760252.730588366277516 ], [ 346753.222722324775532, 6760211.534340486861765 ], [ 346697.036520421213936, 6760098.200607756152749 ], [ 346628.332029704295564, 6759956.559761947952211 ], [ 346551.674054586794227, 6759796.271974679082632 ], [ 346549.973601006437093, 6759792.883023364469409 ], [ 346487.840700546163134, 6759674.698401582427323 ], [ 346485.238246472319588, 6759670.05286302510649 ], [ 346388.326618020189926, 6759507.374949829652905 ], [ 346386.702387581288349, 6759504.74198308493942 ], [ 346288.614722232043277, 6759351.106753973290324 ], [ 346262.545927016471978, 6759310.327818031422794 ], [ 346261.597626534290612, 6759308.872421285137534 ], [ 346186.945284137036651, 6759196.447400242090225 ], [ 346159.130739654006902, 6759148.654989594593644 ], [ 346131.894923842512071, 6759095.210500412620604 ], [ 346076.771283716778271, 6758961.683399456553161 ], [ 346076.57558581844205, 6758961.212760668247938 ], [ 346019.237109227105975, 6758824.303269343450665 ], [ 345962.048405075096525, 6758679.087004407308996 ], [ 345961.492100174829829, 6758677.704704370349646 ], [ 345904.204834626289085, 6758538.364347796887159 ], [ 345903.68287914065877, 6758537.118773401714861 ], [ 345831.118918413994834, 6758367.183365123346448 ], [ 345828.699316181009635, 6758361.94137179479003 ], [ 345747.540819472167641, 6758198.672913721762598 ], [ 345701.921575445972849, 6758101.151241758838296 ], [ 345680.765943431528285, 6758019.329273862764239 ], [ 345663.814611557521857, 6757923.689918131567538 ], [ 345666.059022345580161, 6757834.520389690063894 ], [ 345683.666307831066661, 6757711.582288388162851 ], [ 345715.088901001785416, 6757575.414951236918569 ], [ 345715.155093609064352, 6757575.126158798113465 ], [ 345786.977207423769869, 6757259.627138409763575 ], [ 345787.055548847129103, 6757259.280151105485857 ], [ 345854.705975653487258, 6756957.144590175710618 ], [ 345928.54555315541802, 6756657.702298901043832 ], [ 346005.839812987716869, 6756363.35910033993423 ], [ 346006.880971334525384, 6756358.998637755401433 ], [ 346031.645997837767936, 6756243.919280552305281 ], [ 346032.107270929031074, 6756241.648172817192972 ], [ 346057.234944021329284, 6756110.135826325044036 ], [ 346058.121770939033013, 6756104.680558268912137 ], [ 346071.324590815405827, 6756006.382991240359843 ], [ 346071.69317848328501, 6756003.269602734595537 ], [ 346082.356368537759408, 6755899.258860379457474 ], [ 346082.777643125446048, 6755893.53438953962177 ], [ 346088.107773953641299, 6755774.520189111120999 ], [ 346088.16955484484788, 6755772.81554551795125 ], [ 346091.784201235044748, 6755642.346515163779259 ], [ 346091.730355303676333, 6755635.283831965178251 ], [ 346086.087908552202862, 6755503.978838304057717 ], [ 346085.956800893531181, 6755501.5928527219221 ], [ 346063.948552809772082, 6755172.825890911743045 ], [ 346063.937832557363436, 6755172.667631527408957 ], [ 346057.167805645265616, 6755073.886007966473699 ], [ 346046.89983214851236, 6754923.631497980095446 ], [ 346034.083198231644928, 6754731.480723653919995 ], [ 346034.01836612180341, 6754730.571204969659448 ], [ 345985.512639509048313, 6754091.207411895506084 ], [ 345986.470261792303063, 6754027.061337120831013 ], [ 345987.397833966009784, 6753961.838612150400877 ], [ 346010.586661310575437, 6753688.925230818800628 ], [ 346014.166804685373791, 6753656.750135297887027 ], [ 346014.502432368986774, 6753653.139200857840478 ], [ 346032.20524316362571, 6753416.110082033090293 ], [ 346032.467559136915952, 6753410.418509805575013 ], [ 346034.340753879630938, 6753303.779658599756658 ], [ 346034.08378455368802, 6753294.647409445606172 ], [ 346024.772870160057209, 6753168.757697856985033 ], [ 346024.735384191793855, 6753168.267262862995267 ], [ 346023.977532246673945, 6753158.663050894625485 ], [ 346023.635904091934208, 6753155.133065254427493 ], [ 346004.030318487086333, 6752984.220166138373315 ], [ 346002.009330022498034, 6752963.856965686194599 ], [ 345994.534139482537284, 6752875.882807713933289 ], [ 345997.472157765296288, 6752830.609301151707768 ], [ 346000.863171997480094, 6752778.973603032529354 ], [ 346018.714676928939298, 6752637.233431271277368 ], [ 346022.778352011693642, 6752612.446658246219158 ], [ 346023.148291144752875, 6752610.00111625995487 ], [ 346056.934913082513958, 6752366.307167029008269 ], [ 346057.448499906400684, 6752361.879403186962008 ], [ 346067.393826627754606, 6752255.464378019794822 ], [ 346067.594751371769235, 6752252.980907428078353 ], [ 346069.777624516631477, 6752221.056825075298548 ], [ 346069.9622234525159, 6752211.125597867183387 ], [ 346067.96733273693826, 6752147.000990002416074 ], [ 346067.780012266128324, 6752143.248987668193877 ], [ 346065.539142369874753, 6752110.667154520750046 ], [ 346064.655429206497502, 6752102.607997437939048 ], [ 346057.053071592701599, 6752052.226309011690319 ], [ 346056.139654337661341, 6752047.086292527616024 ], [ 346045.982351584651042, 6751997.482547111809254 ], [ 346045.806562802987173, 6751996.642434555105865 ], [ 346015.283598090405576, 6751853.830119987018406 ], [ 345999.684493584791198, 6751777.198921350762248 ], [ 345998.845194877474569, 6751773.446452565491199 ], [ 345980.03577846713597, 6751696.341115515679121 ], [ 345921.654289465746842, 6751419.510842169634998 ], [ 345921.484685256786179, 6751418.722382044419646 ], [ 345873.292133600392845, 6751198.99709081929177 ], [ 345868.491189053922426, 6751173.428165582939982 ], [ 345867.536940467311069, 6751168.921080254018307 ], [ 345855.6493724307511, 6751118.531631262972951 ], [ 345825.675073850376066, 6750977.179282397963107 ], [ 345824.049073531059548, 6750970.61404581554234 ], [ 345782.130969056102913, 6750822.955087004229426 ], [ 345781.318729868566152, 6750820.240884775295854 ], [ 345738.482366818701848, 6750684.147325896658003 ], [ 345736.554502295795828, 6750678.597269393503666 ], [ 345683.729105228267144, 6750539.814863857813179 ], [ 345682.093073234078474, 6750535.782819449901581 ], [ 345622.390476517088246, 6750397.366987973451614 ], [ 345622.006963150808588, 6750396.489421264268458 ], [ 345552.123923139530234, 6750238.645173678174615 ], [ 345551.137600869929884, 6750236.486921589821577 ], [ 345536.339631788490806, 6750205.096878830343485 ], [ 345488.170119673828594, 6750102.887133584357798 ], [ 345487.516978429688606, 6750101.527920045889914 ], [ 345449.631533782696351, 6750024.186037248931825 ], [ 345419.61894775921246, 6749962.747730791568756 ], [ 345417.90008269099053, 6749959.391072805970907 ], [ 345253.049119462142698, 6749651.898069212213159 ], [ 345135.644962184305768, 6749427.854284161701798 ], [ 345115.010149723093491, 6749388.23648911062628 ], [ 345114.809030164207797, 6749387.852384462952614 ], [ 345090.278464478324167, 6749341.249244110658765 ], [ 345057.272819336387329, 6749268.948073126375675 ], [ 345049.938489619526081, 6749243.090084681287408 ], [ 345045.151399240421597, 6749215.984954400919378 ], [ 345044.656517078692559, 6749208.519207374192774 ], [ 345040.04328166419873, 6749139.641220139339566 ], [ 345039.208209582779091, 6749127.205817325040698 ], [ 345039.018679315282498, 6749124.813293708488345 ], [ 345031.826749051862862, 6749046.045512668788433 ], [ 345030.233020230836701, 6749028.500623105093837 ], [ 345029.773936401004903, 6749024.391557803377509 ], [ 345005.32987242739182, 6748840.198310793377459 ], [ 345004.487757305090781, 6748834.933256207965314 ], [ 344980.227613358933013, 6748705.485771384090185 ], [ 344973.285672607307788, 6748668.4018321223557 ], [ 344966.753849305561744, 6748647.053136388771236 ], [ 344951.445054198382422, 6748611.712349210865796 ], [ 344948.364189757150598, 6748604.582333901897073 ], [ 344947.130551675858442, 6748601.841233866289258 ], [ 344927.995828971557785, 6748560.976998100057244 ], [ 344923.079457805259153, 6748551.763457538560033 ], [ 344899.155373990710359, 6748512.069000924937427 ], [ 344895.091955879470333, 6748505.860351673327386 ], [ 344881.184046241629403, 6748486.239320239983499 ], [ 344864.357917867368087, 6748462.502219419926405 ], [ 344862.086947980395053, 6748459.424961199052632 ], [ 344854.571690182609018, 6748449.638835144229233 ], [ 344837.101321204623673, 6748426.892458482645452 ], [ 344831.860470280458685, 6748420.617549994960427 ], [ 344807.671502648794558, 6748393.9517677212134 ], [ 344805.740752650483046, 6748391.882914097979665 ], [ 344782.386804199486505, 6748367.557800486683846 ], [ 344771.773949280090164, 6748357.979173640720546 ], [ 344727.943877795885783, 6748323.773856394924223 ], [ 344722.768530892091803, 6748319.995401215739548 ], [ 344677.115719931665808, 6748288.857051600702107 ], [ 344671.753891968459357, 6748285.444402293302119 ], [ 344621.966717899427749, 6748255.936404498293996 ], [ 344611.821109911659732, 6748250.682015650905669 ], [ 344559.811816932691727, 6748227.412127032876015 ], [ 344551.531895086111035, 6748224.141661679372191 ], [ 344511.325109693279956, 6748210.295627668499947 ], [ 344503.159007945156191, 6748207.867288917303085 ], [ 344441.463986376416869, 6748192.348356761038303 ], [ 344431.58667494013207, 6748190.386634757742286 ], [ 344376.670789432595484, 6748182.329121045768261 ], [ 344365.859298329043668, 6748181.338467545807362 ], [ 344310.863825114734937, 6748179.299186046235263 ], [ 344305.703084490494803, 6748179.241095775738358 ], [ 344227.182490719656926, 6748180.383846539072692 ], [ 344225.206055818882305, 6748180.43215582985431 ], [ 344168.192692982556764, 6748182.389797903597355 ], [ 344121.58505553152645, 6748183.846149411052465 ], [ 344088.958961999509484, 6748183.772803526371717 ], [ 344058.357436702761333, 6748182.160863857716322 ], [ 344049.013507982250303, 6748180.646292326971889 ], [ 344019.132458941079676, 6748174.947510361671448 ], [ 343993.328045840433333, 6748168.442053875885904 ], [ 343967.55204740219051, 6748160.737314813770354 ], [ 343939.305303772678599, 6748150.523785044439137 ], [ 343894.968526855634991, 6748131.572404546663165 ], [ 343876.03923441079678, 6748120.614885744638741 ], [ 343859.719932966865599, 6748109.046421931125224 ], [ 343832.096181888424326, 6748087.043291237205267 ], [ 343808.72656690859003, 6748066.332605418749154 ], [ 343793.172862890816759, 6748050.624196296557784 ], [ 343776.480639387737028, 6748030.583456544205546 ], [ 343749.837767504446674, 6747993.759560986422002 ], [ 343733.947716954047792, 6747968.573803817853332 ], [ 343723.580321779241785, 6747945.26743202842772 ], [ 343712.286486360302661, 6747914.818204898387194 ], [ 343700.806885361729655, 6747875.876985065639019 ], [ 343692.217091090453323, 6747841.481531007215381 ], [ 343679.420782394590788, 6747779.128332946449518 ], [ 343664.690116277779453, 6747698.673554637469351 ], [ 343664.589664188853931, 6747698.133296857587993 ], [ 343644.135504047677387, 6747589.782766364514828 ], [ 343643.370145480672363, 6747586.108212009072304 ], [ 343634.975283349223901, 6747549.280186752788723 ], [ 343610.668803747044876, 6747410.100624463520944 ], [ 343608.191314002557192, 6747395.793490592390299 ], [ 343607.885695102566388, 6747394.11398312356323 ], [ 343557.117737900116481, 6747128.036594155244529 ], [ 343555.400080202030949, 6747043.550030836835504 ], [ 343578.630828843743075, 6746925.368969262577593 ], [ 343591.960024751082528, 6746874.516505504958332 ], [ 343592.417259178240784, 6746872.703133577480912 ], [ 343611.069860581599642, 6746795.697481776587665 ], [ 343615.07675677764928, 6746779.780909379012883 ], [ 343622.062310861481819, 6746754.97473088465631 ], [ 343622.688473341986537, 6746752.643725465983152 ], [ 343624.892640920297708, 6746744.024443283677101 ], [ 343640.605716487509198, 6746696.891935640946031 ], [ 343657.84014407574432, 6746654.094460748136044 ], [ 343673.689157115179114, 6746620.057163171470165 ], [ 343702.622520224424079, 6746562.588251102715731 ], [ 343733.498231467208825, 6746511.976330775767565 ], [ 343737.002700107230339, 6746505.740511886775494 ], [ 343760.131754266854841, 6746460.901737811975181 ], [ 343765.163750437030103, 6746449.43670719396323 ], [ 343781.240609355445486, 6746405.522160032764077 ], [ 343784.671009965066332, 6746394.074867075309157 ], [ 343794.487209489161614, 6746352.407562259584665 ], [ 343796.308160588087048, 6746342.438987068831921 ], [ 343801.546969875926152, 6746302.363913153298199 ], [ 343802.356545228685718, 6746292.012112305499613 ], [ 343803.068790979858022, 6746264.736492682248354 ], [ 343803.048671888653189, 6746258.834247917868197 ], [ 343801.866048676602077, 6746222.927857609465718 ], [ 343801.768835804832634, 6746220.718899413943291 ], [ 343788.120307029399555, 6745972.975683954544365 ], [ 343782.403737230284605, 6745868.805810084566474 ], [ 343781.946376451989636, 6745829.031462253071368 ], [ 343783.511822642176412, 6745801.833340834826231 ], [ 343798.866243761905935, 6745663.608347498811781 ], [ 343799.014119272876997, 6745662.184297525323927 ], [ 343809.650928082643077, 6745552.08492018468678 ], [ 343810.011754908249713, 6745546.997677271254361 ], [ 343813.868418985162862, 6745461.931720353662968 ], [ 343813.937526229885407, 6745454.814099146984518 ], [ 343811.746313415816985, 6745370.191924237646163 ], [ 343811.551611536182463, 6745366.028430407866836 ], [ 343806.554118401720189, 6745292.182701725512743 ], [ 343806.543606043967884, 6745292.02912016492337 ], [ 343805.757323623925913, 6745280.670169823803008 ], [ 343800.85284463618882, 6745205.452369400300086 ], [ 343795.773080249840859, 6745125.080826418474317 ], [ 343790.766535696398932, 6745037.008827741257846 ], [ 343790.188127747154795, 6745009.7464912943542 ], [ 343791.664970545854885, 6744978.667386161163449 ], [ 343794.670038371812552, 6744922.860696439631283 ], [ 343794.77033727534581, 6744920.462163084186614 ], [ 343796.6522989817895, 6744857.304410573095083 ], [ 343796.687832838157192, 6744852.99692059494555 ], [ 343796.048494494752958, 6744804.895625675097108 ], [ 343795.528326049039606, 6744795.952353090979159 ], [ 343790.682841601606924, 6744749.031513626687229 ], [ 343787.697450741368812, 6744733.025932256132364 ], [ 343778.54038206936093, 6744699.403542437590659 ], [ 343776.62569262238685, 6744693.180025332607329 ], [ 343764.67758971103467, 6744658.414047590456903 ], [ 343762.427279111812823, 6744652.484926583245397 ], [ 343743.281772524933331, 6744606.492194580845535 ], [ 343742.471196714497637, 6744604.60009659640491 ], [ 343732.851442668295931, 6744582.768579916097224 ], [ 343726.431525216670707, 6744568.234081576578319 ], [ 343703.851742739614565, 6744516.924107557162642 ], [ 343683.111062434385531, 6744455.967577562667429 ], [ 343680.990428839577362, 6744449.741674459539354 ], [ 343674.874045037548058, 6744421.312021025456488 ], [ 343671.755432562960777, 6744396.847647906281054 ], [ 343671.296780995384324, 6744374.930122264660895 ], [ 343672.84490999247646, 6744354.461217390373349 ], [ 343676.450866804632824, 6744332.121653413400054 ], [ 343684.025951989344321, 6744299.994984530843794 ], [ 343694.866675575322006, 6744270.167414361611009 ], [ 343695.107886181678623, 6744269.496294046752155 ], [ 343705.7837513651466, 6744239.456740056164563 ], [ 343706.835079110518564, 6744236.336680547334254 ], [ 343715.667278143286239, 6744208.62564911134541 ], [ 343734.391641797788907, 6744153.544420402497053 ], [ 343816.742270475893747, 6743911.432418171316385 ], [ 343818.006253316358197, 6743907.444555019028485 ], [ 343860.318359027907718, 6743763.567805872298777 ], [ 343862.607568960112985, 6743754.103319997899234 ], [ 343890.524064968049061, 6743607.850532470270991 ], [ 343892.097349569550715, 6743595.424608003348112 ], [ 343919.579746662348043, 6743161.680699116550386 ], [ 343919.639729152142536, 6743160.649682000279427 ], [ 343958.744897692289669, 6742422.791026322171092 ], [ 343978.095233929867391, 6742300.868020705878735 ], [ 344023.325806402193848, 6742145.382842157967389 ], [ 344154.358498238783795, 6741835.527413355186582 ], [ 344155.352790258475579, 6741833.087050282396376 ], [ 344324.617761667817831, 6741401.458074284717441 ], [ 344327.812084143748507, 6741391.929210275411606 ], [ 344379.48752789729042, 6741207.496914253570139 ], [ 344382.922823343425989, 6741187.900963230989873 ], [ 344387.578981872007716, 6741125.013098821975291 ], [ 344387.816678283037618, 6741120.285142202861607 ], [ 344389.690435281198006, 6741049.755024921149015 ], [ 344389.722204210120253, 6741047.93618318811059 ], [ 344390.890201536996756, 6740908.378327531740069 ], [ 344390.618397314741742, 6740900.12621168140322 ], [ 344385.290824014984537, 6740828.477528969757259 ], [ 344384.101993749849498, 6740818.843301083892584 ], [ 344373.492168858763762, 6740757.524695661850274 ], [ 344372.245348410913721, 6740751.447488088160753 ], [ 344361.745859035407193, 6740707.278310446999967 ], [ 344357.946939374145586, 6740694.914164795540273 ], [ 344329.218903928238433, 6740619.238563508726656 ], [ 344325.428470837010536, 6740610.525680084712803 ], [ 344279.645410488010384, 6740517.621060401201248 ], [ 344271.918353391753044, 6740501.914149962365627 ], [ 344270.57478993939003, 6740499.281989959068596 ], [ 344183.903208368690684, 6740335.506942848674953 ], [ 344109.061823034542613, 6740184.221978850662708 ], [ 344054.097640629392117, 6740054.546660915948451 ], [ 344016.33471973775886, 6739965.551203228533268 ], [ 344013.842128958844114, 6739960.132342957891524 ], [ 343948.448859859199729, 6739828.460140105336905 ], [ 343946.051290307485033, 6739823.928034786134958 ], [ 343656.732870752864983, 6739309.393661662004888 ], [ 343464.781274458568078, 6738968.05110331159085 ], [ 343464.712742708215956, 6738967.929433988407254 ], [ 343329.655958344927058, 6738728.544492272660136 ], [ 343091.228674040990882, 6738306.022242814302444 ], [ 342964.338916103413794, 6738081.197359533980489 ], [ 342633.375487509008963, 6737487.201982507482171 ], [ 342619.668613114161417, 6737468.229382309131324 ], [ 342543.122318127250765, 6737384.89013360068202 ], [ 342526.53679582424229, 6737370.414786698296666 ], [ 342350.523830994148739, 6737248.109299487434328 ], [ 342344.376307123980951, 6737244.16253421548754 ], [ 342139.787387679854874, 6737123.132765606977046 ], [ 341970.383865402603988, 6737021.715247677639127 ], [ 341965.953903248126153, 6737019.213966151699424 ], [ 341898.496833108423743, 6736983.357389634475112 ], [ 341852.68762233608868, 6736959.007400690577924 ], [ 341844.141937729378697, 6736954.97071576770395 ], [ 340826.94099707325222, 6736532.053325958549976 ], [ 340703.77726513001835, 6736475.336773375049233 ], [ 340684.69708040979458, 6736465.778196940198541 ], [ 340667.765862137777731, 6736455.832194718532264 ], [ 340651.464997147792019, 6736444.740652873180807 ], [ 340635.928945351799484, 6736432.608028115704656 ], [ 340621.279373549507, 6736419.51349204685539 ], [ 340607.514881526120007, 6736405.445918467827141 ], [ 340594.694962124573067, 6736390.49586524721235 ], [ 340582.86797462659888, 6736374.682763868011534 ], [ 340571.208700646064244, 6736356.798395184800029 ], [ 340476.896578550862614, 6736200.419017046689987 ], [ 340106.355109944182914, 6735498.753579808399081 ], [ 340105.854878905753139, 6735497.818375284783542 ], [ 340071.99829354416579, 6735435.321110508404672 ], [ 340066.070568188093603, 6735425.716131184250116 ], [ 339929.480176485667471, 6735230.035117581486702 ], [ 339916.586482892103959, 6735214.992416989989579 ], [ 339766.586459777026903, 6735071.580829902552068 ], [ 339583.322625110624358, 6734890.613916514441371 ], [ 339575.2678572658333, 6734883.474201999604702 ], [ 339492.105961493449286, 6734817.398569216951728 ], [ 339480.907306721492205, 6734809.681919157505035 ], [ 339393.572929103393108, 6734757.887460367754102 ], [ 339392.76920779212378, 6734757.415854071266949 ], [ 339195.967236248310655, 6734643.166051523759961 ], [ 339183.320464946969878, 6734636.970792261883616 ], [ 338934.087504483992234, 6734535.965041320770979 ], [ 338933.568423368153162, 6734535.756363761611283 ], [ 338575.57212687144056, 6734392.999017323367298 ], [ 338562.208668261766434, 6734388.729510517790914 ], [ 338509.447101191792171, 6734375.87160009611398 ], [ 338489.647000914497767, 6734373.103371820412576 ], [ 338413.425151620118413, 6734370.146173741668463 ], [ 338399.642992816865444, 6734370.562786399386823 ], [ 338255.663276834355202, 6734384.894966056570411 ], [ 338155.239603096735664, 6734392.524871503002942 ], [ 337947.321481077116914, 6734383.340413059107959 ], [ 337936.543530085182283, 6734383.445756979286671 ], [ 337813.927336641645525, 6734391.266024890355766 ], [ 337801.095416687254328, 6734392.923146304674447 ], [ 337694.727542159438599, 6734413.729379430413246 ], [ 337694.160112705198117, 6734413.8420773409307 ], [ 337504.896012793236878, 6734452.001452340744436 ], [ 337310.966430280124769, 6734490.045948201790452 ], [ 337302.998147568956483, 6734491.951154758222401 ], [ 337239.071060552552808, 6734510.034242580644786 ], [ 337221.822939958306961, 6734516.689213964156806 ], [ 337161.239730381232221, 6734546.7660425407812 ], [ 337153.13560104026692, 6734551.269202538765967 ], [ 336953.318677162926178, 6734674.75690683349967 ], [ 336881.345349546929356, 6734717.144343456253409 ], [ 336855.781675767560955, 6734729.806078042834997 ], [ 336824.100102839700412, 6734741.361735567450523 ], [ 336795.85699547099648, 6734747.007333498448133 ], [ 336712.96890134800924, 6734757.796576172113419 ], [ 336584.974262781091966, 6734751.318698210641742 ], [ 336387.289948325138539, 6734731.853148158639669 ], [ 336162.358018870465457, 6734709.50926567800343 ], [ 336034.633606628689449, 6734695.964402953162789 ], [ 336034.286994995607529, 6734695.928256269544363 ], [ 335971.645960632653441, 6734689.50600022636354 ], [ 335939.061998359276913, 6734680.513966180384159 ], [ 335864.396494043932762, 6734656.787368780001998 ], [ 335775.79712865059264, 6734625.29431398306042 ], [ 335693.205100598162971, 6734595.777467682026327 ], [ 335592.431818277633283, 6734559.0968266306445 ], [ 335587.353205767867621, 6734557.400798336602747 ], [ 335504.208069657732267, 6734532.087187631987035 ], [ 335486.88325166516006, 6734528.450513020157814 ], [ 335378.683426901348867, 6734515.592700895853341 ], [ 335374.431376748834737, 6734515.17930917814374 ], [ 335282.901703402108978, 6734508.250592137686908 ], [ 335190.904250163584948, 6734497.797984685748816 ], [ 335105.300218444783241, 6734467.741185187362134 ], [ 335054.472529582679272, 6734432.042443541809916 ], [ 334911.242526561429258, 6734282.203218894079328 ], [ 334711.034837830637116, 6734051.078036365099251 ], [ 334682.213427910173777, 6734010.396855415776372 ], [ 334670.554893963446375, 6733983.755200355313718 ], [ 334661.08521770639345, 6733946.053679646924138 ], [ 334657.972153637558222, 6733904.305656879208982 ], [ 334665.343821035232395, 6733859.852229554206133 ], [ 334690.281281558040064, 6733757.619415211491287 ], [ 334732.355973045632709, 6733624.972481459379196 ], [ 334795.014285293465946, 6733498.062993561848998 ], [ 334800.222113827476278, 6733485.396631693467498 ], [ 334839.130234413605649, 6733368.596295901574194 ], [ 334843.72500490443781, 6733347.281075515784323 ], [ 334853.880554053990636, 6733249.102347116917372 ], [ 334854.229303928790614, 6733232.783133709803224 ], [ 334841.058290923712775, 6733014.762062796391547 ], [ 334847.316286227549426, 6732884.180692065507174 ], [ 334874.597847379918676, 6732687.470566018484533 ], [ 334888.722213870554697, 6732593.504990064539015 ], [ 334889.227530355332419, 6732589.629438138566911 ], [ 334903.648772151733283, 6732459.189420967362821 ], [ 334904.054319440503605, 6732454.52294744271785 ], [ 334910.423540558840614, 6732353.984135863371193 ], [ 334910.623604526103009, 6732347.650132513605058 ], [ 334910.610627261863556, 6732235.68722687009722 ], [ 334911.279123232583515, 6732084.679786163382232 ], [ 334933.128104187198915, 6731918.074637436307967 ], [ 334954.744529013056308, 6731845.382496730424464 ], [ 335003.223546327324584, 6731741.540186462923884 ], [ 335061.424921958125196, 6731656.296188194304705 ], [ 335118.945795735518914, 6731601.58179094363004 ], [ 335219.120026693679392, 6731534.011718535795808 ], [ 335352.178195382584818, 6731472.242142731323838 ], [ 335856.881484016834293, 6731336.958924704231322 ], [ 335859.834890939004254, 6731336.118469450622797 ], [ 336079.352393484499771, 6731269.990383026190102 ], [ 336099.454341197910253, 6731261.44320316798985 ], [ 336250.032720475632232, 6731176.92518184799701 ], [ 336257.465690854936838, 6731172.31445724517107 ], [ 336390.753198932739906, 6731081.32977083325386 ], [ 336403.062616080511361, 6731071.414678270928562 ], [ 336519.468576082843356, 6730961.397119666449726 ], [ 336531.744404227472842, 6730947.412828205153346 ], [ 336654.450196190038696, 6730778.144836155697703 ], [ 336663.639980535313953, 6730762.722102398984134 ], [ 336790.573980001849122, 6730498.251329733990133 ], [ 336796.498887731053401, 6730482.709921320900321 ], [ 336858.831936745613348, 6730266.725989381782711 ], [ 336962.738618646806572, 6729995.335030941292644 ], [ 337073.104719781840686, 6729795.108718808740377 ], [ 337074.666824967134744, 6729792.159372562542558 ], [ 337236.040811731480062, 6729474.78155617788434 ], [ 337236.40455187659245, 6729474.058960571885109 ], [ 337505.06661509728292, 6728934.923733244650066 ], [ 337505.788360474456567, 6728933.445024700835347 ], [ 337619.551567712682299, 6728695.419231727719307 ], [ 337622.927888350037392, 6728687.494660853408277 ], [ 337731.335743020579685, 6728399.207512089051306 ], [ 337733.348147444776259, 6728393.303219396620989 ], [ 337823.291568227461539, 6728099.729987560771406 ], [ 337825.982883091201074, 6728088.772650826722383 ], [ 337920.363797306956258, 6727582.773485780693591 ], [ 337920.487631306867115, 6727582.096672176383436 ], [ 338046.691296687175054, 6726878.671180899254978 ], [ 338104.581317734962795, 6726665.299241588450968 ], [ 338585.194188902620226, 6725387.250249142758548 ], [ 339070.658966592338402, 6724124.446567158214748 ], [ 339071.242889642308, 6724122.889100162312388 ], [ 339350.832585370109882, 6723357.858052637428045 ], [ 339352.121756467386149, 6723354.100687609985471 ], [ 339426.165345482353587, 6723123.471949982456863 ], [ 339428.666621611861046, 6723114.160544915124774 ], [ 339522.025997072341852, 6722685.002871881239116 ], [ 339523.752937761426438, 6722674.299618110992014 ], [ 339547.465698646788951, 6722450.867163107730448 ], [ 339548.018895444460213, 6722441.339422814548016 ], [ 339549.703472652530763, 6722277.148770253174007 ], [ 339549.70873542415211, 6722276.126705474220216 ], [ 339549.721726236573886, 6721940.422615529038012 ], [ 339569.514550312538631, 6721589.785146994516253 ], [ 339607.326454607769847, 6721343.140979153104126 ], [ 339641.834789281827398, 6721175.590391501784325 ], [ 339714.623690969194286, 6720897.699981817044318 ], [ 339815.742540320847183, 6720609.010907175950706 ], [ 339988.870834858797025, 6720242.079549428075552 ], [ 340234.010279722278938, 6719821.43258710205555 ], [ 340512.040543275303207, 6719479.026624655351043 ], [ 340717.495883478783071, 6719270.528427577577531 ], [ 341051.410604828502983, 6718998.419407388195395 ], [ 341990.772870111337397, 6718402.332450401969254 ], [ 341995.41878418950364, 6718399.198328197002411 ], [ 342240.034624100429937, 6718224.011135620065033 ], [ 342244.095090681279544, 6718220.943883154541254 ], [ 342878.093197090376634, 6717716.184269832447171 ], [ 342881.965759749233257, 6717712.937915758229792 ], [ 343128.664420455752406, 6717495.284712229855359 ], [ 343132.506967049092054, 6717491.710963431745768 ], [ 343260.730985422502272, 6717366.022991613484919 ], [ 343263.580654729099479, 6717363.113561256788671 ], [ 343443.836084209906403, 6717171.420678677037358 ], [ 343450.127197663765401, 6717164.044382143765688 ], [ 343678.888457953755278, 6716867.868066373281181 ], [ 343681.766406213340815, 6716863.948592270724475 ], [ 343825.209034128813073, 6716658.294096697121859 ], [ 343829.496823801135179, 6716651.593583165667951 ], [ 343960.24910786136752, 6716428.164132625795901 ], [ 343962.007002996455412, 6716425.032569565810263 ], [ 344037.428423914010637, 6716284.834971603937447 ], [ 344039.438844896445516, 6716280.891072959639132 ], [ 344153.698377599590458, 6716043.923619175329804 ], [ 344158.125899280654266, 6716033.18894171807915 ], [ 344249.211855304660276, 6715769.929690231569111 ], [ 344250.620242254866753, 6715765.53322656545788 ], [ 344348.228316252236255, 6715434.741451588459313 ], [ 344350.227034142997582, 6715426.776423012837768 ], [ 344393.813390316790901, 6715216.924284539185464 ], [ 344395.070733178581577, 6715209.46300464682281 ], [ 344438.47338105837116, 6714875.153949619270861 ], [ 344439.224115617573261, 6714866.316293701529503 ], [ 344455.716935225762427, 6714458.116498718038201 ], [ 344479.727850131923333, 6713985.593693071976304 ], [ 344516.932452520297375, 6713771.450195396319032 ], [ 344630.668139477318618, 6713372.708377806469798 ], [ 344684.994811703159939, 6713235.93110765516758 ], [ 344785.994522036577109, 6713015.964076740667224 ], [ 344875.978786708845291, 6712860.296844804659486 ], [ 345003.453668006521184, 6712669.133007746189833 ], [ 345358.317718227161095, 6712238.691440158523619 ], [ 345361.846441139874514, 6712234.151287485845387 ], [ 345570.026768396492116, 6711949.789406741037965 ], [ 345575.687873785383999, 6711941.154260750859976 ], [ 345763.127175597590394, 6711620.249915774911642 ], [ 345767.926029564812779, 6711610.947996346279979 ], [ 345854.24272025283426, 6711419.682309388183057 ], [ 345857.961813034606166, 6711410.174337449483573 ], [ 345962.92257418850204, 6711095.332255575805902 ], [ 345966.165494193555787, 6711083.05578981153667 ], [ 346046.990351182874292, 6710673.249462672509253 ], [ 346048.181867831677664, 6710665.697872164659202 ], [ 346078.649230437993538, 6710409.267492031678557 ], [ 346079.210799633932766, 6710402.699473833665252 ], [ 346094.437211877841037, 6710111.980663351714611 ], [ 346094.481976146344095, 6710102.459195347502828 ], [ 345985.337495947314892, 6707561.312738933600485 ], [ 345917.86949834797997, 6705954.838262156583369 ], [ 345919.0698467962211, 6705730.48167344648391 ], [ 345939.875775899505243, 6705505.102924035862088 ], [ 345970.870420060586184, 6705324.548303601332009 ], [ 346004.098364967154339, 6705171.89320386108011 ], [ 346053.372765551379416, 6704992.09053554572165 ], [ 346103.673298786510713, 6704844.8873011758551 ], [ 346216.232150422176346, 6704559.772813394665718 ], [ 346242.035650530771818, 6704510.034334380179644 ], [ 346328.450038212002255, 6704366.685987341217697 ], [ 346502.046912725490984, 6704120.546570733189583 ], [ 346713.559140117606148, 6703852.273377264849842 ], [ 346955.358472939929925, 6703611.145830530673265 ], [ 347117.119453573017381, 6703479.713431851938367 ], [ 347290.542980577971321, 6703363.431768817827106 ], [ 347632.708645727485418, 6703164.003852007910609 ], [ 347633.326960858830716, 6703163.640496438369155 ], [ 348092.660156088299118, 6702891.49073488265276 ], [ 348688.161524444876704, 6702544.682655438780785 ], [ 348693.220048263203353, 6702541.531145568937063 ], [ 348866.839607352390885, 6702426.04332983866334 ], [ 348872.753084165626206, 6702421.791250193491578 ], [ 349093.667194167850539, 6702250.401716651394963 ], [ 349098.678636647120584, 6702246.245491615496576 ], [ 349243.42081824602792, 6702118.026150152087212 ], [ 349250.150843644281849, 6702111.475177033804357 ], [ 349411.007936816080473, 6701939.46418181899935 ], [ 349413.978559083014261, 6701936.142191984690726 ], [ 349545.119370283558965, 6701782.743755178526044 ], [ 349551.319731988245621, 6701774.697011725045741 ], [ 349739.608480522467289, 6701502.817692276090384 ], [ 349746.933648485341109, 6701490.419319252483547 ], [ 349891.760100454441272, 6701199.25888126436621 ], [ 349893.303913345152978, 6701196.009919232688844 ], [ 350065.945615888864268, 6700815.161375935189426 ], [ 350071.012983700376935, 6700801.367508560419083 ], [ 350159.508636682410724, 6700491.887258092872798 ], [ 350161.15842812001938, 6700485.272479888051748 ], [ 350220.422501382185146, 6700207.672113272361457 ], [ 350222.351673008815851, 6700194.199772926047444 ], [ 350243.327039289288223, 6699911.751766565255821 ], [ 350243.586720969295129, 6699906.07387132383883 ], [ 350248.934619714913424, 6699596.632779704406857 ], [ 350248.760781662364025, 6699588.763283864594996 ], [ 350230.208842321648262, 6699287.258914072066545 ], [ 350229.610028576455079, 6699280.874600755050778 ], [ 350145.428579350700602, 6698614.104417182505131 ], [ 350116.871832006960176, 6698380.907342210412025 ], [ 350116.188453816983383, 6698376.241532562300563 ], [ 350055.679239890421741, 6698021.637925456278026 ], [ 350055.11430754273897, 6698018.609369210898876 ], [ 349951.651098137430381, 6697507.737970448099077 ], [ 349778.695171567786019, 6696523.604352361522615 ], [ 349776.676959940872621, 6696463.515098765492439 ], [ 349789.49768445227528, 6696376.973401159979403 ], [ 349815.2654981087544, 6696292.142906257882714 ], [ 349985.246131029212847, 6695957.185629122890532 ], [ 349986.54219554370502, 6695954.53549609798938 ], [ 350023.749975751619786, 6695875.522482841275632 ], [ 350027.317028612887952, 6695866.932262126356363 ], [ 350075.52802978863474, 6695733.640731785446405 ], [ 350078.716269439901225, 6695723.017710055224597 ], [ 350125.751153484394308, 6695527.506704866886139 ], [ 350128.334029960562475, 6695510.295497821643949 ], [ 350133.363180695450865, 6695429.058190019801259 ], [ 350133.43690233520465, 6695427.722544513642788 ], [ 350138.688449007400777, 6695319.418825059197843 ], [ 350138.373761477763765, 6695305.290062204934657 ], [ 350126.535398221400101, 6695178.348505908623338 ], [ 350125.701987823762465, 6695171.775655524805188 ], [ 350080.605514777125791, 6694891.004523131996393 ], [ 350066.395454169891309, 6694726.897407866083086 ], [ 350072.224736702395603, 6694636.005385821685195 ], [ 350093.526542434585281, 6694528.067382106557488 ], [ 350179.10783713136334, 6694263.815672830678523 ], [ 350182.401583194732666, 6694250.661397999152541 ], [ 350206.083988015830982, 6694118.639870965853333 ], [ 350207.578197654278483, 6694104.904017498716712 ], [ 350210.965187577530742, 6694018.581061315722764 ], [ 350210.887995688768569, 6694009.111422733403742 ], [ 350202.421324161870871, 6693856.767186890356243 ], [ 350201.817030167672783, 6693850.02397727407515 ], [ 350171.418283414444886, 6693604.599107604473829 ], [ 350117.838463838968892, 6693152.319645856507123 ], [ 350110.88099063426489, 6692901.154845028184354 ], [ 350149.396220523864031, 6692611.198712425306439 ], [ 350195.394284888345283, 6692411.41497687716037 ], [ 350307.22599522623932, 6692126.438667958602309 ], [ 350445.130053502041847, 6691844.428338912315667 ], [ 350447.267076041025575, 6691839.757931488566101 ], [ 350567.835403144126758, 6691557.303986863233149 ], [ 350574.121324650652241, 6691536.632699920795858 ], [ 350618.548557937610894, 6691301.78297667670995 ], [ 350620.23681388964178, 6691279.896414753049612 ], [ 350610.703531107807066, 6690991.072490215301514 ], [ 350605.629411758563947, 6690962.758007535710931 ], [ 350519.968604753434192, 6690705.690995529294014 ], [ 350512.005905414407607, 6690687.838571224361658 ], [ 350407.232716919796076, 6690503.7578413952142 ], [ 350393.735970165173057, 6690485.321706746704876 ], [ 350253.064413309621159, 6690333.235087209381163 ], [ 350238.820623926003464, 6690320.519923320971429 ], [ 350030.094094465544913, 6690167.326975942589343 ], [ 349914.644817594904453, 6690067.15969361551106 ], [ 349849.561127701541409, 6689990.173317373730242 ], [ 349780.959752220660448, 6689868.292936072684824 ], [ 349755.243300808244385, 6689801.879146302118897 ], [ 349739.859303628676571, 6689741.489093076437712 ], [ 349726.143554780457634, 6689663.805300611071289 ], [ 349684.118010125996079, 6689097.180399893783033 ], [ 349683.675741782004479, 6689092.630186533555388 ], [ 349602.625846421462484, 6688419.060784419067204 ], [ 349587.654714896401856, 6688232.306209207512438 ], [ 349604.047222170745954, 6688087.203145952895284 ], [ 349640.226873175008222, 6687969.662542932666838 ], [ 349795.643877996655647, 6687704.026245228946209 ], [ 351688.867006985703483, 6684598.522132949903607 ], [ 351692.398931885836646, 6684592.228299697861075 ], [ 352337.217501861625351, 6683339.265162761323154 ], [ 352337.700263780890964, 6683338.314677955582738 ], [ 352914.918520628882106, 6682186.697059191763401 ], [ 353221.614472778805066, 6681623.172872710973024 ], [ 353431.753917924012057, 6681302.839794771745801 ], [ 353557.944732723059133, 6681121.464047689922154 ], [ 353564.293326078681275, 6681111.033840725198388 ], [ 353664.813927337061614, 6680920.60179902985692 ], [ 353671.016952671343461, 6680906.224174723029137 ], [ 353745.041115801548585, 6680689.358412178233266 ], [ 353748.748612264054827, 6680675.166477386839688 ], [ 353785.766115830861963, 6680474.161958873271942 ], [ 353787.380066434387118, 6680458.874530500732362 ], [ 353798.318827205395792, 6680071.713513585738838 ], [ 353798.34911416732939, 6680070.275083331391215 ], [ 353817.066430654842407, 6678719.773970520123839 ], [ 353854.076543594012037, 6677472.740479 ], [ 353854.114947197260335, 6677470.832980073057115 ], [ 353856.243783322919626, 6677269.829977509565651 ], [ 353855.666965320531745, 6677257.993825243785977 ], [ 353836.629077374353074, 6677082.37146404851228 ], [ 353833.658058578323107, 6677066.727706077508628 ], [ 353784.973019819066394, 6676889.008141251280904 ], [ 353782.005990464240313, 6676879.910301305353642 ], [ 353560.578319817082956, 6676297.148208963684738 ], [ 353518.98326846328564, 6676145.109387392178178 ], [ 353504.244190149125643, 6676045.270937752909958 ], [ 353501.017358203418553, 6675925.62738670874387 ], [ 353513.50882351398468, 6675666.193329061381519 ], [ 353568.511618190677837, 6674624.130207769572735 ], [ 353568.65017926460132, 6674618.559738334268332 ], [ 353568.343579303473234, 6674516.205766756087542 ], [ 353568.205676658195443, 6674511.246881162747741 ], [ 353549.683365216536913, 6674159.494070658460259 ], [ 353548.702569231332745, 6674149.833490063436329 ], [ 353504.830174127186183, 6673859.054221414029598 ], [ 353504.419296776526608, 6673856.547278723679483 ], [ 353390.912397634121589, 6673215.146518169902265 ], [ 353237.176675756403711, 6672343.469538113102317 ], [ 353219.916102788876742, 6672149.132983116433024 ], [ 353223.837010097689927, 6672043.832517282105982 ], [ 353233.595207080128603, 6671936.309326702728868 ], [ 353266.988574817136396, 6671783.076108498498797 ], [ 353307.069316652603447, 6671666.825489673763514 ], [ 353495.916946726036258, 6671151.467253512702882 ], [ 353496.229659575328697, 6671150.601559865288436 ], [ 353578.591256029903889, 6670919.27080085594207 ], [ 353634.22833353432361, 6670796.568714289925992 ], [ 353672.163756933063269, 6670730.132801929488778 ], [ 353715.933277888281737, 6670666.288658703677356 ], [ 354417.993884834228083, 6669936.703107830137014 ], [ 354423.191268928116187, 6669930.861057007685304 ], [ 354587.380783566622995, 6669731.096180478110909 ], [ 354597.54598531499505, 6669716.157472453080118 ], [ 354679.458751894708257, 6669568.687961122021079 ], [ 354683.895002739329357, 6669559.659228884615004 ], [ 354762.565752167487517, 6669376.84719178173691 ], [ 354766.327812606177758, 6669366.597076059319079 ], [ 354820.599529315542895, 6669189.358084649778903 ], [ 354824.261116776091512, 6669172.063203457742929 ], [ 354847.092964337964077, 6668982.915002580732107 ], [ 354847.809751839959063, 6668970.050554423592985 ], [ 354846.524159524939023, 6668824.05928838532418 ], [ 354846.38647553260671, 6668819.620811906643212 ], [ 354832.556004563753959, 6668559.970604533329606 ], [ 354832.228953157144133, 6668555.61995323561132 ], [ 354800.82264414196834, 6668232.350661271251738 ], [ 354810.924905776744708, 6667720.615498598664999 ], [ 354848.959540813521016, 6667457.616741813719273 ], [ 354849.518234941817354, 6667452.997117349877954 ], [ 354861.387751323229168, 6667331.124048346653581 ], [ 354861.850270954601001, 6667322.726583943702281 ], [ 354863.539460704603698, 6667192.390417641028762 ], [ 354863.495043290196918, 6667187.844860592857003 ], [ 354858.527408941590693, 6667035.058401574380696 ], [ 354861.62932577112224, 6666916.404362395405769 ], [ 354886.335873550036922, 6666680.7999407639727 ], [ 354886.715352458646521, 6666676.127731257118285 ], [ 354893.060430273530073, 6666566.096624840050936 ], [ 354893.216952325834427, 6666558.973286846652627 ], [ 354891.528599996760022, 6666435.411924101412296 ], [ 354891.085802864225116, 6666427.279688174836338 ], [ 354880.240249555325136, 6666313.614387647248805 ], [ 354878.021889940544497, 6666300.157150105573237 ], [ 354740.141181382816285, 6665715.560288544744253 ], [ 354738.538920669467188, 6665709.597296011634171 ], [ 354681.395677837426774, 6665520.440915521234274 ], [ 354679.333308013854548, 6665514.332665180787444 ], [ 354620.942480143392459, 6665358.191108397208154 ], [ 354615.697212765575387, 6665346.50651840865612 ], [ 354544.604287806490902, 6665211.935864225029945 ], [ 354534.682043159031309, 6665196.694537994451821 ], [ 354403.780149238009471, 6665030.835444970987737 ], [ 354397.608678667456843, 6665023.730666464194655 ], [ 354376.162873253051657, 6665001.269922995939851 ], [ 354371.632014083559625, 6664996.81684678606689 ], [ 354264.951606769289356, 6664898.43123098090291 ], [ 354255.914255052572116, 6664891.025162190198898 ], [ 354128.647796864504926, 6664798.610742556862533 ], [ 354028.582779945340008, 6664723.831714888103306 ], [ 353981.170313878101297, 6664688.39218544960022 ], [ 353870.747526551072951, 6664600.375264601781964 ], [ 353807.478016105713323, 6664542.600269288755953 ], [ 353766.803506189899053, 6664502.487152903340757 ], [ 353720.46382669522427, 6664450.27128831949085 ], [ 353696.291592421708629, 6664430.407432593405247 ], [ 353667.16416250920156, 6664418.98541434854269 ], [ 353635.932732740184292, 6664417.123300313018262 ], [ 353605.654453062743414, 6664425.003367181867361 ], [ 353579.293172452715226, 6664441.854259108193219 ], [ 353559.429316726222169, 6664466.02649338170886 ], [ 353548.007298481243197, 6664495.153923294506967 ], [ 353546.145184445602354, 6664526.385353063233197 ], [ 353554.025251315149944, 6664556.663632740266621 ], [ 353570.876143241068348, 6664583.024913351051509 ], [ 353619.423714310047217, 6664637.728645108640194 ], [ 353623.99994203314418, 6664642.552160426042974 ], [ 353668.410447194008157, 6664686.349707487970591 ], [ 353671.196553856716491, 6664688.99375532194972 ], [ 353738.361909037630539, 6664750.326268462464213 ], [ 353743.46275436488213, 6664754.679645786993206 ], [ 353857.724374713085126, 6664845.756462788209319 ], [ 353860.184664291038644, 6664847.655766573734581 ], [ 353908.846361034025904, 6664884.029061980545521 ], [ 354009.473590123816393, 6664959.228234007954597 ], [ 354010.577622219861951, 6664960.041544982232153 ], [ 354133.663501291011926, 6665049.420240998268127 ], [ 354233.70575079228729, 6665141.68384001776576 ], [ 354249.703810080536641, 6665158.439018884673715 ], [ 354372.030338545329869, 6665313.432705042883754 ], [ 354435.860449100611731, 6665434.255694658495486 ], [ 354490.873864515277091, 6665581.365791228599846 ], [ 354546.191203104506712, 6665764.478037354536355 ], [ 354681.793767772964202, 6666339.415855370461941 ], [ 354691.602951144159306, 6666442.219626102596521 ], [ 354693.186915369413327, 6666558.141388898715377 ], [ 354687.182035502395593, 6666662.273063079454005 ], [ 354662.311240539769642, 6666899.443764348514378 ], [ 354661.800059621280525, 6666907.25967123452574 ], [ 354658.519073129573371, 6667032.763455227017403 ], [ 354658.537733805249445, 6667038.626455930061638 ], [ 354663.52679307636572, 6667192.071868047118187 ], [ 354661.92160843545571, 6667315.926285408437252 ], [ 354650.685660335293505, 6667431.294042116031051 ], [ 354612.096411269565579, 6667698.127798236906528 ], [ 354611.086280197021551, 6667710.467069067060947 ], [ 354600.746417973074131, 6668234.23800952360034 ], [ 354601.195550349715631, 6668245.881433069705963 ], [ 354632.955187055689748, 6668572.787573681212962 ], [ 354646.55146952799987, 6668828.041177943348885 ], [ 354647.7606602650485, 6668965.35631627868861 ], [ 354626.765878352278378, 6669139.285527037456632 ], [ 354576.693134089116938, 6669302.81163655500859 ], [ 354502.174398513860069, 6669475.975384858436882 ], [ 354427.112115026684478, 6669611.111807756125927 ], [ 354271.167200895200949, 6669800.845705109648407 ], [ 353566.079165314789861, 6670533.577377793379128 ], [ 353555.657515699684154, 6670546.371107065118849 ], [ 353504.883002061455045, 6670620.433039894327521 ], [ 353500.521452075918205, 6670627.391340365633368 ], [ 353458.237713942304254, 6670701.442411086522043 ], [ 353454.002960946236271, 6670709.73250743560493 ], [ 353394.713128152710851, 6670840.490385495126247 ], [ 353391.580695985874627, 6670848.24566313624382 ], [ 353307.969552612921689, 6671083.086051019839942 ], [ 353118.949462262622546, 6671598.914924932643771 ], [ 353118.305263844609726, 6671600.726648636162281 ], [ 353075.994865331565961, 6671723.444187899120152 ], [ 353072.826789796527009, 6671734.746363463811576 ], [ 353036.859084515424911, 6671899.792526972480118 ], [ 353034.975172286794987, 6671912.047002761624753 ], [ 353024.414718095154967, 6672028.410069699399173 ], [ 353024.074678917357232, 6672033.727395889349282 ], [ 353019.820241737703327, 6672147.985189199447632 ], [ 353020.143102847971022, 6672160.553120388649404 ], [ 353038.34149822301697, 6672365.448605045676231 ], [ 353039.469296931871213, 6672373.970350664108992 ], [ 353193.957269121252466, 6673249.912567660212517 ], [ 353307.257984536292497, 6673890.148329474031925 ], [ 353350.215672482852824, 6674174.865064321085811 ], [ 353368.351908854034264, 6674519.286015002056956 ], [ 353368.642727634811308, 6674616.371667298488319 ], [ 353313.774662059789989, 6675655.882259596139193 ], [ 353313.75136702688178, 6675656.343862926587462 ], [ 353301.068171510181855, 6675919.759947030805051 ], [ 353300.988807063316926, 6675927.265323353931308 ], [ 353304.478316453343723, 6676056.648353476077318 ], [ 353305.514191518421285, 6676068.556931960396469 ], [ 353322.008543422736693, 6676180.285120577551425 ], [ 353324.480888957565185, 6676192.068932497873902 ], [ 353368.935965538781602, 6676354.561758839525282 ], [ 353371.911868916475214, 6676363.692013838328421 ], [ 353593.345521834155079, 6676946.469850555993617 ], [ 353638.654701834020671, 6677111.866201414726675 ], [ 353656.192139407037757, 6677273.647077769972384 ], [ 353654.136266486137174, 6677467.760952956043184 ], [ 353617.131001218687743, 6678714.631105094216764 ], [ 353617.096592504065484, 6678716.211830918677151 ], [ 353598.378289566142485, 6680066.78411859087646 ], [ 353587.677567710808944, 6680445.520105414092541 ], [ 353553.388210302160587, 6680631.710829043760896 ], [ 353484.276570485264529, 6680834.184559726156294 ], [ 353390.277359855885152, 6681012.262101779691875 ], [ 353266.800803533638828, 6681189.736608824692667 ], [ 353265.273582766123582, 6681191.996849014423788 ], [ 353052.131150370172691, 6681516.90763081330806 ], [ 353047.911283055262174, 6681523.955434272997081 ], [ 352738.442568841855973, 6682092.574303207919002 ], [ 352736.877790577942505, 6682095.568835265003145 ], [ 352159.141290156578179, 6683248.220410288311541 ], [ 351516.218964427651372, 6684497.498907466419041 ], [ 349624.404304012365174, 6687600.692671387456357 ], [ 349623.47611654055072, 6687602.24667411390692 ], [ 349461.749201240076218, 6687878.667771462351084 ], [ 349452.486754621379077, 6687899.748483547009528 ], [ 349410.152072897413746, 6688037.285576370544732 ], [ 349406.359014709421899, 6688055.478308752179146 ], [ 349387.835123058641329, 6688219.447942985221744 ], [ 349387.522818009543698, 6688238.664521949365735 ], [ 349403.424280917737633, 6688437.024341692216694 ], [ 349403.820686907565687, 6688440.980219624936581 ], [ 349484.834958596038632, 6689114.253569345921278 ], [ 349527.064209358999506, 6689683.625012778677046 ], [ 349528.313422239734791, 6689693.615456979721785 ], [ 349543.555100264085922, 6689779.941866537556052 ], [ 349545.126852163113654, 6689787.240906065329909 ], [ 349562.915983226092067, 6689857.072339287027717 ], [ 349566.56802113878075, 6689868.495394183322787 ], [ 349597.043871575791854, 6689947.200527000240982 ], [ 349603.152741174038965, 6689960.141321371309459 ], [ 349679.925509123015217, 6690096.539377030916512 ], [ 349690.702421935915481, 6690112.049866965040565 ], [ 349766.902341112669092, 6690202.18543944042176 ], [ 349777.735033143195324, 6690213.157989201135933 ], [ 349902.104431883723009, 6690321.064638893119991 ], [ 349908.470822564675473, 6690326.148896562866867 ], [ 350112.752571117365733, 6690476.079637218266726 ], [ 350239.103552090818994, 6690612.683610338717699 ], [ 350333.330419007339515, 6690778.235033185221255 ], [ 350411.291852448193822, 6691012.196321282535791 ], [ 350419.981388503219932, 6691275.45777730550617 ], [ 350379.626528920780402, 6691488.780257759615779 ], [ 350264.332812088599894, 6691758.877437443472445 ], [ 350125.780377214367036, 6692042.213680318556726 ], [ 350122.525901130458806, 6692049.612656219862401 ], [ 350006.514585840399377, 6692345.23968655243516 ], [ 350002.153010102978442, 6692359.333123209886253 ], [ 349953.437393598549534, 6692570.920023207552731 ], [ 349951.75851747544948, 6692580.189472047612071 ], [ 349911.568387097679079, 6692882.754841812886298 ], [ 349910.736030326108448, 6692898.691329234279692 ], [ 349918.04015258589061, 6693162.370161854662001 ], [ 349918.696218973142095, 6693171.365494780242443 ], [ 349972.838383997383062, 6693628.391842555254698 ], [ 349972.902344204718247, 6693628.919727838598192 ], [ 350002.917427630745806, 6693871.247084218077362 ], [ 350010.933110077283345, 6694015.476491631008685 ], [ 350008.003470258088782, 6694090.143135310150683 ], [ 349986.743675645790063, 6694208.659416504204273 ], [ 349901.43079636170296, 6694472.0823321538046 ], [ 349898.458250643278006, 6694483.531295444816351 ], [ 349874.741240600240417, 6694603.707338279113173 ], [ 349873.053972361260094, 6694616.668846846558154 ], [ 349866.323231199174188, 6694721.616697747260332 ], [ 349866.491001680900808, 6694736.643698384054005 ], [ 349881.665614432364237, 6694911.890095478855073 ], [ 349882.558267290471122, 6694919.121757071465254 ], [ 349927.707253229804337, 6695200.219835305586457 ], [ 349938.580068459094036, 6695316.807919032871723 ], [ 349933.70400159212295, 6695417.368041785433888 ], [ 349929.25590838707285, 6695489.219361398369074 ], [ 349885.563283078430686, 6695670.837521343491971 ], [ 349840.824967032647692, 6695794.527933597564697 ], [ 349806.22916685405653, 6695867.994246365502477 ], [ 349632.953007132571656, 6696209.445561468601227 ], [ 349626.444565029931255, 6696225.634632845409214 ], [ 349595.979286152869463, 6696325.929703234694898 ], [ 349592.742029915796593, 6696340.339509936980903 ], [ 349577.508896365063265, 6696443.165308601222932 ], [ 349576.485643272113521, 6696461.17667221929878 ], [ 349579.04390828293981, 6696537.345213193446398 ], [ 349580.496979279268999, 6696551.297578268684447 ], [ 349754.893708045070525, 6697543.629480776377022 ], [ 349755.374055288382806, 6697546.169643845409155 ], [ 349858.788061792030931, 6698056.798092912882566 ], [ 349918.641428719973192, 6698407.558224020525813 ], [ 349946.934220168041065, 6698638.599810412153602 ], [ 349946.980338755762205, 6698638.970673868432641 ], [ 350030.783388375770301, 6699302.743693850934505 ], [ 350048.896420084580313, 6699597.114978173747659 ], [ 350043.665710326225962, 6699899.77525926195085 ], [ 350023.406030359503347, 6700172.586047859862447 ], [ 349966.278087333892472, 6700440.180512009188533 ], [ 349880.745686001027934, 6700739.297904735431075 ], [ 349711.888484689116012, 6701111.797817545942962 ], [ 349571.078222857613582, 6701394.884069751016796 ], [ 349389.795140589820221, 6701656.647565542720258 ], [ 349263.407421900716145, 6701804.48620021995157 ], [ 349107.283687000919599, 6701971.435624005272985 ], [ 348968.498539704072755, 6702094.377948037348688 ], [ 348753.037098230153788, 6702261.537193547934294 ], [ 348584.93403817032231, 6702373.355558516457677 ], [ 347991.684191817359533, 6702718.852396603673697 ], [ 347991.036186728917528, 6702719.233049842528999 ], [ 347531.688210157153662, 6702991.391569177620113 ], [ 347187.112127287837211, 6703192.224374419078231 ], [ 347181.776800416002516, 6703195.563274566084146 ], [ 347001.928728351485915, 6703316.152639078907669 ], [ 346994.559643024636898, 6703321.599141075275838 ], [ 346825.289696619787719, 6703459.132648804225028 ], [ 346817.737175934307743, 6703465.934699405916035 ], [ 346568.111254279327113, 6703714.86709052324295 ], [ 346560.195037229103036, 6703723.762571975588799 ], [ 346343.337100831675343, 6703998.816037411801517 ], [ 346340.145541094068903, 6704003.094142073765397 ], [ 346162.941041949146893, 6704254.348735003732145 ], [ 346159.018805996747687, 6704260.356576279737055 ], [ 346069.100165222771466, 6704409.517947074957192 ], [ 346065.976583306619432, 6704415.095243148505688 ], [ 346036.336967433744576, 6704472.22816720418632 ], [ 346032.088808028027415, 6704481.557908223941922 ], [ 345916.787101103283931, 6704773.620119525119662 ], [ 345915.173197813332081, 6704778.005509946495295 ], [ 345863.117668273334857, 6704930.34469647705555 ], [ 345861.301574432174675, 6704936.249616636894643 ], [ 345810.507738035172224, 6705121.596717968583107 ], [ 345809.239690009446349, 6705126.758249304257333 ], [ 345774.974968300899491, 6705284.176486414857209 ], [ 345774.128647277248092, 6705288.52627582475543 ], [ 345742.099278576381039, 6705475.108527857810259 ], [ 345741.081047306070104, 6705482.834951992146671 ], [ 345719.517888736561872, 6705716.416335818357766 ], [ 345719.09591759077739, 6705725.073778646998107 ], [ 345717.859699212247506, 6705956.134799903258681 ], [ 345717.946341255214065, 6705960.865866864100099 ], [ 345785.515638924669474, 6707569.752390580251813 ], [ 345894.461675578611903, 6710106.279658321291208 ], [ 345879.657036260177847, 6710388.945532811805606 ], [ 345850.030080470023677, 6710638.302578697912395 ], [ 345771.176386587554589, 6711038.114516201429069 ], [ 345669.84412755293306, 6711342.072481489740312 ], [ 345587.78566709329607, 6711523.90252716653049 ], [ 345405.596882219542749, 6711835.81775575876236 ], [ 345202.169376051286235, 6712113.687567049637437 ], [ 344845.90919972024858, 6712545.822602068074048 ], [ 344839.87000701535726, 6712553.954444233328104 ], [ 344707.805970327171963, 6712752.000268898904324 ], [ 344704.428407768660691, 6712757.434256814420223 ], [ 344610.496378122770693, 6712919.93087884504348 ], [ 344606.194415675650816, 6712928.249224132858217 ], [ 344502.145982565416489, 6713154.85606119222939 ], [ 344500.086619539360981, 6713159.669597397558391 ], [ 344442.941903200524393, 6713303.541805728338659 ], [ 344439.714803081471473, 6713313.026070554740727 ], [ 344323.150498293805867, 6713721.684636750258505 ], [ 344320.790916961792391, 6713731.996999834664166 ], [ 344281.64063966932008, 6713957.339478350244462 ], [ 344280.293600364937447, 6713969.381857327185571 ], [ 344255.94828434009105, 6714448.485509868711233 ], [ 344255.900952697382309, 6714449.523306695744395 ], [ 344239.566373311565258, 6714853.806632095947862 ], [ 344197.222680605773348, 6715179.959080998785794 ], [ 344155.24193539225962, 6715382.080798231996596 ], [ 344059.450318739109207, 6715706.71663626190275 ], [ 343971.020920092123561, 6715962.297829163260758 ], [ 343860.248852972930763, 6716192.032487398013473 ], [ 343786.727127565536648, 6716328.698824026621878 ], [ 343658.892443807737436, 6716547.142680340446532 ], [ 343519.118385686539114, 6716747.537526941858232 ], [ 343294.810328934050631, 6717037.948297377675772 ], [ 343119.274651406798512, 6717224.621953298337758 ], [ 342994.3794691360672, 6717347.046927562914789 ], [ 342751.54423793690512, 6717561.291568569839001 ], [ 342121.514637146377936, 6718062.891643494367599 ], [ 341881.247093442827463, 6718234.964704928919673 ], [ 340939.250899771752302, 6718832.723062199540436 ], [ 340929.658814883092418, 6718839.637859680689871 ], [ 340586.924382376368158, 6719118.934113040566444 ], [ 340578.867384832527023, 6719126.265152752399445 ], [ 340366.210480335575994, 6719342.071571509353817 ], [ 340359.808240710059181, 6719349.225161278620362 ], [ 340073.874080142937601, 6719701.365105304867029 ], [ 340065.10569407523144, 6719714.049890412017703 ], [ 339813.886046739062294, 6720145.130174482241273 ], [ 339809.846555940341204, 6720152.80937001015991 ], [ 339632.645571264787577, 6720528.37246369663626 ], [ 339628.706300669990014, 6720537.986237506382167 ], [ 339524.532664871076122, 6720835.396569146774709 ], [ 339522.174047292559408, 6720843.115660972893238 ], [ 339447.689319611003157, 6721127.480323866009712 ], [ 339446.48160615976667, 6721132.646522955037653 ], [ 339410.92349134356482, 6721305.294177195988595 ], [ 339410.022549939341843, 6721310.313039834611118 ], [ 339371.098275997093879, 6721564.213110043667257 ], [ 339370.102403516473714, 6721573.730780072510242 ], [ 339349.880775119760074, 6721931.964681583456695 ], [ 339349.721835443691816, 6721937.596651492640376 ], [ 339349.708755349915009, 6722275.607920194976032 ], [ 339348.078433471557219, 6722434.510469633154571 ], [ 339325.44279715459561, 6722647.793765379115939 ], [ 339234.263359162141569, 6723066.930624900385737 ], [ 339162.30237343168119, 6723291.072532636113465 ], [ 338883.680069605994504, 6724053.456541120074689 ], [ 338398.382339001575019, 6725315.825695855543017 ], [ 338398.122063177754171, 6725316.51020494941622 ], [ 337915.711348108074162, 6726599.340036039240658 ], [ 337912.800842672004364, 6726608.354254027828574 ], [ 337852.524175154452678, 6726830.522931990213692 ], [ 337850.606795459461864, 6726839.048039484769106 ], [ 337723.691603405808564, 6727546.439390218816698 ], [ 337630.409855350619182, 6728046.545656640082598 ], [ 337543.035747035639361, 6728331.732712387107313 ], [ 337437.243563449883368, 6728613.064051893539727 ], [ 337325.694117275765166, 6728846.458011381328106 ], [ 337057.579418450070079, 6729384.494820033200085 ], [ 336897.145203830034006, 6729700.024365596473217 ], [ 336784.245742192200851, 6729904.846703371033072 ], [ 336778.433512969582807, 6729917.364059465937316 ], [ 336670.538754763198085, 6730199.171362947672606 ], [ 336667.849104267952498, 6730207.198620613664389 ], [ 336606.65525339654414, 6730419.235232501290739 ], [ 336487.232057785033248, 6730668.057021385990083 ], [ 336375.300709451606963, 6730822.462076573632658 ], [ 336271.447729135164991, 6730920.615567579865456 ], [ 336148.32351977477083, 6731004.662585488520563 ], [ 336011.143957876833156, 6731081.659995028749108 ], [ 335803.61724180681631, 6731144.175942306406796 ], [ 335292.034022879612166, 6731281.303291589953005 ], [ 335275.817602627037559, 6731287.190727618522942 ], [ 335127.689152739767451, 6731355.956378042697906 ], [ 335113.875858468876686, 6731363.756104693748057 ], [ 335000.167804116324987, 6731440.455085982568562 ], [ 334987.167068803217262, 6731450.902019664645195 ], [ 334915.898041432898026, 6731518.69379018433392 ], [ 334902.232602775213309, 6731534.763071692548692 ], [ 334833.465285666577984, 6731635.482358771376312 ], [ 334825.439848744135816, 6731649.56689278036356 ], [ 334770.390267213515472, 6731767.483386185951531 ], [ 334765.150390440190677, 6731781.28235721308738 ], [ 334739.158920181973372, 6731868.686987182125449 ], [ 334735.85964525246527, 6731884.187479827553034 ], [ 334712.157002741121687, 6732064.927363716065884 ], [ 334711.309002769936342, 6732077.487569279037416 ], [ 334710.611581467615906, 6732235.028991476632655 ], [ 334710.610602278262377, 6732235.483268570154905 ], [ 334710.623238424886949, 6732344.503141015768051 ], [ 334704.602562233048957, 6732439.54013501945883 ], [ 334690.65353762806626, 6732565.708951455540955 ], [ 334676.735070985800121, 6732658.304731613956392 ], [ 334676.572221377224196, 6732659.431742484681308 ], [ 334648.594374722975772, 6732861.162344012409449 ], [ 334647.760934478603303, 6732870.112854724749923 ], [ 334641.02828100923216, 6733010.59859752189368 ], [ 334641.095622871711385, 6733021.415685491636395 ], [ 334654.099466824845877, 6733236.669590681791306 ], [ 334645.914946223027073, 6733315.793408941477537 ], [ 334612.642338800360449, 6733415.676201044581831 ], [ 334549.663596821483225, 6733543.234694183804095 ], [ 334544.010497709736228, 6733557.270545596256852 ], [ 334498.614894485566765, 6733700.387164176441729 ], [ 334496.783205288462341, 6733706.923962041735649 ], [ 334470.152733918279409, 6733816.097389422357082 ], [ 334468.651432514190674, 6733823.435875773429871 ], [ 334458.704275193624198, 6733883.420301438309252 ], [ 334457.633900399610866, 6733907.215938826091588 ], [ 334462.278741298010573, 6733969.505991099402308 ], [ 334465.014497966913041, 6733986.430638859048486 ], [ 334478.611826460750308, 6734040.565537230111659 ], [ 334483.987019935273565, 6734056.294733844697475 ], [ 334503.090233390277717, 6734099.948698034510016 ], [ 334513.105243530182634, 6734117.667882758192718 ], [ 334550.659570526040625, 6734170.675503696314991 ], [ 334556.671523986617103, 6734178.340552032925189 ], [ 334761.676807023584843, 6734415.004207467660308 ], [ 334764.975080922653433, 6734418.628441537730396 ], [ 334916.679690344433766, 6734577.333325793035328 ], [ 334931.49150186922634, 6734590.067675177007914 ], [ 335001.658110367308836, 6734639.349074449390173 ], [ 335026.004556604253594, 6734651.869271683506668 ], [ 335135.284322442661505, 6734690.238959944806993 ], [ 335157.12380126863718, 6734695.246678250841796 ], [ 335262.190402550622821, 6734707.184181963093579 ], [ 335265.931296457769349, 6734707.538164334371686 ], [ 335357.204301443474833, 6734714.447451801970601 ], [ 335454.458529482770246, 6734726.00455547682941 ], [ 335526.540818253939506, 6734747.950072461739182 ], [ 335625.072337629797403, 6734783.814730347134173 ], [ 335625.622582956217229, 6734784.013194496743381 ], [ 335708.570513225160539, 6734813.657233594916761 ], [ 335708.73154119978426, 6734813.714626810513437 ], [ 335799.006130329507869, 6734845.80314764380455 ], [ 335802.213768435758539, 6734846.882536951452494 ], [ 335880.323110122582875, 6734871.703489014878869 ], [ 335884.00587372854352, 6734872.796346480026841 ], [ 335926.514230553992093, 6734884.527166341431439 ], [ 335942.917341226188, 6734887.608990410342813 ], [ 336013.715633768006228, 6734894.867567264474928 ], [ 336141.596986560558435, 6734908.429073152132332 ], [ 336142.257641629315913, 6734908.496916308067739 ], [ 336367.562796974554658, 6734930.877873629331589 ], [ 336567.74367535370402, 6734950.589292123913765 ], [ 336572.488483406894375, 6734950.942765032872558 ], [ 336711.872877577145118, 6734957.997084692120552 ], [ 336729.835209290788043, 6734957.288361808285117 ], [ 336825.038099669967778, 6734944.896146757528186 ], [ 336831.731872194388416, 6734943.792781323194504 ], [ 336870.792584828916006, 6734935.9848204087466 ], [ 336885.457244499004446, 6734931.870617762207985 ], [ 336929.492552416748367, 6734915.809011906385422 ], [ 336939.610612074844539, 6734911.473615537397563 ], [ 336973.357346045377199, 6734894.758796203881502 ], [ 336979.71974994771881, 6734891.315462389960885 ], [ 337055.730146587186027, 6734846.550464342348278 ], [ 337057.554783379135188, 6734845.449524224735796 ], [ 337254.330581966729369, 6734723.841248224489391 ], [ 337302.442086312978063, 6734699.956058270297945 ], [ 337353.491120863356628, 6734685.515791740268469 ], [ 337543.654396636993624, 6734648.210158095695078 ], [ 337544.167909819749184, 6734648.108021929860115 ], [ 337733.405080856464338, 6734609.954076322726905 ], [ 337833.126831869245507, 6734590.447867248207331 ], [ 337943.887218486343045, 6734583.383744044229388 ], [ 338152.413687708147336, 6734592.595075276680291 ], [ 338164.402609510289039, 6734592.405114522203803 ], [ 338271.980969238677062, 6734584.231616359204054 ], [ 338274.310438378015533, 6734584.027210069820285 ], [ 338412.577009838132653, 6734570.263734227046371 ], [ 338471.85427697718842, 6734572.563529130071402 ], [ 338508.023010632430669, 6734581.377792299725115 ], [ 338859.227856638666708, 6734721.426927899010479 ], [ 339101.659525272087194, 6734819.676343613304198 ], [ 339291.953809266386088, 6734930.148226602002978 ], [ 339373.025125206622761, 6734978.228318851441145 ], [ 339446.63088083290495, 6735036.711195345968008 ], [ 339626.634133695391938, 6735214.458393147215247 ], [ 339627.792017624189612, 6735215.583449606783688 ], [ 339771.179914946551435, 6735352.673334642313421 ], [ 339898.836901032540482, 6735535.556245507672429 ], [ 339929.748486638534814, 6735592.617213990539312 ], [ 340301.369567117362749, 6736296.327027906663716 ], [ 340304.164672546903603, 6736301.274195090867579 ], [ 340400.849378088722005, 6736461.587565124034882 ], [ 340402.710817814629991, 6736464.55521585047245 ], [ 340417.087105563201476, 6736486.607260499149561 ], [ 340420.777937285311054, 6736491.888605396263301 ], [ 340436.532776631356683, 6736512.953383881598711 ], [ 340440.700891162152402, 6736518.155361166223884 ], [ 340457.829694040294271, 6736538.130253879353404 ], [ 340462.264877161302138, 6736542.971277760341763 ], [ 340480.666007985826582, 6736561.777584696188569 ], [ 340485.499661199108232, 6736566.398005683906376 ], [ 340505.119580778700765, 6736583.935292649082839 ], [ 340510.213465303357225, 6736588.192888971418142 ], [ 340530.950767926464323, 6736604.387345227412879 ], [ 340536.244568831811193, 6736608.249058538116515 ], [ 340557.998943612852599, 6736623.05131340958178 ], [ 340563.60327616619179, 6736626.598601666279137 ], [ 340586.272458291670773, 6736639.91528875567019 ], [ 340592.132604220067151, 6736643.099799495190382 ], [ 340615.665690109017305, 6736654.889140296727419 ], [ 340618.628497035242617, 6736656.312985657714307 ], [ 340744.989801537245512, 6736714.502011422067881 ], [ 340748.426981566066388, 6736716.007316526956856 ], [ 341762.992308922694065, 6737137.828908395022154 ], [ 341804.624417446262669, 6737159.958549249917269 ], [ 341869.835205758572556, 6737194.621122292242944 ], [ 342037.280457716900855, 6737294.866274308413267 ], [ 342037.730937151878607, 6737295.134363293647766 ], [ 342239.399555793846957, 6737414.436553833074868 ], [ 342403.316607451240998, 6737528.336997954174876 ], [ 342464.400363896042109, 6737594.841514877043664 ], [ 342789.761737741762772, 6738178.78262507263571 ], [ 342790.0300949178054, 6738179.261165862902999 ], [ 342917.049179666035343, 6738404.315191457979381 ], [ 343155.46832045156043, 6738826.823008864186704 ], [ 343290.48869641876081, 6739066.143417562358081 ], [ 343482.403206072223838, 6739407.420025544241071 ], [ 343770.463773710245732, 6739919.717389187775552 ], [ 343833.389234444359317, 6740046.420552135445178 ], [ 343869.963653897051699, 6740132.615062444470823 ], [ 343926.061926031892654, 6740264.96600366383791 ], [ 343928.500994676840492, 6740270.282115433365107 ], [ 344005.245866787037812, 6740425.414802547544241 ], [ 344006.491507483180612, 6740427.848468315787613 ], [ 344093.111314113950357, 6740591.525681244209409 ], [ 344100.201025856367778, 6740605.93704976234585 ], [ 344143.926672459405381, 6740694.666744218207896 ], [ 344168.666580866323784, 6740759.836792062036693 ], [ 344176.949552477162797, 6740794.681538448669016 ], [ 344186.201769965293352, 6740848.153964173048735 ], [ 344190.862626549787819, 6740910.836205372586846 ], [ 344189.736820707388688, 6741045.352822521701455 ], [ 344187.950098250585143, 6741112.606871233321726 ], [ 344184.206904503051192, 6741163.163882857188582 ], [ 344136.586054975690786, 6741333.12512515950948 ], [ 343969.639028717880137, 6741758.843295844271779 ], [ 343836.838655882806052, 6742072.878792583942413 ], [ 343832.922003845102154, 6742083.895554972812533 ], [ 343784.297971909749322, 6742251.046131981536746 ], [ 343781.553877506987192, 6742263.303481869399548 ], [ 343760.397815298521891, 6742396.604043668136001 ], [ 343759.301829619333148, 6742406.986414581537247 ], [ 343719.947348801069893, 6743149.549236722290516 ], [ 343692.894391294510569, 6743576.515468824654818 ], [ 343667.068326242791954, 6743711.81661849655211 ], [ 343626.721773170807865, 6743849.009764468297362 ], [ 343545.042059296101797, 6744089.149267776869237 ], [ 343526.00130440160865, 6744145.161216004751623 ], [ 343525.40267063351348, 6744146.979116410948336 ], [ 343516.779832432745025, 6744174.033278071321547 ], [ 343506.774724779534154, 6744202.185466803610325 ], [ 343494.054481860890519, 6744237.184416386298835 ], [ 343490.708568901522085, 6744248.393469733186066 ], [ 343480.967830238863826, 6744289.704884463921189 ], [ 343479.576652420102619, 6744296.719060519710183 ], [ 343474.726545766927302, 6744326.766361005604267 ], [ 343473.733508871984668, 6744335.159889523871243 ], [ 343471.502533145772759, 6744364.657192398793995 ], [ 343471.239623504050542, 6744374.291140020824969 ], [ 343471.910059949033894, 6744406.329203362576663 ], [ 343472.690903944720048, 6744416.882275306619704 ], [ 343477.018010162806604, 6744450.826839406043291 ], [ 343478.452200000465382, 6744459.214446179568768 ], [ 343486.689549179689493, 6744497.502589953131974 ], [ 343489.79312402184587, 6744508.712239284999669 ], [ 343493.776376677851658, 6744520.406517905183136 ], [ 343515.907419961004052, 6744585.449302609078586 ], [ 343519.048102975182701, 6744593.516441059298813 ], [ 343543.400617438543122, 6744648.854745832271874 ], [ 343543.455973312840797, 6744648.980301999486983 ], [ 343549.849417311314028, 6744663.454766571521759 ], [ 343559.036105876497459, 6744684.303464332595468 ], [ 343576.566856091783848, 6744726.417110832408071 ], [ 343586.425146357330959, 6744755.102258799597621 ], [ 343592.579876340867486, 6744777.700836811214685 ], [ 343596.125748299877159, 6744812.03698849119246 ], [ 343596.676865305867977, 6744853.500857993960381 ], [ 343594.894822483533062, 6744913.305379600264132 ], [ 343591.937328301253729, 6744968.228585911914706 ], [ 343591.905374642985407, 6744968.859049299731851 ], [ 343590.250451409432571, 6745003.685730383731425 ], [ 343590.160239412507508, 6745010.553417892195284 ], [ 343590.849264614575077, 6745043.029522179625928 ], [ 343590.987948568654247, 6745046.583803644403815 ], [ 343596.113422402821016, 6745136.747931800782681 ], [ 343596.151377138739917, 6745137.380255943164229 ], [ 343601.257402721908875, 6745218.167301053181291 ], [ 343601.270165595575236, 6745218.366088726557791 ], [ 343606.194136913924012, 6745293.882834305055439 ], [ 343606.220958757447079, 6745294.28189596068114 ], [ 343607.015735837630928, 6745305.763563560321927 ], [ 343611.86728747386951, 6745377.452779768966138 ], [ 343613.912358867935836, 6745456.431137369014323 ], [ 343610.332515674526803, 6745535.391290700994432 ], [ 343600.009844586078543, 6745642.239094366319478 ], [ 343584.441071154316887, 6745782.393749958835542 ], [ 343583.994984089280479, 6745787.68792018853128 ], [ 343582.078538100351579, 6745820.984325408004224 ], [ 343581.919917847611941, 6745827.880342395976186 ], [ 343582.441869509522803, 6745873.271831867285073 ], [ 343582.585496040526778, 6745877.601512488909066 ], [ 343588.421365900023375, 6745983.945325046777725 ], [ 343602.010835545428563, 6746230.616561684757471 ], [ 343603.059874381287955, 6746262.467110113240778 ], [ 343602.560406099830288, 6746281.594366169534624 ], [ 343598.653073552530259, 6746311.484104857780039 ], [ 343591.37280992307933, 6746342.386997880414128 ], [ 343579.510175360075664, 6746374.790232094936073 ], [ 343560.8973495644168, 6746410.873691668733954 ], [ 343529.765653144102544, 6746461.905226666480303 ], [ 343525.815464614133816, 6746469.015642968937755 ], [ 343494.362933341762982, 6746531.488254508003592 ], [ 343493.027589019620791, 6746534.244903394952416 ], [ 343475.414163232548162, 6746572.071449020877481 ], [ 343473.307086349523161, 6746576.928642243146896 ], [ 343453.943087912397459, 6746625.014384150505066 ], [ 343451.837251678458415, 6746630.742211465723813 ], [ 343434.0285972711863, 6746684.160559539683163 ], [ 343432.013239716761746, 6746691.012139745056629 ], [ 343429.222818269277923, 6746701.923937059938908 ], [ 343422.186557459703181, 6746726.910178592428565 ], [ 343421.468396328971721, 6746729.603763872757554 ], [ 343417.011671662912704, 6746747.307187504135072 ], [ 343416.796535809349734, 6746748.178258843719959 ], [ 343398.25845915696118, 6746824.711105113849044 ], [ 343384.376883758115582, 6746877.670962166041136 ], [ 343382.986846072250046, 6746883.738126517273486 ], [ 343357.079707924160175, 6747015.534700786694884 ], [ 343355.222640710533597, 6747036.855144963599741 ], [ 343357.33041470835451, 6747140.530389179475605 ], [ 343359.081775710510556, 6747157.239797777496278 ], [ 343411.269760016410146, 6747430.759619429707527 ], [ 343413.613834990479518, 6747444.296302894130349 ], [ 343413.638389673957136, 6747444.437500634230673 ], [ 343438.397888264444191, 6747586.211061953566968 ], [ 343439.407886987843085, 6747591.232007713057101 ], [ 343447.954891112574842, 6747628.727475635707378 ], [ 343468.009890115004964, 6747734.963555042631924 ], [ 343482.88311716739554, 6747816.196961308829486 ], [ 343483.289529892907012, 6747818.290417335927486 ], [ 343496.725635371578392, 6747883.76118441298604 ], [ 343497.663811355712824, 6747887.887346329167485 ], [ 343507.274549558816943, 6747926.370887831784785 ], [ 343508.375821308523882, 6747930.41765617672354 ], [ 343521.41740324231796, 6747974.657443701289594 ], [ 343523.577922908531036, 6747981.156877411529422 ], [ 343537.165598850406241, 6748017.790511211380363 ], [ 343539.55602946667932, 6748023.658157102763653 ], [ 343554.149018489231821, 6748056.463854380883276 ], [ 343560.942797321942635, 6748069.179622440598905 ], [ 343582.383887249277905, 6748103.163786469958723 ], [ 343585.940214129572269, 6748108.422888007946312 ], [ 343616.443033561750781, 6748150.58173041511327 ], [ 343620.623020595696289, 6748155.962975107133389 ], [ 343642.249302734562661, 6748181.927562274038792 ], [ 343648.027524164237548, 6748188.28800989035517 ], [ 343668.901501776417717, 6748209.36961077246815 ], [ 343673.636383030854631, 6748213.849641586653888 ], [ 343701.412602676718961, 6748238.465560967102647 ], [ 343705.433614528505132, 6748241.844763050787151 ], [ 343737.30135308514582, 6748267.228354671038687 ], [ 343741.77363783918554, 6748270.590545968152583 ], [ 343764.128566944971681, 6748286.43755935318768 ], [ 343771.861783583590295, 6748291.401932427659631 ], [ 343800.005485498753842, 6748307.693357149139047 ], [ 343810.799682543962263, 6748313.099743580445647 ], [ 343863.317495459923521, 6748335.548038758337498 ], [ 343868.617969738261309, 6748337.63717922475189 ], [ 343902.202001188823488, 6748349.780579168349504 ], [ 343907.566581907158252, 6748351.550648381002247 ], [ 343938.133989130496047, 6748360.68759401794523 ], [ 343942.327327515755314, 6748361.842308091931045 ], [ 343973.078402773593552, 6748369.594849535264075 ], [ 343978.790244646719657, 6748370.858379082754254 ], [ 344012.909146849939134, 6748377.365385723300278 ], [ 344015.642729658051394, 6748377.847503664903343 ], [ 344031.695748164842371, 6748380.449561700224876 ], [ 344042.43584714824101, 6748381.599466726183891 ], [ 344080.954485464317258, 6748383.628441441804171 ], [ 344085.989900087937713, 6748383.766634237021208 ], [ 344122.809842226211913, 6748383.849408205598593 ], [ 344126.157830471987836, 6748383.800877688452601 ], [ 344174.593289107084274, 6748382.287412147969007 ], [ 344174.901740189176053, 6748382.277297505177557 ], [ 344231.081342087883968, 6748380.348283903673291 ], [ 344306.032359518227167, 6748379.257483028806746 ], [ 344353.01553866872564, 6748380.999661474488676 ], [ 344397.564500646782108, 6748387.536092029884458 ], [ 344450.235498238354921, 6748400.785096851177514 ], [ 344482.198179609142244, 6748411.792103977873921 ], [ 344524.917237010144163, 6748430.905374907888472 ], [ 344567.046771464752965, 6748455.874822019599378 ], [ 344607.42468630860094, 6748483.415330538526177 ], [ 344643.077993598475587, 6748511.239439544267952 ], [ 344660.488725958683062, 6748529.37419065926224 ], [ 344680.978170188958757, 6748551.961639081127942 ], [ 344695.950703276495915, 6748571.455839387141168 ], [ 344702.299125612364151, 6748579.722549977712333 ], [ 344718.017652769281995, 6748601.897126037627459 ], [ 344729.7780724914046, 6748618.488516910932958 ], [ 344749.086638577107806, 6748650.524980447255075 ], [ 344765.366630864155013, 6748685.292635739780962 ], [ 344767.869294989621267, 6748691.084527550265193 ], [ 344778.767258205218241, 6748716.242888175882399 ], [ 344783.64427116519073, 6748742.295955877751112 ], [ 344807.418958162656054, 6748869.15314734261483 ], [ 344831.24014771002112, 6749048.652851446531713 ], [ 344832.648918051505461, 6749064.161587773822248 ], [ 344839.738050427869894, 6749141.803619789890945 ], [ 344840.490957646397874, 6749153.015451166778803 ], [ 344845.096743907139171, 6749221.781865941360593 ], [ 344845.948920628114138, 6749234.637726008892059 ], [ 344847.253971253870986, 6749245.415574003942311 ], [ 344853.870564013079274, 6749282.879585448652506 ], [ 344856.141576046182308, 6749292.775013105012476 ], [ 344866.938939562416635, 6749330.842309207655489 ], [ 344872.174428636673838, 6749345.082612005062401 ], [ 344909.508288355311379, 6749426.865039326250553 ], [ 344911.987969784182496, 6749431.915778552182019 ], [ 344937.72847458900651, 6749480.817559844814241 ], [ 344958.320775140775368, 6749520.353734182193875 ], [ 344958.436314131715335, 6749520.574889315292239 ], [ 345076.117411702638492, 6749745.147162904962897 ], [ 345076.559412400703877, 6749745.981043158099055 ], [ 345240.742259106133133, 6750052.227823177352548 ], [ 345269.950870017521083, 6750112.020324462093413 ], [ 345269.998533885460347, 6750112.117762407287955 ], [ 345307.576141846890096, 6750188.831206787377596 ], [ 345355.42667233850807, 6750290.36411249358207 ], [ 345369.726075588318054, 6750320.696579076349735 ], [ 345438.934901075961534, 6750477.017983864061534 ], [ 345497.585954105481505, 6750612.995893008075655 ], [ 345548.591718514391687, 6750746.997776076197624 ], [ 345590.120360129512846, 6750878.936629666946828 ], [ 345630.727495973464102, 6751021.977625297382474 ], [ 345660.235526258999016, 6751161.131153112277389 ], [ 345660.732025160279591, 6751163.348126780241728 ], [ 345672.351386883470695, 6751212.600693248212337 ], [ 345677.006806970457546, 6751237.394582658074796 ], [ 345677.611167293682229, 6751240.364424006082118 ], [ 345726.042011682176962, 6751461.176168181933463 ], [ 345784.664539757883176, 6751739.149387930519879 ], [ 345785.361189842107706, 6751742.213478063233197 ], [ 345804.087276534934063, 6751818.977222060784698 ], [ 345819.39998193399515, 6751894.201474111527205 ], [ 345819.598970559425652, 6751895.155219629406929 ], [ 345850.134055562491994, 6752038.024243195541203 ], [ 345859.681450902484357, 6752084.649472288787365 ], [ 345866.28886772406986, 6752128.437574943527579 ], [ 345868.122459627804346, 6752155.097661531530321 ], [ 345869.904312941478565, 6752212.374305369332433 ], [ 345868.145651479368098, 6752238.094376862980425 ], [ 345858.5236975857988, 6752341.049311822280288 ], [ 345825.213069283636287, 6752581.310045116581023 ], [ 345821.048417028039694, 6752606.712738020345569 ], [ 345820.514810400258284, 6752610.395474423654377 ], [ 345802.057608392438851, 6752756.944854594767094 ], [ 345801.488755017518997, 6752762.88759259134531 ], [ 345797.899512387928553, 6752817.541756863705814 ], [ 345794.468743681209162, 6752870.407857952639461 ], [ 345794.617893719347194, 6752885.350244112312794 ], [ 345802.787367974524386, 6752981.495300861075521 ], [ 345802.917204044584651, 6752982.904968300834298 ], [ 345805.083597724675201, 6753004.733251607976854 ], [ 345805.246214880608022, 6753006.253425791859627 ], [ 345824.736802975705359, 6753176.163827040232718 ], [ 345825.335797253181227, 6753183.754845372401178 ], [ 345834.291291659523267, 6753304.839044011197984 ], [ 345832.548461782338563, 6753404.056371347047389 ], [ 345815.1929836794734, 6753636.434931409545243 ], [ 345811.6693442267715, 6753668.102220705710351 ], [ 345811.415009098302107, 6753670.694768921472132 ], [ 345787.817154136428144, 6753948.422068112529814 ], [ 345787.468231974344235, 6753955.466354886069894 ], [ 345786.49201692850329, 6754024.111280810087919 ], [ 345785.467220439226367, 6754092.757001968100667 ], [ 345785.742622126359493, 6754101.814535687677562 ], [ 345834.556963217735756, 6754745.246238622814417 ], [ 345847.348674682783894, 6754937.023368165828288 ], [ 345847.359647588105872, 6754937.185883933678269 ], [ 345857.633845814387314, 6755087.531482359394431 ], [ 345864.400469982472714, 6755186.263484826311469 ], [ 345886.323612063133623, 6755513.759103186428547 ], [ 345891.763051631569397, 6755640.339930531568825 ], [ 345888.269888356677257, 6755766.42408265825361 ], [ 345883.10637551813852, 6755881.717941606417298 ], [ 345872.895890700805467, 6755981.312912739813328 ], [ 345860.269777977548074, 6756075.316782620735466 ], [ 345835.878401240566745, 6756202.975526710040867 ], [ 345811.82886684575351, 6756314.730099588632584 ], [ 345734.913142140256241, 6756607.631803784519434 ], [ 345734.542240732291248, 6756609.088722139596939 ], [ 345660.265391660155728, 6756910.304284677840769 ], [ 345659.773281549860258, 6756912.39640929363668 ], [ 345591.926903582061641, 6757215.407113468274474 ], [ 345520.177151435811538, 6757530.588264689780772 ], [ 345487.836827517370693, 6757670.732515887357295 ], [ 345486.286143010074738, 6757679.040625730529428 ], [ 345467.248258632142097, 6757811.967496266588569 ], [ 345466.269824602117296, 6757823.628684812225401 ], [ 345463.624727411719505, 6757928.717321173287928 ], [ 345465.127740444731899, 6757948.685752645134926 ], [ 345484.512738786812406, 6758058.055846162140369 ], [ 345486.161875223391689, 6758065.636124027892947 ], [ 345510.605395041231532, 6758160.174396031536162 ], [ 345516.84215104021132, 6758177.513668950647116 ], [ 345566.885527258738875, 6758284.492945430800319 ], [ 345567.918115681619383, 6758286.633681853301823 ], [ 345648.320133640663698, 6758448.380313820205629 ], [ 345719.484802779159509, 6758615.038762228563428 ], [ 345776.231994292349555, 6758753.065491628833115 ], [ 345833.540648864465766, 6758898.586340351030231 ], [ 345834.347863884875551, 6758900.573296132497489 ], [ 345892.002153317269403, 6759038.23686705622822 ], [ 345948.551708797167521, 6759175.217991421930492 ], [ 345951.887273208296392, 6759182.464032340794802 ], [ 345982.20178766240133, 6759241.949812058359385 ], [ 345984.87090866692597, 6759246.845056585967541 ], [ 346015.575035836955067, 6759299.602499915286899 ], [ 346018.696847536892164, 6759304.619486163370311 ], [ 346094.503770301584154, 6759418.783283485099673 ], [ 346120.057331547490321, 6759458.756217078305781 ], [ 346217.296724122425076, 6759611.062792056240141 ], [ 346312.053512750775553, 6759770.123545460402966 ], [ 346372.064693066524342, 6759884.272387631237507 ], [ 346448.023801358416677, 6760043.098881187848747 ], [ 346448.263637378695421, 6760043.596825623884797 ], [ 346517.276913862442598, 6760185.874262675642967 ], [ 346517.656611794838682, 6760186.648526320233941 ], [ 346576.323393511062022, 6760304.985860646702349 ], [ 346581.364038424100727, 6760313.960664851590991 ], [ 346610.184504150005523, 6760359.601890973746777 ], [ 346610.295142367889639, 6760359.776701214723289 ], [ 346622.503536374308169, 6760379.022086086682975 ], [ 346640.138303889543749, 6760408.909488203004003 ], [ 346648.932624011882581, 6760421.494735300540924 ], [ 346715.025263754010666, 6760502.106697904877365 ], [ 346718.025996149925049, 6760505.599422300234437 ], [ 346808.099227457656525, 6760605.683633273467422 ], [ 346809.945887286274228, 6760607.680250758305192 ], [ 346904.62215316091897, 6760707.292425655759871 ], [ 346905.78943177225301, 6760708.500085930339992 ], [ 347030.883792580629233, 6760835.765708537772298 ], [ 347033.572839357133489, 6760838.400342562235892 ], [ 347149.513967950537335, 6760947.794828821904957 ], [ 347188.415760136384051, 6760986.275194591842592 ], [ 347191.382932053355034, 6760989.092483975924551 ], [ 347369.796995505748782, 6761151.684499411843717 ], [ 347427.502205394208431, 6761216.702115005813539 ], [ 347516.638461287308019, 6761338.518694587983191 ], [ 347570.636286343855318, 6761417.37891299277544 ], [ 347572.242568554065656, 6761419.656056406907737 ], [ 347617.955794691864867, 6761482.581282022409141 ], [ 347695.41951375460485, 6761589.123816414736211 ], [ 347695.664104623429012, 6761589.458760759793222 ], [ 347721.583275078388397, 6761624.798537312075496 ], [ 347722.8966639371356, 6761626.548808683641255 ], [ 347774.280567903653719, 6761693.486632643267512 ], [ 347804.701378065103199, 6761739.391793742775917 ], [ 347805.254894761310425, 6761740.218100037425756 ], [ 347832.24158277339302, 6761780.074552041478455 ], [ 347890.294338493025862, 6761875.017271459102631 ], [ 347944.887057063984685, 6761985.365020585246384 ], [ 347945.390501247136854, 6761986.368417314253747 ], [ 348008.845085919601843, 6762111.086053072474897 ], [ 348037.941408001817763, 6762177.572428306564689 ], [ 348049.291354118555319, 6762237.84629893489182 ], [ 348051.98171366751194, 6762296.150616572238505 ], [ 348047.700515905104112, 6762331.037155551835895 ], [ 348045.997937143198214, 6762336.337117453105748 ], [ 348044.062175126571674, 6762343.192506753839552 ], [ 348035.824928756279405, 6762376.914025509729981 ], [ 348023.990554870455526, 6762417.226017437875271 ], [ 347953.9887942483183, 6762624.619807091541588 ], [ 347953.861739766027313, 6762624.998727839440107 ], [ 347920.535355387721211, 6762725.052492846734822 ], [ 347905.83553366624983, 6762763.364444400183856 ], [ 347901.253182509273756, 6762779.022557212039828 ], [ 347887.032115153444465, 6762848.099759900942445 ], [ 347875.155856696597766, 6762905.715934632346034 ], [ 347870.788563617155887, 6762926.79870895575732 ], [ 347870.493566724122502, 6762928.105284140445292 ], [ 347869.917065985791851, 6762930.835440252907574 ], [ 347865.271073357493151, 6762954.463793195784092 ], [ 347863.658240054908674, 6762962.533333123661578 ], [ 347863.425992599630263, 6762963.73346475046128 ], [ 347852.130041762487963, 6763024.079977100715041 ], [ 347834.418657110654749, 6763082.1558652902022 ], [ 347819.365972749190405, 6763130.972570833750069 ], [ 347798.584733373019844, 6763179.382524172775447 ], [ 347794.012887605815195, 6763192.46797786001116 ], [ 347780.549371162953321, 6763241.734727344475687 ], [ 347780.420589279441629, 6763242.210585597902536 ], [ 347767.622834341484122, 6763289.965699725784361 ], [ 347766.075664731382858, 6763296.64766860101372 ], [ 347748.231045573367737, 6763387.842690461315215 ], [ 347748.199203955766279, 6763388.006139212287962 ], [ 347731.141317051311489, 6763475.957440655678511 ], [ 347731.109475797973573, 6763476.122356561012566 ], [ 347718.821810757566709, 6763540.052445760928094 ], [ 347698.383430153073277, 6763639.220977433025837 ], [ 347692.959850306448061, 6763665.395050368271768 ], [ 347666.817424123873934, 6763786.206509379670024 ], [ 347665.945287496608216, 6763790.740973575972021 ], [ 347650.902646977920085, 6763880.018690220080316 ], [ 347632.084764154918958, 6763964.616757891140878 ], [ 347596.947974730923306, 6764103.166219337843359 ], [ 347596.492692821950186, 6764105.036852717399597 ], [ 347566.864712677372154, 6764232.080642050132155 ], [ 347565.963297507842071, 6764236.368540590628982 ], [ 347546.88316445221426, 6764338.158467975445092 ], [ 347545.612693390110508, 6764347.197348389774561 ], [ 347536.823944963223767, 6764440.432158793322742 ], [ 347536.383312560035847, 6764449.437599110417068 ], [ 347536.004667005385272, 6764549.23209985345602 ], [ 347536.038514941872563, 6764552.240658059716225 ], [ 347539.635763226367999, 6764689.015828779898584 ], [ 347540.052946751762647, 6764695.881227075122297 ], [ 347552.48299825633876, 6764826.207777478732169 ], [ 347560.184919735009316, 6765005.228332673199475 ], [ 347562.099282966577448, 6765130.262445891276002 ], [ 347562.114637875289191, 6765131.058357342146337 ], [ 347564.701869477459695, 6765242.22071918938309 ], [ 347556.441545815614518, 6765311.712096895091236 ], [ 347542.113349500112236, 6765398.959596523083746 ], [ 347535.597495424211957, 6765438.659453560598195 ], [ 347534.879635495715775, 6765443.895542891696095 ], [ 347522.736917853413615, 6765554.019289676100016 ], [ 347522.262951114156749, 6765559.912267626263201 ], [ 347519.999338308582082, 6765604.528281131759286 ], [ 347519.926148231083062, 6765606.271125423721969 ], [ 347517.890354902716354, 6765667.479216176085174 ], [ 347517.871557793056127, 6765673.50385854113847 ], [ 347518.854965961771086, 6765709.906890948303044 ], [ 347519.891872907988727, 6765748.682437943294644 ], [ 347521.651059817755595, 6765764.870941801927984 ], [ 347527.83060800266685, 6765797.045339670032263 ], [ 347530.889936184510589, 6765813.232769881375134 ], [ 347531.970805369550362, 6765818.24419470783323 ], [ 347549.195080527570099, 6765889.223900184035301 ], [ 347563.524157773819752, 6765958.40035733487457 ], [ 347562.518009300576523, 6765968.181292821653187 ], [ 347562.047201081877574, 6765972.60088243894279 ], [ 347557.465234762872569, 6765987.369377803988755 ], [ 347556.883836997207254, 6765989.312757649458945 ], [ 347553.70956815982936, 6766000.328747181221843 ], [ 347553.637517433555331, 6766000.580026128329337 ], [ 347527.051027526322287, 6766093.760655169375241 ], [ 347525.310871253663208, 6766100.823917342349887 ], [ 347507.213920333597343, 6766187.784686439670622 ], [ 347505.540131835266948, 6766198.962945361621678 ], [ 347502.687098280992359, 6766229.857156445272267 ], [ 347502.664819623867515, 6766230.10168000869453 ], [ 347501.461729339556769, 6766243.488279084675014 ], [ 347499.916858416050673, 6766260.106951896101236 ], [ 347497.277236143941991, 6766288.277011187747121 ], [ 347493.580265101394616, 6766320.950963940471411 ], [ 347493.446083492890466, 6766322.20793057885021 ], [ 347491.26773507805774, 6766343.912854052148759 ], [ 347491.2330691794632, 6766344.264514924958348 ], [ 347490.658616452361457, 6766350.199314807541668 ], [ 347486.208125272300094, 6766390.487732232548296 ], [ 347482.282369072840083, 6766406.847992338240147 ], [ 347478.375850371725392, 6766423.063121238723397 ], [ 347456.34665823407704, 6766494.262958043254912 ], [ 347456.086707713548094, 6766495.116605832241476 ], [ 347438.906752336595673, 6766552.450323634780943 ], [ 347427.147008472646121, 6766591.766407476738095 ], [ 347418.430272007186431, 6766617.599939029663801 ], [ 347417.914278021547943, 6766619.171988615766168 ], [ 347414.988163969304878, 6766628.342158508487046 ], [ 347406.977585170592647, 6766641.249668454751372 ], [ 347406.918876857496798, 6766641.344383373856544 ], [ 347404.949316938756965, 6766644.525858346372843 ], [ 347362.739373449527193, 6766698.247888666577637 ], [ 347327.60121845419053, 6766739.986570089124143 ], [ 347299.59866073023295, 6766773.274913758039474 ], [ 347260.667537751607597, 6766809.164394496940076 ], [ 347212.553720844734926, 6766853.568770803511143 ], [ 347205.724108258145861, 6766859.447863506153226 ], [ 347198.754452864057384, 6766865.307703065685928 ], [ 347198.54722784209298, 6766865.482410430908203 ], [ 347187.623441165313125, 6766874.717397104948759 ], [ 347157.412284274643753, 6766900.182416923344135 ], [ 347157.304772790579591, 6766900.273167921230197 ], [ 347148.040834122919478, 6766908.104073154740036 ], [ 347076.939026541600469, 6766963.627961838617921 ], [ 347039.765107308514416, 6766992.218039837665856 ], [ 347031.749736986414064, 6766997.602339120581746 ], [ 347005.528744451003149, 6767010.027601999230683 ], [ 347002.024283853243105, 6767011.431785290129483 ], [ 346988.958023223734926, 6767015.528914072550833 ], [ 346955.035598368442152, 6767023.350776176899672 ], [ 346879.03338152624201, 6767034.473316958174109 ], [ 346875.977677212038543, 6767034.968929033726454 ], [ 346761.892953809991013, 6767055.289661766029894 ], [ 346740.519854900601786, 6767061.620157052762806 ], [ 346664.394703387923073, 6767093.773431547917426 ], [ 346649.137322479044087, 6767101.833897635340691 ], [ 346498.080262267147191, 6767199.172387733124197 ], [ 346496.894214524130803, 6767199.948607074096799 ], [ 346431.807966407155618, 6767243.206826998852193 ], [ 346429.99356726615224, 6767244.441647955216467 ], [ 346350.270164638815913, 6767299.988573275506496 ], [ 346345.672990294580813, 6767303.390969357453287 ], [ 346140.226845879631583, 6767464.736500706523657 ], [ 346078.458388519182336, 6767511.135512220673263 ], [ 346078.207579365815036, 6767511.324530960991979 ], [ 346020.65796000813134, 6767554.837845717556775 ], [ 345959.344820743543096, 6767600.007529775612056 ], [ 345958.063485405931715, 6767600.967414006590843 ], [ 345905.869403295742813, 6767640.7237081034109 ], [ 345897.741552519204561, 6767646.918320253491402 ], [ 345869.180657826946117, 6767666.883566239848733 ], [ 345866.896993105707224, 6767668.528259330429137 ], [ 345809.903718887304422, 6767710.805298330262303 ], [ 345796.826458350638859, 6767720.513583065010607 ], [ 345793.690941559732892, 6767722.939188143238425 ], [ 345771.144559323671274, 6767741.106450980529189 ], [ 345638.593051886651665, 6767833.88398252427578 ], [ 345637.09088764275657, 6767834.956188790500164 ], [ 345616.98545255640056, 6767849.588853385299444 ], [ 345573.293656155816279, 6767878.418090298771858 ], [ 345572.905073619680479, 6767878.675791759043932 ], [ 345570.833592874929309, 6767880.056527373380959 ], [ 345549.425447625748347, 6767894.18053125962615 ], [ 345500.701867965573911, 6767922.443224120885134 ], [ 345499.050308457401115, 6767923.422541161067784 ], [ 345462.293146665964741, 6767945.697965977713466 ], [ 345461.145581383083481, 6767946.404022633098066 ], [ 345397.534996925794985, 6767986.134615709073842 ], [ 345377.853432631469332, 6767998.440671928226948 ], [ 345365.497240673110355, 6768007.556868568994105 ], [ 345302.863376278721262, 6768061.664019282907248 ], [ 345297.808625214209314, 6768066.007468461990356 ], [ 345297.544572517857887, 6768066.235165232792497 ], [ 345288.969284639752004, 6768073.655875451862812 ], [ 345227.077672360173892, 6768127.086904362775385 ], [ 345224.695858192222659, 6768129.210382697172463 ], [ 345194.940318673849106, 6768156.603077949024737 ], [ 345123.792248456273228, 6768215.817666003480554 ], [ 345108.956213549186941, 6768228.154466528445482 ], [ 345047.537568779021967, 6768278.422931023873389 ], [ 345040.77704934758367, 6768284.489193052984774 ], [ 345019.243038749729749, 6768305.654218295589089 ], [ 345013.305726527585648, 6768312.021134318783879 ], [ 344997.397352151398081, 6768330.643805393017828 ], [ 344990.214274317666423, 6768340.144497217610478 ], [ 344969.827946669014636, 6768370.738774268887937 ], [ 344964.174780008790549, 6768379.189456092193723 ], [ 344961.199973971524742, 6768383.916920362040401 ], [ 344953.555725870770402, 6768396.852822652086616 ], [ 344912.902858617017046, 6768465.33978449460119 ], [ 344909.474284761061426, 6768471.024859478697181 ], [ 344905.90886400960153, 6768476.881747212260962 ], [ 344905.165977698750794, 6768478.12218264117837 ], [ 344881.094227277033497, 6768518.98330794647336 ], [ 344877.280663723242469, 6768526.098715098574758 ], [ 344853.830859729845542, 6768574.442968882620335 ], [ 344839.476325040624943, 6768604.031430316157639 ], [ 344833.357918820867781, 6768619.988800216466188 ], [ 344830.302365835465025, 6768630.591691855341196 ], [ 344824.872249948268291, 6768649.098839012905955 ], [ 344822.494491099321749, 6768659.068379603326321 ], [ 344817.85780616622651, 6768684.141585065051913 ], [ 344816.200748739298433, 6768700.89900485612452 ], [ 344816.146142643410712, 6768704.725642256438732 ], [ 344815.405156481196173, 6768739.397740541025996 ], [ 344814.558462180837523, 6768779.121211611665785 ], [ 344813.572792938852217, 6768794.909863423556089 ], [ 344813.474355829006527, 6768796.763005756773055 ], [ 344811.903643840167206, 6768832.609073686413467 ], [ 344808.318245473841671, 6768858.741831855848432 ], [ 344802.985452570661437, 6768883.777036691084504 ], [ 344782.859433997189626, 6768967.549892003647983 ], [ 344781.235985280014575, 6768975.831942213699222 ], [ 344761.682186762569472, 6769104.035527613013983 ], [ 344758.96924461715389, 6769121.827941350638866 ], [ 344757.16095117846271, 6769133.631453025154769 ], [ 344757.139884003496263, 6769133.76961246971041 ], [ 344751.097650907526258, 6769173.581504378467798 ], [ 344749.010594435385428, 6769186.993242043070495 ], [ 344738.602590042399243, 6769249.428629463538527 ], [ 344736.702396006905474, 6769255.744922202080488 ], [ 344734.821536078408826, 6769262.962469523772597 ], [ 344731.251791786518879, 6769279.105952507816255 ], [ 344730.941746401251294, 6769279.968443715013564 ], [ 344726.540517202287447, 6769296.573677834123373 ], [ 344717.464108333922923, 6769348.485205705277622 ], [ 344703.395410130498931, 6769398.547809005714953 ], [ 344677.340430693118833, 6769477.156051124446094 ], [ 344676.693876252393238, 6769479.178352489136159 ], [ 344666.820116008631885, 6769511.230778460390866 ], [ 344643.199203134630807, 6769584.959074579179287 ], [ 344631.89908952213591, 6769613.395491777919233 ], [ 344612.81937531667063, 6769661.438550708815455 ], [ 344605.292438346252311, 6769680.370443143881857 ], [ 344597.029947433504276, 6769700.077357460744679 ], [ 344596.792843919538427, 6769700.647809420712292 ], [ 344594.5853162240237, 6769706.00557822920382 ], [ 344582.281868683698121, 6769735.724028522148728 ], [ 344576.949473417364061, 6769748.419847117736936 ], [ 344568.858897583850194, 6769766.681530931964517 ], [ 344567.430816595500801, 6769769.902741860598326 ], [ 344564.272724119247869, 6769776.276524663902819 ], [ 344564.089179492380936, 6769776.648902482353151 ], [ 344553.018670726509299, 6769799.226964787580073 ], [ 344545.565158793877345, 6769809.91146688722074 ], [ 344533.980709772731643, 6769826.467616966925561 ], [ 344530.758664996363223, 6769830.462587000802159 ], [ 344521.114089859300293, 6769842.398202175274491 ], [ 344492.653490992437582, 6769869.484400046057999 ], [ 344479.84138701541815, 6769881.635203377343714 ], [ 344472.516255262889899, 6769889.363584916107357 ], [ 344456.112094036128838, 6769908.629144162870944 ], [ 344453.537779626902193, 6769911.780188426375389 ], [ 344446.957954625715502, 6769920.177147903479636 ], [ 344437.853864895005245, 6769934.021025418303907 ], [ 344431.468921472725924, 6769945.742651924490929 ], [ 344425.061324480338953, 6769960.085206279531121 ], [ 344417.580203225021251, 6769981.131791328079998 ], [ 344415.2038522453513, 6769988.773158271797001 ], [ 344407.232652865641285, 6770018.559926932677627 ], [ 344398.590357830224093, 6770050.876074954867363 ], [ 344398.540140283119399, 6770051.064590133726597 ], [ 344394.195755239343271, 6770067.437474335543811 ], [ 344390.176339435973205, 6770082.433311668224633 ], [ 344382.621563496242743, 6770107.395249244756997 ], [ 344381.563150879461318, 6770111.155812625773251 ], [ 344351.51156281173462, 6770226.525342314504087 ], [ 344350.269193965068553, 6770231.103965288028121 ], [ 344269.845688455388881, 6770496.682554349303246 ], [ 344258.499960297718644, 6770525.854292549192905 ], [ 344248.989347938157152, 6770550.288977354764938 ], [ 344248.938646257913206, 6770550.419510529376566 ], [ 344238.131511031708214, 6770578.300668052397668 ], [ 344231.904183456848841, 6770594.33256375323981 ], [ 344199.483906946668867, 6770677.831100665032864 ], [ 344158.644291638047434, 6770764.999878491275012 ], [ 344115.900209447252564, 6770837.242093746550381 ], [ 344114.250476889428683, 6770839.991490158252418 ], [ 344083.553729068895336, 6770887.653364016674459 ], [ 344083.295200055988971, 6770888.056894721463323 ], [ 344080.432587783085182, 6770892.548725951462984 ], [ 344079.411988118139561, 6770894.184779891744256 ], [ 344054.673256476933602, 6770934.706602705642581 ], [ 344050.670253714430146, 6770941.915977410040796 ], [ 344028.339815470390022, 6770986.357249535620213 ], [ 344022.169078637671191, 6771001.675086840987206 ], [ 344018.875815009581856, 6771012.31025858130306 ], [ 344008.376734075834975, 6771045.687468924559653 ], [ 344007.482086271687876, 6771048.695741867646575 ], [ 343995.015509297256358, 6771093.156868278048933 ], [ 343993.849084735556971, 6771097.729215065948665 ], [ 343992.218550413730554, 6771104.814853046089411 ], [ 343992.177596660738345, 6771104.993570900522172 ], [ 343979.436234299384523, 6771160.83059346396476 ], [ 343977.54013476538239, 6771172.049576550722122 ], [ 343974.238410426361952, 6771201.8064035307616 ], [ 343974.240812423115131, 6771223.884048593230546 ], [ 343977.302146648231428, 6771251.419691272079945 ], [ 343978.318112042325083, 6771258.342564962804317 ], [ 343984.979530938959215, 6771294.803528749383986 ], [ 343986.055106668791268, 6771299.927915874868631 ], [ 343987.666271151567344, 6771306.714976584538817 ], [ 343987.692040322057437, 6771306.823261490091681 ], [ 343996.21246909716865, 6771342.538777224719524 ], [ 344011.829626955091953, 6771408.079061722382903 ], [ 344028.942594884894788, 6771479.743072954006493 ], [ 344042.452199911873322, 6771536.312934546731412 ], [ 344048.980218920798507, 6771570.845774657092988 ], [ 344049.069233977352269, 6771571.31062909308821 ], [ 344053.533643059781753, 6771594.329623961821198 ], [ 344054.319235170725733, 6771598.008582997135818 ], [ 344060.489485338679515, 6771624.457819295115769 ], [ 344070.423853521235287, 6771700.983897279016674 ], [ 344062.116503386176191, 6771749.846052222885191 ], [ 344045.491493888373952, 6771794.20360896922648 ], [ 344026.519378611119464, 6771826.042837051674724 ], [ 344026.350738114793785, 6771826.326917597092688 ], [ 344000.985009443596937, 6771869.217580007389188 ], [ 343973.68294631014578, 6771900.931612129323184 ], [ 343949.143092264246661, 6771922.705345496535301 ], [ 343925.801032864023, 6771940.602589083835483 ], [ 343872.830485382350162, 6771969.932933295145631 ], [ 342736.747103160305414, 6772383.909072995185852 ], [ 341713.737935715005733, 6772671.201457330025733 ], [ 341710.669328954420052, 6772672.116467567160726 ], [ 341610.1618367669289, 6772703.84711791574955 ], [ 341597.319386567687616, 6772708.900175580754876 ], [ 341380.415732469060458, 6772812.054599995724857 ], [ 341354.794436365540605, 6772829.573241925798357 ], [ 341172.314349115011282, 6773001.475394883193076 ], [ 341156.577063600125257, 6773020.483572071418166 ], [ 341067.220609992160462, 6773160.558959933929145 ], [ 341055.289533802424558, 6773187.168482700362802 ], [ 340974.046299744222779, 6773474.924475125037134 ], [ 340972.985467134043574, 6773479.009657595306635 ], [ 340820.742473442282062, 6774120.655433049425483 ], [ 340739.287925609154627, 6774352.663356179371476 ], [ 340665.308012449357193, 6774464.741340780630708 ], [ 340517.473199155239854, 6774603.204906947910786 ], [ 340281.684224060096312, 6774724.602091592736542 ], [ 339743.308290798973758, 6774984.287583981640637 ], [ 339731.887189227622002, 6774990.752694744616747 ], [ 339528.772177640930749, 6775124.048640631139278 ], [ 339525.902596459083725, 6775126.003939081914723 ], [ 339395.756564215989783, 6775218.03273827303201 ], [ 339383.123112843604758, 6775228.631362873129547 ], [ 339120.355235215683933, 6775488.879306773655117 ], [ 339113.328506490739528, 6775496.606279174797237 ], [ 338486.528022432641592, 6776262.699961734004319 ], [ 338118.966743246710394, 6776668.272510834038258 ], [ 337865.297351295885164, 6776850.324342503212392 ], [ 337657.780044548853766, 6776947.984302059747279 ], [ 337653.066240328655113, 6776950.3565569287166 ], [ 337351.529718851088546, 6777112.215862332843244 ], [ 337347.372461070073768, 6777114.577118936926126 ], [ 337204.546613394108135, 6777200.27916965354234 ], [ 337195.934283735579811, 6777206.075365274213254 ], [ 337027.734372073726263, 6777332.438348743133247 ], [ 337022.316584103798959, 6777336.811729490756989 ], [ 336937.811992973263841, 6777410.028538106940687 ], [ 336932.505068202619441, 6777414.974759102798998 ], [ 336862.649008202657569, 6777484.986830228939652 ], [ 336859.903270803915802, 6777487.850104390643537 ], [ 336837.504030953976326, 6777512.155406093224883 ], [ 336835.055999068717938, 6777514.912034664303064 ], [ 336780.303750371385831, 6777578.904284730553627 ], [ 336755.145874705340248, 6777607.068249762058258 ], [ 336750.966821573849302, 6777612.065133953467011 ], [ 336724.041474660683889, 6777646.478046594187617 ], [ 336721.467556061281357, 6777649.917478816583753 ], [ 336633.0077720664558, 6777773.573553849942982 ], [ 336629.146859222499188, 6777779.389422110281885 ], [ 336598.659708473307546, 6777828.987692852504551 ], [ 336598.302983549481723, 6777829.57251435238868 ], [ 336542.17253157653613, 6777922.306813444010913 ], [ 336538.688139041711111, 6777928.558015630580485 ], [ 336483.062244688218925, 6778037.333480714820325 ], [ 336480.672902093385346, 6778042.344215183518827 ], [ 336459.248869848030154, 6778090.682603378780186 ], [ 336458.116804940626025, 6778093.339787184260786 ], [ 336440.171614014951047, 6778137.207058619707823 ], [ 336439.77621798106702, 6778138.188391645438969 ], [ 336409.079871892055962, 6778215.551739208400249 ], [ 336408.687514320772607, 6778216.556359350681305 ], [ 336388.78347393166041, 6778268.342463799752295 ], [ 336385.796323325193953, 6778277.376081089489162 ], [ 336360.231251002347562, 6778369.120747053995728 ], [ 336358.924120405805297, 6778374.353468400426209 ], [ 336353.845528409408871, 6778397.299208811484277 ], [ 336325.336435356526636, 6778521.078854606486857 ], [ 336239.786196215136442, 6778853.002480790950358 ], [ 336212.198266695952043, 6778926.963873077183962 ], [ 336166.687626619066577, 6779018.341345932334661 ], [ 336159.280469351389911, 6779029.334158941172063 ], [ 336113.766962915251497, 6779089.650835140608251 ], [ 336045.579215541307349, 6779161.800187029875815 ], [ 336016.553978080686647, 6779186.692457914352417 ], [ 335912.589370589877944, 6779260.786650586873293 ], [ 335830.935449438344222, 6779315.165494505316019 ], [ 335660.521189337130636, 6779426.880531121976674 ], [ 335593.786514254577924, 6779470.000986285507679 ], [ 335588.273575055529363, 6779473.83142773155123 ], [ 335451.437119105888996, 6779575.88353427592665 ], [ 335441.34418021485908, 6779584.510404728353024 ], [ 335328.702027845720295, 6779694.54250661469996 ], [ 335115.3082661050139, 6779902.313136975280941 ], [ 335115.016089314594865, 6779902.598779753781855 ], [ 335044.158737330522854, 6779972.155226042494178 ], [ 335041.876916711567901, 6779974.469148365780711 ], [ 334976.544232805492356, 6780042.910565854981542 ], [ 334970.845750607142691, 6780049.422400836832821 ], [ 334893.685020690609235, 6780145.702588091604412 ], [ 334885.89259425655473, 6780156.916850221343338 ], [ 334812.238433955877554, 6780280.086266045458615 ], [ 334764.457176476018503, 6780351.696542169898748 ], [ 334700.733378368197009, 6780426.586633937433362 ], [ 334625.388987115467899, 6780486.833510930649936 ], [ 334569.272466122405604, 6780524.50752486102283 ], [ 334524.699484102253336, 6780547.165676000528038 ], [ 334446.930883549037389, 6780580.916616646572948 ], [ 334364.758659476297908, 6780613.011630442924798 ], [ 334359.842891735082958, 6780615.084417856298387 ], [ 334320.838045729498845, 6780632.771048557013273 ], [ 334314.693552525772247, 6780635.815407524816692 ], [ 334196.486168023489881, 6780699.520760429091752 ], [ 334185.514652253477834, 6780706.384957012720406 ], [ 334131.516097657033242, 6780745.24664727319032 ], [ 334128.451686721178703, 6780747.542357717640698 ], [ 334075.161931659560651, 6780789.080774758942425 ], [ 334072.71610099071404, 6780791.049757744185627 ], [ 334019.179552555957343, 6780835.551750530488789 ], [ 334006.695277420105413, 6780847.940520782954991 ], [ 333964.239372396201361, 6780898.224999732337892 ], [ 333959.173685712274164, 6780904.754039384424686 ], [ 333918.951330311538186, 6780961.271395321004093 ], [ 333912.425117886101361, 6780971.756879105232656 ], [ 333772.442061818379443, 6781231.105560847558081 ], [ 333754.29417198325973, 6781263.164189215749502 ], [ 333720.925136454752646, 6781321.827743506990373 ], [ 333660.880760173487943, 6781401.242803548462689 ], [ 333584.184185671037994, 6781468.668809515424073 ], [ 333498.657034619769547, 6781527.551542056724429 ], [ 333392.000010723713785, 6781589.970080665312707 ], [ 332823.348784491070546, 6781905.076727105304599 ], [ 332815.744407700316515, 6781909.745708232745528 ], [ 332734.542153928487096, 6781964.737286292016506 ], [ 332727.076439323660452, 6781970.317834480665624 ], [ 332650.193991323176306, 6782033.579901354387403 ], [ 332643.445292122138198, 6782039.667909722775221 ], [ 332577.414976397587452, 6782104.915387058630586 ], [ 332564.475562780338805, 6782120.609682459384203 ], [ 332484.624549178115558, 6782240.489921063184738 ], [ 332483.228985814377666, 6782242.644514708779752 ], [ 332351.943741854513064, 6782451.151668982580304 ], [ 332349.646804259507917, 6782454.987225971184671 ], [ 332302.534668450942263, 6782537.80321750510484 ], [ 332297.952568132779561, 6782546.90850140992552 ], [ 332281.996167669538409, 6782583.100625845603645 ], [ 332281.055020709347446, 6782585.306618181988597 ], [ 332265.074927678273525, 6782624.043548574671149 ], [ 332263.741497979150154, 6782627.451465226709843 ], [ 332250.136894629220478, 6782664.188702838495374 ], [ 332247.420945745194331, 6782672.662855583243072 ], [ 332233.73635998996906, 6782722.959693666547537 ], [ 332232.690408232505433, 6782727.161031678318977 ], [ 332220.449087635090109, 6782781.305777871981263 ], [ 332219.555847992363852, 6782785.715717787854373 ], [ 332211.597442163038068, 6782830.118703881278634 ], [ 332210.752301083062775, 6782835.754498064517975 ], [ 332204.359737250371836, 6782888.61315103340894 ], [ 332203.71765165036777, 6782896.588399255648255 ], [ 332177.644220833957661, 6783542.891228143125772 ], [ 332171.090132916055154, 6783596.651833839714527 ], [ 332161.611571128654759, 6783653.506057505495846 ], [ 332146.886032668000553, 6783715.715060741640627 ], [ 332128.207325770577881, 6783767.569841493852437 ], [ 332122.22147163678892, 6783780.992232429794967 ], [ 332088.763861608458683, 6783849.275291380472481 ], [ 332040.022450382763054, 6783922.496081683784723 ], [ 331988.790368118148763, 6783988.56140305288136 ], [ 331882.722380370774772, 6784114.076917921192944 ], [ 331881.824168220162392, 6784115.155071305111051 ], [ 331695.322589698072989, 6784342.240175055339932 ], [ 331634.650690226175357, 6784406.153911487199366 ], [ 331577.91767625475768, 6784455.4150295779109 ], [ 331537.372537655115593, 6784484.142845695838332 ], [ 331510.397664258780424, 6784501.271689973771572 ], [ 331497.449761781026609, 6784509.48646623082459 ], [ 331371.791476734273601, 6784579.349114189855754 ], [ 331224.161425394297112, 6784661.08902230579406 ], [ 331214.762208266824018, 6784666.997631264850497 ], [ 331144.018858897557948, 6784717.154898994602263 ], [ 331136.68803468538681, 6784722.882971109822392 ], [ 331047.216176559159067, 6784799.757000448182225 ], [ 330948.232870618696325, 6784880.957800399512053 ], [ 330890.87401271739509, 6784917.666919938288629 ], [ 330889.887895859021228, 6784918.306224123574793 ], [ 330881.042184188612737, 6784924.115048645995557 ], [ 330812.163014580437448, 6784960.42436505202204 ], [ 330709.297467844735365, 6785000.933737699873745 ], [ 330705.073246456275228, 6785002.710120276547968 ], [ 330653.231990770553239, 6785025.922413200139999 ], [ 330645.729217092273757, 6785029.667036449536681 ], [ 330595.888398057431914, 6785057.210891253314912 ], [ 330589.337584758468438, 6785061.165606159716845 ], [ 330530.591164011450019, 6785099.772374208085239 ], [ 330525.577643911121413, 6785103.291629583574831 ], [ 330470.586676867154893, 6785144.463254599831998 ], [ 330465.157480155001394, 6785148.831372501328588 ], [ 330404.083344063255936, 6785201.577897612936795 ], [ 330371.258984377549496, 6785229.80202029645443 ], [ 330370.131519155751448, 6785230.786244822666049 ], [ 330366.18304372188868, 6785234.28548641409725 ], [ 330348.02651226654416, 6785248.910731555894017 ], [ 330343.632065925921779, 6785252.664972012862563 ], [ 330328.326881951477844, 6785266.52523591928184 ], [ 330327.384893078589812, 6785267.389316311106086 ], [ 330301.220724816201255, 6785291.699295398779213 ], [ 330292.268211301183328, 6785299.721728162840009 ], [ 330289.320532460522372, 6785302.268074841238558 ], [ 330269.306759289873298, 6785318.602929973974824 ], [ 330265.246262189059053, 6785322.102480945177376 ], [ 330237.675626947311684, 6785347.183093743398786 ], [ 330181.971127719676588, 6785397.045275649987161 ], [ 330178.053897756617516, 6785400.746566201560199 ], [ 330124.485805292148143, 6785454.166287368163466 ], [ 330120.501812148664612, 6785458.376490821130574 ], [ 330077.660265628655907, 6785506.363047698512673 ], [ 330012.812351432919968, 6785579.120166102424264 ], [ 329971.823286234692205, 6785624.50194691773504 ], [ 329969.000855634803884, 6785627.765737742185593 ], [ 329933.514907678647432, 6785670.636404267512262 ], [ 329927.236163263500202, 6785679.091469122096896 ], [ 329880.449756006477401, 6785749.566131642088294 ], [ 329845.91986246581655, 6785801.229174020700157 ], [ 329845.004185093566775, 6785802.624251818284392 ], [ 329798.484559775795788, 6785874.80485777836293 ], [ 329751.040162984572817, 6785944.628641283139586 ], [ 329683.163178901595529, 6786039.933322955854237 ], [ 329682.95709557144437, 6786040.223773489706218 ], [ 329595.229277143778745, 6786164.333638782612979 ], [ 329592.991783553618006, 6786167.636942852288485 ], [ 329525.956647810526192, 6786270.985567230731249 ], [ 329488.435646309226286, 6786326.535504316911101 ], [ 329448.866225484583993, 6786379.334223530255258 ], [ 329445.361981396272313, 6786384.319645944982767 ], [ 329345.654308698140085, 6786535.779750863090158 ], [ 329274.254251140286215, 6786638.773843926377594 ], [ 329270.180782681156415, 6786645.152490823529661 ], [ 329184.606629345973488, 6786791.045012306421995 ], [ 329181.977701239287853, 6786795.820675181224942 ], [ 329137.539814387913793, 6786882.027548940852284 ], [ 329137.35397344030207, 6786882.38987891562283 ], [ 329099.583108857332263, 6786956.40160009264946 ], [ 329099.507918880030047, 6786956.54923621751368 ], [ 329035.986627481644973, 6787081.529713394120336 ], [ 328976.830969292670488, 6787191.216477671638131 ], [ 328942.045824761502445, 6787247.397521615028381 ], [ 328898.283026136399712, 6787315.610042216256261 ], [ 328846.301452706451528, 6787386.310411154292524 ], [ 328796.054785954765975, 6787449.461580468341708 ], [ 328693.212908922985662, 6787568.798795437440276 ], [ 328692.757150951656513, 6787569.331418513320386 ], [ 328624.360355851938948, 6787649.833041938021779 ], [ 328620.299689027538989, 6787654.941190684214234 ], [ 328529.965366385877132, 6787776.519670545123518 ], [ 328526.937839526159223, 6787780.826698214747012 ], [ 328447.602479586843401, 6787900.253900395706296 ], [ 328386.664170952804852, 6787989.003406463190913 ], [ 328309.778298181772698, 6788101.022010399959981 ], [ 328252.294962115120143, 6788184.325573463924229 ], [ 328128.181591387838125, 6788349.264184952713549 ], [ 328127.935510434384923, 6788349.592611097730696 ], [ 328079.913541607616935, 6788413.958811435848475 ], [ 328065.357666885363869, 6788441.65350741147995 ], [ 328060.072339090809692, 6788472.490741142071784 ], [ 328064.574922933534253, 6788503.451949336566031 ], [ 328078.424674135632813, 6788531.506433215923607 ], [ 328100.265882552659605, 6788553.908024431206286 ], [ 328127.960578528000042, 6788568.463899153284729 ], [ 328158.797812259290367, 6788573.74922694824636 ], [ 328189.759020453377161, 6788569.246643105521798 ], [ 328217.813504332734738, 6788555.3968919031322 ], [ 328240.215095548133831, 6788533.555683486163616 ], [ 328288.114360871317331, 6788469.353948672302067 ], [ 328413.339332672418095, 6788302.938091528601944 ], [ 328415.740857317228802, 6788299.606352743692696 ], [ 328474.461646729614586, 6788214.509500009007752 ], [ 328474.60320428275736, 6788214.303809095174074 ], [ 328551.544398199184798, 6788102.204602325335145 ], [ 328612.91166227607755, 6788012.830372918397188 ], [ 328613.770048058242537, 6788011.559458367526531 ], [ 328692.072671496251132, 6787893.686882409267128 ], [ 328778.889567798993085, 6787776.842409898526967 ], [ 328844.945706419297494, 6787699.095691088587046 ], [ 328948.838563124125358, 6787578.538924407213926 ], [ 328951.338959013985004, 6787575.519776877015829 ], [ 329003.9924981026561, 6787509.343594915233552 ], [ 329006.307381972612347, 6787506.317630536854267 ], [ 329061.300819169788156, 6787431.520812309347093 ], [ 329064.9008110902505, 6787426.283531391061842 ], [ 329110.813246651261579, 6787354.720398890785873 ], [ 329111.668160083005205, 6787353.364054247736931 ], [ 329148.449475429952145, 6787293.959020241163671 ], [ 329151.443051700945944, 6787288.784722400829196 ], [ 329212.596724264265504, 6787175.393228290602565 ], [ 329213.727580857521389, 6787173.233798402361572 ], [ 329277.763606059132144, 6787047.240563535131514 ], [ 329315.404262920259498, 6786973.483983396552503 ], [ 329358.499506192281842, 6786889.881758816540241 ], [ 329440.778127899393439, 6786749.607679353095591 ], [ 329510.703891272190958, 6786648.740245535038412 ], [ 329512.046494283073116, 6786646.753074867650867 ], [ 329610.737416891613975, 6786496.837455655448139 ], [ 329649.950893358152825, 6786444.513684161938727 ], [ 329652.797063417849131, 6786440.515110013075173 ], [ 329692.213861805852503, 6786382.158440868370235 ], [ 329693.242949244508054, 6786380.603824793361127 ], [ 329759.699590711330529, 6786278.147069836035371 ], [ 329846.172924205486197, 6786155.811943261884153 ], [ 329914.586148378613871, 6786059.754337873309851 ], [ 329915.845277108659502, 6786057.944525926373899 ], [ 329964.593126534484327, 6785986.202454894781113 ], [ 329965.936163486738224, 6785984.173230758868158 ], [ 330012.662943104340229, 6785911.671200823970139 ], [ 330046.815621687914245, 6785860.572541080415249 ], [ 330046.98810691217659, 6785860.313600587658584 ], [ 330090.944101997360121, 6785794.102405905723572 ], [ 330121.691759233712219, 6785756.956080790609121 ], [ 330161.455578249995597, 6785712.930853324010968 ], [ 330161.896326671121642, 6785712.43962162360549 ], [ 330226.880975590203889, 6785639.529039750806987 ], [ 330267.763933851209003, 6785593.736285724677145 ], [ 330317.370265541714616, 6785544.267352165654302 ], [ 330371.365366663725581, 6785495.935285788029432 ], [ 330371.961413838667795, 6785495.397426999174058 ], [ 330397.84565939794993, 6785471.850898790173233 ], [ 330416.864975445030723, 6785456.327700356021523 ], [ 330419.005270026042126, 6785454.530420786701143 ], [ 330423.698537102143746, 6785450.47615107987076 ], [ 330425.063617348554544, 6785449.275085536763072 ], [ 330435.364149622386321, 6785440.044680302962661 ], [ 330436.695085298852064, 6785438.830221083015203 ], [ 330463.051017740566749, 6785414.342067663557827 ], [ 330475.739491811778862, 6785402.851477319374681 ], [ 330493.477393142471556, 6785388.563442409969866 ], [ 330497.071632117207628, 6785385.526077950373292 ], [ 330502.221434438426513, 6785380.962189236655831 ], [ 330534.560932620952372, 6785353.154976150020957 ], [ 330534.725885113410186, 6785353.012828595936298 ], [ 330593.243963263579644, 6785302.473836542107165 ], [ 330642.991347669158131, 6785265.228071166202426 ], [ 330695.977393293112982, 6785230.406886366195977 ], [ 330738.79427870438667, 6785206.744713516905904 ], [ 330784.713824134669267, 6785186.183908703736961 ], [ 330890.568108086124994, 6785144.497544599696994 ], [ 330900.558244906016625, 6785139.914134599268436 ], [ 330978.55273057683371, 6785098.799724041484296 ], [ 330986.811563081981149, 6785093.926358526572585 ], [ 330999.178543877438642, 6785085.805178006179631 ], [ 331061.005810735514387, 6785046.236319543793797 ], [ 331070.525078754872084, 6785039.322382116690278 ], [ 331174.945092095178552, 6784953.66158776730299 ], [ 331176.68997274240246, 6784952.196608043275774 ], [ 331263.493883904011454, 6784877.61487303674221 ], [ 331325.903091370651964, 6784833.366539368405938 ], [ 331468.745965036156122, 6784754.277199071832001 ], [ 331468.89924921473721, 6784754.192152959294617 ], [ 331597.167147322266828, 6784682.878629886545241 ], [ 331602.147351537947543, 6784679.917725381441414 ], [ 331617.558825340587646, 6784670.13994019292295 ], [ 331646.722495804191567, 6784651.621234942227602 ], [ 331650.930267736606766, 6784648.79722963552922 ], [ 331697.5688506506267, 6784615.751969951204956 ], [ 331705.319271770364139, 6784609.665382714010775 ], [ 331769.41936651407741, 6784554.007448898628354 ], [ 331776.382119853631593, 6784547.346922961995006 ], [ 331842.847367393958848, 6784477.330286757089198 ], [ 331847.599348067073151, 6784471.950186907313764 ], [ 332035.934982280305121, 6784242.631929259747267 ], [ 332142.906088758143596, 6784116.047709169797599 ], [ 332145.549514679412823, 6784112.782913126982749 ], [ 332200.284976964117959, 6784042.199877140112221 ], [ 332204.504719139949884, 6784036.332189036533237 ], [ 332258.90454265230801, 6783954.611164351925254 ], [ 332265.461113842262421, 6783943.198550128377974 ], [ 332302.615249632392079, 6783867.371315539814532 ], [ 332304.145353001076728, 6783864.100369985215366 ], [ 332312.369228760711849, 6783845.659547173418105 ], [ 332315.121916675940156, 6783838.819714143872261 ], [ 332336.972888740187045, 6783778.158268368802965 ], [ 332340.20139655249659, 6783767.303209734149277 ], [ 332357.00801597192185, 6783696.30254346691072 ], [ 332358.335709149658214, 6783689.71273351740092 ], [ 332368.728195536939893, 6783627.376615574583411 ], [ 332369.354657260992099, 6783623.033539537340403 ], [ 332376.664664634212386, 6783563.072423825971782 ], [ 332377.318338260811288, 6783555.001741733402014 ], [ 332403.39370980131207, 6782908.650806576013565 ], [ 332408.963332436862402, 6782862.596866754814982 ], [ 332416.021840787900146, 6782823.214752437546849 ], [ 332427.289432605786715, 6782773.376918819732964 ], [ 332439.236292489513289, 6782729.466983369551599 ], [ 332450.658679758256767, 6782698.622500483877957 ], [ 332465.483528973243665, 6782662.68596675992012 ], [ 332478.897410363366362, 6782632.260754911229014 ], [ 332522.380574807699304, 6782555.823944805189967 ], [ 332651.790516881155781, 6782350.295143985189497 ], [ 332725.262450904003344, 6782239.991810514591634 ], [ 332780.784949543420225, 6782185.127572295255959 ], [ 332850.551894717500545, 6782127.720436259172857 ], [ 332924.19318287918577, 6782077.849275567568839 ], [ 333489.964780206559226, 6781764.338317601941526 ], [ 333492.004781016905326, 6781763.176385489292443 ], [ 333602.846396124630701, 6781698.308912355452776 ], [ 333609.04444891930325, 6781694.369171001017094 ], [ 333702.472543158684857, 6781630.046889511868358 ], [ 333711.791332700464409, 6781622.783819320611656 ], [ 333800.553307267371565, 6781544.750798085704446 ], [ 333814.293981802067719, 6781529.957015419378877 ], [ 333884.390014981210697, 6781437.247572364285588 ], [ 333891.545321424375288, 6781426.380389987491071 ], [ 333928.188934992591385, 6781361.960049995221198 ], [ 333928.291080493421759, 6781361.780042596161366 ], [ 333946.986774856399279, 6781328.753706029616296 ], [ 333947.962622749560978, 6781326.988561413250864 ], [ 334085.485969238681719, 6781072.197020045481622 ], [ 334119.723002646060195, 6781024.08977759256959 ], [ 334153.815779372991528, 6780983.710529696196318 ], [ 334199.355879083857872, 6780945.855545613914728 ], [ 334249.897034880355932, 6780906.45961285289377 ], [ 334297.07820150628686, 6780872.504261691123247 ], [ 334406.557247777178418, 6780813.502860825508833 ], [ 334440.007397349691018, 6780798.334990600124002 ], [ 334521.422194107843097, 6780766.535814483650029 ], [ 334524.852192180696875, 6780765.12223983835429 ], [ 334607.113788930291776, 6780729.421375355683267 ], [ 334612.617201894754544, 6780726.831288975663483 ], [ 334665.299761425936595, 6780700.050729494541883 ], [ 334675.723864587489516, 6780693.932310242205858 ], [ 334740.32591506576864, 6780650.561507729813457 ], [ 334747.0382046130253, 6780645.637862962670624 ], [ 334833.128351736173499, 6780576.798465393483639 ], [ 334846.837136417336296, 6780563.501626420766115 ], [ 334920.560440794099122, 6780476.859819212928414 ], [ 334927.583255288715009, 6780467.558345461264253 ], [ 334979.977276917197742, 6780389.034870903007686 ], [ 334982.619555211742409, 6780384.854541101492941 ], [ 335054.030687919410411, 6780265.436066123656929 ], [ 335124.203219382034149, 6780177.875664910301566 ], [ 335185.423552127962466, 6780113.742277120240033 ], [ 335254.975395469926298, 6780045.467370985075831 ], [ 335468.281161596940365, 6779837.782417469657958 ], [ 335468.39783802209422, 6779837.668630224652588 ], [ 335576.338802740909159, 6779732.228783968836069 ], [ 335705.149650643463247, 6779636.162145272828639 ], [ 335769.340897151792888, 6779594.68512056954205 ], [ 335769.89443138911156, 6779594.324859098531306 ], [ 335940.888092893466819, 6779482.229995999485254 ], [ 335941.493101654748898, 6779481.830238823778927 ], [ 336024.766955464961939, 6779426.372572676278651 ], [ 336027.374802275502589, 6779424.575578220188618 ], [ 336136.284087877720594, 6779346.957379239611328 ], [ 336143.346006777544972, 6779341.430706768296659 ], [ 336179.756583095819224, 6779310.204711459577084 ], [ 336187.334933406615164, 6779302.983703373931348 ], [ 336262.930185060657095, 6779222.99648246075958 ], [ 336270.076685247884598, 6779214.542785259895027 ], [ 336320.540339389524888, 6779147.665936495177448 ], [ 336323.646295681304764, 6779143.312360359355807 ], [ 336336.209377650811803, 6779124.667743278667331 ], [ 336342.791483934444841, 6779113.369543243199587 ], [ 336393.567251354746986, 6779011.420607756823301 ], [ 336397.749100563814864, 6779001.787242954596877 ], [ 336429.007119189947844, 6778917.986587450839579 ], [ 336432.14818919316167, 6778907.996621090918779 ], [ 336519.330007201409899, 6778569.742684444412589 ], [ 336519.94336713879602, 6778567.228788019157946 ], [ 336548.838877917034552, 6778441.771409120410681 ], [ 336549.027312322868966, 6778440.936969762668014 ], [ 336553.615354176901747, 6778420.207598816603422 ], [ 336577.177827103063464, 6778335.649605762213469 ], [ 336595.179698473657481, 6778288.812542892061174 ], [ 336625.482054614345543, 6778212.442159808240831 ], [ 336642.68010818422772, 6778170.40127613954246 ], [ 336662.393814361479599, 6778125.921844300813973 ], [ 336715.125191503379028, 6778022.806557080708444 ], [ 336769.224169503431767, 6777933.428498824127018 ], [ 336797.703059601772111, 6777887.097383360378444 ], [ 336882.880815243988764, 6777768.029186862520874 ], [ 336906.474147678003646, 6777737.874875737354159 ], [ 336930.171955912315752, 6777711.345440132543445 ], [ 336931.576567157986574, 6777709.738812197931111 ], [ 336985.823945055541117, 6777646.336635037325323 ], [ 337005.629291079530958, 6777624.845954386517406 ], [ 337071.520383236464113, 6777558.807706156745553 ], [ 337150.649024639627896, 6777490.248749582096934 ], [ 337311.908336083753966, 6777369.100007559172809 ], [ 337448.226990374154411, 6777287.302570934407413 ], [ 337745.331056974013336, 6777127.822526470758021 ], [ 337958.745378747407813, 6777027.38736585713923 ], [ 337974.469906846818049, 6777018.14925480261445 ], [ 338244.224175318260677, 6776824.553731518797576 ], [ 338260.015926634892821, 6776810.463832979090512 ], [ 338636.420895256043877, 6776395.133026220835745 ], [ 338639.719114496896509, 6776391.303535575978458 ], [ 339264.808972924016416, 6775627.300629144534469 ], [ 339517.983163078548387, 6775376.55436962749809 ], [ 339639.956222572771367, 6775290.304838961921632 ], [ 339836.121494539780542, 6775161.569718535989523 ], [ 340369.746758847206365, 6774904.175710090436041 ], [ 340372.076560977671761, 6774903.014310681261122 ], [ 340621.425810007320251, 6774774.635548217222095 ], [ 340644.010504177189432, 6774758.71349355019629 ], [ 340810.631292491045315, 6774602.654795104637742 ], [ 340825.729808942473028, 6774584.757272287271917 ], [ 340913.008268177974969, 6774452.532275089994073 ], [ 340923.904083229834214, 6774430.569920293055475 ], [ 341011.18561024061637, 6774181.964945518411696 ], [ 341014.130439257540274, 6774171.924715769477189 ], [ 341167.095554215891752, 6773527.235476383939385 ], [ 341243.760637294733897, 6773255.694869693368673 ], [ 341318.503701249195728, 6773138.527465988881886 ], [ 341480.498815248836763, 6772985.922821369022131 ], [ 341676.969325942278374, 6772892.485933321528137 ], [ 341769.353858438727912, 6772863.319736508652568 ], [ 342794.465078220760915, 6772575.437031337060034 ], [ 342801.664675904146861, 6772573.118037424981594 ], [ 343948.659398584393784, 6772155.165926706977189 ], [ 343962.863549719913863, 6772148.693480541929603 ], [ 344029.187856662552804, 6772111.969020541757345 ], [ 344041.593679927347694, 6772103.84275586809963 ], [ 344073.679372596845496, 6772079.241436527110636 ], [ 344079.201802945695817, 6772074.68417523894459 ], [ 344111.450730522279628, 6772046.070331443101168 ], [ 344120.867018371121958, 6772036.512064785696566 ], [ 344158.335189421719406, 6771992.989098245278001 ], [ 344168.623725048673805, 6771978.65125350933522 ], [ 344198.414597747032531, 6771928.278158362954855 ], [ 344221.890331410104409, 6771888.880904679186642 ], [ 344229.62421333725797, 6771872.787842949852347 ], [ 344252.742360861098859, 6771811.105800555087626 ], [ 344257.688470150344074, 6771792.771337542682886 ], [ 344270.106269622396212, 6771719.73235013987869 ], [ 344270.688829304184765, 6771690.097609607502818 ], [ 344258.180433483968955, 6771593.743371834047139 ], [ 344256.397680237656459, 6771583.89838842023164 ], [ 344249.516896649380215, 6771554.403397765010595 ], [ 344245.455735375231598, 6771533.463593906722963 ], [ 344238.529613600869197, 6771496.824813367798924 ], [ 344237.53475043468643, 6771492.171544053591788 ], [ 344223.472941345185973, 6771433.289393801242113 ], [ 344206.377014526282437, 6771361.696795991621912 ], [ 344190.76238770049531, 6771296.167133437469602 ], [ 344182.245640219771303, 6771260.467033599503338 ], [ 344181.252219933201559, 6771256.282231943681836 ], [ 344175.690642733708955, 6771225.841200083494186 ], [ 344174.243368196010124, 6771212.823466115631163 ], [ 344175.691838777740486, 6771199.769109039567411 ], [ 344187.145112408616114, 6771149.57693335134536 ], [ 344188.22583045612555, 6771144.880572936497629 ], [ 344199.631522930692881, 6771104.203012773767114 ], [ 344209.72667157521937, 6771072.109927495010197 ], [ 344209.859715977159794, 6771071.68364845495671 ], [ 344210.768223554943688, 6771068.749739965423942 ], [ 344227.525976545352023, 6771035.399034854955971 ], [ 344249.612043710774742, 6770999.22225290350616 ], [ 344251.827687795856036, 6770995.745603484101593 ], [ 344283.254015699203592, 6770946.950933602638543 ], [ 344284.929899716749787, 6770944.255833514966071 ], [ 344287.554850539600011, 6770939.881166638806462 ], [ 344287.870541381707881, 6770939.351349091157317 ], [ 344333.221255354641471, 6770862.703638510778546 ], [ 344337.711750798218418, 6770854.207423308864236 ], [ 344382.030716087319888, 6770759.612260999158025 ], [ 344384.696370352059603, 6770753.381342969834805 ], [ 344418.336291507352144, 6770666.741604183800519 ], [ 344424.573993066267576, 6770650.683001259341836 ], [ 344435.394452331238426, 6770622.767539417371154 ], [ 344444.884348575375043, 6770598.386078498326242 ], [ 344457.638175929896533, 6770565.59389423020184 ], [ 344460.14688960526837, 6770558.328673098236322 ], [ 344542.106538842024747, 6770287.677352115511894 ], [ 344542.908873465086799, 6770284.881924237124622 ], [ 344544.664888935920317, 6770278.410309308208525 ], [ 344544.925530394189991, 6770277.430099821649492 ], [ 344574.612482568481937, 6770163.460425322875381 ], [ 344582.064953804132529, 6770138.836515460163355 ], [ 344582.942964759306051, 6770135.75863289181143 ], [ 344587.409326960972976, 6770119.095305602066219 ], [ 344587.474165585299488, 6770118.85217965207994 ], [ 344591.825800172809977, 6770102.45197376050055 ], [ 344600.436413798714057, 6770070.254286694340408 ], [ 344607.37027132161893, 6770044.343855889514089 ], [ 344610.334631264209747, 6770036.004243213683367 ] ] ] ] } },
{ "type": "Feature", "properties": { }, "geometry": { "type": "MultiPolygon", "coordinates": [ [ [ [ 345252.806895195215475, 6718919.767879975028336 ], [ 345255.152836881752592, 6718907.983331274241209 ], [ 345257.197680464421865, 6718899.498113834299147 ], [ 345260.014137951191515, 6718892.038338272832334 ], [ 345265.445384281629231, 6718879.284251068718731 ], [ 345275.880260713514872, 6718860.574734888039529 ], [ 345289.011182112328243, 6718841.292345941066742 ], [ 345325.759003959072288, 6718795.972249452956021 ], [ 345426.885329216020182, 6718684.33787857927382 ], [ 345435.003373556304723, 6718675.382347265258431 ], [ 345596.610255723353475, 6718510.714755884371698 ], [ 345674.408936331048608, 6718439.565840639173985 ], [ 345683.311000830784906, 6718430.306861345656216 ], [ 345689.662199049082119, 6718422.789097839966416 ], [ 345753.120426344976295, 6718347.815333008766174 ], [ 345756.645240761747118, 6718343.404131286777556 ], [ 345774.231921314785723, 6718320.073553926311433 ], [ 345779.016344813921023, 6718313.136663884855807 ], [ 345790.694368391938042, 6718294.577549182809889 ], [ 345796.245373489975464, 6718284.515977059490979 ], [ 345818.736616884474643, 6718237.556015470996499 ], [ 345822.869379639741965, 6718227.576687737368047 ], [ 345845.287195868382696, 6718163.918547547422349 ], [ 345846.996162805124186, 6718158.595196637324989 ], [ 345857.480414595338516, 6718122.499714381061494 ], [ 345860.563714705465827, 6718107.885635077953339 ], [ 345867.438528150727507, 6718056.572076472453773 ], [ 345868.304322569456417, 6718041.303842014633119 ], [ 345864.965156055928674, 6717873.474524247460067 ], [ 345863.702819234924391, 6717859.501892228610814 ], [ 345848.01557314832462, 6717762.482388929463923 ], [ 345833.772603870253079, 6717669.025987229309976 ], [ 345834.153792709519621, 6717603.782584418542683 ], [ 345852.045057091163471, 6717542.665959976613522 ], [ 345888.03281628008699, 6717472.227682164870203 ], [ 345890.119296498014592, 6717467.889145975932479 ], [ 345900.34417297388427, 6717445.248239678330719 ], [ 345928.077537786739413, 6717383.686174214817584 ], [ 345930.059067951748148, 6717379.339319661259651 ], [ 345934.709298067260534, 6717367.05990949459374 ], [ 345944.224777016264852, 6717335.892304287292063 ], [ 345946.128327626327518, 6717328.712544175796211 ], [ 345956.202464752364904, 6717284.085042715072632 ], [ 345958.234463011089247, 6717271.247668879106641 ], [ 345961.198974540922791, 6717239.099313413724303 ], [ 345961.562673843640368, 6717233.344962285831571 ], [ 345962.506383158965036, 6717205.832007991150022 ], [ 345962.487773161614314, 6717198.470661350525916 ], [ 345960.327268768276554, 6717143.584738386794925 ], [ 345961.986047605110798, 6717062.262102483771741 ], [ 345976.012168282060884, 6717004.519651473499835 ], [ 346002.989433493057732, 6716947.208814456127584 ], [ 346005.163078515091911, 6716942.246539039537311 ], [ 346044.475148664903827, 6716845.446501357480884 ], [ 346049.092028791492339, 6716831.035027011297643 ], [ 346066.409605665248819, 6716758.478471678681672 ], [ 346068.848937904404011, 6716742.909854331053793 ], [ 346074.930153731489554, 6716663.618274208158255 ], [ 346074.847770904772915, 6716647.316945001482964 ], [ 346069.994016082491726, 6716591.442812146618962 ], [ 346069.883791471540462, 6716590.256032536737621 ], [ 346058.418788302165922, 6716474.320680596865714 ], [ 346057.921688344096765, 6716470.178316350094974 ], [ 346042.127268376469146, 6716358.337631396017969 ], [ 346037.552946827723645, 6716321.40343611035496 ], [ 346037.37022163614165, 6716245.234866617247462 ], [ 346038.149382818432059, 6716226.128744487650692 ], [ 346040.823095360537991, 6716160.569135807454586 ], [ 346040.894623211235739, 6716158.012798078358173 ], [ 346042.591831639758311, 6716046.261891367845237 ], [ 346043.360498274618294, 6716029.423724924214184 ], [ 346044.572586844675243, 6716023.183220421895385 ], [ 346070.821454375458416, 6715948.469765641726553 ], [ 346097.974966236914042, 6715883.115389792248607 ], [ 346100.134636670525651, 6715877.436315501108766 ], [ 346127.18412447249284, 6715799.234743509441614 ], [ 346129.753934631124139, 6715790.550820262171328 ], [ 346149.316419252776541, 6715711.441103771328926 ], [ 346151.027728092216421, 6715702.962258599698544 ], [ 346168.53445160749834, 6715591.575027384795249 ], [ 346184.84229457291076, 6715530.162296717986465 ], [ 346185.821126438269857, 6715526.142743661999702 ], [ 346197.018933796789497, 6715475.636428234167397 ], [ 346199.454001063946635, 6715464.914423830807209 ], [ 346200.936347238137387, 6715456.880697839893401 ], [ 346210.884851429087576, 6715387.09564562048763 ], [ 346211.799596922239289, 6715368.831668923608959 ], [ 346206.362736749812029, 6715237.959346513263881 ], [ 346206.059635361714754, 6715233.29505545925349 ], [ 346203.582003755378537, 6715205.297586270608008 ], [ 346203.571931990562007, 6715205.184505448676646 ], [ 346182.287290362757631, 6714967.736406934447587 ], [ 346181.651520609040745, 6714962.313452811911702 ], [ 346175.288522439135704, 6714918.434261748567224 ], [ 346174.823305479832925, 6714915.527954685501754 ], [ 346171.691974177316297, 6714897.655303933657706 ], [ 346170.182121657766402, 6714890.561555119231343 ], [ 346158.707923167443369, 6714844.860164620913565 ], [ 346155.506608386524022, 6714834.516640652902424 ], [ 346133.584007858822588, 6714775.254256413318217 ], [ 346125.699730052612722, 6714758.758419262245297 ], [ 346056.171661960252095, 6714642.081386785022914 ], [ 346054.974101866537239, 6714640.123188676312566 ], [ 345945.256946865585633, 6714465.259536437690258 ], [ 345894.031102997600101, 6714366.979820668697357 ], [ 345882.944612242048606, 6714345.245577486231923 ], [ 345865.047346016450319, 6714303.129433891735971 ], [ 345847.935122626658995, 6714257.65540817938745 ], [ 345818.40177943155868, 6714174.905777137726545 ], [ 345813.580197677016258, 6714161.226841491647065 ], [ 345813.2351137692458, 6714160.263577534817159 ], [ 345807.586614178901073, 6714144.74690265674144 ], [ 345805.817649766337126, 6714140.231273721903563 ], [ 345787.408749093359802, 6714096.39944420941174 ], [ 345787.047120138653554, 6714095.549419407732785 ], [ 345782.389504851831589, 6714084.740352906286716 ], [ 345781.343870046839584, 6714082.396919342689216 ], [ 345769.703030788397882, 6714057.182438662275672 ], [ 345766.86063512036344, 6714051.506392083130777 ], [ 345733.887484983250033, 6713990.572675998322666 ], [ 345731.517114874732215, 6713985.977906882762909 ], [ 345691.378656502696685, 6713898.544513419270515 ], [ 345690.813895633269567, 6713897.3356340136379 ], [ 345643.824483382399194, 6713798.479303007945418 ], [ 345625.395646573568229, 6713757.391769871115685 ], [ 345622.83375477680238, 6713752.102023663930595 ], [ 345618.746834157616831, 6713744.259651223197579 ], [ 345607.201488308026455, 6713713.104318076744676 ], [ 345606.842374799714889, 6713712.15019834600389 ], [ 345599.835618986864574, 6713693.81811320129782 ], [ 345599.629881406610366, 6713692.160769460722804 ], [ 345599.037790220405441, 6713678.99094848241657 ], [ 345601.104158275295049, 6713651.267605698667467 ], [ 345607.706044250808191, 6713624.538374822586775 ], [ 345613.408914434083272, 6713609.473046997562051 ], [ 345636.617507671006024, 6713559.97028492204845 ], [ 345690.842322938900907, 6713444.214213808998466 ], [ 345713.596764893271029, 6713412.053126824088395 ], [ 345752.829657864989713, 6713367.316594077274203 ], [ 345826.448371371254325, 6713283.970151829533279 ], [ 345837.925457178556826, 6713271.274778889492154 ], [ 345870.91006038285559, 6713234.822549251839519 ], [ 345871.240691321494523, 6713234.455340050160885 ], [ 345882.550036997126881, 6713221.832243681885302 ], [ 345883.832184542610776, 6713220.372879328206182 ], [ 345909.64403477468295, 6713190.411373662762344 ], [ 345967.130853564944118, 6713126.943540448322892 ], [ 345980.790547241689637, 6713111.847116305492818 ], [ 345985.223389892140403, 6713106.596101295202971 ], [ 346035.051642040547449, 6713043.279328562319279 ], [ 346042.619909650064074, 6713032.208268324844539 ], [ 346123.205964234657586, 6712895.466135319322348 ], [ 346186.589868349779863, 6712794.562904724851251 ], [ 346214.451964216597844, 6712750.683655622415245 ], [ 346216.124433162272908, 6712747.954146021045744 ], [ 346247.348982109455392, 6712695.114654624834657 ], [ 346254.477090299595147, 6712680.434886713512242 ], [ 346271.014631586789619, 6712637.842161221429706 ], [ 346273.175714756303933, 6712632.909222045913339 ], [ 346273.250159377872478, 6712632.738862321712077 ], [ 346285.889494024740998, 6712603.741464225575328 ], [ 346287.064241942251101, 6712600.930168140679598 ], [ 346318.971586943138391, 6712521.178493477404118 ], [ 346321.785872557316907, 6712513.175532844848931 ], [ 346335.808383319817949, 6712467.147596928291023 ], [ 346382.348495512327645, 6712337.323097106069326 ], [ 346382.78641995851649, 6712336.075598721392453 ], [ 346412.049001309729647, 6712250.919312244281173 ], [ 346431.931177070422564, 6712203.704059616662562 ], [ 346453.753906426660251, 6712153.648732780478895 ], [ 346489.378061048919335, 6712075.966369071044028 ], [ 346493.49031118437415, 6712065.476415040902793 ], [ 346528.29177456733305, 6711959.480948721058667 ], [ 346529.722612581041176, 6711954.728133932687342 ], [ 346549.945331948809326, 6711880.970047751441598 ], [ 346550.691518507373985, 6711878.080025461502373 ], [ 346551.7418643750716, 6711873.745744361542165 ], [ 346553.400518338661641, 6711865.344401070848107 ], [ 346570.196785020350944, 6711755.760781539604068 ], [ 346589.935202524298802, 6711637.323262289166451 ], [ 346628.290288078715093, 6711500.627731928601861 ], [ 346677.308453715348151, 6711370.876683859154582 ], [ 346735.259269176342059, 6711259.373382791876793 ], [ 347034.546672751253936, 6710718.524964644573629 ], [ 347074.510559190879576, 6710646.35989570710808 ], [ 347081.931350428843871, 6710629.43497983366251 ], [ 347090.343901441432536, 6710604.106737577356398 ], [ 347091.612089561182074, 6710599.99480237532407 ], [ 347135.614371648291126, 6710445.603246740065515 ], [ 347138.263110183179379, 6710433.516675303690135 ], [ 347157.642366034502629, 6710308.533737032674253 ], [ 347171.641240450553596, 6710236.75220809224993 ], [ 347186.135310739977285, 6710184.178998996503651 ], [ 347194.979697045695502, 6710158.348521279171109 ], [ 347204.741110346629284, 6710131.614435203373432 ], [ 347220.103281041549053, 6710093.476242614910007 ], [ 347235.652796232199762, 6710057.791582223027945 ], [ 347256.543347316212021, 6710018.886733928695321 ], [ 347274.70790325384587, 6709988.61297398712486 ], [ 347301.088492580049206, 6709948.481115261092782 ], [ 347314.301996411697473, 6709929.884951699525118 ], [ 347327.239859324705321, 6709912.931090082041919 ], [ 347404.813667556387372, 6709823.768669475801289 ], [ 347564.046837964677252, 6709672.893284998834133 ], [ 347656.512711082643364, 6709585.291592525318265 ], [ 347657.128655499545857, 6709584.703051156364381 ], [ 347819.160040167975239, 6709428.554618655703962 ], [ 347819.498037860204931, 6709428.227355825714767 ], [ 347877.748426405247301, 6709371.560916689224541 ], [ 347882.62292118917685, 6709366.47262133192271 ], [ 347931.090704893518705, 6709312.172052557580173 ], [ 347942.02258235035697, 6709297.385592189617455 ], [ 347977.880731335026212, 6709238.178390104323626 ], [ 347988.338101253262721, 6709214.398079265840352 ], [ 348006.60941744496813, 6709151.810423569753766 ], [ 348010.402328594354913, 6709130.324562494643033 ], [ 348016.691999174829107, 6709034.322423175908625 ], [ 348016.718602425709832, 6709033.90284737944603 ], [ 348017.20157780777663, 6709026.023304437287152 ], [ 348019.118075094243977, 6708997.113183306530118 ], [ 348020.086970645817928, 6708982.630256834439933 ], [ 348020.277959763305262, 6708978.486358722671866 ], [ 348022.301908901776187, 6708898.548664189875126 ], [ 348023.655612905917224, 6708844.956997982226312 ], [ 348023.687315953604411, 6708842.623704675585032 ], [ 348023.808035309019033, 6708779.703545278869569 ], [ 348023.382292681548279, 6708770.291927274316549 ], [ 348020.664715460676234, 6708740.941888223402202 ], [ 348019.697769174352288, 6708733.529312491416931 ], [ 348003.445150356797967, 6708637.173373948782682 ], [ 348001.717393437633291, 6708612.7293497081846 ], [ 348000.231432212283835, 6708568.684875596314669 ], [ 348012.626916549110319, 6708461.969949159771204 ], [ 348024.728875253815204, 6708385.635964984074235 ], [ 348029.66930448950734, 6708364.672079633921385 ], [ 348039.839775675849523, 6708333.481899389997125 ], [ 348044.095013623416889, 6708324.228478670120239 ], [ 348047.764679859858006, 6708316.319465796463192 ], [ 348058.498232531361282, 6708296.159082101657987 ], [ 348065.254891981778201, 6708284.662706126458943 ], [ 348085.439845830900595, 6708250.377387411892414 ], [ 348110.997287476202473, 6708206.985274519771338 ], [ 348115.978166220127605, 6708197.374085808172822 ], [ 348133.253587794315536, 6708159.09935812279582 ], [ 348136.140958880365361, 6708151.985882293432951 ], [ 348149.206882054160815, 6708115.876767931506038 ], [ 348152.547812132921536, 6708104.616509787738323 ], [ 348190.685463996371254, 6707941.489804520271719 ], [ 348223.410226491221692, 6707849.954838666133583 ], [ 348235.365329621476121, 6707816.480479856021702 ], [ 348239.501195715740323, 6707801.153398215770721 ], [ 348253.540354173106607, 6707725.759835574775934 ], [ 348254.118086066679098, 6707722.326139547862113 ], [ 348262.698506985907443, 6707665.275690332986414 ], [ 348263.171304887335282, 6707661.693091097287834 ], [ 348277.362314893631265, 6707536.803434710949659 ], [ 348289.960089069732931, 6707450.320964340120554 ], [ 348297.636810567753855, 6707411.895627532154322 ], [ 348310.78338072868064, 6707369.924781727604568 ], [ 348311.278527233167551, 6707368.295506021007895 ], [ 348339.671274086518679, 6707271.927691171877086 ], [ 348340.150058619212359, 6707270.248721180483699 ], [ 348355.471482797642238, 6707214.685849095694721 ], [ 348358.176128516963217, 6707201.439591054804623 ], [ 348365.300659173808526, 6707148.495677471160889 ], [ 348365.656286300101783, 6707145.515139473602176 ], [ 348384.408614366489928, 6706965.411864090710878 ], [ 348384.426637226657476, 6706965.237279573455453 ], [ 348387.896691272093449, 6706931.332164315506816 ], [ 348396.359742325730622, 6706849.041065912693739 ], [ 348401.694156423211098, 6706797.132687042467296 ], [ 348414.440766840765718, 6706688.746825617738068 ], [ 348413.737328387214802, 6706660.464204170741141 ], [ 348404.056436829967424, 6706602.964378663338721 ], [ 348403.812539899663534, 6706601.575622207485139 ], [ 348368.130319621413946, 6706406.483379517681897 ], [ 348352.091694515489507, 6706315.352301555685699 ], [ 348339.678288652794436, 6706244.504038664512336 ], [ 348338.943137111258693, 6706240.735373540781438 ], [ 348325.548402136249933, 6706178.456623164005578 ], [ 348317.799956128292251, 6706142.478548872284591 ], [ 348318.122981567052193, 6706104.127519923262298 ], [ 348325.516535543894861, 6706063.090075712651014 ], [ 348359.951269530749414, 6705994.684161712415516 ], [ 348364.093522672366817, 6705985.281473870389163 ], [ 348377.415334912831895, 6705950.267903964966536 ], [ 348381.15117364708567, 6705938.207741357386112 ], [ 348384.397091081424151, 6705924.782416658475995 ], [ 348386.245753882627469, 6705915.046990160830319 ], [ 348391.831925253500231, 6705874.850968635641038 ], [ 348392.591810789774172, 6705867.280150713399053 ], [ 348397.225122972507961, 6705792.623162914998829 ], [ 348400.460807670955546, 6705753.072637565433979 ], [ 348406.42957484908402, 6705732.199956563301384 ], [ 348416.597998829442076, 6705711.305915139615536 ], [ 348491.589545970957261, 6705570.66559524089098 ], [ 348493.853054634237196, 6705566.149382654577494 ], [ 348508.478942188550718, 6705535.029022976756096 ], [ 348522.92780630296329, 6705504.276378334499896 ], [ 348528.288330220384523, 6705490.199271641671658 ], [ 348541.901110343402252, 6705444.323624328710139 ], [ 348541.948396448104177, 6705444.163779764436185 ], [ 348544.850872762210201, 6705434.322186938486993 ], [ 348547.303861282998696, 6705424.023660715669394 ], [ 348549.437337830895558, 6705412.357154376804829 ], [ 348560.628898042661604, 6705351.122386684641242 ], [ 348561.583730536454823, 6705344.739669459871948 ], [ 348583.432994168542791, 6705157.589396578259766 ], [ 348583.732600874092896, 6705154.645569530315697 ], [ 348589.10145311744418, 6705092.82589668314904 ], [ 348594.27726072788937, 6705073.163382090628147 ], [ 348644.584507584397215, 6704929.526131499558687 ], [ 348646.314622166450135, 6704924.094818552955985 ], [ 348656.464660488767549, 6704888.780666773207486 ], [ 348657.821233963244595, 6704883.528184770606458 ], [ 348683.727766021445859, 6704770.660507489927113 ], [ 348685.90910223784158, 6704756.685988361015916 ], [ 348686.527061587548815, 6704749.352474112063646 ], [ 348689.554346560616978, 6704714.451909131370485 ], [ 348689.25781400478445, 6704694.248597269877791 ], [ 348686.709145279484801, 6704672.352422556839883 ], [ 348677.436235361441504, 6704640.441960376687348 ], [ 348665.192583693133201, 6704615.078158911317587 ], [ 348652.201692739850841, 6704594.82519253436476 ], [ 348630.051440749084577, 6704568.037938218563795 ], [ 348621.293946106743533, 6704558.728824397549033 ], [ 348602.193492050981149, 6704540.864396897144616 ], [ 348476.111792625568341, 6704409.560717424377799 ], [ 348422.802566168888006, 6704352.162348091602325 ], [ 348397.420706407749094, 6704321.602889054454863 ], [ 348393.655454814608674, 6704317.323805529624224 ], [ 348324.32529012626037, 6704242.919802161864936 ], [ 348317.506466722115874, 6704236.267539004795253 ], [ 348223.037214715906885, 6704152.507202812470496 ], [ 348218.439557431440335, 6704148.670356885530055 ], [ 348120.083940974320285, 6704071.466621120460331 ], [ 348117.037755521363579, 6704069.168097876943648 ], [ 348013.815145944303367, 6703994.328235905617476 ], [ 347963.39227783883689, 6703948.020481407642365 ], [ 347962.551732257532421, 6703947.200165461748838 ], [ 347959.12091572600184, 6703940.387368386611342 ], [ 347958.256639052415267, 6703935.049120515584946 ], [ 347958.70238364150282, 6703869.403562424704432 ], [ 347958.703341120912228, 6703869.243743604049087 ], [ 347958.794484148384072, 6703851.688881781883538 ], [ 347972.635441519785672, 6703705.49890742264688 ], [ 347972.747422477055807, 6703704.230084222741425 ], [ 347980.597465278988238, 6703608.311696528457105 ], [ 347980.896990663080942, 6703597.559031316079199 ], [ 347978.652670000679791, 6703511.130174999125302 ], [ 347978.428373283706605, 6703506.547421699389815 ], [ 347965.14694767940091, 6703322.010712361894548 ], [ 347965.497898023575544, 6703219.583554862067103 ], [ 347967.02088531316258, 6703178.524409739300609 ], [ 347970.03271277807653, 6703127.097041818313301 ], [ 347981.516742444015108, 6703024.332411840558052 ], [ 347990.959786748338956, 6702954.915072574280202 ], [ 347999.801449635473546, 6702906.522140907123685 ], [ 348009.445771730563138, 6702857.701651255600154 ], [ 348013.912817226606421, 6702839.010828448459506 ], [ 348013.952029240201227, 6702838.846142745576799 ], [ 348029.383968176320195, 6702773.789533152244985 ], [ 348046.094991374935489, 6702713.367398978210986 ], [ 348088.851223966747057, 6702584.663417193107307 ], [ 348107.264736331650056, 6702531.74736712872982 ], [ 348107.3115444452269, 6702531.612541865557432 ], [ 348110.44153551524505, 6702522.576163713820279 ], [ 348117.021440501441248, 6702508.055948875844479 ], [ 348125.037345283431932, 6702494.792218296788633 ], [ 348139.608373782248236, 6702473.841080326586962 ], [ 348155.711170397058595, 6702458.544922991655767 ], [ 348465.28875312814489, 6702198.455889232456684 ], [ 348531.166927989106625, 6702145.447901605628431 ], [ 348556.902169048204087, 6702127.442793774418533 ], [ 348568.354093128815293, 6702121.542865641415119 ], [ 348569.231341017060913, 6702121.085409956984222 ], [ 348581.714521450165194, 6702114.497097527608275 ], [ 348690.845411519694608, 6702073.764404142275453 ], [ 348718.583848622918595, 6702063.582974695600569 ], [ 348725.23852131946478, 6702060.865158472210169 ], [ 348825.894735502835829, 6702015.469599478878081 ], [ 348928.296553328807931, 6701970.987325885333121 ], [ 349070.746092042361852, 6701909.376748692244291 ], [ 349071.633622976834886, 6701908.987768981605768 ], [ 349106.729753153340425, 6701893.402985316701233 ], [ 349137.968819503264967, 6701881.633994900621474 ], [ 349181.004809698904864, 6701869.494141177274287 ], [ 349222.024307452840731, 6701863.029162216000259 ], [ 349222.144335184246302, 6701863.010170201770961 ], [ 349228.747066929179709, 6701861.961305810138583 ], [ 349280.867666116915643, 6701858.299626889638603 ], [ 349313.866863713657949, 6701857.652920021675527 ], [ 349439.134965473087505, 6701855.151526961475611 ], [ 349469.932793259737082, 6701849.641220461577177 ], [ 349497.52048971131444, 6701834.883555382490158 ], [ 349519.197578884370159, 6701812.323114804923534 ], [ 349532.842156257480383, 6701784.16827183868736 ], [ 349537.118595529987942, 6701753.175018682144582 ], [ 349531.608289030205924, 6701722.37719089537859 ], [ 349516.850623950886074, 6701694.789494443684816 ], [ 349494.290183372737374, 6701673.112405271269381 ], [ 349466.135340407316107, 6701659.467827897518873 ], [ 349435.142087250482291, 6701655.191388625651598 ], [ 349309.929561383207329, 6701657.691678793169558 ], [ 349274.421655792451929, 6701658.387550452724099 ], [ 349269.372921597154345, 6701658.614223810844123 ], [ 349210.368884532537777, 6701662.759491557255387 ], [ 349201.688410340691917, 6701663.751948075369 ], [ 349190.827147975040134, 6701665.477293249219656 ], [ 349144.002084898529574, 6701672.857272629626095 ], [ 349132.42153606825741, 6701675.393844325095415 ], [ 349079.560736835293937, 6701690.305139905773103 ], [ 349071.454839411075227, 6701692.969940753653646 ], [ 349033.52350250328891, 6701707.260173872113228 ], [ 349028.194022949901409, 6701709.445271512493491 ], [ 348990.907454769301694, 6701726.002740833908319 ], [ 348848.829938886570744, 6701787.452415145002306 ], [ 348848.684619023406412, 6701787.515403816476464 ], [ 348745.573375368840061, 6701832.305844535119832 ], [ 348744.303695546579547, 6701832.867890238761902 ], [ 348646.293056282156613, 6701877.070305288769305 ], [ 348621.675089127907995, 6701886.106362177990377 ], [ 348621.16412651486462, 6701886.295492762699723 ], [ 348505.75561512762215, 6701929.371284644119442 ], [ 348494.048189249297138, 6701934.619538493454456 ], [ 348476.317473065224476, 6701943.977369892410934 ], [ 348459.306847879313864, 6701952.741090764291584 ], [ 348447.779477500007488, 6701959.699627183377743 ], [ 348413.76589748961851, 6701983.496496791951358 ], [ 348408.402178348100279, 6701987.52362947165966 ], [ 348339.084562298317906, 6702043.299117205664515 ], [ 348337.448515160998795, 6702044.644331651739776 ], [ 348024.725185659888666, 6702307.376238420605659 ], [ 348020.179357184097171, 6702311.438067272305489 ], [ 347994.466509633872192, 6702335.862878133542836 ], [ 347981.240634502668399, 6702351.26945161819458 ], [ 347959.012978550978005, 6702383.229768395423889 ], [ 347955.525554491847288, 6702388.603596685454249 ], [ 347942.793324339378159, 6702409.671320793218911 ], [ 347937.29371666687075, 6702420.118944210931659 ], [ 347926.372281313873827, 6702444.219837459735572 ], [ 347922.96449020865839, 6702452.765264211222529 ], [ 347918.350709603051655, 6702466.085387281142175 ], [ 347899.728375647566281, 6702519.601540874689817 ], [ 347899.273286181734875, 6702520.939755876548588 ], [ 347855.49157033598749, 6702652.730627455748618 ], [ 347854.010227709484752, 6702657.600690810009837 ], [ 347836.128354375658091, 6702722.256273955106735 ], [ 347835.210031830065418, 6702725.832348990254104 ], [ 347819.371481668378692, 6702792.603114391677082 ], [ 347814.464257079234812, 6702813.13571594003588 ], [ 347813.621006425295491, 6702817.000607787631452 ], [ 347803.454495612648316, 6702868.464467147365212 ], [ 347803.186986881133635, 6702869.871548525989056 ], [ 347793.807566061906982, 6702921.207782058045268 ], [ 347793.091756944486406, 6702925.701679463498294 ], [ 347783.180767907761037, 6702998.558955810032785 ], [ 347782.886790264106821, 6703000.932156968861818 ], [ 347770.976744343293831, 6703107.508985632099211 ], [ 347770.529171643429436, 6703112.768483295105398 ], [ 347767.300363035406917, 6703167.900834056548774 ], [ 347767.198033673688769, 6703170.040581483393908 ], [ 347765.572972058318555, 6703213.851610738784075 ], [ 347765.50483718549367, 6703217.215681918896735 ], [ 347765.135219885560218, 6703325.090912764891982 ], [ 347765.392627508263104, 6703332.612149178981781 ], [ 347778.779633384838235, 6703518.615827243775129 ], [ 347780.824568347830791, 6703597.366334269754589 ], [ 347773.465818999451585, 6703687.281687695533037 ], [ 347759.264208265230991, 6703837.280929322354496 ], [ 347758.820351795002352, 6703846.187384021468461 ], [ 347758.706451528647449, 6703868.125468505546451 ], [ 347758.204318220727146, 6703942.07548840995878 ], [ 347759.487421165860724, 6703958.736647544428706 ], [ 347764.099118189420551, 6703987.221023635007441 ], [ 347773.08285227365559, 6704015.379246263764799 ], [ 347778.169509634899441, 6704025.719667553901672 ], [ 347778.586060747271404, 6704026.556555239483714 ], [ 347791.43711965001421, 6704052.07574453484267 ], [ 347810.907199501467403, 6704078.665116756223142 ], [ 347824.789457380597014, 6704092.21326663158834 ], [ 347826.992360985546838, 6704094.298859277740121 ], [ 347882.792556652624626, 6704145.545086613856256 ], [ 347891.735338744067121, 6704152.852604746818542 ], [ 347998.095648304675706, 6704229.967404685914516 ], [ 348092.593809429556131, 6704304.143250708468258 ], [ 348181.253680003748741, 6704382.752749655395746 ], [ 348245.3894150647684, 6704451.582175763323903 ], [ 348270.71902862295974, 6704482.078730989247561 ], [ 348274.372975396167021, 6704486.238168137148023 ], [ 348330.132769247458782, 6704546.27507833391428 ], [ 348331.274828807101585, 6704547.484412477351725 ], [ 348459.793101401184686, 6704681.325581719167531 ], [ 348463.6154661939363, 6704685.098049172200263 ], [ 348480.000965330167674, 6704700.42321162763983 ], [ 348489.068996697489638, 6704711.389572753570974 ], [ 348487.264612975297496, 6704732.19171457644552 ], [ 348487.243679540231824, 6704732.436542727984488 ], [ 348487.210701769916341, 6704732.827900102362037 ], [ 348463.497233900707215, 6704836.140996299684048 ], [ 348454.884369882696774, 6704866.106990272179246 ], [ 348404.205083187727723, 6705010.806489005684853 ], [ 348401.878223887004424, 6705018.405502174980938 ], [ 348393.51130384154385, 6705050.190819533541799 ], [ 348390.591988026746549, 6705066.994741721078753 ], [ 348384.610624582681339, 6705135.867177492007613 ], [ 348363.307325463218149, 6705318.340981215238571 ], [ 348352.69901245489018, 6705376.384507058188319 ], [ 348351.520013309142087, 6705382.831637223251164 ], [ 348350.140557161299512, 6705387.509038263000548 ], [ 348338.700122810725588, 6705426.063788036815822 ], [ 348327.470293137186673, 6705449.965111711062491 ], [ 348313.921488185354974, 6705478.793699496425688 ], [ 348239.249589135230053, 6705618.834546367637813 ], [ 348237.572062895109411, 6705622.125610552728176 ], [ 348222.76981334813172, 6705652.541220266371965 ], [ 348216.540830839425325, 6705668.806840521283448 ], [ 348205.453005617135204, 6705707.580783610232174 ], [ 348201.932123653707094, 6705726.92090223915875 ], [ 348197.810987012693658, 6705777.294512272812426 ], [ 348197.670028101187199, 6705779.254196538589895 ], [ 348193.211687888775486, 6705851.091844792477787 ], [ 348188.832431185699534, 6705882.603355094790459 ], [ 348188.238815900112968, 6705885.058586355298758 ], [ 348178.995632148813456, 6705909.352342683821917 ], [ 348140.351710243790876, 6705986.1199692171067 ], [ 348131.25756210333202, 6706013.352151949889958 ], [ 348119.782739670074079, 6706077.042413346469402 ], [ 348118.201768714992795, 6706093.931285039521754 ], [ 348117.713792692054994, 6706151.865987188182771 ], [ 348119.951690703863278, 6706173.762101504951715 ], [ 348130.022580569377169, 6706220.523870411328971 ], [ 348143.010655283636879, 6706280.911856027320027 ], [ 348155.099230968509801, 6706349.90618341602385 ], [ 348171.215568966523279, 6706441.478990986011922 ], [ 348171.33370715478668, 6706442.137343801558018 ], [ 348206.9492534219753, 6706636.865046890452504 ], [ 348214.140668339445256, 6706679.578582152724266 ], [ 348202.977429029648192, 6706774.500861037522554 ], [ 348202.816881714563351, 6706775.958011158742011 ], [ 348197.408701629319694, 6706828.584198598749936 ], [ 348188.943524981208611, 6706910.895965375937521 ], [ 348185.47488531388808, 6706944.787142362445593 ], [ 348166.887089775875211, 6707123.310195430181921 ], [ 348160.866329295095056, 6707168.051756377331913 ], [ 348147.57802698231535, 6707216.241548202931881 ], [ 348119.672637925366871, 6707310.955222079530358 ], [ 348105.189411531027872, 6707357.193385669961572 ], [ 348102.555366806103848, 6707367.49329695571214 ], [ 348093.321032124978956, 6707413.715166592039168 ], [ 348092.427567879727576, 6707418.891579725779593 ], [ 348079.223955287132412, 6707509.533070744015276 ], [ 348078.818966475490015, 6707512.657604898326099 ], [ 348064.654103974578902, 6707637.317147080786526 ], [ 348056.601424489228521, 6707690.858690829016268 ], [ 348044.338729432260152, 6707756.712229752913117 ], [ 348035.078308008552995, 6707782.641476334072649 ], [ 348000.443441151583102, 6707879.519226191565394 ], [ 347997.232408053416293, 6707890.418335177004337 ], [ 347959.13858900743071, 6708053.357553728856146 ], [ 347949.381401086226106, 6708080.322614659555256 ], [ 347935.91624446597416, 6708110.155472900718451 ], [ 347913.104952843685169, 6708148.885098307393491 ], [ 347892.886563185951672, 6708183.227206194773316 ], [ 347885.005766422895249, 6708196.636232504621148 ], [ 347882.949384989682585, 6708200.310057510621846 ], [ 347869.938006173004396, 6708224.748786919750273 ], [ 347867.49588638410205, 6708229.655302479863167 ], [ 347862.600788729439955, 6708240.205414636060596 ], [ 347862.458065717073623, 6708240.514393148943782 ], [ 347855.709726995031815, 6708255.18929925840348 ], [ 347851.490550909016747, 6708265.967637250199914 ], [ 347838.223701852199156, 6708306.65360014885664 ], [ 347835.963213050039485, 6708314.716971083544195 ], [ 347829.209993038559332, 6708343.373130965977907 ], [ 347827.777215924288612, 6708350.652764311991632 ], [ 347814.768290844222065, 6708432.707504823803902 ], [ 347814.202606199134607, 6708436.827962832525373 ], [ 347800.703862983325962, 6708553.04104092810303 ], [ 347800.092876135371625, 6708567.950834062881768 ], [ 347801.893236297531985, 6708621.314216095022857 ], [ 347802.085239482810721, 6708624.992987627163529 ], [ 347804.28346409794176, 6708656.093112409114838 ], [ 347805.427470646623988, 6708665.674817755818367 ], [ 347821.861415599647444, 6708763.105773817747831 ], [ 347823.799355534370989, 6708784.035671347752213 ], [ 347823.689922756457236, 6708841.073151422664523 ], [ 347822.36590844654711, 6708893.489441838115454 ], [ 347820.394544566515833, 6708971.350234217010438 ], [ 347819.562109255464748, 6708983.793370511382818 ], [ 347817.623133109009359, 6709013.042305834591389 ], [ 347817.591451308457181, 6709013.538941737264395 ], [ 347817.1061135311611, 6709021.457026177085936 ], [ 347811.547654431313276, 6709106.298347844742239 ], [ 347800.022853929665871, 6709145.776086513884366 ], [ 347775.734288087929599, 6709185.880165136419237 ], [ 347735.762651782773901, 6709230.662129987031221 ], [ 347680.207815412490163, 6709284.706314627081156 ], [ 347518.652533204120118, 6709440.395930751226842 ], [ 347426.493645705690142, 6709527.706786627881229 ], [ 347263.754517481778748, 6709681.904108928516507 ], [ 347257.091226110875141, 6709688.856410386040807 ], [ 347174.246934901573695, 6709784.076661989092827 ], [ 347170.193689298059326, 6709789.048891834914684 ], [ 347154.275300485780463, 6709809.908454415388405 ], [ 347152.254675856500398, 6709812.651981889270246 ], [ 347137.004335804027505, 6709834.114708324894309 ], [ 347134.958778383035678, 6709837.106954877264798 ], [ 347106.453659459890332, 6709880.470785436220467 ], [ 347104.267428784049116, 6709883.950334226712584 ], [ 347083.819578777183779, 6709918.029521439224482 ], [ 347081.466416999232024, 6709922.171967732720077 ], [ 347057.511680043418892, 6709966.783304382115602 ], [ 347053.939141740498599, 6709974.14403782505542 ], [ 347036.194378611806314, 6710014.866583718918264 ], [ 347035.111246534739621, 6710017.450523060746491 ], [ 347018.612225672928616, 6710058.411064877174795 ], [ 347017.435771872173063, 6710061.475962765514851 ], [ 347006.764863763935864, 6710090.700929179787636 ], [ 347006.091246668482199, 6710092.605282097123563 ], [ 346995.933314946130849, 6710122.272035666741431 ], [ 346994.137698965671007, 6710128.088105032220483 ], [ 346977.818504343682434, 6710187.281445068307221 ], [ 346976.071011911553796, 6710194.717756326310337 ], [ 346960.969376645691227, 6710272.153872735798359 ], [ 346960.301161209936254, 6710275.972899208776653 ], [ 346941.574592673394363, 6710396.746450957842171 ], [ 346899.861126458563376, 6710543.107199409976602 ], [ 346895.052007302525453, 6710557.586343113332987 ], [ 346859.576071822666563, 6710621.647263049148023 ], [ 346559.632987873919774, 6711163.68056411202997 ], [ 346558.398161397490185, 6711165.982511792331934 ], [ 346497.118885719042737, 6711283.890111034736037 ], [ 346492.303682605328504, 6711294.665274391882122 ], [ 346439.646459911426064, 6711434.04890379216522 ], [ 346436.911710777378175, 6711442.374196312390268 ], [ 346395.90594109648373, 6711588.51662705745548 ], [ 346393.548086422553752, 6711599.093135920353234 ], [ 346372.810425464529544, 6711723.526470985263586 ], [ 346372.604314658325166, 6711724.81500037573278 ], [ 346356.410223244398367, 6711830.469857242889702 ], [ 346337.497395576443523, 6711899.450390854850411 ], [ 346305.230520219018217, 6711997.726215137168765 ], [ 346271.565659583488014, 6712071.136124111711979 ], [ 346270.796305005846079, 6712072.85638190805912 ], [ 346248.345870730408933, 6712124.351490834727883 ], [ 346247.850864921696484, 6712125.506658410653472 ], [ 346226.413198926253244, 6712176.415815833956003 ], [ 346224.003254966053646, 6712182.726795161142945 ], [ 346193.857185210159514, 6712270.454098555259407 ], [ 346146.721763693436515, 6712401.939224697649479 ], [ 346145.196601197472773, 6712406.542068741284311 ], [ 346131.704582671867684, 6712450.828700044192374 ], [ 346101.940220917807892, 6712525.224037390202284 ], [ 346089.946819972363301, 6712552.739522299729288 ], [ 346086.969144928210881, 6712559.536433258093894 ], [ 346085.34504625655245, 6712563.469227471388876 ], [ 346071.000457097834442, 6712600.41396657936275 ], [ 346044.755246652988717, 6712644.827212510630488 ], [ 346017.62081674678484, 6712687.560480488464236 ], [ 346017.360987182299141, 6712687.9718874162063 ], [ 345953.093979954661336, 6712790.280963204801083 ], [ 345951.620898951718118, 6712792.7014867272228 ], [ 345873.727571854949929, 6712924.874475577846169 ], [ 345830.181624288612511, 6712980.208322273567319 ], [ 345818.880313839879818, 6712992.698324032127857 ], [ 345760.576335043937434, 6713057.068335798569024 ], [ 345758.930692075693514, 6713058.931210967712104 ], [ 345732.941583467356395, 6713089.09847204387188 ], [ 345722.445261059794575, 6713100.814100257121027 ], [ 345689.611016380018555, 6713137.100164382718503 ], [ 345677.700850354449358, 6713150.274573065340519 ], [ 345676.932082488143351, 6713151.134869813919067 ], [ 345602.813789525302127, 6713235.04690426401794 ], [ 345602.578910071868449, 6713235.313774468377233 ], [ 345559.790616918995511, 6713284.104463424533606 ], [ 345553.340634953055996, 6713292.281826267018914 ], [ 345522.430035584664438, 6713335.970811346545815 ], [ 345513.507324218808208, 6713351.307642796076834 ], [ 345455.524731582729146, 6713475.085617817007005 ], [ 345430.697808920172974, 6713528.040195161476731 ], [ 345427.717231167887803, 6713535.087186768651009 ], [ 345418.537087648233864, 6713559.338461506180465 ], [ 345414.978035747539252, 6713570.762566349469125 ], [ 345404.923083476023749, 6713611.47231833729893 ], [ 345402.282296467572451, 6713628.017954670824111 ], [ 345399.147041781398002, 6713670.081971375271678 ], [ 345398.971327142149676, 6713682.006165880709887 ], [ 345400.00824630894931, 6713705.07024809345603 ], [ 345400.669044150854461, 6713712.898104779422283 ], [ 345402.854302952531725, 6713730.501719016581774 ], [ 345408.683043543598615, 6713753.884898562915623 ], [ 345419.841281061118934, 6713783.078688913024962 ], [ 345433.393279438256286, 6713819.64901168551296 ], [ 345438.481434261251707, 6713831.115172165445983 ], [ 345444.114026828494389, 6713841.923527119681239 ], [ 345461.791710952937137, 6713881.336347351782024 ], [ 345462.717929268663283, 6713883.341756972484291 ], [ 345509.895113044243772, 6713982.593121734447777 ], [ 345550.712882107705809, 6714071.506254116073251 ], [ 345552.722906235605478, 6714075.632241547107697 ], [ 345556.598043072619475, 6714083.143878228962421 ], [ 345557.520062214054633, 6714084.888665528036654 ], [ 345589.451508690661285, 6714143.897334269247949 ], [ 345599.223421414615586, 6714165.063652187585831 ], [ 345603.19047689891886, 6714174.270115991123021 ], [ 345620.481278587831184, 6714215.439737427048385 ], [ 345625.125055286625866, 6714228.196394675411284 ], [ 345629.841784540796652, 6714241.577861424535513 ], [ 345629.972960923507344, 6714241.947695755399764 ], [ 345659.859791873430368, 6714325.687766013666987 ], [ 345660.448605715297163, 6714327.294030559249222 ], [ 345678.600275079719722, 6714375.530280203558505 ], [ 345680.158155348151922, 6714379.420848752371967 ], [ 345700.241828226018697, 6714426.682080728001893 ], [ 345703.196384461829439, 6714433.011094389483333 ], [ 345716.070522212306969, 6714458.249886970967054 ], [ 345716.47353056143038, 6714459.03144633024931 ], [ 345769.749446974718012, 6714561.244343709200621 ], [ 345773.719967591983732, 6714568.172268820926547 ], [ 345884.950775279314257, 6714745.448331743478775 ], [ 345949.192001030140091, 6714853.25336342304945 ], [ 345966.048566284298431, 6714898.820961382240057 ], [ 345975.318875330907758, 6714935.744325932115316 ], [ 345977.569990043994039, 6714948.592978209257126 ], [ 345983.32983033801429, 6714988.312796761281788 ], [ 346004.365571324713528, 6715222.984199055470526 ], [ 346006.6321298108669, 6715248.596522217616439 ], [ 346011.590840920922346, 6715367.959172452799976 ], [ 346003.515159683767706, 6715424.607069063000381 ], [ 346001.928566232381854, 6715431.593102755956352 ], [ 346001.816031080263201, 6715432.094577026553452 ], [ 345991.010435097676236, 6715480.83187189232558 ], [ 345973.90217458846746, 6715545.258847124874592 ], [ 345971.765303368971217, 6715555.397491357289255 ], [ 345954.125254897400737, 6715667.633007959462702 ], [ 345936.690042853064369, 6715738.140139770694077 ], [ 345912.115802239568438, 6715809.185634626075625 ], [ 345885.055298470542766, 6715874.316154134459794 ], [ 345883.055084286083002, 6715879.537820632569492 ], [ 345853.454858922632411, 6715963.790411589667201 ], [ 345849.636091405525804, 6715977.870370005257428 ], [ 345845.633040265704039, 6715998.480298420414329 ], [ 345843.902569600206334, 6716012.986633229069412 ], [ 345842.730505818326492, 6716038.661489074118435 ], [ 345842.638001989456825, 6716041.703198318369687 ], [ 345840.937104045820888, 6716153.69703727774322 ], [ 345838.315495659655426, 6716217.979048601351678 ], [ 345837.448381728201639, 6716239.241895168088377 ], [ 345837.365619744348805, 6716243.5564742134884 ], [ 345837.568032541952562, 6716327.931776321493089 ], [ 345838.325981257890817, 6716339.983031305484474 ], [ 345843.748658836295363, 6716383.767061464488506 ], [ 345843.972939792554826, 6716385.45940678473562 ], [ 345859.594958068104461, 6716496.079311022534966 ], [ 345870.795977759931702, 6716609.345233487896621 ], [ 345874.890405541576911, 6716656.47835211828351 ], [ 345870.038963794067968, 6716719.735189726576209 ], [ 345856.317965613678098, 6716777.222930127754807 ], [ 345820.880713772960007, 6716864.481812716461718 ], [ 345790.748691665765364, 6716928.494654436595738 ], [ 345784.051794038095977, 6716947.479572033509612 ], [ 345765.055680058139842, 6717025.682391340844333 ], [ 345762.250706693332177, 6717047.247492252849042 ], [ 345760.307930946699344, 6717142.493248451501131 ], [ 345760.364519034221303, 6717148.465882892720401 ], [ 345762.497671325458214, 6717202.656947110779583 ], [ 345761.779091451491695, 6717223.606465048156679 ], [ 345759.677401412453037, 6717246.398037208244205 ], [ 345751.85563017759705, 6717281.047764807008207 ], [ 345745.332579434441868, 6717302.413780264556408 ], [ 345718.050802192883566, 6717362.973522276617587 ], [ 345708.836037525732536, 6717383.377741718664765 ], [ 345669.664570330583956, 6717460.04744138289243 ], [ 345662.742953194363508, 6717477.449589135125279 ], [ 345638.265246084542014, 6717561.06552598066628 ], [ 345634.239223612879869, 6717588.576176447793841 ], [ 345633.730035725457128, 6717675.727601205930114 ], [ 345634.869805536989588, 6717691.378112744539976 ], [ 345650.366820099181496, 6717793.063034603372216 ], [ 345650.507467448129319, 6717793.958628452382982 ], [ 345665.144614460004959, 6717884.483678226359189 ], [ 345668.191346239007544, 6718037.614980248734355 ], [ 345663.329317399649881, 6718073.905128887854517 ], [ 345655.713974023528863, 6718100.123451110906899 ], [ 345636.021591555792838, 6718156.042387684807181 ], [ 345618.352570163900964, 6718192.933925929479301 ], [ 345611.985519795969594, 6718203.052660260349512 ], [ 345598.637433238502126, 6718220.760297873057425 ], [ 345536.974143278202973, 6718293.61340451054275 ], [ 345534.686822653398849, 6718296.320786196738482 ], [ 345459.644330058246851, 6718364.949095876887441 ], [ 345455.760047892050352, 6718368.698871616274118 ], [ 345290.873481037851889, 6718536.708262372761965 ], [ 345288.154266260564327, 6718539.591083096340299 ], [ 345278.693878720514476, 6718550.027438615448773 ], [ 345175.696103556489106, 6718663.727713488973677 ], [ 345172.134710662183352, 6718667.882172247394919 ], [ 345131.032784854061902, 6718718.572067590430379 ], [ 345126.051886134489905, 6718725.267742631025612 ], [ 345108.061471023655031, 6718751.686161487363279 ], [ 345103.381485960504506, 6718759.263134866021574 ], [ 345088.187204918300267, 6718786.506164417602122 ], [ 345083.517027683032211, 6718796.035776132717729 ], [ 345075.189248786657117, 6718815.591732868924737 ], [ 345073.640204700292088, 6718819.449908499605954 ], [ 345067.887244347657543, 6718834.687416343949735 ], [ 345064.224546741344966, 6718846.580844506621361 ], [ 345060.250711688189767, 6718863.070543172769248 ], [ 345059.391999796498567, 6718866.97489795088768 ], [ 345056.158780851808842, 6718883.216574515216053 ], [ 345055.395492860872764, 6718886.872870851308107 ], [ 345053.397330033651087, 6718902.573810376226902 ], [ 345052.596096770139411, 6718919.478117467835546 ], [ 345052.524550483678468, 6718927.06168588809669 ], [ 345053.493849754799157, 6718961.06952035613358 ], [ 345053.859281286771875, 6718967.222691263072193 ], [ 345055.551462419272866, 6718985.94370895344764 ], [ 345057.207950148498639, 6718997.146637253463268 ], [ 345062.251669600373134, 6719021.594306494109333 ], [ 345066.855757691373583, 6719037.290070135146379 ], [ 345083.059745588630904, 6719079.416368553414941 ], [ 345092.203570742683951, 6719097.479461910203099 ], [ 345121.208990292972885, 6719142.730979090556502 ], [ 345128.185860633151606, 6719152.313777728937566 ], [ 345161.544847708370071, 6719192.846687333658338 ], [ 345174.464547115785535, 6719210.189475891180336 ], [ 345195.649073652457446, 6719255.933011244982481 ], [ 345220.515923674334772, 6719336.396536215208471 ], [ 345222.50708293588832, 6719342.201675676740706 ], [ 345243.416770787909627, 6719397.565696706995368 ], [ 345247.264028243196663, 6719406.430727650411427 ], [ 345267.349027808464598, 6719447.195820985361934 ], [ 345269.356250355776865, 6719451.055616219528019 ], [ 345296.361304947640747, 6719500.335675448179245 ], [ 345300.069529911444988, 6719506.556860779412091 ], [ 345330.477383947349153, 6719553.608970994129777 ], [ 345333.206610321183689, 6719557.615591315552592 ], [ 345362.562250207818579, 6719598.542372263036668 ], [ 345367.09391189168673, 6719604.390699041076005 ], [ 345395.199138937110547, 6719638.015074600465596 ], [ 345399.029449733905494, 6719642.33751564938575 ], [ 345445.272745176276658, 6719691.581012008711696 ], [ 345481.175378457410261, 6719729.875662456266582 ], [ 345525.45935597398784, 6719788.475038099102676 ], [ 345565.758290482801385, 6719861.671981831081212 ], [ 345572.612684660009108, 6719876.011363662779331 ], [ 345593.663354704447556, 6719920.485585295595229 ], [ 345593.78751451842254, 6719920.746922149322927 ], [ 345602.937975849839859, 6719939.9355354225263 ], [ 345603.351729728339706, 6719940.792659060098231 ], [ 345622.585764678602573, 6719980.157863127999008 ], [ 345644.384462355577853, 6720025.31104363873601 ], [ 345646.985791348328348, 6720030.33164622914046 ], [ 345648.236393603612669, 6720032.586847616359591 ], [ 345695.018439943611156, 6720117.645936401560903 ], [ 345698.467605517071206, 6720123.444878499023616 ], [ 345753.538697711599525, 6720209.302237397991121 ], [ 345754.177562441094778, 6720210.285511702299118 ], [ 345768.460213696293067, 6720231.988304085098207 ], [ 345768.95916545012733, 6720232.739080915227532 ], [ 345790.904037294327281, 6720265.439021340571344 ], [ 345794.022313668276183, 6720270.182705200277269 ], [ 345834.996191936079413, 6720333.003474052064121 ], [ 345837.289612547319848, 6720337.93849091604352 ], [ 345859.127493963518646, 6720392.120778013020754 ], [ 345863.372309737373143, 6720411.0546904373914 ], [ 345959.162003014294896, 6720838.602942922152579 ], [ 345959.234737117832992, 6720838.925090284086764 ], [ 345985.626105491595808, 6720954.923411420546472 ], [ 345988.774244658823591, 6720965.847491853870451 ], [ 346005.353483120910823, 6721013.098497071303427 ], [ 346018.107733830169309, 6721051.292488089762628 ], [ 346021.812735115003306, 6721060.756829837337136 ], [ 346143.40388869663002, 6721330.154566028155386 ], [ 346180.60101952124387, 6721429.968729555606842 ], [ 346204.731242207228206, 6721536.821698601357639 ], [ 346211.395366737386212, 6721591.59872679784894 ], [ 346213.333572100964375, 6721619.744712584652007 ], [ 346211.640069256245624, 6721672.458544523455203 ], [ 346206.045183495967649, 6721712.043963123112917 ], [ 346184.734930337406695, 6721797.97357068117708 ], [ 346150.685875707073137, 6721890.570843615569174 ], [ 346067.692499369441066, 6722057.665950382128358 ], [ 346053.144284289097413, 6722086.164167148061097 ], [ 346042.025025335024111, 6722107.910602498799562 ], [ 346011.1397823736188, 6722168.422562475316226 ], [ 345887.68989417841658, 6722410.451564706861973 ], [ 345854.290800003102049, 6722475.971981309354305 ], [ 345854.055064907122869, 6722476.437429825775325 ], [ 345839.196752163290512, 6722505.965364105068147 ], [ 345835.091101189143956, 6722514.060496428050101 ], [ 345834.976855854736641, 6722514.286463222466409 ], [ 345787.325457858620211, 6722608.833640948869288 ], [ 345649.194820888573304, 6722882.895500909537077 ], [ 345648.945392442052253, 6722883.39383621327579 ], [ 345593.877370100002736, 6722994.184931333176792 ], [ 345461.590515286312439, 6723260.380052827298641 ], [ 345460.435684158990625, 6723262.783768459223211 ], [ 345376.670922606310342, 6723443.261674729175866 ], [ 345354.309332348988391, 6723491.488134993240237 ], [ 345351.80790346529102, 6723497.368222537450492 ], [ 345346.205860116344411, 6723511.800463370978832 ], [ 345343.639545649930369, 6723518.335844602435827 ], [ 345323.683913800341543, 6723560.346244840882719 ], [ 345296.26362798694754, 6723618.151401937939227 ], [ 345235.51412317919312, 6723746.215381994843483 ], [ 345235.320414975343738, 6723746.626137779094279 ], [ 345115.711560175579507, 6724001.755238213576376 ], [ 345112.999504026782233, 6724008.101111271418631 ], [ 345062.32786723645404, 6724138.99001329857856 ], [ 345057.617420102527831, 6724155.026361622847617 ], [ 345040.944175372249447, 6724236.427783307619393 ], [ 345038.922363589925226, 6724254.936907093040645 ], [ 345038.295168680837378, 6724295.213913580402732 ], [ 345038.339566822571214, 6724300.132605649530888 ], [ 345053.909221718611661, 6724763.022192901000381 ], [ 345057.328441998455673, 6724919.827745460905135 ], [ 345055.746968611492775, 6724994.683242348954082 ], [ 345054.414226832683198, 6725040.601165259256959 ], [ 345037.939569971058518, 6725186.242090378887951 ], [ 345036.218177050875966, 6725198.962008243426681 ], [ 345014.79601397231454, 6725345.316478391177952 ], [ 344997.328460978867952, 6725458.962881683371961 ], [ 344996.977007974346634, 6725461.458541591651738 ], [ 344986.929467065900099, 6725539.957350911572576 ], [ 344986.909074705094099, 6725540.117700064554811 ], [ 344985.12955818354385, 6725554.201329817064106 ], [ 344956.260004981944803, 6725767.702946168370545 ], [ 344930.876238474273123, 6725880.83742958959192 ], [ 344890.379653171112295, 6726044.121961860917509 ], [ 344883.162215006246697, 6726072.717240238562226 ], [ 344882.995316132670268, 6726073.388257183134556 ], [ 344837.907079871278256, 6726257.378906936384737 ], [ 344837.201537025626749, 6726260.469055743888021 ], [ 344831.848989433259703, 6726285.752278254367411 ], [ 344830.966743398515973, 6726290.477443978190422 ], [ 344827.323077992303297, 6726312.976955601014197 ], [ 344816.550398296501953, 6726375.305061764083803 ], [ 344816.453857195388991, 6726375.873380871489644 ], [ 344797.96954327361891, 6726486.619398780167103 ], [ 344797.386817941558547, 6726490.602981984615326 ], [ 344790.558599138748832, 6726544.891152878291905 ], [ 344765.430435124028008, 6726731.260633620433509 ], [ 344752.904908023192547, 6726811.115201219916344 ], [ 344744.379020969616249, 6726858.021674792282283 ], [ 344744.1124688021373, 6726859.555954718030989 ], [ 344741.392086019972339, 6726875.971452881582081 ], [ 344738.778172553284094, 6726888.93876423034817 ], [ 344737.948636733344756, 6726893.627733926288784 ], [ 344721.316965873469599, 6727002.720648086629808 ], [ 344697.140398509101942, 6727074.783947605639696 ], [ 344675.138453647028655, 6727124.851362641900778 ], [ 344620.097899663378485, 6727250.27801416721195 ], [ 344619.818134963512421, 6727250.921672226861119 ], [ 344591.674643942969851, 6727316.298329573124647 ], [ 344467.992412956489716, 6727603.217636189423501 ], [ 344432.608653367089573, 6727682.260074542835355 ], [ 344387.388658569951076, 6727749.400850789621472 ], [ 344338.334652181598358, 6727799.06222780328244 ], [ 344119.135042492998764, 6727973.058442886918783 ], [ 344117.239760585420299, 6727974.601000322028995 ], [ 343852.963154528464656, 6728195.116339366883039 ], [ 343831.997522019140888, 6728212.605698710307479 ], [ 343743.564657597860787, 6728286.416372764855623 ], [ 343706.222424305102322, 6728311.956499841995537 ], [ 343628.715059780981392, 6728341.964661977253854 ], [ 343290.151653079141397, 6728423.443682562559843 ], [ 343185.451563391485251, 6728448.64170921780169 ], [ 343185.295691330684349, 6728448.679354970343411 ], [ 342712.202973183011636, 6728563.340801710262895 ], [ 342710.209842648764607, 6728563.845617170445621 ], [ 342392.53044945403235, 6728647.791323564946651 ], [ 342392.091767780017108, 6728647.879250442609191 ], [ 342235.602967319253366, 6728678.583993148989975 ], [ 342117.405497688159812, 6728692.711148250848055 ], [ 341738.448093753890134, 6728702.305620702914894 ], [ 341499.607047549041454, 6728704.681494091637433 ], [ 341498.009047343686689, 6728704.710162976756692 ], [ 341463.831251427123789, 6728705.596589311026037 ], [ 341377.765204946452286, 6728707.834056050516665 ], [ 341278.497505393403117, 6728709.881547428667545 ], [ 340977.791589019645471, 6728715.339678504504263 ], [ 340939.181881914613768, 6728716.039781819097698 ], [ 340913.146940070088021, 6728716.511641752906144 ], [ 340882.616722844715696, 6728717.079266643151641 ], [ 340734.042665186221711, 6728719.777269921265543 ], [ 340294.925097466388252, 6728719.959134847857058 ], [ 340294.63441321614664, 6728719.95967772603035 ], [ 340108.762384531146381, 6728720.576962593942881 ], [ 339975.817533349094447, 6728719.60965580958873 ], [ 339972.755186640541069, 6728719.634268281050026 ], [ 339909.693984249955975, 6728721.10700120870024 ], [ 339899.098405917640775, 6728721.919234587810934 ], [ 339851.489405557862483, 6728728.127358989790082 ], [ 339835.270508947549388, 6728731.630552054382861 ], [ 339795.884827691188548, 6728743.632380872033536 ], [ 339790.053525398077909, 6728745.607457677833736 ], [ 339757.460220716486219, 6728757.777656995691359 ], [ 339745.336701884807553, 6728763.248742337338626 ], [ 339738.594621081952937, 6728766.848960504867136 ], [ 339700.350806904782075, 6728787.238971238024533 ], [ 339694.389526542217936, 6728790.685963941738009 ], [ 339605.668918532144744, 6728846.14826288074255 ], [ 339603.350258610502351, 6728847.642605448141694 ], [ 339381.336862660129555, 6728995.100281364284456 ], [ 339320.888753085455392, 6729033.772983970120549 ], [ 339295.59473625163082, 6729048.225660752505064 ], [ 339295.009200002183206, 6729048.562857793644071 ], [ 339273.067335069878027, 6729061.297586132772267 ], [ 339231.147871316294186, 6729079.938231688924134 ], [ 339197.218799158581533, 6729090.434144447557628 ], [ 339053.686230763385538, 6729128.140202212147415 ], [ 339053.168437535059638, 6729128.277710465714335 ], [ 338738.65043069148669, 6729212.705549212172627 ], [ 338733.769505020114593, 6729214.149897729977965 ], [ 338610.090144335874356, 6729254.199184285476804 ], [ 338571.191958803858142, 6729265.818368486128747 ], [ 338384.873858793172985, 6729316.883507635444403 ], [ 338369.409250744851306, 6729320.747751541435719 ], [ 338332.510156375996303, 6729324.43274780921638 ], [ 338331.425631694321055, 6729324.547031722962856 ], [ 338313.256974139891099, 6729326.561816056258976 ], [ 338277.394257964275312, 6729329.166247356683016 ], [ 338218.105261660704855, 6729328.373160816729069 ], [ 338143.051052359573077, 6729323.129867624491453 ], [ 338141.575728319992777, 6729323.037753324955702 ], [ 338019.604981074517127, 6729316.32691315934062 ], [ 338012.195192673942074, 6729316.194254168309271 ], [ 337990.289289542939514, 6729316.614067948423326 ], [ 337987.121638278476894, 6729316.725014968775213 ], [ 337932.386132411309518, 6729319.511228921823204 ], [ 337926.521249181532767, 6729319.983092078007758 ], [ 337903.482036478410009, 6729322.520824905484915 ], [ 337901.990580357203726, 6729322.696451066993177 ], [ 337879.407084479753394, 6729325.527850212529302 ], [ 337875.843699636636302, 6729326.039915450848639 ], [ 337855.151909071835689, 6729329.394555523991585 ], [ 337853.096168659452815, 6729329.749886585399508 ], [ 337831.644264623930212, 6729333.688691477291286 ], [ 337826.783148076152429, 6729334.706640909425914 ], [ 337777.850207886018325, 6729346.228968909941614 ], [ 337772.699543824128341, 6729347.587560885585845 ], [ 337728.791547693079337, 6729360.429300340823829 ], [ 337724.509539094287902, 6729361.786774448119104 ], [ 337701.46635764837265, 6729369.665677386336029 ], [ 337696.360180784016848, 6729371.568483958020806 ], [ 337646.442578208108898, 6729391.735572719015181 ], [ 337640.412036952620838, 6729394.406544955447316 ], [ 337593.700196001387667, 6729416.96655981708318 ], [ 337587.686886122915894, 6729420.126998790539801 ], [ 337544.173532954475377, 6729444.918144064955413 ], [ 337538.413327171991114, 6729448.463199737481773 ], [ 337520.234624162956607, 6729460.517236728221178 ], [ 337471.781760357494932, 6729492.240092740394175 ], [ 337467.991231741325464, 6729494.848336540162563 ], [ 337432.910449786751997, 6729520.195895527489483 ], [ 337430.384725015377626, 6729522.082152795046568 ], [ 337419.175508315558545, 6729530.731928575783968 ], [ 337419.028033130802214, 6729530.845949684269726 ], [ 337400.105578347283881, 6729545.504131583496928 ], [ 337374.436499541916419, 6729565.312158319167793 ], [ 337371.628285584039986, 6729567.560911921784282 ], [ 337355.108095516392495, 6729581.284837170504034 ], [ 337278.708540369465481, 6729643.604298538528383 ], [ 337248.02241629519267, 6729668.078614579513669 ], [ 337223.380050434090663, 6729686.673608381301165 ], [ 337222.413446251361165, 6729687.41227270103991 ], [ 337164.372106026450638, 6729732.328426997177303 ], [ 337135.788043251319323, 6729752.496890478767455 ], [ 337133.755049677216448, 6729753.969907843507826 ], [ 337113.302805427054409, 6729769.183836545795202 ], [ 336998.297750675876159, 6729852.870078739710152 ], [ 336792.981805059476756, 6729953.978709977120161 ], [ 336767.421584554424044, 6729972.021570111624897 ], [ 336748.687920693773776, 6729997.079892330802977 ], [ 336738.614595021354035, 6730026.700793464668095 ], [ 336738.187654839013703, 6730057.984773329459131 ], [ 336747.448892026382964, 6730087.869538007304072 ], [ 336765.491752160713077, 6730113.429758512414992 ], [ 336790.550074380182195, 6730132.163422373123467 ], [ 336820.170975514280144, 6730142.236748045310378 ], [ 336851.454955379012972, 6730142.663688227534294 ], [ 336881.339720056974329, 6730133.402451040223241 ], [ 337094.365855548006948, 6730028.496906989254057 ], [ 337109.025312161713373, 6730019.643190188333392 ], [ 337231.404590093763545, 6729930.590914053842425 ], [ 337232.251229173387401, 6729929.968004608526826 ], [ 337252.117905198421795, 6729915.189665913581848 ], [ 337281.47967902343953, 6729894.472461791709065 ], [ 337285.028685198340099, 6729891.849151591770351 ], [ 337344.334522312681656, 6729845.954447573050857 ], [ 337369.561920144595206, 6729826.917991862632334 ], [ 337371.681030649109744, 6729825.273862177506089 ], [ 337403.845152843394317, 6729799.620739943347871 ], [ 337404.70030016900273, 6729798.930980834178627 ], [ 337481.872690712800249, 6729735.981114150956273 ], [ 337482.564452158519998, 6729735.411661112681031 ], [ 337498.045369123865385, 6729722.551097986288369 ], [ 337522.36384344304679, 6729703.785290567204356 ], [ 337522.511199991800822, 6729703.671361005865037 ], [ 337541.433595680689905, 6729689.013224883936346 ], [ 337551.321026370569598, 6729681.383426941931248 ], [ 337583.258825052937027, 6729658.306825140491128 ], [ 337630.030549259099644, 6729627.68463780451566 ], [ 337630.517882705957163, 6729627.363537363708019 ], [ 337646.119659368006978, 6729617.01822323910892 ], [ 337683.739981450838968, 6729595.584552834741771 ], [ 337724.420257124002092, 6729575.937551023438573 ], [ 337768.75136675639078, 6729558.027447639033198 ], [ 337787.089772306266241, 6729551.757197252474725 ], [ 337826.284282638167497, 6729540.294007535092533 ], [ 337870.205876777006779, 6729529.951710260473192 ], [ 337888.18856251926627, 6729526.649891901761293 ], [ 337906.073546425788663, 6729523.750303124077618 ], [ 337926.125671929388773, 6729521.236273793503642 ], [ 337945.492999446345493, 6729519.102993309497833 ], [ 337995.706173408136237, 6729516.546980650164187 ], [ 338012.320017945137806, 6729516.228586067445576 ], [ 338129.850328041880857, 6729522.695113030262291 ], [ 338206.979654724884313, 6729528.083374092355371 ], [ 338212.611135054379702, 6729528.317560561001301 ], [ 338279.014969282783568, 6729529.205819603987038 ], [ 338287.595662308332976, 6729528.952104012481868 ], [ 338329.635877407621592, 6729525.89904881361872 ], [ 338333.414505437540356, 6729525.552455955184996 ], [ 338352.927237807074562, 6729523.388622586615384 ], [ 338396.526830086368136, 6729519.034468708559871 ], [ 338410.831872333132196, 6729516.546504691243172 ], [ 338434.456902619393077, 6729510.643162102438509 ], [ 338436.647310060856398, 6729510.069406908936799 ], [ 338625.15516104985727, 6729458.404111690819263 ], [ 338627.343618556915317, 6729457.777444304898381 ], [ 338668.429108468524646, 6729445.504895631223917 ], [ 338670.614608316507656, 6729444.824731338769197 ], [ 338792.960749589197803, 6729405.207161813043058 ], [ 339104.761195317376405, 6729321.508813291788101 ], [ 339250.120038241904695, 6729283.322992546483874 ], [ 339254.265198433073238, 6729282.137971084564924 ], [ 339295.916631566593423, 6729269.253156363032758 ], [ 339306.995163620216772, 6729265.093089196830988 ], [ 339359.244488404248841, 6729241.858986070379615 ], [ 339368.809574681741651, 6729236.974404348991811 ], [ 339395.110442373203114, 6729221.709776380099356 ], [ 339422.283651070727501, 6729206.183353470638394 ], [ 339426.5639089209144, 6729203.593543055467308 ], [ 339489.841406399093103, 6729163.110691583715379 ], [ 339491.276709706580732, 6729162.175007116980851 ], [ 339712.854725578858051, 6729015.006503546610475 ], [ 339797.484433378151152, 6728962.101566820405424 ], [ 339832.716864363639615, 6728943.317100328393281 ], [ 339833.665395266492851, 6728942.810616152361035 ], [ 339857.129374917480163, 6728934.049267405644059 ], [ 339885.605365614406765, 6728925.371901549398899 ], [ 339919.682914135570172, 6728920.928253102116287 ], [ 339975.893733600096311, 6728919.61550419125706 ], [ 340107.837057863420341, 6728920.575523865409195 ], [ 340108.896738885203376, 6728920.577619314193726 ], [ 340295.153271903749555, 6728919.959057499654591 ], [ 340735.012678392464295, 6728919.776885333471 ], [ 340736.786894670512993, 6728919.760409948416054 ], [ 340886.269640740531031, 6728917.045905509963632 ], [ 340916.794578524597455, 6728916.478377191349864 ], [ 340942.806592842214741, 6728916.006932797841728 ], [ 340981.418457826541271, 6728915.306790359318256 ], [ 341282.250797679007519, 6728909.846364580094814 ], [ 341282.498147797537968, 6728909.841568837873638 ], [ 341382.157873014104553, 6728907.785991555079818 ], [ 341382.694546982296742, 6728907.773480956442654 ], [ 341469.019715310656466, 6728905.529277614317834 ], [ 341502.395565558050293, 6728904.663650332018733 ], [ 341741.205748622945976, 6728902.288083954714239 ], [ 341742.742043529811781, 6728902.260996385477483 ], [ 342127.15164738096064, 6728892.528484719805419 ], [ 342136.488347615697421, 6728891.853811249136925 ], [ 342263.053255896316841, 6728876.726566179655492 ], [ 342270.43948309472762, 6728875.562201990745962 ], [ 342430.799015035154298, 6728844.097981201484799 ], [ 342431.197653010603972, 6728844.018922694027424 ], [ 342434.803884679509792, 6728843.296109985560179 ], [ 342440.69908184860833, 6728841.927738728933036 ], [ 342760.31139067519689, 6728757.471265908330679 ], [ 343232.327027336112224, 6728643.070866774767637 ], [ 343336.948102350521367, 6728617.891856470145285 ], [ 343681.997034825501032, 6728534.852022525854409 ], [ 343694.703943518514279, 6728530.882554054260254 ], [ 343789.226748991932254, 6728494.286603597924113 ], [ 343809.575384069874417, 6728483.572787998244166 ], [ 343860.422186677053105, 6728448.796244509518147 ], [ 343868.046756796422414, 6728443.027712806127965 ], [ 343960.122616340522654, 6728366.17640030849725 ], [ 343981.082794212677982, 6728348.691591178998351 ], [ 344244.436075101490133, 6728128.946686010807753 ], [ 344467.407847129623406, 6727951.95620478503406 ], [ 344476.380259860481601, 6727943.906516789458692 ], [ 344536.250299027713481, 6727883.2951864246279 ], [ 344548.048028652148787, 6727868.883267570286989 ], [ 344603.30397162376903, 6727786.841530945152044 ], [ 344611.633910769654904, 6727771.837582377716899 ], [ 344650.820549850584939, 6727684.30003578029573 ], [ 344651.379716455063317, 6727683.027285224758089 ], [ 344775.346915325615555, 6727395.446907191537321 ], [ 344803.381054446275812, 6727330.32430274784565 ], [ 344858.249260798795149, 6727205.290364248678088 ], [ 344882.059483676566742, 6727151.10804907605052 ], [ 344885.316097969422117, 6727142.68345170468092 ], [ 344913.67913189495448, 6727058.141515778377652 ], [ 344917.730100030894391, 6727041.405997028574347 ], [ 344935.305222722876351, 6726926.1246541403234 ], [ 344937.791246824373957, 6726913.791786600835621 ], [ 344938.41751251911046, 6726910.380598762072623 ], [ 344941.294144283863716, 6726893.022253546863794 ], [ 344949.897306883067358, 6726845.690636723302305 ], [ 344950.301451303414069, 6726843.303252572193742 ], [ 344963.18168890097877, 6726761.187282868660986 ], [ 344963.492861655482557, 6726759.053400701843202 ], [ 344988.824577947147191, 6726571.174222229979932 ], [ 344988.939590646710712, 6726570.291552397422493 ], [ 344995.572091560985427, 6726517.559448538348079 ], [ 345013.677488627028652, 6726409.083654618822038 ], [ 345024.491320063825697, 6726346.517454485408962 ], [ 345024.666264910600148, 6726345.472298711538315 ], [ 345028.010309813544154, 6726324.822933642193675 ], [ 345032.536653925664723, 6726303.4423548867926 ], [ 345077.165339336555917, 6726121.326984953135252 ], [ 345084.348689019039739, 6726092.866764143109322 ], [ 345084.448903999815229, 6726092.466232463717461 ], [ 345125.264730668044649, 6725927.894500874914229 ], [ 345125.779421037295833, 6725925.71507750172168 ], [ 345152.35367559507722, 6725807.274634047411382 ], [ 345153.877647723711561, 6725798.782093732617795 ], [ 345183.384230069350451, 6725580.569398170337081 ], [ 345183.497267123369966, 6725579.705094307661057 ], [ 345185.321287311206106, 6725565.269249135628343 ], [ 345195.198566428327467, 6725488.100650661624968 ], [ 345212.529112471558619, 6725375.345634223893285 ], [ 345212.635462553822435, 6725374.63679604139179 ], [ 345234.187929677311331, 6725227.392099291086197 ], [ 345234.338924805109855, 6725226.320048035122454 ], [ 345236.279592048202176, 6725211.979842701926827 ], [ 345236.549207663338166, 6725209.80918752681464 ], [ 345253.61704449361423, 6725058.924372951500118 ], [ 345254.208662739547435, 6725050.585447147488594 ], [ 345255.674228896561544, 6725000.091229221783578 ], [ 345255.694013119733427, 6724999.302237859927118 ], [ 345257.329163505986799, 6724921.906060563400388 ], [ 345257.327708108525258, 6724917.613800422288477 ], [ 345253.848805465502664, 6724758.071212757378817 ], [ 345253.816050588793587, 6724756.889565051533282 ], [ 345238.309229790349491, 6724295.868050643242896 ], [ 345238.75253492576303, 6724267.400020120665431 ], [ 345251.866753515962046, 6724203.37432777415961 ], [ 345298.264262901502661, 6724083.525839646346867 ], [ 345416.311152681766544, 6723831.728455170989037 ], [ 345476.963552508910652, 6723703.869178844615817 ], [ 345504.349811503430828, 6723646.135720486752689 ], [ 345525.780815386795439, 6723601.01938152872026 ], [ 345528.534396540257148, 6723594.663451234810054 ], [ 345532.439024849387351, 6723584.719917462207377 ], [ 345532.581617679796182, 6723584.354687397368252 ], [ 345537.097867933916859, 6723572.719716499559581 ], [ 345558.091451011714526, 6723527.443574292585254 ], [ 345641.287049226521049, 6723348.191976145841181 ], [ 345772.975681866635568, 6723083.200630707666278 ], [ 345827.918090499821119, 6722972.662257217802107 ], [ 345965.923621099907905, 6722698.848617964424193 ], [ 346013.518931614991743, 6722604.412725828588009 ], [ 346017.63903082779143, 6722596.2891058428213 ], [ 346017.782009939837735, 6722596.006081791594625 ], [ 346032.594327432394493, 6722566.56955390330404 ], [ 346065.858104280778207, 6722501.314588328823447 ], [ 346189.284196033142507, 6722259.332232257351279 ], [ 346220.113839472527616, 6722198.929147846996784 ], [ 346231.231344359694049, 6722177.186143004335463 ], [ 346246.074327168171294, 6722148.110557770356536 ], [ 346246.56987126119202, 6722147.126496543176472 ], [ 346332.226715737953782, 6721974.668883601203561 ], [ 346336.521404454892036, 6721964.697176208719611 ], [ 346374.334226904960815, 6721861.86424064449966 ], [ 346377.538151080429088, 6721851.422883476130664 ], [ 346401.401772495184559, 6721755.197296299040318 ], [ 346403.357854468456935, 6721745.121401104144752 ], [ 346410.430384294304531, 6721695.08122768253088 ], [ 346411.362907566595823, 6721684.297590238973498 ], [ 346413.392523788032122, 6721621.121523703448474 ], [ 346413.207826144585852, 6721611.0405567092821 ], [ 346410.743115109682549, 6721575.248827380128205 ], [ 346410.247446002031211, 6721570.04195143096149 ], [ 346402.656755285046529, 6721507.648837744258344 ], [ 346400.932369088637643, 6721497.697762856259942 ], [ 346374.203438510885462, 6721379.337247545830905 ], [ 346370.364447435189504, 6721366.44483613409102 ], [ 346329.638624100771267, 6721257.161837688647211 ], [ 346327.080171823734418, 6721250.943846562877297 ], [ 346206.19850571959978, 6720983.118053022772074 ], [ 346194.815800164127722, 6720949.031303149648011 ], [ 346194.324597029131837, 6720947.596641947515309 ], [ 346179.379370624723379, 6720905.002588401548564 ], [ 346154.287721787288319, 6720794.716941273771226 ], [ 346058.532599582802504, 6720367.322993506677449 ], [ 346052.500914574891794, 6720340.418783571571112 ], [ 346047.67303884238936, 6720324.912493297830224 ], [ 346021.819224467035383, 6720260.766216177493334 ], [ 346019.754961979284417, 6720256.00477428920567 ], [ 346013.351010349870194, 6720242.224655138328671 ], [ 346006.42403373104753, 6720229.738134889863431 ], [ 345961.441921124584042, 6720160.771978450939059 ], [ 345961.245662117202301, 6720160.472250719554722 ], [ 345957.76704722084105, 6720155.180401197634637 ], [ 345957.23937758943066, 6720154.385962101630867 ], [ 345935.279944608861115, 6720121.66432420257479 ], [ 345921.567392092139926, 6720100.827808978967369 ], [ 345868.635304560128134, 6720018.3052176265046 ], [ 345823.396019730658736, 6719936.051176900975406 ], [ 345823.265215347579215, 6719935.814326483756304 ], [ 345802.592545305087697, 6719892.993566459044814 ], [ 345802.38635720073944, 6719892.569036134518683 ], [ 345783.257643717690371, 6719853.419387516565621 ], [ 345774.374288810300641, 6719834.790899212472141 ], [ 345753.303716383816209, 6719790.274629372172058 ], [ 345753.139469725254457, 6719789.929330541752279 ], [ 345744.965257661940996, 6719772.828891769051552 ], [ 345742.344149303855374, 6719767.726964923553169 ], [ 345697.18599404458655, 6719685.703978712670505 ], [ 345689.365844665386248, 6719673.642151541076601 ], [ 345637.53796176915057, 6719605.060200484469533 ], [ 345630.709444769425318, 6719596.955686458386481 ], [ 345591.149563403159846, 6719554.76012334227562 ], [ 345546.799917225376703, 6719507.533084747381508 ], [ 345522.921488525287714, 6719478.965542735531926 ], [ 345497.136618438817095, 6719443.017025385983288 ], [ 345470.011633588525001, 6719401.044718650169671 ], [ 345445.793576347292401, 6719356.850499705411494 ], [ 345428.808253105089534, 6719322.376598671078682 ], [ 345410.692456329241395, 6719274.410155518911779 ], [ 345384.751232634065673, 6719190.470199364237487 ], [ 345379.951154437032528, 6719177.973090200684965 ], [ 345351.591654139047023, 6719116.736706075258553 ], [ 345341.043782261200249, 6719099.019378080964088 ], [ 345320.487534172425512, 6719071.425650634802878 ], [ 345317.506685718835797, 6719067.619889810681343 ], [ 345286.384177471569274, 6719029.804418656975031 ], [ 345266.073596571281087, 6718998.117767858318985 ], [ 345256.468599010142498, 6718973.147186781279743 ], [ 345254.228852313826792, 6718962.290796583518386 ], [ 345253.324811340018641, 6718952.289168071001768 ], [ 345252.551475223735906, 6718925.156694732606411 ], [ 345252.806895195215475, 6718919.767879975028336 ] ] ] ] } },
{ "type": "Feature", "properties": { }, "geometry": { "type": "MultiPolygon", "coordinates": [ [ [ [ 344610.334631264209747, 6770036.004243213683367 ], [ 344621.336611813690979, 6770023.083173664286733 ], [ 344630.343505270779133, 6770014.541173754259944 ], [ 344630.470164532540366, 6770014.420841719023883 ], [ 344663.727562255051453, 6769982.769488927908242 ], [ 344672.568099573079962, 6769973.181930502876639 ], [ 344686.348699192632921, 6769956.127790574915707 ], [ 344691.798601613903884, 6769949.370597643777728 ], [ 344695.894584676367231, 6769943.921977286227047 ], [ 344709.474694783857558, 6769924.51368772238493 ], [ 344709.555761825991794, 6769924.397654377855361 ], [ 344721.442071273108013, 6769907.358800828456879 ], [ 344729.21414559596451, 6769894.169528755359352 ], [ 344743.573037693451624, 6769864.884880030527711 ], [ 344747.587605662585702, 6769856.782525689341128 ], [ 344749.402228584280238, 6769852.914612721651793 ], [ 344751.701398493198212, 6769847.728554439730942 ], [ 344760.200375813699793, 6769828.545052980072796 ], [ 344760.969296300201677, 6769826.76298101991415 ], [ 344766.776659661205485, 6769812.936318128369749 ], [ 344766.973759826505557, 6769812.463659158907831 ], [ 344779.407447621284518, 6769782.430619113147259 ], [ 344779.471906516700983, 6769782.27454871032387 ], [ 344781.593927051289938, 6769777.124309618957341 ], [ 344790.096354809473269, 6769756.845120560377836 ], [ 344790.799100539763458, 6769755.124320019967854 ], [ 344798.676465035008732, 6769735.311025730334222 ], [ 344817.765649476379622, 6769687.244134296663105 ], [ 344830.321675647457596, 6769655.647248566150665 ], [ 344832.622305412136484, 6769649.228242805227637 ], [ 344857.455203718796838, 6769571.716959071345627 ], [ 344857.791518194717355, 6769570.646586610935628 ], [ 344867.517890802642796, 6769539.072613747790456 ], [ 344893.964213208761066, 6769459.283684347756207 ], [ 344895.313299160858151, 6769454.875769472680986 ], [ 344911.37125989649212, 6769397.73449694737792 ], [ 344913.606108046660665, 6769387.903374913148582 ], [ 344922.201271641592029, 6769338.744276751764119 ], [ 344925.156479380733799, 6769328.519540042616427 ], [ 344929.298419077764265, 6769309.788413229398429 ], [ 344931.955978287383914, 6769300.954619615338743 ], [ 344934.834372181911021, 6769288.589171916246414 ], [ 344946.377138746727724, 6769219.346589460037649 ], [ 344946.549053112976253, 6769218.279808581806719 ], [ 344948.748060998797882, 6769204.148654355667531 ], [ 344948.805115910072345, 6769203.777423792518675 ], [ 344954.865042568242643, 6769163.84895012062043 ], [ 344956.668097209359985, 6769152.079634338617325 ], [ 344959.396046424342785, 6769134.188963607884943 ], [ 344978.312697051500436, 6769010.162809202447534 ], [ 344997.754638177924789, 6768929.237368582747877 ], [ 344998.327015636721626, 6768926.711302456445992 ], [ 345004.695904934545979, 6768896.812063720077276 ], [ 345005.962106954131741, 6768889.570904313586652 ], [ 345010.676942113845143, 6768855.206062683835626 ], [ 345011.509179413144011, 6768845.991083510220051 ], [ 345013.242007229942828, 6768806.445282578468323 ], [ 345014.297722708666697, 6768789.534615798853338 ], [ 345014.469315649010241, 6768785.434835659340024 ], [ 345015.359559469739906, 6768743.668189402669668 ], [ 345016.02841333008837, 6768712.371293499134481 ], [ 345018.226921519031748, 6768700.482703196816146 ], [ 345022.280194512626622, 6768686.668169341981411 ], [ 345022.414722852467094, 6768686.205541859380901 ], [ 345023.16206633875845, 6768683.612229932099581 ], [ 345033.774540147569496, 6768661.737137579359114 ], [ 345055.465569066698663, 6768617.018785319291055 ], [ 345077.119855782540981, 6768580.261237264610827 ], [ 345080.417245540127624, 6768574.84464186988771 ], [ 345080.632301251403987, 6768574.489715573377907 ], [ 345084.348631931934506, 6768568.327497848309577 ], [ 345084.707727525441442, 6768567.727329189889133 ], [ 345125.589215038984548, 6768498.855215989984572 ], [ 345125.689292713766918, 6768498.68623960390687 ], [ 345131.962133117136545, 6768488.071088255383074 ], [ 345136.112148501328193, 6768481.867404252290726 ], [ 345136.212595105811488, 6768481.716956563293934 ], [ 345153.340936894179322, 6768456.012021220289171 ], [ 345162.544421241269447, 6768445.238232668489218 ], [ 345177.728707977919839, 6768430.314128743484616 ], [ 345235.930497798603028, 6768382.678518805652857 ], [ 345236.531167185108643, 6768382.18297946639359 ], [ 345251.683149191085249, 6768369.583455353043973 ], [ 345324.801506126532331, 6768308.729063780978322 ], [ 345328.560412239457946, 6768305.43826924264431 ], [ 345358.980325934651773, 6768277.433956804685295 ], [ 345419.708713515778072, 6768225.007139775902033 ], [ 345419.797916851355694, 6768224.930038708262146 ], [ 345428.285955827625003, 6768217.584830190055072 ], [ 345433.30824877822306, 6768213.269271636381745 ], [ 345433.507556122494861, 6768213.09755445830524 ], [ 345490.41385249234736, 6768163.938244489952922 ], [ 345503.505246203043498, 6768155.752736334688962 ], [ 345566.524059475283138, 6768116.391758163459599 ], [ 345601.883981624501757, 6768094.963082798756659 ], [ 345652.267610326176509, 6768065.73745871335268 ], [ 345657.16142392664915, 6768062.707232991233468 ], [ 345681.16985773271881, 6768046.867691151797771 ], [ 345681.563251721323468, 6768046.606815141625702 ], [ 345683.637130669376347, 6768045.224481016397476 ], [ 345729.049535168858711, 6768015.259932154789567 ], [ 345732.819956647465006, 6768012.64599862601608 ], [ 345754.034478651883546, 6767997.206144492141902 ], [ 345888.598798084829468, 6767903.01977398339659 ], [ 345893.999314309621695, 6767898.96123090852052 ], [ 345917.633656766673084, 6767879.917319255881011 ], [ 345929.073301389813423, 6767871.424758446402848 ], [ 345984.921041998662986, 6767829.997464785352349 ], [ 346014.015004121058155, 6767809.659582630731165 ], [ 346017.3380257023382, 6767807.233377655036747 ], [ 346027.068770483427215, 6767799.817119632847607 ], [ 346078.614808462269139, 6767760.55444151815027 ], [ 346139.78488531766925, 6767715.490152223967016 ], [ 346140.783139541046694, 6767714.74509746581316 ], [ 346198.704309560882393, 6767670.950852946378291 ], [ 346261.2061828483711, 6767624.000916647724807 ], [ 346262.910060110560153, 6767622.692137213423848 ], [ 346466.951193919347133, 6767462.450020014308393 ], [ 346543.426917299162596, 6767409.165900729596615 ], [ 346607.008917064114939, 6767366.907448158599436 ], [ 346750.190535933128558, 6767274.64375276491046 ], [ 346808.006416790303774, 6767250.223835688084364 ], [ 346909.525581671507098, 6767232.141276031732559 ], [ 346988.020810185058508, 6767220.653895577415824 ], [ 346996.009077746479306, 6767219.15097819827497 ], [ 347037.659966810373589, 6767209.547080121934414 ], [ 347045.111553787603043, 6767207.522948020137846 ], [ 347065.551472220453434, 6767201.113694409839809 ], [ 347072.825203751446679, 6767198.520427517592907 ], [ 347082.768333966610953, 6767194.536368654109538 ], [ 347088.396616508136503, 6767192.07802067976445 ], [ 347124.138289017020725, 6767175.141221813857555 ], [ 347137.077789070375729, 6767167.783715477213264 ], [ 347153.949552593578119, 6767156.450162491761148 ], [ 347159.15197800839087, 6767152.708079283125699 ], [ 347199.159740275877994, 6767121.938521824777126 ], [ 347199.743298283021431, 6767121.486275241710246 ], [ 347272.664295264810789, 6767064.541769091039896 ], [ 347275.673372931254562, 6767062.096588604152203 ], [ 347286.364420540106948, 6767053.059333104640245 ], [ 347316.577607051294763, 6767027.592602516524494 ], [ 347316.689172922866419, 6767027.498424117453396 ], [ 347327.565213838592172, 6767018.303801786154509 ], [ 347334.876477907993831, 6767012.156749743968248 ], [ 347335.762769912369549, 6767011.402741667814553 ], [ 347344.343885133683216, 6767004.015913902781904 ], [ 347346.925196563475765, 6767001.714971507899463 ], [ 347396.248297154146712, 6766956.194522216916084 ], [ 347439.821402877627406, 6766916.02573131211102 ], [ 347448.566068591724616, 6766906.874781732447445 ], [ 347480.614126134896651, 6766868.777293527498841 ], [ 347516.828011956531554, 6766825.760810630396008 ], [ 347518.959666873968672, 6766823.140137053094804 ], [ 347565.665620174782816, 6766763.695882170461118 ], [ 347572.05924027133733, 6766754.550847453996539 ], [ 347576.914104867493734, 6766746.708674154244363 ], [ 347591.367745671013836, 6766723.471994120627642 ], [ 347601.721853668917902, 6766701.053251791745424 ], [ 347608.197851107863244, 6766680.758076799102128 ], [ 347617.206213657977059, 6766654.060261727310717 ], [ 347618.26080751005793, 6766650.745569649152458 ], [ 347630.497666010924149, 6766609.834314552135766 ], [ 347647.542424930492416, 6766552.951780432835221 ], [ 347670.380646198347677, 6766479.1371068386361 ], [ 347672.067140539293177, 6766473.001258917152882 ], [ 347676.729887273395434, 6766453.647188168019056 ], [ 347682.153399544418789, 6766431.045332070440054 ], [ 347684.309110303467605, 6766418.691794774495065 ], [ 347689.523662716848776, 6766371.486653631553054 ], [ 347689.663082086655777, 6766370.141232407651842 ], [ 347690.28567248134641, 6766363.709111491218209 ], [ 347692.383258913119789, 6766342.808895221911371 ], [ 347696.117315685958602, 6766309.807177553884685 ], [ 347696.315206725616008, 6766307.89362564496696 ], [ 347699.048007803037763, 6766278.729161776602268 ], [ 347700.617304217652418, 6766261.84802932292223 ], [ 347700.64517614612123, 6766261.543138599023223 ], [ 347701.850979799230117, 6766248.126348288729787 ], [ 347704.17220153711969, 6766222.990887041203678 ], [ 347720.374346869357396, 6766145.135173924267292 ], [ 347745.926358828786761, 6766055.580194837413728 ], [ 347748.783595008135308, 6766045.664436136372387 ], [ 347755.958952559099998, 6766022.536977889016271 ], [ 347759.887427462672349, 6766003.497901962138712 ], [ 347761.411935476120561, 6765989.186979765072465 ], [ 347761.449625578999985, 6765988.826989668421447 ], [ 347764.056216170138214, 6765963.487892020493746 ], [ 347762.502495661959983, 6765932.971820116043091 ], [ 347744.694818335294258, 6765847.001732414588332 ], [ 347743.953126737382263, 6765843.702889972366393 ], [ 347726.934802135976497, 6765773.571888417005539 ], [ 347724.324149604071863, 6765759.758478035219014 ], [ 347724.268702243804, 6765759.467459574341774 ], [ 347719.602029784116894, 6765735.169991225004196 ], [ 347718.783129906863905, 6765704.546905140392482 ], [ 347717.880003495374694, 6765671.115541870705783 ], [ 347719.786621549108531, 6765613.791230392642319 ], [ 347721.856191602302715, 6765572.999817118048668 ], [ 347733.385066408489365, 6765468.443083834834397 ], [ 347739.470492387074046, 6765431.365740596316755 ], [ 347754.158218911965378, 6765341.928983428515494 ], [ 347754.780945257516578, 6765337.52731878310442 ], [ 347764.140705570171122, 6765258.78674326185137 ], [ 347764.812716021551751, 6765244.656204970553517 ], [ 347762.069751790026203, 6765126.802672960795462 ], [ 347760.140288119029719, 6765000.78229443076998 ], [ 347760.059588246862404, 6764998.014908456243575 ], [ 347752.186181346478406, 6764815.008410858921707 ], [ 347751.826848805358168, 6764809.812156193889678 ], [ 347739.476157428813167, 6764680.317680518142879 ], [ 347736.008935966761783, 6764548.486411200836301 ], [ 347736.364750758861192, 6764454.709106545895338 ], [ 347744.301229729200713, 6764370.515535843558609 ], [ 347762.135924539761618, 6764275.369852927513421 ], [ 347791.047578943311237, 6764151.39764444809407 ], [ 347826.310254549200181, 6764012.351795512251556 ], [ 347826.993004314019345, 6764009.482701029628515 ], [ 347846.695237040170468, 6763920.90893143415451 ], [ 347847.691045202373061, 6763915.81081887986511 ], [ 347862.781653844111133, 6763826.248412556014955 ], [ 347888.528544269851409, 6763707.264834841713309 ], [ 347888.710553971817717, 6763706.405474956147373 ], [ 347894.23409485060256, 6763679.748992354609072 ], [ 347894.255725678871386, 6763679.644320954568684 ], [ 347914.839760721835773, 6763579.76906319335103 ], [ 347915.100738707697019, 6763578.458550109528005 ], [ 347927.498663354548626, 6763513.954803794622421 ], [ 347944.524707602977287, 6763426.167684647254646 ], [ 347961.694395414844621, 6763338.421903049573302 ], [ 347973.54011876671575, 6763294.219316475093365 ], [ 347985.107275747170206, 6763251.891873446293175 ], [ 348005.248325228341855, 6763204.97324419952929 ], [ 348008.917474471498281, 6763194.992699047550559 ], [ 348025.584570562234148, 6763140.940365086309612 ], [ 348025.675186530977953, 6763140.644871403463185 ], [ 348045.051791819161735, 6763077.108700498007238 ], [ 348047.693812936660834, 6763066.337030407972634 ], [ 348059.899187854491174, 6763001.132089377380908 ], [ 348061.422769725439139, 6762993.509103963151574 ], [ 348061.483373294817284, 6762993.203406439162791 ], [ 348065.890226309478749, 6762970.79125757701695 ], [ 348066.073881593649276, 6762969.977827190421522 ], [ 348066.450318988587242, 6762968.238655308261514 ], [ 348071.00804086989956, 6762946.236600464209914 ], [ 348082.916517256759107, 6762888.46436273958534 ], [ 348095.494598164514173, 6762827.367793022654951 ], [ 348108.065707052417565, 6762794.603877662681043 ], [ 348109.57755760132568, 6762790.382988846860826 ], [ 348143.549396049464121, 6762688.391416572965682 ], [ 348214.126568824343849, 6762479.292856840416789 ], [ 348215.32899467513198, 6762475.480612182058394 ], [ 348228.373979101597797, 6762431.044859858229756 ], [ 348229.566953028028365, 6762426.606198406778276 ], [ 348237.503952190105338, 6762394.113827281631529 ], [ 348241.01113182521658, 6762383.196318581700325 ], [ 348245.058563104947098, 6762364.791765917092562 ], [ 348251.519451382162515, 6762312.143408322706819 ], [ 348252.157743396994192, 6762295.353570777922869 ], [ 348248.755546581116505, 6762221.622621362097561 ], [ 348247.134675026114564, 6762207.726668111048639 ], [ 348232.383359064289834, 6762129.389828381128609 ], [ 348225.721937043708749, 6762107.80346542596817 ], [ 348190.90225150086917, 6762028.238953046500683 ], [ 348188.418132968945429, 6762022.983985585160553 ], [ 348123.899633293098304, 6761896.175264296121895 ], [ 348067.573000203410629, 6761782.322770044207573 ], [ 348063.257563495542854, 6761774.500022754073143 ], [ 348001.661914276715834, 6761673.763057407923043 ], [ 347999.1508673534845, 6761669.862604690715671 ], [ 347971.142222622933332, 6761628.496831910684705 ], [ 347939.077131565019954, 6761580.110442367382348 ], [ 347935.042839823989198, 6761574.459073469042778 ], [ 347882.209898878703825, 6761505.633588692173362 ], [ 347857.060489958617836, 6761471.343351926654577 ], [ 347779.753320453513879, 6761365.01614670548588 ], [ 347734.870631101774052, 6761303.234172596596181 ], [ 347680.775839484354947, 6761224.232341003604233 ], [ 347678.967375806241762, 6761221.677892433479428 ], [ 347586.124039387272205, 6761094.795092990621924 ], [ 347580.212997711554635, 6761087.467359054833651 ], [ 347515.862203627068084, 6761014.962030661292374 ], [ 347508.428268936404493, 6761007.429695292375982 ], [ 347327.610082244966179, 6760842.646758158691227 ], [ 347289.324141685618088, 6760804.775572442449629 ], [ 347287.626973959850147, 6760803.1359544089064 ], [ 347172.196911538485438, 6760694.223676852881908 ], [ 347049.010984199412633, 6760568.899612379260361 ], [ 346955.850193118560128, 6760470.881920943967998 ], [ 346868.227299546240829, 6760373.520384791307151 ], [ 346808.476465017243754, 6760300.643403974361718 ], [ 346793.935267289401963, 6760275.998983605764806 ], [ 346792.252767387020867, 6760273.249705097638071 ], [ 346779.236376008600928, 6760252.730588366277516 ], [ 346753.222722324775532, 6760211.534340486861765 ], [ 346697.036520421213936, 6760098.200607756152749 ], [ 346628.332029704295564, 6759956.559761947952211 ], [ 346551.674054586794227, 6759796.271974679082632 ], [ 346549.973601006437093, 6759792.883023364469409 ], [ 346487.840700546163134, 6759674.698401582427323 ], [ 346485.238246472319588, 6759670.05286302510649 ], [ 346388.326618020189926, 6759507.374949829652905 ], [ 346386.702387581288349, 6759504.74198308493942 ], [ 346288.614722232043277, 6759351.106753973290324 ], [ 346262.545927016471978, 6759310.327818031422794 ], [ 346261.597626534290612, 6759308.872421285137534 ], [ 346186.945284137036651, 6759196.447400242090225 ], [ 346159.130739654006902, 6759148.654989594593644 ], [ 346131.894923842512071, 6759095.210500412620604 ], [ 346076.771283716778271, 6758961.683399456553161 ], [ 346076.57558581844205, 6758961.212760668247938 ], [ 346019.237109227105975, 6758824.303269343450665 ], [ 345962.048405075096525, 6758679.087004407308996 ], [ 345961.492100174829829, 6758677.704704370349646 ], [ 345904.204834626289085, 6758538.364347796887159 ], [ 345903.68287914065877, 6758537.118773401714861 ], [ 345831.118918413994834, 6758367.183365123346448 ], [ 345828.699316181009635, 6758361.94137179479003 ], [ 345747.540819472167641, 6758198.672913721762598 ], [ 345701.921575445972849, 6758101.151241758838296 ], [ 345680.765943431528285, 6758019.329273862764239 ], [ 345663.814611557521857, 6757923.689918131567538 ], [ 345666.059022345580161, 6757834.520389690063894 ], [ 345683.666307831066661, 6757711.582288388162851 ], [ 345715.088901001785416, 6757575.414951236918569 ], [ 345715.155093609064352, 6757575.126158798113465 ], [ 345786.977207423769869, 6757259.627138409763575 ], [ 345787.055548847129103, 6757259.280151105485857 ], [ 345854.705975653487258, 6756957.144590175710618 ], [ 345928.54555315541802, 6756657.702298901043832 ], [ 346005.839812987716869, 6756363.35910033993423 ], [ 346006.880971334525384, 6756358.998637755401433 ], [ 346031.645997837767936, 6756243.919280552305281 ], [ 346032.107270929031074, 6756241.648172817192972 ], [ 346057.234944021329284, 6756110.135826325044036 ], [ 346058.121770939033013, 6756104.680558268912137 ], [ 346071.324590815405827, 6756006.382991240359843 ], [ 346071.69317848328501, 6756003.269602734595537 ], [ 346082.356368537759408, 6755899.258860379457474 ], [ 346082.777643125446048, 6755893.53438953962177 ], [ 346088.107773953641299, 6755774.520189111120999 ], [ 346088.16955484484788, 6755772.81554551795125 ], [ 346091.784201235044748, 6755642.346515163779259 ], [ 346091.730355303676333, 6755635.283831965178251 ], [ 346086.087908552202862, 6755503.978838304057717 ], [ 346085.956800893531181, 6755501.5928527219221 ], [ 346063.948552809772082, 6755172.825890911743045 ], [ 346063.937832557363436, 6755172.667631527408957 ], [ 346057.167805645265616, 6755073.886007966473699 ], [ 346046.89983214851236, 6754923.631497980095446 ], [ 346034.083198231644928, 6754731.480723653919995 ], [ 346034.01836612180341, 6754730.571204969659448 ], [ 345985.512639509048313, 6754091.207411895506084 ], [ 345986.470261792303063, 6754027.061337120831013 ], [ 345987.397833966009784, 6753961.838612150400877 ], [ 346010.586661310575437, 6753688.925230818800628 ], [ 346014.166804685373791, 6753656.750135297887027 ], [ 346014.502432368986774, 6753653.139200857840478 ], [ 346032.20524316362571, 6753416.110082033090293 ], [ 346032.467559136915952, 6753410.418509805575013 ], [ 346034.340753879630938, 6753303.779658599756658 ], [ 346034.08378455368802, 6753294.647409445606172 ], [ 346024.772870160057209, 6753168.757697856985033 ], [ 346024.735384191793855, 6753168.267262862995267 ], [ 346023.977532246673945, 6753158.663050894625485 ], [ 346023.635904091934208, 6753155.133065254427493 ], [ 346004.030318487086333, 6752984.220166138373315 ], [ 346002.009330022498034, 6752963.856965686194599 ], [ 345994.534139482537284, 6752875.882807713933289 ], [ 345997.472157765296288, 6752830.609301151707768 ], [ 346000.863171997480094, 6752778.973603032529354 ], [ 346018.714676928939298, 6752637.233431271277368 ], [ 346022.778352011693642, 6752612.446658246219158 ], [ 346023.148291144752875, 6752610.00111625995487 ], [ 346056.934913082513958, 6752366.307167029008269 ], [ 346057.448499906400684, 6752361.879403186962008 ], [ 346067.393826627754606, 6752255.464378019794822 ], [ 346067.594751371769235, 6752252.980907428078353 ], [ 346069.777624516631477, 6752221.056825075298548 ], [ 346069.9622234525159, 6752211.125597867183387 ], [ 346067.96733273693826, 6752147.000990002416074 ], [ 346067.780012266128324, 6752143.248987668193877 ], [ 346065.539142369874753, 6752110.667154520750046 ], [ 346064.655429206497502, 6752102.607997437939048 ], [ 346057.053071592701599, 6752052.226309011690319 ], [ 346056.139654337661341, 6752047.086292527616024 ], [ 346045.982351584651042, 6751997.482547111809254 ], [ 346045.806562802987173, 6751996.642434555105865 ], [ 346015.283598090405576, 6751853.830119987018406 ], [ 345999.684493584791198, 6751777.198921350762248 ], [ 345998.845194877474569, 6751773.446452565491199 ], [ 345980.03577846713597, 6751696.341115515679121 ], [ 345921.654289465746842, 6751419.510842169634998 ], [ 345921.484685256786179, 6751418.722382044419646 ], [ 345873.292133600392845, 6751198.99709081929177 ], [ 345868.491189053922426, 6751173.428165582939982 ], [ 345867.536940467311069, 6751168.921080254018307 ], [ 345855.6493724307511, 6751118.531631262972951 ], [ 345825.675073850376066, 6750977.179282397963107 ], [ 345824.049073531059548, 6750970.61404581554234 ], [ 345782.130969056102913, 6750822.955087004229426 ], [ 345781.318729868566152, 6750820.240884775295854 ], [ 345738.482366818701848, 6750684.147325896658003 ], [ 345736.554502295795828, 6750678.597269393503666 ], [ 345683.729105228267144, 6750539.814863857813179 ], [ 345682.093073234078474, 6750535.782819449901581 ], [ 345622.390476517088246, 6750397.366987973451614 ], [ 345622.006963150808588, 6750396.489421264268458 ], [ 345552.123923139530234, 6750238.645173678174615 ], [ 345551.137600869929884, 6750236.486921589821577 ], [ 345536.339631788490806, 6750205.096878830343485 ], [ 345488.170119673828594, 6750102.887133584357798 ], [ 345487.516978429688606, 6750101.527920045889914 ], [ 345449.631533782696351, 6750024.186037248931825 ], [ 345419.61894775921246, 6749962.747730791568756 ], [ 345417.90008269099053, 6749959.391072805970907 ], [ 345253.049119462142698, 6749651.898069212213159 ], [ 345135.644962184305768, 6749427.854284161701798 ], [ 345115.010149723093491, 6749388.23648911062628 ], [ 345114.809030164207797, 6749387.852384462952614 ], [ 345090.278464478324167, 6749341.249244110658765 ], [ 345057.272819336387329, 6749268.948073126375675 ], [ 345049.938489619526081, 6749243.090084681287408 ], [ 345045.151399240421597, 6749215.984954400919378 ], [ 345044.656517078692559, 6749208.519207374192774 ], [ 345040.04328166419873, 6749139.641220139339566 ], [ 345039.208209582779091, 6749127.205817325040698 ], [ 345039.018679315282498, 6749124.813293708488345 ], [ 345031.826749051862862, 6749046.045512668788433 ], [ 345030.233020230836701, 6749028.500623105093837 ], [ 345029.773936401004903, 6749024.391557803377509 ], [ 345005.32987242739182, 6748840.198310793377459 ], [ 345004.487757305090781, 6748834.933256207965314 ], [ 344980.227613358933013, 6748705.485771384090185 ], [ 344973.285672607307788, 6748668.4018321223557 ], [ 344966.753849305561744, 6748647.053136388771236 ], [ 344951.445054198382422, 6748611.712349210865796 ], [ 344948.364189757150598, 6748604.582333901897073 ], [ 344947.130551675858442, 6748601.841233866289258 ], [ 344927.995828971557785, 6748560.976998100057244 ], [ 344923.079457805259153, 6748551.763457538560033 ], [ 344899.155373990710359, 6748512.069000924937427 ], [ 344895.091955879470333, 6748505.860351673327386 ], [ 344881.184046241629403, 6748486.239320239983499 ], [ 344864.357917867368087, 6748462.502219419926405 ], [ 344862.086947980395053, 6748459.424961199052632 ], [ 344854.571690182609018, 6748449.638835144229233 ], [ 344837.101321204623673, 6748426.892458482645452 ], [ 344831.860470280458685, 6748420.617549994960427 ], [ 344807.671502648794558, 6748393.9517677212134 ], [ 344805.740752650483046, 6748391.882914097979665 ], [ 344782.386804199486505, 6748367.557800486683846 ], [ 344771.773949280090164, 6748357.979173640720546 ], [ 344727.943877795885783, 6748323.773856394924223 ], [ 344722.768530892091803, 6748319.995401215739548 ], [ 344677.115719931665808, 6748288.857051600702107 ], [ 344671.753891968459357, 6748285.444402293302119 ], [ 344621.966717899427749, 6748255.936404498293996 ], [ 344611.821109911659732, 6748250.682015650905669 ], [ 344559.811816932691727, 6748227.412127032876015 ], [ 344551.531895086111035, 6748224.141661679372191 ], [ 344511.325109693279956, 6748210.295627668499947 ], [ 344503.159007945156191, 6748207.867288917303085 ], [ 344441.463986376416869, 6748192.348356761038303 ], [ 344431.58667494013207, 6748190.386634757742286 ], [ 344376.670789432595484, 6748182.329121045768261 ], [ 344365.859298329043668, 6748181.338467545807362 ], [ 344310.863825114734937, 6748179.299186046235263 ], [ 344305.703084490494803, 6748179.241095775738358 ], [ 344227.182490719656926, 6748180.383846539072692 ], [ 344225.206055818882305, 6748180.43215582985431 ], [ 344168.192692982556764, 6748182.389797903597355 ], [ 344121.58505553152645, 6748183.846149411052465 ], [ 344088.958961999509484, 6748183.772803526371717 ], [ 344058.357436702761333, 6748182.160863857716322 ], [ 344049.013507982250303, 6748180.646292326971889 ], [ 344019.132458941079676, 6748174.947510361671448 ], [ 343993.328045840433333, 6748168.442053875885904 ], [ 343967.55204740219051, 6748160.737314813770354 ], [ 343939.305303772678599, 6748150.523785044439137 ], [ 343894.968526855634991, 6748131.572404546663165 ], [ 343876.03923441079678, 6748120.614885744638741 ], [ 343859.719932966865599, 6748109.046421931125224 ], [ 343832.096181888424326, 6748087.043291237205267 ], [ 343808.72656690859003, 6748066.332605418749154 ], [ 343793.172862890816759, 6748050.624196296557784 ], [ 343776.480639387737028, 6748030.583456544205546 ], [ 343749.837767504446674, 6747993.759560986422002 ], [ 343733.947716954047792, 6747968.573803817853332 ], [ 343723.580321779241785, 6747945.26743202842772 ], [ 343712.286486360302661, 6747914.818204898387194 ], [ 343700.806885361729655, 6747875.876985065639019 ], [ 343692.217091090453323, 6747841.481531007215381 ], [ 343679.420782394590788, 6747779.128332946449518 ], [ 343664.690116277779453, 6747698.673554637469351 ], [ 343664.589664188853931, 6747698.133296857587993 ], [ 343644.135504047677387, 6747589.782766364514828 ], [ 343643.370145480672363, 6747586.108212009072304 ], [ 343634.975283349223901, 6747549.280186752788723 ], [ 343610.668803747044876, 6747410.100624463520944 ], [ 343608.191314002557192, 6747395.793490592390299 ], [ 343607.885695102566388, 6747394.11398312356323 ], [ 343557.117737900116481, 6747128.036594155244529 ], [ 343555.400080202030949, 6747043.550030836835504 ], [ 343578.630828843743075, 6746925.368969262577593 ], [ 343591.960024751082528, 6746874.516505504958332 ], [ 343592.417259178240784, 6746872.703133577480912 ], [ 343611.069860581599642, 6746795.697481776587665 ], [ 343615.07675677764928, 6746779.780909379012883 ], [ 343622.062310861481819, 6746754.97473088465631 ], [ 343622.688473341986537, 6746752.643725465983152 ], [ 343624.892640920297708, 6746744.024443283677101 ], [ 343640.605716487509198, 6746696.891935640946031 ], [ 343657.84014407574432, 6746654.094460748136044 ], [ 343673.689157115179114, 6746620.057163171470165 ], [ 343702.622520224424079, 6746562.588251102715731 ], [ 343733.498231467208825, 6746511.976330775767565 ], [ 343737.002700107230339, 6746505.740511886775494 ], [ 343760.131754266854841, 6746460.901737811975181 ], [ 343765.163750437030103, 6746449.43670719396323 ], [ 343781.240609355445486, 6746405.522160032764077 ], [ 343784.671009965066332, 6746394.074867075309157 ], [ 343794.487209489161614, 6746352.407562259584665 ], [ 343796.308160588087048, 6746342.438987068831921 ], [ 343801.546969875926152, 6746302.363913153298199 ], [ 343802.356545228685718, 6746292.012112305499613 ], [ 343803.068790979858022, 6746264.736492682248354 ], [ 343803.048671888653189, 6746258.834247917868197 ], [ 343801.866048676602077, 6746222.927857609465718 ], [ 343801.768835804832634, 6746220.718899413943291 ], [ 343788.120307029399555, 6745972.975683954544365 ], [ 343782.403737230284605, 6745868.805810084566474 ], [ 343781.946376451989636, 6745829.031462253071368 ], [ 343783.511822642176412, 6745801.833340834826231 ], [ 343798.866243761905935, 6745663.608347498811781 ], [ 343799.014119272876997, 6745662.184297525323927 ], [ 343809.650928082643077, 6745552.08492018468678 ], [ 343810.011754908249713, 6745546.997677271254361 ], [ 343813.868418985162862, 6745461.931720353662968 ], [ 343813.937526229885407, 6745454.814099146984518 ], [ 343811.746313415816985, 6745370.191924237646163 ], [ 343811.551611536182463, 6745366.028430407866836 ], [ 343806.554118401720189, 6745292.182701725512743 ], [ 343806.543606043967884, 6745292.02912016492337 ], [ 343805.757323623925913, 6745280.670169823803008 ], [ 343800.85284463618882, 6745205.452369400300086 ], [ 343795.773080249840859, 6745125.080826418474317 ], [ 343790.766535696398932, 6745037.008827741257846 ], [ 343790.188127747154795, 6745009.7464912943542 ], [ 343791.664970545854885, 6744978.667386161163449 ], [ 343794.670038371812552, 6744922.860696439631283 ], [ 343794.77033727534581, 6744920.462163084186614 ], [ 343796.6522989817895, 6744857.304410573095083 ], [ 343796.687832838157192, 6744852.99692059494555 ], [ 343796.048494494752958, 6744804.895625675097108 ], [ 343795.528326049039606, 6744795.952353090979159 ], [ 343790.682841601606924, 6744749.031513626687229 ], [ 343787.697450741368812, 6744733.025932256132364 ], [ 343778.54038206936093, 6744699.403542437590659 ], [ 343776.62569262238685, 6744693.180025332607329 ], [ 343764.67758971103467, 6744658.414047590456903 ], [ 343762.427279111812823, 6744652.484926583245397 ], [ 343743.281772524933331, 6744606.492194580845535 ], [ 343742.471196714497637, 6744604.60009659640491 ], [ 343732.851442668295931, 6744582.768579916097224 ], [ 343726.431525216670707, 6744568.234081576578319 ], [ 343703.851742739614565, 6744516.924107557162642 ], [ 343683.111062434385531, 6744455.967577562667429 ], [ 343680.990428839577362, 6744449.741674459539354 ], [ 343674.874045037548058, 6744421.312021025456488 ], [ 343671.755432562960777, 6744396.847647906281054 ], [ 343671.296780995384324, 6744374.930122264660895 ], [ 343672.84490999247646, 6744354.461217390373349 ], [ 343676.450866804632824, 6744332.121653413400054 ], [ 343684.025951989344321, 6744299.994984530843794 ], [ 343694.866675575322006, 6744270.167414361611009 ], [ 343695.107886181678623, 6744269.496294046752155 ], [ 343705.7837513651466, 6744239.456740056164563 ], [ 343706.835079110518564, 6744236.336680547334254 ], [ 343715.667278143286239, 6744208.62564911134541 ], [ 343734.391641797788907, 6744153.544420402497053 ], [ 343816.742270475893747, 6743911.432418171316385 ], [ 343818.006253316358197, 6743907.444555019028485 ], [ 343860.318359027907718, 6743763.567805872298777 ], [ 343862.607568960112985, 6743754.103319997899234 ], [ 343890.524064968049061, 6743607.850532470270991 ], [ 343892.097349569550715, 6743595.424608003348112 ], [ 343919.579746662348043, 6743161.680699116550386 ], [ 343919.639729152142536, 6743160.649682000279427 ], [ 343958.744897692289669, 6742422.791026322171092 ], [ 343978.095233929867391, 6742300.868020705878735 ], [ 344023.325806402193848, 6742145.382842157967389 ], [ 344154.358498238783795, 6741835.527413355186582 ], [ 344155.352790258475579, 6741833.087050282396376 ], [ 344324.617761667817831, 6741401.458074284717441 ], [ 344327.812084143748507, 6741391.929210275411606 ], [ 344379.48752789729042, 6741207.496914253570139 ], [ 344382.922823343425989, 6741187.900963230989873 ], [ 344387.578981872007716, 6741125.013098821975291 ], [ 344387.816678283037618, 6741120.285142202861607 ], [ 344389.690435281198006, 6741049.755024921149015 ], [ 344389.722204210120253, 6741047.93618318811059 ], [ 344390.890201536996756, 6740908.378327531740069 ], [ 344390.618397314741742, 6740900.12621168140322 ], [ 344385.290824014984537, 6740828.477528969757259 ], [ 344384.101993749849498, 6740818.843301083892584 ], [ 344373.492168858763762, 6740757.524695661850274 ], [ 344372.245348410913721, 6740751.447488088160753 ], [ 344361.745859035407193, 6740707.278310446999967 ], [ 344357.946939374145586, 6740694.914164795540273 ], [ 344329.218903928238433, 6740619.238563508726656 ], [ 344325.428470837010536, 6740610.525680084712803 ], [ 344279.645410488010384, 6740517.621060401201248 ], [ 344271.918353391753044, 6740501.914149962365627 ], [ 344270.57478993939003, 6740499.281989959068596 ], [ 344183.903208368690684, 6740335.506942848674953 ], [ 344109.061823034542613, 6740184.221978850662708 ], [ 344054.097640629392117, 6740054.546660915948451 ], [ 344016.33471973775886, 6739965.551203228533268 ], [ 344013.842128958844114, 6739960.132342957891524 ], [ 343948.448859859199729, 6739828.460140105336905 ], [ 343946.051290307485033, 6739823.928034786134958 ], [ 343656.732870752864983, 6739309.393661662004888 ], [ 343464.781274458568078, 6738968.05110331159085 ], [ 343464.712742708215956, 6738967.929433988407254 ], [ 343329.655958344927058, 6738728.544492272660136 ], [ 343091.228674040990882, 6738306.022242814302444 ], [ 342964.338916103413794, 6738081.197359533980489 ], [ 342633.375487509008963, 6737487.201982507482171 ], [ 342619.668613114161417, 6737468.229382309131324 ], [ 342543.122318127250765, 6737384.89013360068202 ], [ 342526.53679582424229, 6737370.414786698296666 ], [ 342350.523830994148739, 6737248.109299487434328 ], [ 342344.376307123980951, 6737244.16253421548754 ], [ 342139.787387679854874, 6737123.132765606977046 ], [ 341970.383865402603988, 6737021.715247677639127 ], [ 341965.953903248126153, 6737019.213966151699424 ], [ 341898.496833108423743, 6736983.357389634475112 ], [ 341852.68762233608868, 6736959.007400690577924 ], [ 341844.141937729378697, 6736954.97071576770395 ], [ 340826.94099707325222, 6736532.053325958549976 ], [ 340703.77726513001835, 6736475.336773375049233 ], [ 340684.69708040979458, 6736465.778196940198541 ], [ 340667.765862137777731, 6736455.832194718532264 ], [ 340651.464997147792019, 6736444.740652873180807 ], [ 340635.928945351799484, 6736432.608028115704656 ], [ 340621.279373549507, 6736419.51349204685539 ], [ 340607.514881526120007, 6736405.445918467827141 ], [ 340594.694962124573067, 6736390.49586524721235 ], [ 340582.86797462659888, 6736374.682763868011534 ], [ 340571.208700646064244, 6736356.798395184800029 ], [ 340476.896578550862614, 6736200.419017046689987 ], [ 340106.355109944182914, 6735498.753579808399081 ], [ 340105.854878905753139, 6735497.818375284783542 ], [ 340071.99829354416579, 6735435.321110508404672 ], [ 340066.070568188093603, 6735425.716131184250116 ], [ 339929.480176485667471, 6735230.035117581486702 ], [ 339916.586482892103959, 6735214.992416989989579 ], [ 339766.586459777026903, 6735071.580829902552068 ], [ 339583.322625110624358, 6734890.613916514441371 ], [ 339575.2678572658333, 6734883.474201999604702 ], [ 339492.105961493449286, 6734817.398569216951728 ], [ 339480.907306721492205, 6734809.681919157505035 ], [ 339393.572929103393108, 6734757.887460367754102 ], [ 339392.76920779212378, 6734757.415854071266949 ], [ 339195.967236248310655, 6734643.166051523759961 ], [ 339183.320464946969878, 6734636.970792261883616 ], [ 338934.087504483992234, 6734535.965041320770979 ], [ 338933.568423368153162, 6734535.756363761611283 ], [ 338575.57212687144056, 6734392.999017323367298 ], [ 338562.208668261766434, 6734388.729510517790914 ], [ 338509.447101191792171, 6734375.87160009611398 ], [ 338489.647000914497767, 6734373.103371820412576 ], [ 338413.425151620118413, 6734370.146173741668463 ], [ 338399.642992816865444, 6734370.562786399386823 ], [ 338255.663276834355202, 6734384.894966056570411 ], [ 338155.239603096735664, 6734392.524871503002942 ], [ 337947.321481077116914, 6734383.340413059107959 ], [ 337936.543530085182283, 6734383.445756979286671 ], [ 337813.927336641645525, 6734391.266024890355766 ], [ 337801.095416687254328, 6734392.923146304674447 ], [ 337694.727542159438599, 6734413.729379430413246 ], [ 337694.160112705198117, 6734413.8420773409307 ], [ 337504.896012793236878, 6734452.001452340744436 ], [ 337310.966430280124769, 6734490.045948201790452 ], [ 337302.998147568956483, 6734491.951154758222401 ], [ 337239.071060552552808, 6734510.034242580644786 ], [ 337221.822939958306961, 6734516.689213964156806 ], [ 337161.239730381232221, 6734546.7660425407812 ], [ 337153.13560104026692, 6734551.269202538765967 ], [ 336953.318677162926178, 6734674.75690683349967 ], [ 336881.345349546929356, 6734717.144343456253409 ], [ 336855.781675767560955, 6734729.806078042834997 ], [ 336824.100102839700412, 6734741.361735567450523 ], [ 336795.85699547099648, 6734747.007333498448133 ], [ 336712.96890134800924, 6734757.796576172113419 ], [ 336584.974262781091966, 6734751.318698210641742 ], [ 336387.289948325138539, 6734731.853148158639669 ], [ 336162.358018870465457, 6734709.50926567800343 ], [ 336034.633606628689449, 6734695.964402953162789 ], [ 336034.286994995607529, 6734695.928256269544363 ], [ 335971.645960632653441, 6734689.50600022636354 ], [ 335939.061998359276913, 6734680.513966180384159 ], [ 335864.396494043932762, 6734656.787368780001998 ], [ 335775.79712865059264, 6734625.29431398306042 ], [ 335693.205100598162971, 6734595.777467682026327 ], [ 335592.431818277633283, 6734559.0968266306445 ], [ 335587.353205767867621, 6734557.400798336602747 ], [ 335504.208069657732267, 6734532.087187631987035 ], [ 335486.88325166516006, 6734528.450513020157814 ], [ 335378.683426901348867, 6734515.592700895853341 ], [ 335374.431376748834737, 6734515.17930917814374 ], [ 335282.901703402108978, 6734508.250592137686908 ], [ 335190.904250163584948, 6734497.797984685748816 ], [ 335105.300218444783241, 6734467.741185187362134 ], [ 335054.472529582679272, 6734432.042443541809916 ], [ 334911.242526561429258, 6734282.203218894079328 ], [ 334711.034837830637116, 6734051.078036365099251 ], [ 334682.213427910173777, 6734010.396855415776372 ], [ 334670.554893963446375, 6733983.755200355313718 ], [ 334661.08521770639345, 6733946.053679646924138 ], [ 334657.972153637558222, 6733904.305656879208982 ], [ 334665.343821035232395, 6733859.852229554206133 ], [ 334690.281281558040064, 6733757.619415211491287 ], [ 334732.355973045632709, 6733624.972481459379196 ], [ 334795.014285293465946, 6733498.062993561848998 ], [ 334800.222113827476278, 6733485.396631693467498 ], [ 334839.130234413605649, 6733368.596295901574194 ], [ 334843.72500490443781, 6733347.281075515784323 ], [ 334853.880554053990636, 6733249.102347116917372 ], [ 334854.229303928790614, 6733232.783133709803224 ], [ 334841.058290923712775, 6733014.762062796391547 ], [ 334847.316286227549426, 6732884.180692065507174 ], [ 334874.597847379918676, 6732687.470566018484533 ], [ 334888.722213870554697, 6732593.504990064539015 ], [ 334889.227530355332419, 6732589.629438138566911 ], [ 334903.648772151733283, 6732459.189420967362821 ], [ 334904.054319440503605, 6732454.52294744271785 ], [ 334910.423540558840614, 6732353.984135863371193 ], [ 334910.623604526103009, 6732347.650132513605058 ], [ 334910.610627261863556, 6732235.68722687009722 ], [ 334911.279123232583515, 6732084.679786163382232 ], [ 334933.128104187198915, 6731918.074637436307967 ], [ 334954.744529013056308, 6731845.382496730424464 ], [ 335003.223546327324584, 6731741.540186462923884 ], [ 335061.424921958125196, 6731656.296188194304705 ], [ 335118.945795735518914, 6731601.58179094363004 ], [ 335219.120026693679392, 6731534.011718535795808 ], [ 335352.178195382584818, 6731472.242142731323838 ], [ 335856.881484016834293, 6731336.958924704231322 ], [ 335859.834890939004254, 6731336.118469450622797 ], [ 336079.352393484499771, 6731269.990383026190102 ], [ 336099.454341197910253, 6731261.44320316798985 ], [ 336250.032720475632232, 6731176.92518184799701 ], [ 336257.465690854936838, 6731172.31445724517107 ], [ 336390.753198932739906, 6731081.32977083325386 ], [ 336403.062616080511361, 6731071.414678270928562 ], [ 336519.468576082843356, 6730961.397119666449726 ], [ 336531.744404227472842, 6730947.412828205153346 ], [ 336654.450196190038696, 6730778.144836155697703 ], [ 336663.639980535313953, 6730762.722102398984134 ], [ 336790.573980001849122, 6730498.251329733990133 ], [ 336796.498887731053401, 6730482.709921320900321 ], [ 336858.831936745613348, 6730266.725989381782711 ], [ 336962.738618646806572, 6729995.335030941292644 ], [ 337073.104719781840686, 6729795.108718808740377 ], [ 337074.666824967134744, 6729792.159372562542558 ], [ 337236.040811731480062, 6729474.78155617788434 ], [ 337236.40455187659245, 6729474.058960571885109 ], [ 337505.06661509728292, 6728934.923733244650066 ], [ 337505.788360474456567, 6728933.445024700835347 ], [ 337619.551567712682299, 6728695.419231727719307 ], [ 337622.927888350037392, 6728687.494660853408277 ], [ 337731.335743020579685, 6728399.207512089051306 ], [ 337733.348147444776259, 6728393.303219396620989 ], [ 337823.291568227461539, 6728099.729987560771406 ], [ 337825.982883091201074, 6728088.772650826722383 ], [ 337920.363797306956258, 6727582.773485780693591 ], [ 337920.487631306867115, 6727582.096672176383436 ], [ 338046.691296687175054, 6726878.671180899254978 ], [ 338104.581317734962795, 6726665.299241588450968 ], [ 338585.194188902620226, 6725387.250249142758548 ], [ 339070.658966592338402, 6724124.446567158214748 ], [ 339071.242889642308, 6724122.889100162312388 ], [ 339350.832585370109882, 6723357.858052637428045 ], [ 339352.121756467386149, 6723354.100687609985471 ], [ 339426.165345482353587, 6723123.471949982456863 ], [ 339428.666621611861046, 6723114.160544915124774 ], [ 339522.025997072341852, 6722685.002871881239116 ], [ 339523.752937761426438, 6722674.299618110992014 ], [ 339547.465698646788951, 6722450.867163107730448 ], [ 339548.018895444460213, 6722441.339422814548016 ], [ 339549.703472652530763, 6722277.148770253174007 ], [ 339549.70873542415211, 6722276.126705474220216 ], [ 339549.721726236573886, 6721940.422615529038012 ], [ 339569.514550312538631, 6721589.785146994516253 ], [ 339607.326454607769847, 6721343.140979153104126 ], [ 339641.834789281827398, 6721175.590391501784325 ], [ 339714.623690969194286, 6720897.699981817044318 ], [ 339815.742540320847183, 6720609.010907175950706 ], [ 339988.870834858797025, 6720242.079549428075552 ], [ 340234.010279722278938, 6719821.43258710205555 ], [ 340512.040543275303207, 6719479.026624655351043 ], [ 340717.495883478783071, 6719270.528427577577531 ], [ 341051.410604828502983, 6718998.419407388195395 ], [ 341990.772870111337397, 6718402.332450401969254 ], [ 341995.41878418950364, 6718399.198328197002411 ], [ 342240.034624100429937, 6718224.011135620065033 ], [ 342244.095090681279544, 6718220.943883154541254 ], [ 342878.093197090376634, 6717716.184269832447171 ], [ 342881.965759749233257, 6717712.937915758229792 ], [ 343128.664420455752406, 6717495.284712229855359 ], [ 343132.506967049092054, 6717491.710963431745768 ], [ 343260.730985422502272, 6717366.022991613484919 ], [ 343263.580654729099479, 6717363.113561256788671 ], [ 343443.836084209906403, 6717171.420678677037358 ], [ 343450.127197663765401, 6717164.044382143765688 ], [ 343678.888457953755278, 6716867.868066373281181 ], [ 343681.766406213340815, 6716863.948592270724475 ], [ 343825.209034128813073, 6716658.294096697121859 ], [ 343829.496823801135179, 6716651.593583165667951 ], [ 343960.24910786136752, 6716428.164132625795901 ], [ 343962.007002996455412, 6716425.032569565810263 ], [ 344037.428423914010637, 6716284.834971603937447 ], [ 344039.438844896445516, 6716280.891072959639132 ], [ 344153.698377599590458, 6716043.923619175329804 ], [ 344158.125899280654266, 6716033.18894171807915 ], [ 344249.211855304660276, 6715769.929690231569111 ], [ 344250.620242254866753, 6715765.53322656545788 ], [ 344348.228316252236255, 6715434.741451588459313 ], [ 344350.227034142997582, 6715426.776423012837768 ], [ 344393.813390316790901, 6715216.924284539185464 ], [ 344395.070733178581577, 6715209.46300464682281 ], [ 344438.47338105837116, 6714875.153949619270861 ], [ 344439.224115617573261, 6714866.316293701529503 ], [ 344455.716935225762427, 6714458.116498718038201 ], [ 344479.727850131923333, 6713985.593693071976304 ], [ 344516.932452520297375, 6713771.450195396319032 ], [ 344630.668139477318618, 6713372.708377806469798 ], [ 344684.994811703159939, 6713235.93110765516758 ], [ 344785.994522036577109, 6713015.964076740667224 ], [ 344875.978786708845291, 6712860.296844804659486 ], [ 345003.453668006521184, 6712669.133007746189833 ], [ 345358.317718227161095, 6712238.691440158523619 ], [ 345361.846441139874514, 6712234.151287485845387 ], [ 345570.026768396492116, 6711949.789406741037965 ], [ 345575.687873785383999, 6711941.154260750859976 ], [ 345763.127175597590394, 6711620.249915774911642 ], [ 345767.926029564812779, 6711610.947996346279979 ], [ 345854.24272025283426, 6711419.682309388183057 ], [ 345857.961813034606166, 6711410.174337449483573 ], [ 345962.92257418850204, 6711095.332255575805902 ], [ 345966.165494193555787, 6711083.05578981153667 ], [ 346046.990351182874292, 6710673.249462672509253 ], [ 346048.181867831677664, 6710665.697872164659202 ], [ 346078.649230437993538, 6710409.267492031678557 ], [ 346079.210799633932766, 6710402.699473833665252 ], [ 346094.437211877841037, 6710111.980663351714611 ], [ 346094.481976146344095, 6710102.459195347502828 ], [ 345985.337495947314892, 6707561.312738933600485 ], [ 345917.86949834797997, 6705954.838262156583369 ], [ 345919.0698467962211, 6705730.48167344648391 ], [ 345939.875775899505243, 6705505.102924035862088 ], [ 345970.870420060586184, 6705324.548303601332009 ], [ 346004.098364967154339, 6705171.89320386108011 ], [ 346053.372765551379416, 6704992.09053554572165 ], [ 346103.673298786510713, 6704844.8873011758551 ], [ 346216.232150422176346, 6704559.772813394665718 ], [ 346242.035650530771818, 6704510.034334380179644 ], [ 346328.450038212002255, 6704366.685987341217697 ], [ 346502.046912725490984, 6704120.546570733189583 ], [ 346713.559140117606148, 6703852.273377264849842 ], [ 346955.358472939929925, 6703611.145830530673265 ], [ 347117.119453573017381, 6703479.713431851938367 ], [ 347290.542980577971321, 6703363.431768817827106 ], [ 347632.708645727485418, 6703164.003852007910609 ], [ 347633.326960858830716, 6703163.640496438369155 ], [ 348092.660156088299118, 6702891.49073488265276 ], [ 348688.161524444876704, 6702544.682655438780785 ], [ 348693.220048263203353, 6702541.531145568937063 ], [ 348866.839607352390885, 6702426.04332983866334 ], [ 348872.753084165626206, 6702421.791250193491578 ], [ 349093.667194167850539, 6702250.401716651394963 ], [ 349098.678636647120584, 6702246.245491615496576 ], [ 349243.42081824602792, 6702118.026150152087212 ], [ 349250.150843644281849, 6702111.475177033804357 ], [ 349411.007936816080473, 6701939.46418181899935 ], [ 349413.978559083014261, 6701936.142191984690726 ], [ 349545.119370283558965, 6701782.743755178526044 ], [ 349551.319731988245621, 6701774.697011725045741 ], [ 349739.608480522467289, 6701502.817692276090384 ], [ 349746.933648485341109, 6701490.419319252483547 ], [ 349891.760100454441272, 6701199.25888126436621 ], [ 349893.303913345152978, 6701196.009919232688844 ], [ 350065.945615888864268, 6700815.161375935189426 ], [ 350071.012983700376935, 6700801.367508560419083 ], [ 350159.508636682410724, 6700491.887258092872798 ], [ 350161.15842812001938, 6700485.272479888051748 ], [ 350220.422501382185146, 6700207.672113272361457 ], [ 350222.351673008815851, 6700194.199772926047444 ], [ 350243.327039289288223, 6699911.751766565255821 ], [ 350243.586720969295129, 6699906.07387132383883 ], [ 350248.934619714913424, 6699596.632779704406857 ], [ 350248.760781662364025, 6699588.763283864594996 ], [ 350230.208842321648262, 6699287.258914072066545 ], [ 350229.610028576455079, 6699280.874600755050778 ], [ 350145.428579350700602, 6698614.104417182505131 ], [ 350116.871832006960176, 6698380.907342210412025 ], [ 350116.188453816983383, 6698376.241532562300563 ], [ 350055.679239890421741, 6698021.637925456278026 ], [ 350055.11430754273897, 6698018.609369210898876 ], [ 349951.651098137430381, 6697507.737970448099077 ], [ 349778.695171567786019, 6696523.604352361522615 ], [ 349776.676959940872621, 6696463.515098765492439 ], [ 349789.49768445227528, 6696376.973401159979403 ], [ 349815.2654981087544, 6696292.142906257882714 ], [ 349985.246131029212847, 6695957.185629122890532 ], [ 349986.54219554370502, 6695954.53549609798938 ], [ 350023.749975751619786, 6695875.522482841275632 ], [ 350027.317028612887952, 6695866.932262126356363 ], [ 350075.52802978863474, 6695733.640731785446405 ], [ 350078.712534110702109, 6695723.033231338486075 ], [ 350111.567820561351255, 6695586.558701145462692 ], [ 350114.042147066269536, 6695555.369802760891616 ], [ 350106.757471775636077, 6695524.942788776010275 ], [ 350090.42686946206959, 6695498.256067317910492 ], [ 350066.648893262085039, 6695477.921920619904995 ], [ 350037.751097157015465, 6695465.930796638131142 ], [ 350006.56219877244439, 6695463.456470132805407 ], [ 349976.13518478802871, 6695470.741145423613489 ], [ 349949.44846333010355, 6695487.071747737005353 ], [ 349929.114316632272676, 6695510.849723936989903 ], [ 349917.1231926495675, 6695539.747520041652024 ], [ 349885.566006438399199, 6695670.829991924576461 ], [ 349840.824967032647692, 6695794.527933597564697 ], [ 349806.22916685405653, 6695867.994246365502477 ], [ 349632.953007132571656, 6696209.445561468601227 ], [ 349626.444565029931255, 6696225.634632845409214 ], [ 349595.979286152869463, 6696325.929703234694898 ], [ 349592.742029915796593, 6696340.339509936980903 ], [ 349577.508896365063265, 6696443.165308601222932 ], [ 349576.485643272113521, 6696461.17667221929878 ], [ 349579.04390828293981, 6696537.345213193446398 ], [ 349580.496979279268999, 6696551.297578268684447 ], [ 349754.893708045070525, 6697543.629480776377022 ], [ 349755.374055288382806, 6697546.169643845409155 ], [ 349858.788061792030931, 6698056.798092912882566 ], [ 349918.641428719973192, 6698407.558224020525813 ], [ 349946.934220168041065, 6698638.599810412153602 ], [ 349946.980338755762205, 6698638.970673868432641 ], [ 350030.783388375770301, 6699302.743693850934505 ], [ 350048.896420084580313, 6699597.114978173747659 ], [ 350043.665710326225962, 6699899.77525926195085 ], [ 350023.406030359503347, 6700172.586047859862447 ], [ 349966.278087333892472, 6700440.180512009188533 ], [ 349880.745686001027934, 6700739.297904735431075 ], [ 349711.888484689116012, 6701111.797817545942962 ], [ 349571.078222857613582, 6701394.884069751016796 ], [ 349389.795140589820221, 6701656.647565542720258 ], [ 349263.407421900716145, 6701804.48620021995157 ], [ 349107.283687000919599, 6701971.435624005272985 ], [ 348968.498539704072755, 6702094.377948037348688 ], [ 348753.037098230153788, 6702261.537193547934294 ], [ 348584.93403817032231, 6702373.355558516457677 ], [ 347991.684191817359533, 6702718.852396603673697 ], [ 347991.036186728917528, 6702719.233049842528999 ], [ 347531.688210157153662, 6702991.391569177620113 ], [ 347187.112127287837211, 6703192.224374419078231 ], [ 347181.776800416002516, 6703195.563274566084146 ], [ 347001.928728351485915, 6703316.152639078907669 ], [ 346994.559643024636898, 6703321.599141075275838 ], [ 346825.289696619787719, 6703459.132648804225028 ], [ 346817.737175934307743, 6703465.934699405916035 ], [ 346568.111254279327113, 6703714.86709052324295 ], [ 346560.195037229103036, 6703723.762571975588799 ], [ 346343.337100831675343, 6703998.816037411801517 ], [ 346340.145541094068903, 6704003.094142073765397 ], [ 346162.941041949146893, 6704254.348735003732145 ], [ 346159.018805996747687, 6704260.356576279737055 ], [ 346069.100165222771466, 6704409.517947074957192 ], [ 346065.976583306619432, 6704415.095243148505688 ], [ 346036.336967433744576, 6704472.22816720418632 ], [ 346032.088808028027415, 6704481.557908223941922 ], [ 345916.787101103283931, 6704773.620119525119662 ], [ 345915.173197813332081, 6704778.005509946495295 ], [ 345863.117668273334857, 6704930.34469647705555 ], [ 345861.301574432174675, 6704936.249616636894643 ], [ 345810.507738035172224, 6705121.596717968583107 ], [ 345809.239690009446349, 6705126.758249304257333 ], [ 345774.974968300899491, 6705284.176486414857209 ], [ 345774.128647277248092, 6705288.52627582475543 ], [ 345742.099278576381039, 6705475.108527857810259 ], [ 345741.081047306070104, 6705482.834951992146671 ], [ 345719.517888736561872, 6705716.416335818357766 ], [ 345719.09591759077739, 6705725.073778646998107 ], [ 345717.859699212247506, 6705956.134799903258681 ], [ 345717.946341255214065, 6705960.865866864100099 ], [ 345785.515638924669474, 6707569.752390580251813 ], [ 345894.461675578611903, 6710106.279658321291208 ], [ 345879.657036260177847, 6710388.945532811805606 ], [ 345850.030080470023677, 6710638.302578697912395 ], [ 345771.176386587554589, 6711038.114516201429069 ], [ 345669.84412755293306, 6711342.072481489740312 ], [ 345587.78566709329607, 6711523.90252716653049 ], [ 345405.596882219542749, 6711835.81775575876236 ], [ 345202.169376051286235, 6712113.687567049637437 ], [ 344845.90919972024858, 6712545.822602068074048 ], [ 344839.87000701535726, 6712553.954444233328104 ], [ 344707.805970327171963, 6712752.000268898904324 ], [ 344704.428407768660691, 6712757.434256814420223 ], [ 344610.496378122770693, 6712919.93087884504348 ], [ 344606.194415675650816, 6712928.249224132858217 ], [ 344502.145982565416489, 6713154.85606119222939 ], [ 344500.086619539360981, 6713159.669597397558391 ], [ 344442.941903200524393, 6713303.541805728338659 ], [ 344439.714803081471473, 6713313.026070554740727 ], [ 344323.150498293805867, 6713721.684636750258505 ], [ 344320.790916961792391, 6713731.996999834664166 ], [ 344281.64063966932008, 6713957.339478350244462 ], [ 344280.293600364937447, 6713969.381857327185571 ], [ 344255.94828434009105, 6714448.485509868711233 ], [ 344255.900952697382309, 6714449.523306695744395 ], [ 344239.566373311565258, 6714853.806632095947862 ], [ 344197.222680605773348, 6715179.959080998785794 ], [ 344155.24193539225962, 6715382.080798231996596 ], [ 344059.450318739109207, 6715706.71663626190275 ], [ 343971.020920092123561, 6715962.297829163260758 ], [ 343860.248852972930763, 6716192.032487398013473 ], [ 343786.727127565536648, 6716328.698824026621878 ], [ 343658.892443807737436, 6716547.142680340446532 ], [ 343519.118385686539114, 6716747.537526941858232 ], [ 343294.810328934050631, 6717037.948297377675772 ], [ 343119.274651406798512, 6717224.621953298337758 ], [ 342994.3794691360672, 6717347.046927562914789 ], [ 342751.54423793690512, 6717561.291568569839001 ], [ 342121.514637146377936, 6718062.891643494367599 ], [ 341881.247093442827463, 6718234.964704928919673 ], [ 340939.250899771752302, 6718832.723062199540436 ], [ 340929.658814883092418, 6718839.637859680689871 ], [ 340586.924382376368158, 6719118.934113040566444 ], [ 340578.867384832527023, 6719126.265152752399445 ], [ 340366.210480335575994, 6719342.071571509353817 ], [ 340359.808240710059181, 6719349.225161278620362 ], [ 340073.874080142937601, 6719701.365105304867029 ], [ 340065.10569407523144, 6719714.049890412017703 ], [ 339813.886046739062294, 6720145.130174482241273 ], [ 339809.846555940341204, 6720152.80937001015991 ], [ 339632.645571264787577, 6720528.37246369663626 ], [ 339628.706300669990014, 6720537.986237506382167 ], [ 339524.532664871076122, 6720835.396569146774709 ], [ 339522.174047292559408, 6720843.115660972893238 ], [ 339447.689319611003157, 6721127.480323866009712 ], [ 339446.48160615976667, 6721132.646522955037653 ], [ 339410.92349134356482, 6721305.294177195988595 ], [ 339410.022549939341843, 6721310.313039834611118 ], [ 339371.098275997093879, 6721564.213110043667257 ], [ 339370.102403516473714, 6721573.730780072510242 ], [ 339349.880775119760074, 6721931.964681583456695 ], [ 339349.721835443691816, 6721937.596651492640376 ], [ 339349.708755349915009, 6722275.607920194976032 ], [ 339348.078433471557219, 6722434.510469633154571 ], [ 339325.44279715459561, 6722647.793765379115939 ], [ 339234.263359162141569, 6723066.930624900385737 ], [ 339162.30237343168119, 6723291.072532636113465 ], [ 338883.680069605994504, 6724053.456541120074689 ], [ 338398.382339001575019, 6725315.825695855543017 ], [ 338398.122063177754171, 6725316.51020494941622 ], [ 337915.711348108074162, 6726599.340036039240658 ], [ 337912.800842672004364, 6726608.354254027828574 ], [ 337852.524175154452678, 6726830.522931990213692 ], [ 337850.606795459461864, 6726839.048039484769106 ], [ 337723.691603405808564, 6727546.439390218816698 ], [ 337630.409855350619182, 6728046.545656640082598 ], [ 337543.035747035639361, 6728331.732712387107313 ], [ 337437.243563449883368, 6728613.064051893539727 ], [ 337325.694117275765166, 6728846.458011381328106 ], [ 337057.579418450070079, 6729384.494820033200085 ], [ 336897.145203830034006, 6729700.024365596473217 ], [ 336784.245742192200851, 6729904.846703371033072 ], [ 336778.433512969582807, 6729917.364059465937316 ], [ 336670.538754763198085, 6730199.171362947672606 ], [ 336667.849104267952498, 6730207.198620613664389 ], [ 336606.65525339654414, 6730419.235232501290739 ], [ 336487.232057785033248, 6730668.057021385990083 ], [ 336375.300709451606963, 6730822.462076573632658 ], [ 336271.447729135164991, 6730920.615567579865456 ], [ 336148.32351977477083, 6731004.662585488520563 ], [ 336011.143957876833156, 6731081.659995028749108 ], [ 335803.61724180681631, 6731144.175942306406796 ], [ 335292.034022879612166, 6731281.303291589953005 ], [ 335275.817602627037559, 6731287.190727618522942 ], [ 335127.689152739767451, 6731355.956378042697906 ], [ 335113.875858468876686, 6731363.756104693748057 ], [ 335000.167804116324987, 6731440.455085982568562 ], [ 334987.167068803217262, 6731450.902019664645195 ], [ 334915.898041432898026, 6731518.69379018433392 ], [ 334902.232602775213309, 6731534.763071692548692 ], [ 334833.465285666577984, 6731635.482358771376312 ], [ 334825.439848744135816, 6731649.56689278036356 ], [ 334770.390267213515472, 6731767.483386185951531 ], [ 334765.150390440190677, 6731781.28235721308738 ], [ 334739.158920181973372, 6731868.686987182125449 ], [ 334735.85964525246527, 6731884.187479827553034 ], [ 334712.157002741121687, 6732064.927363716065884 ], [ 334711.309002769936342, 6732077.487569279037416 ], [ 334710.611581467615906, 6732235.028991476632655 ], [ 334710.610602278262377, 6732235.483268570154905 ], [ 334710.623238424886949, 6732344.503141015768051 ], [ 334704.602562233048957, 6732439.54013501945883 ], [ 334690.65353762806626, 6732565.708951455540955 ], [ 334676.735070985800121, 6732658.304731613956392 ], [ 334676.572221377224196, 6732659.431742484681308 ], [ 334648.594374722975772, 6732861.162344012409449 ], [ 334647.760934478603303, 6732870.112854724749923 ], [ 334641.02828100923216, 6733010.59859752189368 ], [ 334641.095622871711385, 6733021.415685491636395 ], [ 334654.099466824845877, 6733236.669590681791306 ], [ 334645.914946223027073, 6733315.793408941477537 ], [ 334612.642338800360449, 6733415.676201044581831 ], [ 334549.663596821483225, 6733543.234694183804095 ], [ 334544.010497709736228, 6733557.270545596256852 ], [ 334498.614894485566765, 6733700.387164176441729 ], [ 334496.783205288462341, 6733706.923962041735649 ], [ 334470.152733918279409, 6733816.097389422357082 ], [ 334468.651432514190674, 6733823.435875773429871 ], [ 334458.704275193624198, 6733883.420301438309252 ], [ 334457.633900399610866, 6733907.215938826091588 ], [ 334462.278741298010573, 6733969.505991099402308 ], [ 334465.014497966913041, 6733986.430638859048486 ], [ 334478.611826460750308, 6734040.565537230111659 ], [ 334483.987019935273565, 6734056.294733844697475 ], [ 334503.090233390277717, 6734099.948698034510016 ], [ 334513.105243530182634, 6734117.667882758192718 ], [ 334550.659570526040625, 6734170.675503696314991 ], [ 334556.671523986617103, 6734178.340552032925189 ], [ 334761.676807023584843, 6734415.004207467660308 ], [ 334764.975080922653433, 6734418.628441537730396 ], [ 334916.679690344433766, 6734577.333325793035328 ], [ 334931.49150186922634, 6734590.067675177007914 ], [ 335001.658110367308836, 6734639.349074449390173 ], [ 335026.004556604253594, 6734651.869271683506668 ], [ 335135.284322442661505, 6734690.238959944806993 ], [ 335157.12380126863718, 6734695.246678250841796 ], [ 335262.190402550622821, 6734707.184181963093579 ], [ 335265.931296457769349, 6734707.538164334371686 ], [ 335357.204301443474833, 6734714.447451801970601 ], [ 335454.458529482770246, 6734726.00455547682941 ], [ 335526.540818253939506, 6734747.950072461739182 ], [ 335625.072337629797403, 6734783.814730347134173 ], [ 335625.622582956217229, 6734784.013194496743381 ], [ 335708.570513225160539, 6734813.657233594916761 ], [ 335708.73154119978426, 6734813.714626810513437 ], [ 335799.006130329507869, 6734845.80314764380455 ], [ 335802.213768435758539, 6734846.882536951452494 ], [ 335880.323110122582875, 6734871.703489014878869 ], [ 335884.00587372854352, 6734872.796346480026841 ], [ 335926.514230553992093, 6734884.527166341431439 ], [ 335942.917341226188, 6734887.608990410342813 ], [ 336013.715633768006228, 6734894.867567264474928 ], [ 336141.596986560558435, 6734908.429073152132332 ], [ 336142.257641629315913, 6734908.496916308067739 ], [ 336367.562796974554658, 6734930.877873629331589 ], [ 336567.74367535370402, 6734950.589292123913765 ], [ 336572.488483406894375, 6734950.942765032872558 ], [ 336711.872877577145118, 6734957.997084692120552 ], [ 336729.835209290788043, 6734957.288361808285117 ], [ 336825.038099669967778, 6734944.896146757528186 ], [ 336831.731872194388416, 6734943.792781323194504 ], [ 336870.792584828916006, 6734935.9848204087466 ], [ 336885.457244499004446, 6734931.870617762207985 ], [ 336929.492552416748367, 6734915.809011906385422 ], [ 336939.610612074844539, 6734911.473615537397563 ], [ 336973.357346045377199, 6734894.758796203881502 ], [ 336979.71974994771881, 6734891.315462389960885 ], [ 337055.730146587186027, 6734846.550464342348278 ], [ 337057.554783379135188, 6734845.449524224735796 ], [ 337254.330581966729369, 6734723.841248224489391 ], [ 337302.442086312978063, 6734699.956058270297945 ], [ 337353.491120863356628, 6734685.515791740268469 ], [ 337543.654396636993624, 6734648.210158095695078 ], [ 337544.167909819749184, 6734648.108021929860115 ], [ 337733.405080856464338, 6734609.954076322726905 ], [ 337833.126831869245507, 6734590.447867248207331 ], [ 337943.887218486343045, 6734583.383744044229388 ], [ 338152.413687708147336, 6734592.595075276680291 ], [ 338164.402609510289039, 6734592.405114522203803 ], [ 338271.980969238677062, 6734584.231616359204054 ], [ 338274.310438378015533, 6734584.027210069820285 ], [ 338412.577009838132653, 6734570.263734227046371 ], [ 338471.85427697718842, 6734572.563529130071402 ], [ 338508.023010632430669, 6734581.377792299725115 ], [ 338859.227856638666708, 6734721.426927899010479 ], [ 339101.659525272087194, 6734819.676343613304198 ], [ 339291.953809266386088, 6734930.148226602002978 ], [ 339373.025125206622761, 6734978.228318851441145 ], [ 339446.63088083290495, 6735036.711195345968008 ], [ 339626.634133695391938, 6735214.458393147215247 ], [ 339627.792017624189612, 6735215.583449606783688 ], [ 339771.179914946551435, 6735352.673334642313421 ], [ 339898.836901032540482, 6735535.556245507672429 ], [ 339929.748486638534814, 6735592.617213990539312 ], [ 340301.369567117362749, 6736296.327027906663716 ], [ 340304.164672546903603, 6736301.274195090867579 ], [ 340400.849378088722005, 6736461.587565124034882 ], [ 340402.710817814629991, 6736464.55521585047245 ], [ 340417.087105563201476, 6736486.607260499149561 ], [ 340420.777937285311054, 6736491.888605396263301 ], [ 340436.532776631356683, 6736512.953383881598711 ], [ 340440.700891162152402, 6736518.155361166223884 ], [ 340457.829694040294271, 6736538.130253879353404 ], [ 340462.264877161302138, 6736542.971277760341763 ], [ 340480.666007985826582, 6736561.777584696188569 ], [ 340485.499661199108232, 6736566.398005683906376 ], [ 340505.119580778700765, 6736583.935292649082839 ], [ 340510.213465303357225, 6736588.192888971418142 ], [ 340530.950767926464323, 6736604.387345227412879 ], [ 340536.244568831811193, 6736608.249058538116515 ], [ 340557.998943612852599, 6736623.05131340958178 ], [ 340563.60327616619179, 6736626.598601666279137 ], [ 340586.272458291670773, 6736639.91528875567019 ], [ 340592.132604220067151, 6736643.099799495190382 ], [ 340615.665690109017305, 6736654.889140296727419 ], [ 340618.628497035242617, 6736656.312985657714307 ], [ 340744.989801537245512, 6736714.502011422067881 ], [ 340748.426981566066388, 6736716.007316526956856 ], [ 341762.992308922694065, 6737137.828908395022154 ], [ 341804.624417446262669, 6737159.958549249917269 ], [ 341869.835205758572556, 6737194.621122292242944 ], [ 342037.280457716900855, 6737294.866274308413267 ], [ 342037.730937151878607, 6737295.134363293647766 ], [ 342239.399555793846957, 6737414.436553833074868 ], [ 342403.316607451240998, 6737528.336997954174876 ], [ 342464.400363896042109, 6737594.841514877043664 ], [ 342789.761737741762772, 6738178.78262507263571 ], [ 342790.0300949178054, 6738179.261165862902999 ], [ 342917.049179666035343, 6738404.315191457979381 ], [ 343155.46832045156043, 6738826.823008864186704 ], [ 343290.48869641876081, 6739066.143417562358081 ], [ 343482.403206072223838, 6739407.420025544241071 ], [ 343770.463773710245732, 6739919.717389187775552 ], [ 343833.389234444359317, 6740046.420552135445178 ], [ 343869.963653897051699, 6740132.615062444470823 ], [ 343926.061926031892654, 6740264.96600366383791 ], [ 343928.500994676840492, 6740270.282115433365107 ], [ 344005.245866787037812, 6740425.414802547544241 ], [ 344006.491507483180612, 6740427.848468315787613 ], [ 344093.111314113950357, 6740591.525681244209409 ], [ 344100.201025856367778, 6740605.93704976234585 ], [ 344143.926672459405381, 6740694.666744218207896 ], [ 344168.666580866323784, 6740759.836792062036693 ], [ 344176.949552477162797, 6740794.681538448669016 ], [ 344186.201769965293352, 6740848.153964173048735 ], [ 344190.862626549787819, 6740910.836205372586846 ], [ 344189.736820707388688, 6741045.352822521701455 ], [ 344187.950098250585143, 6741112.606871233321726 ], [ 344184.206904503051192, 6741163.163882857188582 ], [ 344136.586054975690786, 6741333.12512515950948 ], [ 343969.639028717880137, 6741758.843295844271779 ], [ 343836.838655882806052, 6742072.878792583942413 ], [ 343832.922003845102154, 6742083.895554972812533 ], [ 343784.297971909749322, 6742251.046131981536746 ], [ 343781.553877506987192, 6742263.303481869399548 ], [ 343760.397815298521891, 6742396.604043668136001 ], [ 343759.301829619333148, 6742406.986414581537247 ], [ 343719.947348801069893, 6743149.549236722290516 ], [ 343692.894391294510569, 6743576.515468824654818 ], [ 343667.068326242791954, 6743711.81661849655211 ], [ 343626.721773170807865, 6743849.009764468297362 ], [ 343545.042059296101797, 6744089.149267776869237 ], [ 343526.00130440160865, 6744145.161216004751623 ], [ 343525.40267063351348, 6744146.979116410948336 ], [ 343516.779832432745025, 6744174.033278071321547 ], [ 343506.774724779534154, 6744202.185466803610325 ], [ 343494.054481860890519, 6744237.184416386298835 ], [ 343490.708568901522085, 6744248.393469733186066 ], [ 343480.967830238863826, 6744289.704884463921189 ], [ 343479.576652420102619, 6744296.719060519710183 ], [ 343474.726545766927302, 6744326.766361005604267 ], [ 343473.733508871984668, 6744335.159889523871243 ], [ 343471.502533145772759, 6744364.657192398793995 ], [ 343471.239623504050542, 6744374.291140020824969 ], [ 343471.910059949033894, 6744406.329203362576663 ], [ 343472.690903944720048, 6744416.882275306619704 ], [ 343477.018010162806604, 6744450.826839406043291 ], [ 343478.452200000465382, 6744459.214446179568768 ], [ 343486.689549179689493, 6744497.502589953131974 ], [ 343489.79312402184587, 6744508.712239284999669 ], [ 343493.776376677851658, 6744520.406517905183136 ], [ 343515.907419961004052, 6744585.449302609078586 ], [ 343519.048102975182701, 6744593.516441059298813 ], [ 343543.400617438543122, 6744648.854745832271874 ], [ 343543.455973312840797, 6744648.980301999486983 ], [ 343549.849417311314028, 6744663.454766571521759 ], [ 343559.036105876497459, 6744684.303464332595468 ], [ 343576.566856091783848, 6744726.417110832408071 ], [ 343586.425146357330959, 6744755.102258799597621 ], [ 343592.579876340867486, 6744777.700836811214685 ], [ 343596.125748299877159, 6744812.03698849119246 ], [ 343596.676865305867977, 6744853.500857993960381 ], [ 343594.894822483533062, 6744913.305379600264132 ], [ 343591.937328301253729, 6744968.228585911914706 ], [ 343591.905374642985407, 6744968.859049299731851 ], [ 343590.250451409432571, 6745003.685730383731425 ], [ 343590.160239412507508, 6745010.553417892195284 ], [ 343590.849264614575077, 6745043.029522179625928 ], [ 343590.987948568654247, 6745046.583803644403815 ], [ 343596.113422402821016, 6745136.747931800782681 ], [ 343596.151377138739917, 6745137.380255943164229 ], [ 343601.257402721908875, 6745218.167301053181291 ], [ 343601.270165595575236, 6745218.366088726557791 ], [ 343606.194136913924012, 6745293.882834305055439 ], [ 343606.220958757447079, 6745294.28189596068114 ], [ 343607.015735837630928, 6745305.763563560321927 ], [ 343611.86728747386951, 6745377.452779768966138 ], [ 343613.912358867935836, 6745456.431137369014323 ], [ 343610.332515674526803, 6745535.391290700994432 ], [ 343600.009844586078543, 6745642.239094366319478 ], [ 343584.441071154316887, 6745782.393749958835542 ], [ 343583.994984089280479, 6745787.68792018853128 ], [ 343582.078538100351579, 6745820.984325408004224 ], [ 343581.919917847611941, 6745827.880342395976186 ], [ 343582.441869509522803, 6745873.271831867285073 ], [ 343582.585496040526778, 6745877.601512488909066 ], [ 343588.421365900023375, 6745983.945325046777725 ], [ 343602.010835545428563, 6746230.616561684757471 ], [ 343603.059874381287955, 6746262.467110113240778 ], [ 343602.560406099830288, 6746281.594366169534624 ], [ 343598.653073552530259, 6746311.484104857780039 ], [ 343591.37280992307933, 6746342.386997880414128 ], [ 343579.510175360075664, 6746374.790232094936073 ], [ 343560.8973495644168, 6746410.873691668733954 ], [ 343529.765653144102544, 6746461.905226666480303 ], [ 343525.815464614133816, 6746469.015642968937755 ], [ 343494.362933341762982, 6746531.488254508003592 ], [ 343493.027589019620791, 6746534.244903394952416 ], [ 343475.414163232548162, 6746572.071449020877481 ], [ 343473.307086349523161, 6746576.928642243146896 ], [ 343453.943087912397459, 6746625.014384150505066 ], [ 343451.837251678458415, 6746630.742211465723813 ], [ 343434.0285972711863, 6746684.160559539683163 ], [ 343432.013239716761746, 6746691.012139745056629 ], [ 343429.222818269277923, 6746701.923937059938908 ], [ 343422.186557459703181, 6746726.910178592428565 ], [ 343421.468396328971721, 6746729.603763872757554 ], [ 343417.011671662912704, 6746747.307187504135072 ], [ 343416.796535809349734, 6746748.178258843719959 ], [ 343398.25845915696118, 6746824.711105113849044 ], [ 343384.376883758115582, 6746877.670962166041136 ], [ 343382.986846072250046, 6746883.738126517273486 ], [ 343357.079707924160175, 6747015.534700786694884 ], [ 343355.222640710533597, 6747036.855144963599741 ], [ 343357.33041470835451, 6747140.530389179475605 ], [ 343359.081775710510556, 6747157.239797777496278 ], [ 343411.269760016410146, 6747430.759619429707527 ], [ 343413.613834990479518, 6747444.296302894130349 ], [ 343413.638389673957136, 6747444.437500634230673 ], [ 343438.397888264444191, 6747586.211061953566968 ], [ 343439.407886987843085, 6747591.232007713057101 ], [ 343447.954891112574842, 6747628.727475635707378 ], [ 343468.009890115004964, 6747734.963555042631924 ], [ 343482.88311716739554, 6747816.196961308829486 ], [ 343483.289529892907012, 6747818.290417335927486 ], [ 343496.725635371578392, 6747883.76118441298604 ], [ 343497.663811355712824, 6747887.887346329167485 ], [ 343507.274549558816943, 6747926.370887831784785 ], [ 343508.375821308523882, 6747930.41765617672354 ], [ 343521.41740324231796, 6747974.657443701289594 ], [ 343523.577922908531036, 6747981.156877411529422 ], [ 343537.165598850406241, 6748017.790511211380363 ], [ 343539.55602946667932, 6748023.658157102763653 ], [ 343554.149018489231821, 6748056.463854380883276 ], [ 343560.942797321942635, 6748069.179622440598905 ], [ 343582.383887249277905, 6748103.163786469958723 ], [ 343585.940214129572269, 6748108.422888007946312 ], [ 343616.443033561750781, 6748150.58173041511327 ], [ 343620.623020595696289, 6748155.962975107133389 ], [ 343642.249302734562661, 6748181.927562274038792 ], [ 343648.027524164237548, 6748188.28800989035517 ], [ 343668.901501776417717, 6748209.36961077246815 ], [ 343673.636383030854631, 6748213.849641586653888 ], [ 343701.412602676718961, 6748238.465560967102647 ], [ 343705.433614528505132, 6748241.844763050787151 ], [ 343737.30135308514582, 6748267.228354671038687 ], [ 343741.77363783918554, 6748270.590545968152583 ], [ 343764.128566944971681, 6748286.43755935318768 ], [ 343771.861783583590295, 6748291.401932427659631 ], [ 343800.005485498753842, 6748307.693357149139047 ], [ 343810.799682543962263, 6748313.099743580445647 ], [ 343863.317495459923521, 6748335.548038758337498 ], [ 343868.617969738261309, 6748337.63717922475189 ], [ 343902.202001188823488, 6748349.780579168349504 ], [ 343907.566581907158252, 6748351.550648381002247 ], [ 343938.133989130496047, 6748360.68759401794523 ], [ 343942.327327515755314, 6748361.842308091931045 ], [ 343973.078402773593552, 6748369.594849535264075 ], [ 343978.790244646719657, 6748370.858379082754254 ], [ 344012.909146849939134, 6748377.365385723300278 ], [ 344015.642729658051394, 6748377.847503664903343 ], [ 344031.695748164842371, 6748380.449561700224876 ], [ 344042.43584714824101, 6748381.599466726183891 ], [ 344080.954485464317258, 6748383.628441441804171 ], [ 344085.989900087937713, 6748383.766634237021208 ], [ 344122.809842226211913, 6748383.849408205598593 ], [ 344126.157830471987836, 6748383.800877688452601 ], [ 344174.593289107084274, 6748382.287412147969007 ], [ 344174.901740189176053, 6748382.277297505177557 ], [ 344231.081342087883968, 6748380.348283903673291 ], [ 344306.032359518227167, 6748379.257483028806746 ], [ 344353.01553866872564, 6748380.999661474488676 ], [ 344397.564500646782108, 6748387.536092029884458 ], [ 344450.235498238354921, 6748400.785096851177514 ], [ 344482.198179609142244, 6748411.792103977873921 ], [ 344524.917237010144163, 6748430.905374907888472 ], [ 344567.046771464752965, 6748455.874822019599378 ], [ 344607.42468630860094, 6748483.415330538526177 ], [ 344643.077993598475587, 6748511.239439544267952 ], [ 344660.488725958683062, 6748529.37419065926224 ], [ 344680.978170188958757, 6748551.961639081127942 ], [ 344695.950703276495915, 6748571.455839387141168 ], [ 344702.299125612364151, 6748579.722549977712333 ], [ 344718.017652769281995, 6748601.897126037627459 ], [ 344729.7780724914046, 6748618.488516910932958 ], [ 344749.086638577107806, 6748650.524980447255075 ], [ 344765.366630864155013, 6748685.292635739780962 ], [ 344767.869294989621267, 6748691.084527550265193 ], [ 344778.767258205218241, 6748716.242888175882399 ], [ 344783.64427116519073, 6748742.295955877751112 ], [ 344807.418958162656054, 6748869.15314734261483 ], [ 344831.24014771002112, 6749048.652851446531713 ], [ 344832.648918051505461, 6749064.161587773822248 ], [ 344839.738050427869894, 6749141.803619789890945 ], [ 344840.490957646397874, 6749153.015451166778803 ], [ 344845.096743907139171, 6749221.781865941360593 ], [ 344845.948920628114138, 6749234.637726008892059 ], [ 344847.253971253870986, 6749245.415574003942311 ], [ 344853.870564013079274, 6749282.879585448652506 ], [ 344856.141576046182308, 6749292.775013105012476 ], [ 344866.938939562416635, 6749330.842309207655489 ], [ 344872.174428636673838, 6749345.082612005062401 ], [ 344909.508288355311379, 6749426.865039326250553 ], [ 344911.987969784182496, 6749431.915778552182019 ], [ 344937.72847458900651, 6749480.817559844814241 ], [ 344958.320775140775368, 6749520.353734182193875 ], [ 344958.436314131715335, 6749520.574889315292239 ], [ 345076.117411702638492, 6749745.147162904962897 ], [ 345076.559412400703877, 6749745.981043158099055 ], [ 345240.742259106133133, 6750052.227823177352548 ], [ 345269.950870017521083, 6750112.020324462093413 ], [ 345269.998533885460347, 6750112.117762407287955 ], [ 345307.576141846890096, 6750188.831206787377596 ], [ 345355.42667233850807, 6750290.36411249358207 ], [ 345369.726075588318054, 6750320.696579076349735 ], [ 345438.934901075961534, 6750477.017983864061534 ], [ 345497.585954105481505, 6750612.995893008075655 ], [ 345548.591718514391687, 6750746.997776076197624 ], [ 345590.120360129512846, 6750878.936629666946828 ], [ 345630.727495973464102, 6751021.977625297382474 ], [ 345660.235526258999016, 6751161.131153112277389 ], [ 345660.732025160279591, 6751163.348126780241728 ], [ 345672.351386883470695, 6751212.600693248212337 ], [ 345677.006806970457546, 6751237.394582658074796 ], [ 345677.611167293682229, 6751240.364424006082118 ], [ 345726.042011682176962, 6751461.176168181933463 ], [ 345784.664539757883176, 6751739.149387930519879 ], [ 345785.361189842107706, 6751742.213478063233197 ], [ 345804.087276534934063, 6751818.977222060784698 ], [ 345819.39998193399515, 6751894.201474111527205 ], [ 345819.598970559425652, 6751895.155219629406929 ], [ 345850.134055562491994, 6752038.024243195541203 ], [ 345859.681450902484357, 6752084.649472288787365 ], [ 345866.28886772406986, 6752128.437574943527579 ], [ 345868.122459627804346, 6752155.097661531530321 ], [ 345869.904312941478565, 6752212.374305369332433 ], [ 345868.145651479368098, 6752238.094376862980425 ], [ 345858.5236975857988, 6752341.049311822280288 ], [ 345825.213069283636287, 6752581.310045116581023 ], [ 345821.048417028039694, 6752606.712738020345569 ], [ 345820.514810400258284, 6752610.395474423654377 ], [ 345802.057608392438851, 6752756.944854594767094 ], [ 345801.488755017518997, 6752762.88759259134531 ], [ 345797.899512387928553, 6752817.541756863705814 ], [ 345794.468743681209162, 6752870.407857952639461 ], [ 345794.617893719347194, 6752885.350244112312794 ], [ 345802.787367974524386, 6752981.495300861075521 ], [ 345802.917204044584651, 6752982.904968300834298 ], [ 345805.083597724675201, 6753004.733251607976854 ], [ 345805.246214880608022, 6753006.253425791859627 ], [ 345824.736802975705359, 6753176.163827040232718 ], [ 345825.335797253181227, 6753183.754845372401178 ], [ 345834.291291659523267, 6753304.839044011197984 ], [ 345832.548461782338563, 6753404.056371347047389 ], [ 345815.1929836794734, 6753636.434931409545243 ], [ 345811.6693442267715, 6753668.102220705710351 ], [ 345811.415009098302107, 6753670.694768921472132 ], [ 345787.817154136428144, 6753948.422068112529814 ], [ 345787.468231974344235, 6753955.466354886069894 ], [ 345786.49201692850329, 6754024.111280810087919 ], [ 345785.467220439226367, 6754092.757001968100667 ], [ 345785.742622126359493, 6754101.814535687677562 ], [ 345834.556963217735756, 6754745.246238622814417 ], [ 345847.348674682783894, 6754937.023368165828288 ], [ 345847.359647588105872, 6754937.185883933678269 ], [ 345857.633845814387314, 6755087.531482359394431 ], [ 345864.400469982472714, 6755186.263484826311469 ], [ 345886.323612063133623, 6755513.759103186428547 ], [ 345891.763051631569397, 6755640.339930531568825 ], [ 345888.269888356677257, 6755766.42408265825361 ], [ 345883.10637551813852, 6755881.717941606417298 ], [ 345872.895890700805467, 6755981.312912739813328 ], [ 345860.269777977548074, 6756075.316782620735466 ], [ 345835.878401240566745, 6756202.975526710040867 ], [ 345811.82886684575351, 6756314.730099588632584 ], [ 345734.913142140256241, 6756607.631803784519434 ], [ 345734.542240732291248, 6756609.088722139596939 ], [ 345660.265391660155728, 6756910.304284677840769 ], [ 345659.773281549860258, 6756912.39640929363668 ], [ 345591.926903582061641, 6757215.407113468274474 ], [ 345520.177151435811538, 6757530.588264689780772 ], [ 345487.836827517370693, 6757670.732515887357295 ], [ 345486.286143010074738, 6757679.040625730529428 ], [ 345467.248258632142097, 6757811.967496266588569 ], [ 345466.269824602117296, 6757823.628684812225401 ], [ 345463.624727411719505, 6757928.717321173287928 ], [ 345465.127740444731899, 6757948.685752645134926 ], [ 345484.512738786812406, 6758058.055846162140369 ], [ 345486.161875223391689, 6758065.636124027892947 ], [ 345510.605395041231532, 6758160.174396031536162 ], [ 345516.84215104021132, 6758177.513668950647116 ], [ 345566.885527258738875, 6758284.492945430800319 ], [ 345567.918115681619383, 6758286.633681853301823 ], [ 345648.320133640663698, 6758448.380313820205629 ], [ 345719.484802779159509, 6758615.038762228563428 ], [ 345776.231994292349555, 6758753.065491628833115 ], [ 345833.540648864465766, 6758898.586340351030231 ], [ 345834.347863884875551, 6758900.573296132497489 ], [ 345892.002153317269403, 6759038.23686705622822 ], [ 345948.551708797167521, 6759175.217991421930492 ], [ 345951.887273208296392, 6759182.464032340794802 ], [ 345982.20178766240133, 6759241.949812058359385 ], [ 345984.87090866692597, 6759246.845056585967541 ], [ 346015.575035836955067, 6759299.602499915286899 ], [ 346018.696847536892164, 6759304.619486163370311 ], [ 346094.503770301584154, 6759418.783283485099673 ], [ 346120.057331547490321, 6759458.756217078305781 ], [ 346217.296724122425076, 6759611.062792056240141 ], [ 346312.053512750775553, 6759770.123545460402966 ], [ 346372.064693066524342, 6759884.272387631237507 ], [ 346448.023801358416677, 6760043.098881187848747 ], [ 346448.263637378695421, 6760043.596825623884797 ], [ 346517.276913862442598, 6760185.874262675642967 ], [ 346517.656611794838682, 6760186.648526320233941 ], [ 346576.323393511062022, 6760304.985860646702349 ], [ 346581.364038424100727, 6760313.960664851590991 ], [ 346610.184504150005523, 6760359.601890973746777 ], [ 346610.295142367889639, 6760359.776701214723289 ], [ 346622.503536374308169, 6760379.022086086682975 ], [ 346640.138303889543749, 6760408.909488203004003 ], [ 346648.932624011882581, 6760421.494735300540924 ], [ 346715.025263754010666, 6760502.106697904877365 ], [ 346718.025996149925049, 6760505.599422300234437 ], [ 346808.099227457656525, 6760605.683633273467422 ], [ 346809.945887286274228, 6760607.680250758305192 ], [ 346904.62215316091897, 6760707.292425655759871 ], [ 346905.78943177225301, 6760708.500085930339992 ], [ 347030.883792580629233, 6760835.765708537772298 ], [ 347033.572839357133489, 6760838.400342562235892 ], [ 347149.513967950537335, 6760947.794828821904957 ], [ 347188.415760136384051, 6760986.275194591842592 ], [ 347191.382932053355034, 6760989.092483975924551 ], [ 347369.796995505748782, 6761151.684499411843717 ], [ 347427.502205394208431, 6761216.702115005813539 ], [ 347516.638461287308019, 6761338.518694587983191 ], [ 347570.636286343855318, 6761417.37891299277544 ], [ 347572.242568554065656, 6761419.656056406907737 ], [ 347617.955794691864867, 6761482.581282022409141 ], [ 347695.41951375460485, 6761589.123816414736211 ], [ 347695.664104623429012, 6761589.458760759793222 ], [ 347721.583275078388397, 6761624.798537312075496 ], [ 347722.8966639371356, 6761626.548808683641255 ], [ 347774.280567903653719, 6761693.486632643267512 ], [ 347804.701378065103199, 6761739.391793742775917 ], [ 347805.254894761310425, 6761740.218100037425756 ], [ 347832.24158277339302, 6761780.074552041478455 ], [ 347890.294338493025862, 6761875.017271459102631 ], [ 347944.887057063984685, 6761985.365020585246384 ], [ 347945.390501247136854, 6761986.368417314253747 ], [ 348008.845085919601843, 6762111.086053072474897 ], [ 348037.941408001817763, 6762177.572428306564689 ], [ 348049.291354118555319, 6762237.84629893489182 ], [ 348051.98171366751194, 6762296.150616572238505 ], [ 348047.700515905104112, 6762331.037155551835895 ], [ 348045.997937143198214, 6762336.337117453105748 ], [ 348044.062175126571674, 6762343.192506753839552 ], [ 348035.824928756279405, 6762376.914025509729981 ], [ 348023.990554870455526, 6762417.226017437875271 ], [ 347953.9887942483183, 6762624.619807091541588 ], [ 347953.861739766027313, 6762624.998727839440107 ], [ 347920.535355387721211, 6762725.052492846734822 ], [ 347905.83553366624983, 6762763.364444400183856 ], [ 347901.253182509273756, 6762779.022557212039828 ], [ 347887.032115153444465, 6762848.099759900942445 ], [ 347875.155856696597766, 6762905.715934632346034 ], [ 347870.788563617155887, 6762926.79870895575732 ], [ 347870.493566724122502, 6762928.105284140445292 ], [ 347869.917065985791851, 6762930.835440252907574 ], [ 347865.271073357493151, 6762954.463793195784092 ], [ 347863.658240054908674, 6762962.533333123661578 ], [ 347863.425992599630263, 6762963.73346475046128 ], [ 347852.130041762487963, 6763024.079977100715041 ], [ 347834.418657110654749, 6763082.1558652902022 ], [ 347819.365972749190405, 6763130.972570833750069 ], [ 347798.584733373019844, 6763179.382524172775447 ], [ 347794.012887605815195, 6763192.46797786001116 ], [ 347780.549371162953321, 6763241.734727344475687 ], [ 347780.420589279441629, 6763242.210585597902536 ], [ 347767.622834341484122, 6763289.965699725784361 ], [ 347766.075664731382858, 6763296.64766860101372 ], [ 347748.231045573367737, 6763387.842690461315215 ], [ 347748.199203955766279, 6763388.006139212287962 ], [ 347731.141317051311489, 6763475.957440655678511 ], [ 347731.109475797973573, 6763476.122356561012566 ], [ 347718.821810757566709, 6763540.052445760928094 ], [ 347698.383430153073277, 6763639.220977433025837 ], [ 347692.959850306448061, 6763665.395050368271768 ], [ 347666.817424123873934, 6763786.206509379670024 ], [ 347665.945287496608216, 6763790.740973575972021 ], [ 347650.902646977920085, 6763880.018690220080316 ], [ 347632.084764154918958, 6763964.616757891140878 ], [ 347596.947974730923306, 6764103.166219337843359 ], [ 347596.492692821950186, 6764105.036852717399597 ], [ 347566.864712677372154, 6764232.080642050132155 ], [ 347565.963297507842071, 6764236.368540590628982 ], [ 347546.88316445221426, 6764338.158467975445092 ], [ 347545.612693390110508, 6764347.197348389774561 ], [ 347536.823944963223767, 6764440.432158793322742 ], [ 347536.383312560035847, 6764449.437599110417068 ], [ 347536.004667005385272, 6764549.23209985345602 ], [ 347536.038514941872563, 6764552.240658059716225 ], [ 347539.635763226367999, 6764689.015828779898584 ], [ 347540.052946751762647, 6764695.881227075122297 ], [ 347552.48299825633876, 6764826.207777478732169 ], [ 347560.184919735009316, 6765005.228332673199475 ], [ 347562.099282966577448, 6765130.262445891276002 ], [ 347562.114637875289191, 6765131.058357342146337 ], [ 347564.701869477459695, 6765242.22071918938309 ], [ 347556.441545815614518, 6765311.712096895091236 ], [ 347542.113349500112236, 6765398.959596523083746 ], [ 347535.597495424211957, 6765438.659453560598195 ], [ 347534.879635495715775, 6765443.895542891696095 ], [ 347522.736917853413615, 6765554.019289676100016 ], [ 347522.262951114156749, 6765559.912267626263201 ], [ 347519.999338308582082, 6765604.528281131759286 ], [ 347519.926148231083062, 6765606.271125423721969 ], [ 347517.890354902716354, 6765667.479216176085174 ], [ 347517.871557793056127, 6765673.50385854113847 ], [ 347518.854965961771086, 6765709.906890948303044 ], [ 347519.891872907988727, 6765748.682437943294644 ], [ 347521.651059817755595, 6765764.870941801927984 ], [ 347527.83060800266685, 6765797.045339670032263 ], [ 347530.889936184510589, 6765813.232769881375134 ], [ 347531.970805369550362, 6765818.24419470783323 ], [ 347549.195080527570099, 6765889.223900184035301 ], [ 347563.524157773819752, 6765958.40035733487457 ], [ 347562.518009300576523, 6765968.181292821653187 ], [ 347562.047201081877574, 6765972.60088243894279 ], [ 347557.465234762872569, 6765987.369377803988755 ], [ 347556.883836997207254, 6765989.312757649458945 ], [ 347553.70956815982936, 6766000.328747181221843 ], [ 347553.637517433555331, 6766000.580026128329337 ], [ 347527.051027526322287, 6766093.760655169375241 ], [ 347525.310871253663208, 6766100.823917342349887 ], [ 347507.213920333597343, 6766187.784686439670622 ], [ 347505.540131835266948, 6766198.962945361621678 ], [ 347502.687098280992359, 6766229.857156445272267 ], [ 347502.664819623867515, 6766230.10168000869453 ], [ 347501.461729339556769, 6766243.488279084675014 ], [ 347499.916858416050673, 6766260.106951896101236 ], [ 347497.277236143941991, 6766288.277011187747121 ], [ 347493.580265101394616, 6766320.950963940471411 ], [ 347493.446083492890466, 6766322.20793057885021 ], [ 347491.26773507805774, 6766343.912854052148759 ], [ 347491.2330691794632, 6766344.264514924958348 ], [ 347490.658616452361457, 6766350.199314807541668 ], [ 347486.208125272300094, 6766390.487732232548296 ], [ 347482.282369072840083, 6766406.847992338240147 ], [ 347478.375850371725392, 6766423.063121238723397 ], [ 347456.34665823407704, 6766494.262958043254912 ], [ 347456.086707713548094, 6766495.116605832241476 ], [ 347438.906752336595673, 6766552.450323634780943 ], [ 347427.147008472646121, 6766591.766407476738095 ], [ 347418.430272007186431, 6766617.599939029663801 ], [ 347417.914278021547943, 6766619.171988615766168 ], [ 347414.988163969304878, 6766628.342158508487046 ], [ 347406.977585170592647, 6766641.249668454751372 ], [ 347406.918876857496798, 6766641.344383373856544 ], [ 347404.949316938756965, 6766644.525858346372843 ], [ 347362.739373449527193, 6766698.247888666577637 ], [ 347327.60121845419053, 6766739.986570089124143 ], [ 347299.59866073023295, 6766773.274913758039474 ], [ 347260.667537751607597, 6766809.164394496940076 ], [ 347212.553720844734926, 6766853.568770803511143 ], [ 347205.724108258145861, 6766859.447863506153226 ], [ 347198.754452864057384, 6766865.307703065685928 ], [ 347198.54722784209298, 6766865.482410430908203 ], [ 347187.623441165313125, 6766874.717397104948759 ], [ 347157.412284274643753, 6766900.182416923344135 ], [ 347157.304772790579591, 6766900.273167921230197 ], [ 347148.040834122919478, 6766908.104073154740036 ], [ 347076.939026541600469, 6766963.627961838617921 ], [ 347039.765107308514416, 6766992.218039837665856 ], [ 347031.749736986414064, 6766997.602339120581746 ], [ 347005.528744451003149, 6767010.027601999230683 ], [ 347002.024283853243105, 6767011.431785290129483 ], [ 346988.958023223734926, 6767015.528914072550833 ], [ 346955.035598368442152, 6767023.350776176899672 ], [ 346879.03338152624201, 6767034.473316958174109 ], [ 346875.977677212038543, 6767034.968929033726454 ], [ 346761.892953809991013, 6767055.289661766029894 ], [ 346740.519854900601786, 6767061.620157052762806 ], [ 346664.394703387923073, 6767093.773431547917426 ], [ 346649.137322479044087, 6767101.833897635340691 ], [ 346498.080262267147191, 6767199.172387733124197 ], [ 346496.894214524130803, 6767199.948607074096799 ], [ 346431.807966407155618, 6767243.206826998852193 ], [ 346429.99356726615224, 6767244.441647955216467 ], [ 346350.270164638815913, 6767299.988573275506496 ], [ 346345.672990294580813, 6767303.390969357453287 ], [ 346140.226845879631583, 6767464.736500706523657 ], [ 346078.458388519182336, 6767511.135512220673263 ], [ 346078.207579365815036, 6767511.324530960991979 ], [ 346020.65796000813134, 6767554.837845717556775 ], [ 345959.344820743543096, 6767600.007529775612056 ], [ 345958.063485405931715, 6767600.967414006590843 ], [ 345905.869403295742813, 6767640.7237081034109 ], [ 345897.741552519204561, 6767646.918320253491402 ], [ 345869.180657826946117, 6767666.883566239848733 ], [ 345866.896993105707224, 6767668.528259330429137 ], [ 345809.903718887304422, 6767710.805298330262303 ], [ 345796.826458350638859, 6767720.513583065010607 ], [ 345793.690941559732892, 6767722.939188143238425 ], [ 345771.144559323671274, 6767741.106450980529189 ], [ 345638.593051886651665, 6767833.88398252427578 ], [ 345637.09088764275657, 6767834.956188790500164 ], [ 345616.98545255640056, 6767849.588853385299444 ], [ 345573.293656155816279, 6767878.418090298771858 ], [ 345572.905073619680479, 6767878.675791759043932 ], [ 345570.833592874929309, 6767880.056527373380959 ], [ 345549.425447625748347, 6767894.18053125962615 ], [ 345500.701867965573911, 6767922.443224120885134 ], [ 345499.050308457401115, 6767923.422541161067784 ], [ 345462.293146665964741, 6767945.697965977713466 ], [ 345461.145581383083481, 6767946.404022633098066 ], [ 345397.534996925794985, 6767986.134615709073842 ], [ 345377.853432631469332, 6767998.440671928226948 ], [ 345365.497240673110355, 6768007.556868568994105 ], [ 345302.863376278721262, 6768061.664019282907248 ], [ 345297.808625214209314, 6768066.007468461990356 ], [ 345297.544572517857887, 6768066.235165232792497 ], [ 345288.969284639752004, 6768073.655875451862812 ], [ 345227.077672360173892, 6768127.086904362775385 ], [ 345224.695858192222659, 6768129.210382697172463 ], [ 345194.940318673849106, 6768156.603077949024737 ], [ 345123.792248456273228, 6768215.817666003480554 ], [ 345108.956213549186941, 6768228.154466528445482 ], [ 345047.537568779021967, 6768278.422931023873389 ], [ 345040.77704934758367, 6768284.489193052984774 ], [ 345019.243038749729749, 6768305.654218295589089 ], [ 345013.305726527585648, 6768312.021134318783879 ], [ 344997.397352151398081, 6768330.643805393017828 ], [ 344990.214274317666423, 6768340.144497217610478 ], [ 344969.827946669014636, 6768370.738774268887937 ], [ 344964.174780008790549, 6768379.189456092193723 ], [ 344961.199973971524742, 6768383.916920362040401 ], [ 344953.555725870770402, 6768396.852822652086616 ], [ 344912.902858617017046, 6768465.33978449460119 ], [ 344909.474284761061426, 6768471.024859478697181 ], [ 344905.90886400960153, 6768476.881747212260962 ], [ 344905.165977698750794, 6768478.12218264117837 ], [ 344881.094227277033497, 6768518.98330794647336 ], [ 344877.280663723242469, 6768526.098715098574758 ], [ 344853.830859729845542, 6768574.442968882620335 ], [ 344839.476325040624943, 6768604.031430316157639 ], [ 344833.357918820867781, 6768619.988800216466188 ], [ 344830.302365835465025, 6768630.591691855341196 ], [ 344824.872249948268291, 6768649.098839012905955 ], [ 344822.494491099321749, 6768659.068379603326321 ], [ 344817.85780616622651, 6768684.141585065051913 ], [ 344816.200748739298433, 6768700.89900485612452 ], [ 344816.146142643410712, 6768704.725642256438732 ], [ 344815.405156481196173, 6768739.397740541025996 ], [ 344814.558462180837523, 6768779.121211611665785 ], [ 344813.572792938852217, 6768794.909863423556089 ], [ 344813.474355829006527, 6768796.763005756773055 ], [ 344811.903643840167206, 6768832.609073686413467 ], [ 344808.318245473841671, 6768858.741831855848432 ], [ 344802.985452570661437, 6768883.777036691084504 ], [ 344782.859433997189626, 6768967.549892003647983 ], [ 344781.235985280014575, 6768975.831942213699222 ], [ 344761.682186762569472, 6769104.035527613013983 ], [ 344758.96924461715389, 6769121.827941350638866 ], [ 344757.16095117846271, 6769133.631453025154769 ], [ 344757.139884003496263, 6769133.76961246971041 ], [ 344751.097650907526258, 6769173.581504378467798 ], [ 344749.010594435385428, 6769186.993242043070495 ], [ 344738.602590042399243, 6769249.428629463538527 ], [ 344736.702396006905474, 6769255.744922202080488 ], [ 344734.821536078408826, 6769262.962469523772597 ], [ 344731.251791786518879, 6769279.105952507816255 ], [ 344730.941746401251294, 6769279.968443715013564 ], [ 344726.540517202287447, 6769296.573677834123373 ], [ 344717.464108333922923, 6769348.485205705277622 ], [ 344703.395410130498931, 6769398.547809005714953 ], [ 344677.340430693118833, 6769477.156051124446094 ], [ 344676.693876252393238, 6769479.178352489136159 ], [ 344666.820116008631885, 6769511.230778460390866 ], [ 344643.199203134630807, 6769584.959074579179287 ], [ 344631.89908952213591, 6769613.395491777919233 ], [ 344612.81937531667063, 6769661.438550708815455 ], [ 344605.292438346252311, 6769680.370443143881857 ], [ 344597.029947433504276, 6769700.077357460744679 ], [ 344596.792843919538427, 6769700.647809420712292 ], [ 344594.5853162240237, 6769706.00557822920382 ], [ 344582.281868683698121, 6769735.724028522148728 ], [ 344576.949473417364061, 6769748.419847117736936 ], [ 344568.858897583850194, 6769766.681530931964517 ], [ 344567.430816595500801, 6769769.902741860598326 ], [ 344564.272724119247869, 6769776.276524663902819 ], [ 344564.089179492380936, 6769776.648902482353151 ], [ 344553.018670726509299, 6769799.226964787580073 ], [ 344545.565158793877345, 6769809.91146688722074 ], [ 344533.980709772731643, 6769826.467616966925561 ], [ 344530.758664996363223, 6769830.462587000802159 ], [ 344521.114089859300293, 6769842.398202175274491 ], [ 344492.653490992437582, 6769869.484400046057999 ], [ 344479.84138701541815, 6769881.635203377343714 ], [ 344472.516255262889899, 6769889.363584916107357 ], [ 344456.112094036128838, 6769908.629144162870944 ], [ 344453.537779626902193, 6769911.780188426375389 ], [ 344446.957954625715502, 6769920.177147903479636 ], [ 344437.853864895005245, 6769934.021025418303907 ], [ 344431.468921472725924, 6769945.742651924490929 ], [ 344425.061324480338953, 6769960.085206279531121 ], [ 344417.580203225021251, 6769981.131791328079998 ], [ 344415.2038522453513, 6769988.773158271797001 ], [ 344407.232652865641285, 6770018.559926932677627 ], [ 344398.590357830224093, 6770050.876074954867363 ], [ 344398.540140283119399, 6770051.064590133726597 ], [ 344394.195755239343271, 6770067.437474335543811 ], [ 344390.176339435973205, 6770082.433311668224633 ], [ 344382.621563496242743, 6770107.395249244756997 ], [ 344381.563150879461318, 6770111.155812625773251 ], [ 344351.51156281173462, 6770226.525342314504087 ], [ 344350.269193965068553, 6770231.103965288028121 ], [ 344269.845688455388881, 6770496.682554349303246 ], [ 344258.499960297718644, 6770525.854292549192905 ], [ 344248.989347938157152, 6770550.288977354764938 ], [ 344248.938646257913206, 6770550.419510529376566 ], [ 344238.131511031708214, 6770578.300668052397668 ], [ 344231.904183456848841, 6770594.33256375323981 ], [ 344199.483906946668867, 6770677.831100665032864 ], [ 344158.644291638047434, 6770764.999878491275012 ], [ 344115.900209447252564, 6770837.242093746550381 ], [ 344114.250476889428683, 6770839.991490158252418 ], [ 344083.553729068895336, 6770887.653364016674459 ], [ 344083.295200055988971, 6770888.056894721463323 ], [ 344080.432587783085182, 6770892.548725951462984 ], [ 344079.411988118139561, 6770894.184779891744256 ], [ 344054.673256476933602, 6770934.706602705642581 ], [ 344050.670253714430146, 6770941.915977410040796 ], [ 344028.339815470390022, 6770986.357249535620213 ], [ 344022.169078637671191, 6771001.675086840987206 ], [ 344018.875815009581856, 6771012.31025858130306 ], [ 344008.376734075834975, 6771045.687468924559653 ], [ 344007.482086271687876, 6771048.695741867646575 ], [ 343995.015509297256358, 6771093.156868278048933 ], [ 343993.849084735556971, 6771097.729215065948665 ], [ 343992.218550413730554, 6771104.814853046089411 ], [ 343992.177596660738345, 6771104.993570900522172 ], [ 343979.436234299384523, 6771160.83059346396476 ], [ 343977.54013476538239, 6771172.049576550722122 ], [ 343974.238410426361952, 6771201.8064035307616 ], [ 343974.240812423115131, 6771223.884048593230546 ], [ 343977.302146648231428, 6771251.419691272079945 ], [ 343978.318112042325083, 6771258.342564962804317 ], [ 343984.979530938959215, 6771294.803528749383986 ], [ 343986.055106668791268, 6771299.927915874868631 ], [ 343987.666271151567344, 6771306.714976584538817 ], [ 343987.692040322057437, 6771306.823261490091681 ], [ 343996.21246909716865, 6771342.538777224719524 ], [ 344011.829626955091953, 6771408.079061722382903 ], [ 344028.942594884894788, 6771479.743072954006493 ], [ 344042.452199911873322, 6771536.312934546731412 ], [ 344048.980218920798507, 6771570.845774657092988 ], [ 344049.069233977352269, 6771571.31062909308821 ], [ 344053.533643059781753, 6771594.329623961821198 ], [ 344054.319235170725733, 6771598.008582997135818 ], [ 344060.489485338679515, 6771624.457819295115769 ], [ 344070.423853521235287, 6771700.983897279016674 ], [ 344062.116503386176191, 6771749.846052222885191 ], [ 344045.491493888373952, 6771794.20360896922648 ], [ 344026.519378611119464, 6771826.042837051674724 ], [ 344026.350738114793785, 6771826.326917597092688 ], [ 344000.985009443596937, 6771869.217580007389188 ], [ 343973.68294631014578, 6771900.931612129323184 ], [ 343949.143092264246661, 6771922.705345496535301 ], [ 343925.801032864023, 6771940.602589083835483 ], [ 343872.830485382350162, 6771969.932933295145631 ], [ 342736.747103160305414, 6772383.909072995185852 ], [ 341713.737935715005733, 6772671.201457330025733 ], [ 341710.669328954420052, 6772672.116467567160726 ], [ 341610.1618367669289, 6772703.84711791574955 ], [ 341597.319386567687616, 6772708.900175580754876 ], [ 341380.415732469060458, 6772812.054599995724857 ], [ 341354.794436365540605, 6772829.573241925798357 ], [ 341172.314349115011282, 6773001.475394883193076 ], [ 341156.577063600125257, 6773020.483572071418166 ], [ 341067.220609992160462, 6773160.558959933929145 ], [ 341055.289533802424558, 6773187.168482700362802 ], [ 340974.046299744222779, 6773474.924475125037134 ], [ 340972.985467134043574, 6773479.009657595306635 ], [ 340820.742473442282062, 6774120.655433049425483 ], [ 340739.287925609154627, 6774352.663356179371476 ], [ 340665.308012449357193, 6774464.741340780630708 ], [ 340517.473199155239854, 6774603.204906947910786 ], [ 340281.684224060096312, 6774724.602091592736542 ], [ 339743.308290798973758, 6774984.287583981640637 ], [ 339731.887189227622002, 6774990.752694744616747 ], [ 339528.772177640930749, 6775124.048640631139278 ], [ 339525.902596459083725, 6775126.003939081914723 ], [ 339395.756564215989783, 6775218.03273827303201 ], [ 339383.123112843604758, 6775228.631362873129547 ], [ 339120.355235215683933, 6775488.879306773655117 ], [ 339113.328506490739528, 6775496.606279174797237 ], [ 338486.528022432641592, 6776262.699961734004319 ], [ 338118.966743246710394, 6776668.272510834038258 ], [ 337865.297351295885164, 6776850.324342503212392 ], [ 337657.780044548853766, 6776947.984302059747279 ], [ 337653.066240328655113, 6776950.3565569287166 ], [ 337351.529718851088546, 6777112.215862332843244 ], [ 337347.372461070073768, 6777114.577118936926126 ], [ 337204.546613394108135, 6777200.27916965354234 ], [ 337195.934283735579811, 6777206.075365274213254 ], [ 337027.734372073726263, 6777332.438348743133247 ], [ 337022.316584103798959, 6777336.811729490756989 ], [ 336937.811992973263841, 6777410.028538106940687 ], [ 336932.505068202619441, 6777414.974759102798998 ], [ 336862.649008202657569, 6777484.986830228939652 ], [ 336859.903270803915802, 6777487.850104390643537 ], [ 336837.504030953976326, 6777512.155406093224883 ], [ 336835.055999068717938, 6777514.912034664303064 ], [ 336780.303750371385831, 6777578.904284730553627 ], [ 336755.145874705340248, 6777607.068249762058258 ], [ 336750.966821573849302, 6777612.065133953467011 ], [ 336724.041474660683889, 6777646.478046594187617 ], [ 336721.467556061281357, 6777649.917478816583753 ], [ 336633.0077720664558, 6777773.573553849942982 ], [ 336629.146859222499188, 6777779.389422110281885 ], [ 336598.659708473307546, 6777828.987692852504551 ], [ 336598.302983549481723, 6777829.57251435238868 ], [ 336542.17253157653613, 6777922.306813444010913 ], [ 336538.688139041711111, 6777928.558015630580485 ], [ 336483.062244688218925, 6778037.333480714820325 ], [ 336480.672902093385346, 6778042.344215183518827 ], [ 336459.248869848030154, 6778090.682603378780186 ], [ 336458.116804940626025, 6778093.339787184260786 ], [ 336440.171614014951047, 6778137.207058619707823 ], [ 336439.77621798106702, 6778138.188391645438969 ], [ 336409.079871892055962, 6778215.551739208400249 ], [ 336408.687514320772607, 6778216.556359350681305 ], [ 336388.78347393166041, 6778268.342463799752295 ], [ 336385.796323325193953, 6778277.376081089489162 ], [ 336360.231251002347562, 6778369.120747053995728 ], [ 336358.924120405805297, 6778374.353468400426209 ], [ 336353.845528409408871, 6778397.299208811484277 ], [ 336325.336435356526636, 6778521.078854606486857 ], [ 336239.786196215136442, 6778853.002480790950358 ], [ 336212.198266695952043, 6778926.963873077183962 ], [ 336166.687626619066577, 6779018.341345932334661 ], [ 336159.280469351389911, 6779029.334158941172063 ], [ 336113.766962915251497, 6779089.650835140608251 ], [ 336045.579215541307349, 6779161.800187029875815 ], [ 336016.553978080686647, 6779186.692457914352417 ], [ 335912.589370589877944, 6779260.786650586873293 ], [ 335830.935449438344222, 6779315.165494505316019 ], [ 335660.521189337130636, 6779426.880531121976674 ], [ 335593.786514254577924, 6779470.000986285507679 ], [ 335588.273575055529363, 6779473.83142773155123 ], [ 335451.437119105888996, 6779575.88353427592665 ], [ 335441.34418021485908, 6779584.510404728353024 ], [ 335328.702027845720295, 6779694.54250661469996 ], [ 335115.3082661050139, 6779902.313136975280941 ], [ 335115.016089314594865, 6779902.598779753781855 ], [ 335044.158737330522854, 6779972.155226042494178 ], [ 335041.876916711567901, 6779974.469148365780711 ], [ 334976.544232805492356, 6780042.910565854981542 ], [ 334970.845750607142691, 6780049.422400836832821 ], [ 334893.685020690609235, 6780145.702588091604412 ], [ 334885.89259425655473, 6780156.916850221343338 ], [ 334812.238433955877554, 6780280.086266045458615 ], [ 334764.457176476018503, 6780351.696542169898748 ], [ 334700.733378368197009, 6780426.586633937433362 ], [ 334625.388987115467899, 6780486.833510930649936 ], [ 334569.272466122405604, 6780524.50752486102283 ], [ 334524.699484102253336, 6780547.165676000528038 ], [ 334446.930883549037389, 6780580.916616646572948 ], [ 334364.758659476297908, 6780613.011630442924798 ], [ 334359.842891735082958, 6780615.084417856298387 ], [ 334320.838045729498845, 6780632.771048557013273 ], [ 334314.693552525772247, 6780635.815407524816692 ], [ 334196.486168023489881, 6780699.520760429091752 ], [ 334185.514652253477834, 6780706.384957012720406 ], [ 334131.516097657033242, 6780745.24664727319032 ], [ 334128.451686721178703, 6780747.542357717640698 ], [ 334075.161931659560651, 6780789.080774758942425 ], [ 334072.71610099071404, 6780791.049757744185627 ], [ 334019.179552555957343, 6780835.551750530488789 ], [ 334006.695277420105413, 6780847.940520782954991 ], [ 333964.239372396201361, 6780898.224999732337892 ], [ 333959.173685712274164, 6780904.754039384424686 ], [ 333918.951330311538186, 6780961.271395321004093 ], [ 333912.425117886101361, 6780971.756879105232656 ], [ 333772.442061818379443, 6781231.105560847558081 ], [ 333754.29417198325973, 6781263.164189215749502 ], [ 333720.925136454752646, 6781321.827743506990373 ], [ 333660.880760173487943, 6781401.242803548462689 ], [ 333584.184185671037994, 6781468.668809515424073 ], [ 333498.657034619769547, 6781527.551542056724429 ], [ 333392.000010723713785, 6781589.970080665312707 ], [ 332823.348784491070546, 6781905.076727105304599 ], [ 332815.744407700316515, 6781909.745708232745528 ], [ 332734.542153928487096, 6781964.737286292016506 ], [ 332727.076439323660452, 6781970.317834480665624 ], [ 332650.193991323176306, 6782033.579901354387403 ], [ 332643.445292122138198, 6782039.667909722775221 ], [ 332577.414976397587452, 6782104.915387058630586 ], [ 332564.475562780338805, 6782120.609682459384203 ], [ 332484.624549178115558, 6782240.489921063184738 ], [ 332483.228985814377666, 6782242.644514708779752 ], [ 332351.943741854513064, 6782451.151668982580304 ], [ 332349.646804259507917, 6782454.987225971184671 ], [ 332302.534668450942263, 6782537.80321750510484 ], [ 332297.952568132779561, 6782546.90850140992552 ], [ 332281.996167669538409, 6782583.100625845603645 ], [ 332281.055020709347446, 6782585.306618181988597 ], [ 332265.074927678273525, 6782624.043548574671149 ], [ 332263.741497979150154, 6782627.451465226709843 ], [ 332250.136894629220478, 6782664.188702838495374 ], [ 332247.420945745194331, 6782672.662855583243072 ], [ 332233.73635998996906, 6782722.959693666547537 ], [ 332232.690408232505433, 6782727.161031678318977 ], [ 332220.449087635090109, 6782781.305777871981263 ], [ 332219.555847992363852, 6782785.715717787854373 ], [ 332211.597442163038068, 6782830.118703881278634 ], [ 332210.752301083062775, 6782835.754498064517975 ], [ 332204.359737250371836, 6782888.61315103340894 ], [ 332203.71765165036777, 6782896.588399255648255 ], [ 332177.644220833957661, 6783542.891228143125772 ], [ 332171.090132916055154, 6783596.651833839714527 ], [ 332161.611571128654759, 6783653.506057505495846 ], [ 332146.886032668000553, 6783715.715060741640627 ], [ 332128.207325770577881, 6783767.569841493852437 ], [ 332122.22147163678892, 6783780.992232429794967 ], [ 332088.763861608458683, 6783849.275291380472481 ], [ 332040.022450382763054, 6783922.496081683784723 ], [ 331988.790368118148763, 6783988.56140305288136 ], [ 331882.722380370774772, 6784114.076917921192944 ], [ 331881.824168220162392, 6784115.155071305111051 ], [ 331695.322589698072989, 6784342.240175055339932 ], [ 331634.650690226175357, 6784406.153911487199366 ], [ 331577.91767625475768, 6784455.4150295779109 ], [ 331537.372537655115593, 6784484.142845695838332 ], [ 331510.397664258780424, 6784501.271689973771572 ], [ 331497.449761781026609, 6784509.48646623082459 ], [ 331371.791476734273601, 6784579.349114189855754 ], [ 331224.161425394297112, 6784661.08902230579406 ], [ 331214.762208266824018, 6784666.997631264850497 ], [ 331144.018858897557948, 6784717.154898994602263 ], [ 331136.68803468538681, 6784722.882971109822392 ], [ 331047.216176559159067, 6784799.757000448182225 ], [ 330948.232870618696325, 6784880.957800399512053 ], [ 330890.87401271739509, 6784917.666919938288629 ], [ 330889.887895859021228, 6784918.306224123574793 ], [ 330881.042184188612737, 6784924.115048645995557 ], [ 330812.163014580437448, 6784960.42436505202204 ], [ 330709.297467844735365, 6785000.933737699873745 ], [ 330705.073246456275228, 6785002.710120276547968 ], [ 330653.231990770553239, 6785025.922413200139999 ], [ 330645.729217092273757, 6785029.667036449536681 ], [ 330595.888398057431914, 6785057.210891253314912 ], [ 330589.337584758468438, 6785061.165606159716845 ], [ 330530.591164011450019, 6785099.772374208085239 ], [ 330525.577643911121413, 6785103.291629583574831 ], [ 330470.586676867154893, 6785144.463254599831998 ], [ 330465.157480155001394, 6785148.831372501328588 ], [ 330404.083344063255936, 6785201.577897612936795 ], [ 330371.258984377549496, 6785229.80202029645443 ], [ 330370.131519155751448, 6785230.786244822666049 ], [ 330366.18304372188868, 6785234.28548641409725 ], [ 330348.02651226654416, 6785248.910731555894017 ], [ 330343.632065925921779, 6785252.664972012862563 ], [ 330328.326881951477844, 6785266.52523591928184 ], [ 330327.384893078589812, 6785267.389316311106086 ], [ 330301.220724816201255, 6785291.699295398779213 ], [ 330292.268211301183328, 6785299.721728162840009 ], [ 330289.320532460522372, 6785302.268074841238558 ], [ 330269.306759289873298, 6785318.602929973974824 ], [ 330265.246262189059053, 6785322.102480945177376 ], [ 330237.675626947311684, 6785347.183093743398786 ], [ 330181.971127719676588, 6785397.045275649987161 ], [ 330178.053897756617516, 6785400.746566201560199 ], [ 330124.485805292148143, 6785454.166287368163466 ], [ 330120.501812148664612, 6785458.376490821130574 ], [ 330077.660265628655907, 6785506.363047698512673 ], [ 330012.812351432919968, 6785579.120166102424264 ], [ 329971.823286234692205, 6785624.50194691773504 ], [ 329969.000855634803884, 6785627.765737742185593 ], [ 329933.514907678647432, 6785670.636404267512262 ], [ 329927.236163263500202, 6785679.091469122096896 ], [ 329880.449756006477401, 6785749.566131642088294 ], [ 329845.91986246581655, 6785801.229174020700157 ], [ 329845.004185093566775, 6785802.624251818284392 ], [ 329798.484559775795788, 6785874.80485777836293 ], [ 329751.040162984572817, 6785944.628641283139586 ], [ 329683.163178901595529, 6786039.933322955854237 ], [ 329682.95709557144437, 6786040.223773489706218 ], [ 329595.229277143778745, 6786164.333638782612979 ], [ 329592.991783553618006, 6786167.636942852288485 ], [ 329525.956647810526192, 6786270.985567230731249 ], [ 329488.435646309226286, 6786326.535504316911101 ], [ 329448.866225484583993, 6786379.334223530255258 ], [ 329445.361981396272313, 6786384.319645944982767 ], [ 329345.654308698140085, 6786535.779750863090158 ], [ 329274.254251140286215, 6786638.773843926377594 ], [ 329270.180782681156415, 6786645.152490823529661 ], [ 329184.606629345973488, 6786791.045012306421995 ], [ 329181.977701239287853, 6786795.820675181224942 ], [ 329137.539814387913793, 6786882.027548940852284 ], [ 329137.35397344030207, 6786882.38987891562283 ], [ 329099.583108857332263, 6786956.40160009264946 ], [ 329099.507918880030047, 6786956.54923621751368 ], [ 329035.986627481644973, 6787081.529713394120336 ], [ 328976.830969292670488, 6787191.216477671638131 ], [ 328942.045824761502445, 6787247.397521615028381 ], [ 328898.283026136399712, 6787315.610042216256261 ], [ 328846.301452706451528, 6787386.310411154292524 ], [ 328796.054785954765975, 6787449.461580468341708 ], [ 328693.212908922985662, 6787568.798795437440276 ], [ 328692.757150951656513, 6787569.331418513320386 ], [ 328624.360355851938948, 6787649.833041938021779 ], [ 328620.299689027538989, 6787654.941190684214234 ], [ 328529.965366385877132, 6787776.519670545123518 ], [ 328526.937839526159223, 6787780.826698214747012 ], [ 328447.602479586843401, 6787900.253900395706296 ], [ 328386.664170952804852, 6787989.003406463190913 ], [ 328309.778298181772698, 6788101.022010399959981 ], [ 328252.294962115120143, 6788184.325573463924229 ], [ 328128.181591387838125, 6788349.264184952713549 ], [ 328127.935510434384923, 6788349.592611097730696 ], [ 328079.913541607616935, 6788413.958811435848475 ], [ 328065.357666885363869, 6788441.65350741147995 ], [ 328060.072339090809692, 6788472.490741142071784 ], [ 328064.574922933534253, 6788503.451949336566031 ], [ 328078.424674135632813, 6788531.506433215923607 ], [ 328100.265882552659605, 6788553.908024431206286 ], [ 328127.960578528000042, 6788568.463899153284729 ], [ 328158.797812259290367, 6788573.74922694824636 ], [ 328189.759020453377161, 6788569.246643105521798 ], [ 328217.813504332734738, 6788555.3968919031322 ], [ 328240.215095548133831, 6788533.555683486163616 ], [ 328288.114360871317331, 6788469.353948672302067 ], [ 328413.339332672418095, 6788302.938091528601944 ], [ 328415.740857317228802, 6788299.606352743692696 ], [ 328474.461646729614586, 6788214.509500009007752 ], [ 328474.60320428275736, 6788214.303809095174074 ], [ 328551.544398199184798, 6788102.204602325335145 ], [ 328612.91166227607755, 6788012.830372918397188 ], [ 328613.770048058242537, 6788011.559458367526531 ], [ 328692.072671496251132, 6787893.686882409267128 ], [ 328778.889567798993085, 6787776.842409898526967 ], [ 328844.945706419297494, 6787699.095691088587046 ], [ 328948.838563124125358, 6787578.538924407213926 ], [ 328951.338959013985004, 6787575.519776877015829 ], [ 329003.9924981026561, 6787509.343594915233552 ], [ 329006.307381972612347, 6787506.317630536854267 ], [ 329061.300819169788156, 6787431.520812309347093 ], [ 329064.9008110902505, 6787426.283531391061842 ], [ 329110.813246651261579, 6787354.720398890785873 ], [ 329111.668160083005205, 6787353.364054247736931 ], [ 329148.449475429952145, 6787293.959020241163671 ], [ 329151.443051700945944, 6787288.784722400829196 ], [ 329212.596724264265504, 6787175.393228290602565 ], [ 329213.727580857521389, 6787173.233798402361572 ], [ 329277.763606059132144, 6787047.240563535131514 ], [ 329315.404262920259498, 6786973.483983396552503 ], [ 329358.499506192281842, 6786889.881758816540241 ], [ 329440.778127899393439, 6786749.607679353095591 ], [ 329510.703891272190958, 6786648.740245535038412 ], [ 329512.046494283073116, 6786646.753074867650867 ], [ 329610.737416891613975, 6786496.837455655448139 ], [ 329649.950893358152825, 6786444.513684161938727 ], [ 329652.797063417849131, 6786440.515110013075173 ], [ 329692.213861805852503, 6786382.158440868370235 ], [ 329693.242949244508054, 6786380.603824793361127 ], [ 329759.699590711330529, 6786278.147069836035371 ], [ 329846.172924205486197, 6786155.811943261884153 ], [ 329914.586148378613871, 6786059.754337873309851 ], [ 329915.845277108659502, 6786057.944525926373899 ], [ 329964.593126534484327, 6785986.202454894781113 ], [ 329965.936163486738224, 6785984.173230758868158 ], [ 330012.662943104340229, 6785911.671200823970139 ], [ 330046.815621687914245, 6785860.572541080415249 ], [ 330046.98810691217659, 6785860.313600587658584 ], [ 330090.944101997360121, 6785794.102405905723572 ], [ 330121.691759233712219, 6785756.956080790609121 ], [ 330161.455578249995597, 6785712.930853324010968 ], [ 330161.896326671121642, 6785712.43962162360549 ], [ 330226.880975590203889, 6785639.529039750806987 ], [ 330267.763933851209003, 6785593.736285724677145 ], [ 330317.370265541714616, 6785544.267352165654302 ], [ 330371.365366663725581, 6785495.935285788029432 ], [ 330371.961413838667795, 6785495.397426999174058 ], [ 330397.84565939794993, 6785471.850898790173233 ], [ 330416.864975445030723, 6785456.327700356021523 ], [ 330419.005270026042126, 6785454.530420786701143 ], [ 330423.698537102143746, 6785450.47615107987076 ], [ 330425.063617348554544, 6785449.275085536763072 ], [ 330435.364149622386321, 6785440.044680302962661 ], [ 330436.695085298852064, 6785438.830221083015203 ], [ 330463.051017740566749, 6785414.342067663557827 ], [ 330475.739491811778862, 6785402.851477319374681 ], [ 330493.477393142471556, 6785388.563442409969866 ], [ 330497.071632117207628, 6785385.526077950373292 ], [ 330502.221434438426513, 6785380.962189236655831 ], [ 330534.560932620952372, 6785353.154976150020957 ], [ 330534.725885113410186, 6785353.012828595936298 ], [ 330593.243963263579644, 6785302.473836542107165 ], [ 330642.991347669158131, 6785265.228071166202426 ], [ 330695.977393293112982, 6785230.406886366195977 ], [ 330738.79427870438667, 6785206.744713516905904 ], [ 330784.713824134669267, 6785186.183908703736961 ], [ 330890.568108086124994, 6785144.497544599696994 ], [ 330900.558244906016625, 6785139.914134599268436 ], [ 330978.55273057683371, 6785098.799724041484296 ], [ 330986.811563081981149, 6785093.926358526572585 ], [ 330999.178543877438642, 6785085.805178006179631 ], [ 331061.005810735514387, 6785046.236319543793797 ], [ 331070.525078754872084, 6785039.322382116690278 ], [ 331174.945092095178552, 6784953.66158776730299 ], [ 331176.68997274240246, 6784952.196608043275774 ], [ 331263.493883904011454, 6784877.61487303674221 ], [ 331325.903091370651964, 6784833.366539368405938 ], [ 331468.745965036156122, 6784754.277199071832001 ], [ 331468.89924921473721, 6784754.192152959294617 ], [ 331597.167147322266828, 6784682.878629886545241 ], [ 331602.147351537947543, 6784679.917725381441414 ], [ 331617.558825340587646, 6784670.13994019292295 ], [ 331646.722495804191567, 6784651.621234942227602 ], [ 331650.930267736606766, 6784648.79722963552922 ], [ 331697.5688506506267, 6784615.751969951204956 ], [ 331705.319271770364139, 6784609.665382714010775 ], [ 331769.41936651407741, 6784554.007448898628354 ], [ 331776.382119853631593, 6784547.346922961995006 ], [ 331842.847367393958848, 6784477.330286757089198 ], [ 331847.599348067073151, 6784471.950186907313764 ], [ 332035.934982280305121, 6784242.631929259747267 ], [ 332142.906088758143596, 6784116.047709169797599 ], [ 332145.549514679412823, 6784112.782913126982749 ], [ 332200.284976964117959, 6784042.199877140112221 ], [ 332204.504719139949884, 6784036.332189036533237 ], [ 332258.90454265230801, 6783954.611164351925254 ], [ 332265.461113842262421, 6783943.198550128377974 ], [ 332302.615249632392079, 6783867.371315539814532 ], [ 332304.145353001076728, 6783864.100369985215366 ], [ 332312.369228760711849, 6783845.659547173418105 ], [ 332315.121916675940156, 6783838.819714143872261 ], [ 332336.972888740187045, 6783778.158268368802965 ], [ 332340.20139655249659, 6783767.303209734149277 ], [ 332357.00801597192185, 6783696.30254346691072 ], [ 332358.335709149658214, 6783689.71273351740092 ], [ 332368.728195536939893, 6783627.376615574583411 ], [ 332369.354657260992099, 6783623.033539537340403 ], [ 332376.664664634212386, 6783563.072423825971782 ], [ 332377.318338260811288, 6783555.001741733402014 ], [ 332403.39370980131207, 6782908.650806576013565 ], [ 332408.963332436862402, 6782862.596866754814982 ], [ 332416.021840787900146, 6782823.214752437546849 ], [ 332427.289432605786715, 6782773.376918819732964 ], [ 332439.236292489513289, 6782729.466983369551599 ], [ 332450.658679758256767, 6782698.622500483877957 ], [ 332465.483528973243665, 6782662.68596675992012 ], [ 332478.897410363366362, 6782632.260754911229014 ], [ 332522.380574807699304, 6782555.823944805189967 ], [ 332651.790516881155781, 6782350.295143985189497 ], [ 332725.262450904003344, 6782239.991810514591634 ], [ 332780.784949543420225, 6782185.127572295255959 ], [ 332850.551894717500545, 6782127.720436259172857 ], [ 332924.19318287918577, 6782077.849275567568839 ], [ 333489.964780206559226, 6781764.338317601941526 ], [ 333492.004781016905326, 6781763.176385489292443 ], [ 333602.846396124630701, 6781698.308912355452776 ], [ 333609.04444891930325, 6781694.369171001017094 ], [ 333702.472543158684857, 6781630.046889511868358 ], [ 333711.791332700464409, 6781622.783819320611656 ], [ 333800.553307267371565, 6781544.750798085704446 ], [ 333814.293981802067719, 6781529.957015419378877 ], [ 333884.390014981210697, 6781437.247572364285588 ], [ 333891.545321424375288, 6781426.380389987491071 ], [ 333928.188934992591385, 6781361.960049995221198 ], [ 333928.291080493421759, 6781361.780042596161366 ], [ 333946.986774856399279, 6781328.753706029616296 ], [ 333947.962622749560978, 6781326.988561413250864 ], [ 334085.485969238681719, 6781072.197020045481622 ], [ 334119.723002646060195, 6781024.08977759256959 ], [ 334153.815779372991528, 6780983.710529696196318 ], [ 334199.355879083857872, 6780945.855545613914728 ], [ 334249.897034880355932, 6780906.45961285289377 ], [ 334297.07820150628686, 6780872.504261691123247 ], [ 334406.557247777178418, 6780813.502860825508833 ], [ 334440.007397349691018, 6780798.334990600124002 ], [ 334521.422194107843097, 6780766.535814483650029 ], [ 334524.852192180696875, 6780765.12223983835429 ], [ 334607.113788930291776, 6780729.421375355683267 ], [ 334612.617201894754544, 6780726.831288975663483 ], [ 334665.299761425936595, 6780700.050729494541883 ], [ 334675.723864587489516, 6780693.932310242205858 ], [ 334740.32591506576864, 6780650.561507729813457 ], [ 334747.0382046130253, 6780645.637862962670624 ], [ 334833.128351736173499, 6780576.798465393483639 ], [ 334846.837136417336296, 6780563.501626420766115 ], [ 334920.560440794099122, 6780476.859819212928414 ], [ 334927.583255288715009, 6780467.558345461264253 ], [ 334979.977276917197742, 6780389.034870903007686 ], [ 334982.619555211742409, 6780384.854541101492941 ], [ 335054.030687919410411, 6780265.436066123656929 ], [ 335124.203219382034149, 6780177.875664910301566 ], [ 335185.423552127962466, 6780113.742277120240033 ], [ 335254.975395469926298, 6780045.467370985075831 ], [ 335468.281161596940365, 6779837.782417469657958 ], [ 335468.39783802209422, 6779837.668630224652588 ], [ 335576.338802740909159, 6779732.228783968836069 ], [ 335705.149650643463247, 6779636.162145272828639 ], [ 335769.340897151792888, 6779594.68512056954205 ], [ 335769.89443138911156, 6779594.324859098531306 ], [ 335940.888092893466819, 6779482.229995999485254 ], [ 335941.493101654748898, 6779481.830238823778927 ], [ 336024.766955464961939, 6779426.372572676278651 ], [ 336027.374802275502589, 6779424.575578220188618 ], [ 336136.284087877720594, 6779346.957379239611328 ], [ 336143.346006777544972, 6779341.430706768296659 ], [ 336179.756583095819224, 6779310.204711459577084 ], [ 336187.334933406615164, 6779302.983703373931348 ], [ 336262.930185060657095, 6779222.99648246075958 ], [ 336270.076685247884598, 6779214.542785259895027 ], [ 336320.540339389524888, 6779147.665936495177448 ], [ 336323.646295681304764, 6779143.312360359355807 ], [ 336336.209377650811803, 6779124.667743278667331 ], [ 336342.791483934444841, 6779113.369543243199587 ], [ 336393.567251354746986, 6779011.420607756823301 ], [ 336397.749100563814864, 6779001.787242954596877 ], [ 336429.007119189947844, 6778917.986587450839579 ], [ 336432.14818919316167, 6778907.996621090918779 ], [ 336519.330007201409899, 6778569.742684444412589 ], [ 336519.94336713879602, 6778567.228788019157946 ], [ 336548.838877917034552, 6778441.771409120410681 ], [ 336549.027312322868966, 6778440.936969762668014 ], [ 336553.615354176901747, 6778420.207598816603422 ], [ 336577.177827103063464, 6778335.649605762213469 ], [ 336595.179698473657481, 6778288.812542892061174 ], [ 336625.482054614345543, 6778212.442159808240831 ], [ 336642.68010818422772, 6778170.40127613954246 ], [ 336662.393814361479599, 6778125.921844300813973 ], [ 336715.125191503379028, 6778022.806557080708444 ], [ 336769.224169503431767, 6777933.428498824127018 ], [ 336797.703059601772111, 6777887.097383360378444 ], [ 336882.880815243988764, 6777768.029186862520874 ], [ 336906.474147678003646, 6777737.874875737354159 ], [ 336930.171955912315752, 6777711.345440132543445 ], [ 336931.576567157986574, 6777709.738812197931111 ], [ 336985.823945055541117, 6777646.336635037325323 ], [ 337005.629291079530958, 6777624.845954386517406 ], [ 337071.520383236464113, 6777558.807706156745553 ], [ 337150.649024639627896, 6777490.248749582096934 ], [ 337311.908336083753966, 6777369.100007559172809 ], [ 337448.226990374154411, 6777287.302570934407413 ], [ 337745.331056974013336, 6777127.822526470758021 ], [ 337958.745378747407813, 6777027.38736585713923 ], [ 337974.469906846818049, 6777018.14925480261445 ], [ 338244.224175318260677, 6776824.553731518797576 ], [ 338260.015926634892821, 6776810.463832979090512 ], [ 338636.420895256043877, 6776395.133026220835745 ], [ 338639.719114496896509, 6776391.303535575978458 ], [ 339264.808972924016416, 6775627.300629144534469 ], [ 339517.983163078548387, 6775376.55436962749809 ], [ 339639.956222572771367, 6775290.304838961921632 ], [ 339836.121494539780542, 6775161.569718535989523 ], [ 340369.746758847206365, 6774904.175710090436041 ], [ 340372.076560977671761, 6774903.014310681261122 ], [ 340621.425810007320251, 6774774.635548217222095 ], [ 340644.010504177189432, 6774758.71349355019629 ], [ 340810.631292491045315, 6774602.654795104637742 ], [ 340825.729808942473028, 6774584.757272287271917 ], [ 340913.008268177974969, 6774452.532275089994073 ], [ 340923.904083229834214, 6774430.569920293055475 ], [ 341011.18561024061637, 6774181.964945518411696 ], [ 341014.130439257540274, 6774171.924715769477189 ], [ 341167.095554215891752, 6773527.235476383939385 ], [ 341243.760637294733897, 6773255.694869693368673 ], [ 341318.503701249195728, 6773138.527465988881886 ], [ 341480.498815248836763, 6772985.922821369022131 ], [ 341676.969325942278374, 6772892.485933321528137 ], [ 341769.353858438727912, 6772863.319736508652568 ], [ 342794.465078220760915, 6772575.437031337060034 ], [ 342801.664675904146861, 6772573.118037424981594 ], [ 343948.659398584393784, 6772155.165926706977189 ], [ 343962.863549719913863, 6772148.693480541929603 ], [ 344029.187856662552804, 6772111.969020541757345 ], [ 344041.593679927347694, 6772103.84275586809963 ], [ 344073.679372596845496, 6772079.241436527110636 ], [ 344079.201802945695817, 6772074.68417523894459 ], [ 344111.450730522279628, 6772046.070331443101168 ], [ 344120.867018371121958, 6772036.512064785696566 ], [ 344158.335189421719406, 6771992.989098245278001 ], [ 344168.623725048673805, 6771978.65125350933522 ], [ 344198.414597747032531, 6771928.278158362954855 ], [ 344221.890331410104409, 6771888.880904679186642 ], [ 344229.62421333725797, 6771872.787842949852347 ], [ 344252.742360861098859, 6771811.105800555087626 ], [ 344257.688470150344074, 6771792.771337542682886 ], [ 344270.106269622396212, 6771719.73235013987869 ], [ 344270.688829304184765, 6771690.097609607502818 ], [ 344258.180433483968955, 6771593.743371834047139 ], [ 344256.397680237656459, 6771583.89838842023164 ], [ 344249.516896649380215, 6771554.403397765010595 ], [ 344245.455735375231598, 6771533.463593906722963 ], [ 344238.529613600869197, 6771496.824813367798924 ], [ 344237.53475043468643, 6771492.171544053591788 ], [ 344223.472941345185973, 6771433.289393801242113 ], [ 344206.377014526282437, 6771361.696795991621912 ], [ 344190.76238770049531, 6771296.167133437469602 ], [ 344182.245640219771303, 6771260.467033599503338 ], [ 344181.252219933201559, 6771256.282231943681836 ], [ 344175.690642733708955, 6771225.841200083494186 ], [ 344174.243368196010124, 6771212.823466115631163 ], [ 344175.691838777740486, 6771199.769109039567411 ], [ 344187.145112408616114, 6771149.57693335134536 ], [ 344188.22583045612555, 6771144.880572936497629 ], [ 344199.631522930692881, 6771104.203012773767114 ], [ 344209.72667157521937, 6771072.109927495010197 ], [ 344209.859715977159794, 6771071.68364845495671 ], [ 344210.768223554943688, 6771068.749739965423942 ], [ 344227.525976545352023, 6771035.399034854955971 ], [ 344249.612043710774742, 6770999.22225290350616 ], [ 344251.827687795856036, 6770995.745603484101593 ], [ 344283.254015699203592, 6770946.950933602638543 ], [ 344284.929899716749787, 6770944.255833514966071 ], [ 344287.554850539600011, 6770939.881166638806462 ], [ 344287.870541381707881, 6770939.351349091157317 ], [ 344333.221255354641471, 6770862.703638510778546 ], [ 344337.711750798218418, 6770854.207423308864236 ], [ 344382.030716087319888, 6770759.612260999158025 ], [ 344384.696370352059603, 6770753.381342969834805 ], [ 344418.336291507352144, 6770666.741604183800519 ], [ 344424.573993066267576, 6770650.683001259341836 ], [ 344435.394452331238426, 6770622.767539417371154 ], [ 344444.884348575375043, 6770598.386078498326242 ], [ 344457.638175929896533, 6770565.59389423020184 ], [ 344460.14688960526837, 6770558.328673098236322 ], [ 344542.106538842024747, 6770287.677352115511894 ], [ 344542.908873465086799, 6770284.881924237124622 ], [ 344544.664888935920317, 6770278.410309308208525 ], [ 344544.925530394189991, 6770277.430099821649492 ], [ 344574.612482568481937, 6770163.460425322875381 ], [ 344582.064953804132529, 6770138.836515460163355 ], [ 344582.942964759306051, 6770135.75863289181143 ], [ 344587.409326960972976, 6770119.095305602066219 ], [ 344587.474165585299488, 6770118.85217965207994 ], [ 344591.825800172809977, 6770102.45197376050055 ], [ 344600.436413798714057, 6770070.254286694340408 ], [ 344607.37027132161893, 6770044.343855889514089 ], [ 344610.334631264209747, 6770036.004243213683367 ] ] ] ] } }
]
}
