{
"type": "FeatureCollection",
"generator": "overpass-turbo",
"copyright": "The data included in this document is from www.openstreetmap.org. The data is made available under ODbL.",
"timestamp": "2025-12-03T16:14:45Z",
"name": "amenity in sosnovo",
"features": [
{ "type": "Feature", "id": "way/128077566", "properties": { "@id": "way/128077566", "amenity": "marketplace", "area": "yes", "name": "Продовольственный рынок" }, "geometry": { "type": "Polygon", "coordinates": [ [ [ 30.2521761, 60.555654 ], [ 30.2519182, 60.5558775 ], [ 30.251511, 60.555764 ], [ 30.2517688, 60.5555405 ], [ 30.2521761, 60.555654 ] ] ] } },
{ "type": "Feature", "id": "way/135785112", "properties": { "@id": "way/135785112", "amenity": "industrial", "area": "yes", "barrier": "wall", "landuse": "retail", "name": "Альфастрой" }, "geometry": { "type": "Polygon", "coordinates": [ [ [ 30.2309637, 60.5452618 ], [ 30.2315538, 60.5454145 ], [ 30.2313979, 60.5455638 ], [ 30.2309589, 60.5457881 ], [ 30.2295803, 60.545453 ], [ 30.2299853, 60.5450258 ], [ 30.2309637, 60.5452618 ] ] ] } },
{ "type": "Feature", "id": "way/151380283", "properties": { "@id": "way/151380283", "amenity": "school", "sport": "soccer" }, "geometry": { "type": "Polygon", "coordinates": [ [ [ 30.2472178, 60.5654339 ], [ 30.2465274, 60.5649117 ], [ 30.2465274, 60.5648299 ], [ 30.2466293, 60.5647719 ], [ 30.2469131, 60.5646719 ], [ 30.2471068, 60.5646612 ], [ 30.247257, 60.5646902 ], [ 30.2479275, 60.5651964 ], [ 30.2479889, 60.5653021 ], [ 30.2479329, 60.5653756 ], [ 30.2476376, 60.565497 ], [ 30.2474496, 60.5655103 ], [ 30.2472178, 60.5654339 ] ] ] } },
{ "type": "Feature", "id": "way/151380293", "properties": { "@id": "way/151380293", "addr:city": "Сосново", "addr:housenumber": "3А", "addr:postcode": "188730", "addr:street": "улица Никитина", "amenity": "police", "building": "yes", "building:cladding": "brick", "building:levels": "2", "building:material": "brick" }, "geometry": { "type": "Polygon", "coordinates": [ [ [ 30.2529058, 60.5601871 ], [ 30.2531108, 60.5601418 ], [ 30.2531424, 60.5601763 ], [ 30.2533789, 60.5604347 ], [ 30.253174, 60.56048 ], [ 30.2529058, 60.5601871 ] ] ] } },
{ "type": "Feature", "id": "way/151380302", "properties": { "@id": "way/151380302", "addr:city": "Сосново", "addr:housenumber": "2А", "addr:postcode": "188730", "addr:street": "Мичуринская улица", "amenity": "community_centre", "building": "yes", "building:architecture": "stalinist neoclassicism", "building:cladding": "plaster", "building:levels": "2", "name": "Сосновский дом творчества" }, "geometry": { "type": "Polygon", "coordinates": [ [ [ 30.2539688, 60.5565508 ], [ 30.2542871, 60.5565712 ], [ 30.2542433, 60.5566815 ], [ 30.2542874, 60.5567455 ], [ 30.2542338, 60.5568697 ], [ 30.2537441, 60.5568236 ], [ 30.2538133, 60.5565731 ], [ 30.2539587, 60.5565757 ], [ 30.2539688, 60.5565508 ] ] ] } },
{ "type": "Feature", "id": "way/151380306", "properties": { "@id": "way/151380306", "amenity": "school", "barrier": "fence", "contact:email": "sosnovo-co@yandex.ru", "contact:phone": "+7 81379 62234;+7 81379 61026;+7 81379 61876", "contact:website": "https://sosnovo-school.nubex.ru/", "name": "Сосновский центр образования", "official_name": "МОУ «Сосновский центр образования»" }, "geometry": { "type": "Polygon", "coordinates": [ [ [ 30.245946, 60.5648513 ], [ 30.24652, 60.5646746 ], [ 30.2459756, 60.5642457 ], [ 30.2457905, 60.5640999 ], [ 30.2458495, 60.5637282 ], [ 30.2468741, 60.5630954 ], [ 30.246973, 60.5630671 ], [ 30.2474159, 60.5629399 ], [ 30.2479202, 60.5634645 ], [ 30.2483171, 60.5635885 ], [ 30.248394, 60.5636344 ], [ 30.2492411, 60.56414 ], [ 30.2494919, 60.5642897 ], [ 30.2502108, 60.5643293 ], [ 30.2506667, 60.56473 ], [ 30.2500069, 60.5652968 ], [ 30.2488911, 60.5653073 ], [ 30.2472925, 60.5657713 ], [ 30.2463269, 60.5652862 ], [ 30.245946, 60.5648513 ] ] ] } },
{ "type": "Feature", "id": "way/152221058", "properties": { "@id": "way/152221058", "addr:city": "Сосново", "addr:housenumber": "11", "addr:street": "улица Никитина", "alt_name": "Пожарная часть № 143 Приозерского района", "amenity": "fire_station", "barrier": "fence", "fire_station:type": "spo", "name": "Пожарная часть № 143", "official_name": "143-я пожарная часть отряда Государственной Противопожарной Службы Приозерского района", "operator": "ОГПС Приозерского района", "ref": "143-ПЧ" }, "geometry": { "type": "Polygon", "coordinates": [ [ [ 30.2566855, 60.567303 ], [ 30.2573051, 60.5675797 ], [ 30.257175, 60.5676408 ], [ 30.2561304, 60.5681209 ], [ 30.2555287, 60.5678312 ], [ 30.2559148, 60.5676511 ], [ 30.2563389, 60.5674489 ], [ 30.2566855, 60.567303 ] ] ] } },
{ "type": "Feature", "id": "way/155400640", "properties": { "@id": "way/155400640", "addr:city": "Сосново", "addr:housenumber": "1", "addr:postcode": "188730", "addr:street": "Озёрная улица", "amenity": "townhall", "building": "commercial", "building:cladding": "brick", "building:levels": "2", "name": "Администрация" }, "geometry": { "type": "Polygon", "coordinates": [ [ [ 30.2530056, 60.5585103 ], [ 30.2531406, 60.5584079 ], [ 30.2533865, 60.558484 ], [ 30.253256, 60.5585898 ], [ 30.2530056, 60.5585103 ] ] ] } },
{ "type": "Feature", "id": "way/164861059", "properties": { "@id": "way/164861059", "amenity": "public_building", "building": "yes" }, "geometry": { "type": "Polygon", "coordinates": [ [ [ 30.2139375, 60.547556 ], [ 30.2140096, 60.5474441 ], [ 30.2142054, 60.5474745 ], [ 30.2141333, 60.5475865 ], [ 30.2139375, 60.547556 ] ] ] } },
{ "type": "Feature", "id": "way/164861068", "properties": { "@id": "way/164861068", "amenity": "public_building", "building": "yes", "building:levels": "1" }, "geometry": { "type": "Polygon", "coordinates": [ [ [ 30.2140178, 60.548137 ], [ 30.2140517, 60.5480014 ], [ 30.2142334, 60.5480124 ], [ 30.2141996, 60.5481479 ], [ 30.2140178, 60.548137 ] ] ] } },
{ "type": "Feature", "id": "way/187981771", "properties": { "@id": "way/187981771", "amenity": "clinic", "building": "hospital", "building:cladding": "brick", "building:levels": "2", "building:material": "brick", "healthcare": "clinic", "name": "Поликлиника", "opening_hours": "Mo-Su 08:00-18:00" }, "geometry": { "type": "Polygon", "coordinates": [ [ [ 30.2265758, 60.5468468 ], [ 30.2268207, 60.5468142 ], [ 30.2269395, 60.54703 ], [ 30.2266946, 60.5470626 ], [ 30.2265758, 60.5468468 ] ] ] } },
{ "type": "Feature", "id": "way/197295492", "properties": { "@id": "way/197295492", "amenity": "kindergarten", "barrier": "fence", "contact:email": "centr_detsad@mail.ru", "contact:phone": "+7 81379 61699", "contact:website": "https://centrrebenka.ru/", "name": "Центр развития ребенка – детский сад" }, "geometry": { "type": "Polygon", "coordinates": [ [ [ 30.2503394, 60.5572212 ], [ 30.2507579, 60.5574216 ], [ 30.2506384, 60.5577754 ], [ 30.2506291, 60.5578013 ], [ 30.2498228, 60.5579954 ], [ 30.2489661, 60.557912 ], [ 30.2491593, 60.5572054 ], [ 30.2503394, 60.5572212 ] ] ] } },
{ "type": "Feature", "id": "way/326176657", "properties": { "@id": "way/326176657", "amenity": "parking" }, "geometry": { "type": "Polygon", "coordinates": [ [ [ 30.2394225, 60.5708122 ], [ 30.2394279, 60.5709703 ], [ 30.2384837, 60.570973 ], [ 30.2384891, 60.5708069 ], [ 30.2394225, 60.5708122 ] ] ] } },
{ "type": "Feature", "id": "way/419182188", "properties": { "@id": "way/419182188", "amenity": "parking", "fee": "no", "surface": "asphalt" }, "geometry": { "type": "Polygon", "coordinates": [ [ [ 30.252428, 60.5588967 ], [ 30.2525765, 60.5589494 ], [ 30.2529134, 60.5589785 ], [ 30.2525943, 60.5591802 ], [ 30.2520819, 60.5591472 ], [ 30.252428, 60.5588967 ] ] ] } },
{ "type": "Feature", "id": "way/419182310", "properties": { "@id": "way/419182310", "amenity": "parking", "fee": "yes", "name": "Автосон", "parking": "surface" }, "geometry": { "type": "Polygon", "coordinates": [ [ [ 30.2479084, 60.5614517 ], [ 30.2478413, 60.5614912 ], [ 30.2477609, 60.5614477 ], [ 30.2475061, 60.5616007 ], [ 30.2473639, 60.5615532 ], [ 30.2472861, 60.5610206 ], [ 30.2477609, 60.5609718 ], [ 30.2479272, 60.5611933 ], [ 30.2479084, 60.5614517 ] ] ] } },
{ "type": "Feature", "id": "way/499319424", "properties": { "@id": "way/499319424", "addr:housenumber": "1", "addr:street": "улица Зелёная Горка", "amenity": "hospital", "description": "Регистратура – 61-204 Детская консультация – 61-419 Приемный покой-61-426 Скорая помощь – 88137961303 881379 код подразделение МБУЗ «Приозерской ЦРБ»", "emergency": "yes", "healthcare": "hospital", "name": "Сосновская сельская участковая больница", "phone": "+78137961204" }, "geometry": { "type": "Polygon", "coordinates": [ [ [ 30.2240757, 60.5466373 ], [ 30.225259, 60.5464147 ], [ 30.2252902, 60.546232 ], [ 30.2257138, 60.5461661 ], [ 30.2258271, 60.5463555 ], [ 30.2258475, 60.5463896 ], [ 30.2259401, 60.5463795 ], [ 30.2260563, 60.5463703 ], [ 30.2270997, 60.54631 ], [ 30.227948, 60.5464903 ], [ 30.2280559, 60.5470288 ], [ 30.2277285, 60.5470831 ], [ 30.2264118, 60.5473021 ], [ 30.226297, 60.5473216 ], [ 30.2264465, 60.5475618 ], [ 30.2261367, 60.5476004 ], [ 30.226027, 60.5474091 ], [ 30.225906, 60.5473392 ], [ 30.2250939, 60.5475219 ], [ 30.224937, 60.547485 ], [ 30.2247235, 60.5470319 ], [ 30.224684, 60.5469022 ], [ 30.2242991, 60.5469471 ], [ 30.2240757, 60.5466373 ] ] ] } },
{ "type": "Feature", "id": "way/738068249", "properties": { "@id": "way/738068249", "amenity": "parking" }, "geometry": { "type": "Polygon", "coordinates": [ [ [ 30.2479355, 60.5551855 ], [ 30.2475986, 60.5552615 ], [ 30.2475518, 60.555213 ], [ 30.2473873, 60.5550256 ], [ 30.2477359, 60.5549517 ], [ 30.2478789, 60.5551146 ], [ 30.2479355, 60.5551855 ] ] ] } },
{ "type": "Feature", "id": "way/805409533", "properties": { "@id": "way/805409533", "amenity": "parking", "parking": "surface" }, "geometry": { "type": "Polygon", "coordinates": [ [ [ 30.2292869, 60.5428235 ], [ 30.2293195, 60.5427164 ], [ 30.2298085, 60.5427524 ], [ 30.2297759, 60.5428595 ], [ 30.2292869, 60.5428235 ] ] ] } },
{ "type": "Feature", "id": "way/1163300634", "properties": { "@id": "way/1163300634", "addr:housenumber": "6", "addr:street": "Ленинградская улица", "amenity": "pharmacy", "building": "retail", "building:levels": "1", "check_date": "2022-10-01", "healthcare": "pharmacy", "internet_access": "no", "opening_hours": "09:00-20:00", "payment:contactless": "yes", "payment:credit_cards": "yes", "payment:debit_cards": "yes", "payment:mastercard": "yes", "payment:mastercard_contactless": "yes", "payment:mir": "yes", "payment:visa": "yes", "payment:visa_contactless": "yes", "payment:visa_debit": "yes", "wheelchair": "no" }, "geometry": { "type": "Polygon", "coordinates": [ [ [ 30.2528131, 60.5562088 ], [ 30.2526145, 60.5562679 ], [ 30.2525376, 60.5562055 ], [ 30.2527029, 60.5561563 ], [ 30.2527496, 60.5561942 ], [ 30.252783, 60.5561843 ], [ 30.2528131, 60.5562088 ] ] ] } },
{ "type": "Feature", "id": "way/1250879392", "properties": { "@id": "way/1250879392", "amenity": "kindergarten", "barrier": "fence", "contact:email": "dou31sosnovo@mail.ru", "contact:phone": "+7 81379 64630", "contact:website": "https://sosnovodou31.my1.ru/", "name": "Детский сад № 31", "official_name": "МДОУ «Детский сад комбинированного вида № 31»", "ref": "31" }, "geometry": { "type": "Polygon", "coordinates": [ [ [ 30.217433, 60.5550235 ], [ 30.2176174, 60.5551546 ], [ 30.2185292, 60.5551181 ], [ 30.2186733, 60.5556309 ], [ 30.2182972, 60.5556447 ], [ 30.2172437, 60.5556834 ], [ 30.2170211, 60.5556915 ], [ 30.2169433, 60.5550428 ], [ 30.217433, 60.5550235 ] ] ] } },
{ "type": "Feature", "id": "way/1254649496", "properties": { "@id": "way/1254649496", "amenity": "parking", "parking": "street_side" }, "geometry": { "type": "Polygon", "coordinates": [ [ [ 30.2508304, 60.5581472 ], [ 30.2509564, 60.5581392 ], [ 30.2516229, 60.5582137 ], [ 30.2515465, 60.558252 ], [ 30.2509699, 60.5581875 ], [ 30.2508429, 60.5581955 ], [ 30.2508304, 60.5581472 ] ] ] } },
{ "type": "Feature", "id": "way/1254649497", "properties": { "@id": "way/1254649497", "amenity": "parking", "parking": "street_side" }, "geometry": { "type": "Polygon", "coordinates": [ [ [ 30.2491969, 60.556923 ], [ 30.2493189, 60.5569533 ], [ 30.2495335, 60.5569962 ], [ 30.2499399, 60.5570344 ], [ 30.2499233, 60.557077 ], [ 30.2495093, 60.557038 ], [ 30.2492814, 60.5569925 ], [ 30.2491572, 60.5569616 ], [ 30.2491969, 60.556923 ] ] ] } },
{ "type": "Feature", "id": "way/1254649498", "properties": { "@id": "way/1254649498", "amenity": "parking", "parking": "street_side" }, "geometry": { "type": "Polygon", "coordinates": [ [ [ 30.2494101, 60.5568788 ], [ 30.2493664, 60.5569161 ], [ 30.2490875, 60.556837 ], [ 30.2491312, 60.5567997 ], [ 30.2494101, 60.5568788 ] ] ] } },
{ "type": "Feature", "id": "way/1254649499", "properties": { "@id": "way/1254649499", "amenity": "parking", "parking": "surface", "surface": "asphalt" }, "geometry": { "type": "Polygon", "coordinates": [ [ [ 30.2509993, 60.5577101 ], [ 30.2512824, 60.5577366 ], [ 30.2512011, 60.5579465 ], [ 30.250918, 60.55792 ], [ 30.2509993, 60.5577101 ] ] ] } },
{ "type": "Feature", "id": "way/1254649544", "properties": { "@id": "way/1254649544", "amenity": "kindergarten", "barrier": "fence", "contact:email": "evdokimovadou2@mail.ru", "contact:phone": "+7 81379 61298", "contact:website": "https://ds2sosnovo.my1.ru/", "name": "Детский сад № 2", "official_name": "МДОУ «Детский сад комбинированного вида № 2»", "ref": "2" }, "geometry": { "type": "Polygon", "coordinates": [ [ [ 30.2264118, 60.5473021 ], [ 30.2277285, 60.5470831 ], [ 30.2281982, 60.5476445 ], [ 30.2282766, 60.5480179 ], [ 30.2272445, 60.5482498 ], [ 30.2270448, 60.5482126 ], [ 30.2269646, 60.548125 ], [ 30.2265842, 60.5475587 ], [ 30.2264611, 60.5473754 ], [ 30.2264118, 60.5473021 ] ] ] } },
{ "type": "Feature", "id": "way/1254649558", "properties": { "@id": "way/1254649558", "amenity": "parking", "parking": "surface" }, "geometry": { "type": "Polygon", "coordinates": [ [ [ 30.2286029, 60.5760291 ], [ 30.2287846, 60.5762172 ], [ 30.228605, 60.5762591 ], [ 30.2284276, 60.5760755 ], [ 30.2286029, 60.5760291 ] ] ] } },
{ "type": "Feature", "id": "node/472458738", "properties": { "@id": "node/472458738", "amenity": "drinking_water" }, "geometry": { "type": "Point", "coordinates": [ 30.2478723, 60.5541458 ] } },
{ "type": "Feature", "id": "node/582623094", "properties": { "@id": "node/582623094", "amenity": "drinking_water" }, "geometry": { "type": "Point", "coordinates": [ 30.2306476, 60.5708798 ] } },
{ "type": "Feature", "id": "node/588672524", "properties": { "@id": "node/588672524", "amenity": "library" }, "geometry": { "type": "Point", "coordinates": [ 30.248381, 60.560937 ] } },
{ "type": "Feature", "id": "node/590067836", "properties": { "@id": "node/590067836", "addr:country": "RU", "amenity": "post_box", "operator": "Почта России", "website": "https://russianpost.ru/" }, "geometry": { "type": "Point", "coordinates": [ 30.2558083, 60.5588413 ] } },
{ "type": "Feature", "id": "node/590096234", "properties": { "@id": "node/590096234", "amenity": "arts_centre", "name": "Дом детского творчества" }, "geometry": { "type": "Point", "coordinates": [ 30.2526504, 60.5570903 ] } },
{ "type": "Feature", "id": "node/590096296", "properties": { "@id": "node/590096296", "amenity": "bank", "atm": "yes", "branch": "Северо-Западный банк", "contact:facebook": "https://www.facebook.com/sberbank", "contact:instagram": "https://instagram.com/sberbank", "contact:ok": "https://ok.ru/sberbank", "contact:phone": "+7 800 5555550", "contact:twitter": "https://twitter.com/sberbank/", "contact:vk": "https://vk.com/sberbank", "contact:website": "https://www.sberbank.ru/", "contact:youtube": "https://www.youtube.com/sberbank", "name": "Сбербанк", "name:en": "Sberbank", "name:ru": "Сбербанк", "opening_hours": "Mo-Fr 09:30-17:30", "operator": "ПАО Сбербанк", "operator:wikidata": "Q205012", "operator:wikipedia": "ru:Сбербанк России", "ref": "9055/01053", "wheelchair": "no" }, "geometry": { "type": "Point", "coordinates": [ 30.2534134, 60.558982 ] } },
{ "type": "Feature", "id": "node/1184185379", "properties": { "@id": "node/1184185379", "amenity": "place_of_worship", "denomination": "orthodox", "name": "Церковь Всех Русских Святых", "religion": "christian", "tourism": "attraction" }, "geometry": { "type": "Point", "coordinates": [ 30.230139, 60.542306 ] } },
{ "type": "Feature", "id": "node/1218925386", "properties": { "@id": "node/1218925386", "addr:housenumber": "69", "addr:postcode": "188730", "addr:street": "Ленинградская улица", "amenity": "veterinary", "name": "Айболит", "opening_hours": "Mo-Su 10:00-18:00", "phone": "+7 921 4079117", "website": "http://vetklinka-aybolit.ru/" }, "geometry": { "type": "Point", "coordinates": [ 30.2321851, 60.5456323 ] } },
{ "type": "Feature", "id": "node/1236305743", "properties": { "@id": "node/1236305743", "access": "yes", "amenity": "toilets", "check_date": "2024-05-18", "fee": "no", "opening_hours": "03:45-02:15" }, "geometry": { "type": "Point", "coordinates": [ 30.2164179, 60.5483874 ] } },
{ "type": "Feature", "id": "node/1236305756", "properties": { "@id": "node/1236305756", "amenity": "police", "name": "Транспортная полиция" }, "geometry": { "type": "Point", "coordinates": [ 30.2156071, 60.5493533 ] } },
{ "type": "Feature", "id": "node/1376356233", "properties": { "@id": "node/1376356233", "amenity": "fast_food", "cuisine": "chicken", "name": "Кура-гриль" }, "geometry": { "type": "Point", "coordinates": [ 30.2168147, 60.5492988 ] } },
{ "type": "Feature", "id": "node/1642084225", "properties": { "@id": "node/1642084225", "addr:housenumber": "7", "addr:street": "Первомайская улица", "amenity": "pharmacy", "name": "Ленфарм", "opening_hours": "Mo-Fr 09:00-18:00; Sa 10:00-17:00", "ref": "70" }, "geometry": { "type": "Point", "coordinates": [ 30.2509903, 60.5588346 ] } },
{ "type": "Feature", "id": "node/1642084312", "properties": { "@id": "node/1642084312", "amenity": "toilets" }, "geometry": { "type": "Point", "coordinates": [ 30.2542779, 60.5567743 ] } },
{ "type": "Feature", "id": "node/1642084560", "properties": { "@id": "node/1642084560", "addr:city": "Сосново", "addr:postcode": "188730", "amenity": "atm", "brand": "Сбербанк", "contact:phone": "+7 800 5555550", "contact:website": "https://www.sberbank.ru/", "operator": "ПАО Сбербанк" }, "geometry": { "type": "Point", "coordinates": [ 30.2533801, 60.5589404 ] } },
{ "type": "Feature", "id": "node/3099067135", "properties": { "@id": "node/3099067135", "addr:housenumber": "7", "addr:street": "улица Никитина", "amenity": "veterinary" }, "geometry": { "type": "Point", "coordinates": [ 30.2556499, 60.564204 ] } },
{ "type": "Feature", "id": "node/3099199134", "properties": { "@id": "node/3099199134", "amenity": "cafe", "name": "24 Часа" }, "geometry": { "type": "Point", "coordinates": [ 30.2509051, 60.5553101 ] } },
{ "type": "Feature", "id": "node/3961869859", "properties": { "@id": "node/3961869859", "amenity": "restaurant", "name": "Рауту" }, "geometry": { "type": "Point", "coordinates": [ 30.255521, 60.5573712 ] } },
{ "type": "Feature", "id": "node/4193095989", "properties": { "@id": "node/4193095989", "amenity": "car_wash" }, "geometry": { "type": "Point", "coordinates": [ 30.2540587, 60.5630955 ] } },
{ "type": "Feature", "id": "node/4330936290", "properties": { "@id": "node/4330936290", "amenity": "fast_food", "cuisine": "burger;chicken;coffee_shop", "name": "Highway Cafe" }, "geometry": { "type": "Point", "coordinates": [ 30.2163814, 60.5487209 ] } },
{ "type": "Feature", "id": "node/4914851721", "properties": { "@id": "node/4914851721", "amenity": "pharmacy", "opening_hours": "Mo-Fr 09:00-19:00" }, "geometry": { "type": "Point", "coordinates": [ 30.2151798, 60.5501845 ] } },
{ "type": "Feature", "id": "node/5340899640", "properties": { "@id": "node/5340899640", "addr:city": "Сосново", "addr:housenumber": "8", "addr:postcode": "188730", "addr:street": "Советская улица", "amenity": "post_office", "fixme": "Расположение приблизительное, необходима проверка на местности", "name": "Сосново 188730", "opening_hours": "Mo off; Tu-Fr 09:00-13:00,14:00-17:00; Sa 09:00-13:00,14:00-16:00; Su off", "operator": "Почта России", "phone": "+7 81379 61631", "ref": "188731", "website": "https://www.pochta.ru/" }, "geometry": { "type": "Point", "coordinates": [ 30.2558202, 60.5588962 ] } },
{ "type": "Feature", "id": "node/5682487729", "properties": { "@id": "node/5682487729", "addr:housenumber": "5А", "addr:street": "улица Никитина", "amenity": "veterinary", "name": "Ветеринарная клиника \"Линава\"", "opening_hours": "Mo-Sa 10:00-18:00; Su 12:00-17:00", "operator": "ООО \"ЛиНаВа\"", "phone": "+7 921 4079117" }, "geometry": { "type": "Point", "coordinates": [ 30.2550001, 60.560098 ] } },
{ "type": "Feature", "id": "node/6858754306", "properties": { "@id": "node/6858754306", "amenity": "place_of_worship" }, "geometry": { "type": "Point", "coordinates": [ 30.2249049, 60.5460727 ] } },
{ "type": "Feature", "id": "node/6945781585", "properties": { "@id": "node/6945781585", "addr:city": "Сосново", "addr:housenumber": "1", "addr:postcode": "188730", "addr:street": "Мичуринская улица", "amenity": "pharmacy", "check_date": "2022-10-01", "internet_access": "no", "name": "Невис", "opening_hours": "Mo-Su 09:00-21:00", "payment:cards": "yes", "payment:contactless": "yes", "payment:credit_cards": "yes", "payment:debit_cards": "yes", "payment:mastercard": "yes", "payment:mastercard_contactless": "yes", "payment:mir": "yes", "payment:mobile_app": "yes", "payment:visa": "yes", "payment:visa_contactless": "yes", "payment:visa_debit": "yes", "wheelchair": "limited" }, "geometry": { "type": "Point", "coordinates": [ 30.2533603, 60.5562416 ] } },
{ "type": "Feature", "id": "node/7528151561", "properties": { "@id": "node/7528151561", "amenity": "cafe" }, "geometry": { "type": "Point", "coordinates": [ 30.216018, 60.5489901 ] } },
{ "type": "Feature", "id": "node/7832468477", "properties": { "@id": "node/7832468477", "amenity": "atm", "brand": "Санкт-Петербург", "contact:email": "info@bspb.ru", "contact:facebook": "https://www.facebook.com/bspb/", "contact:instagram": "https://instagram.com/bank_spb", "contact:ok": "https://ok.ru/bspb", "contact:phone": "+7 812 3295050", "contact:twitter": "https://twitter.com/bank_spb", "contact:vk": "https://vk.com/bspb", "contact:website": "https://www.bspb.ru/", "currency:RUB": "yes", "opening_hours": "Mo-Su 09:00-20:00", "operator": "ПАО \"Банк \"Санкт-Петербург\"", "telegram": "https://t.me/mybspb" }, "geometry": { "type": "Point", "coordinates": [ 30.2481964, 60.5555281 ] } },
{ "type": "Feature", "id": "node/9899541736", "properties": { "@id": "node/9899541736", "amenity": "fast_food", "contact:email": "info@shaverland.ru", "contact:phone": "+7 906 2509527;+7 964 3369000", "contact:website": "https://shaverland.ru", "cuisine": "kebab", "name": "Шаверлэнд", "name:en": "Shaverland", "name:ru": "Шаверлэнд", "opening_hours": "Mo-Su 05:00-04:00" }, "geometry": { "type": "Point", "coordinates": [ 30.25484, 60.556891 ] } },
{ "type": "Feature", "id": "node/9899541737", "properties": { "@id": "node/9899541737", "amenity": "fast_food", "contact:email": "info@shaverland.ru", "contact:phone": "+7 906 2509527;+7 964 3369000", "contact:website": "https://shaverland.ru", "cuisine": "kebab", "name": "Шаверлэнд", "name:en": "Shaverland", "name:ru": "Шаверлэнд", "opening_hours": "Mo-Su 05:00-04:00" }, "geometry": { "type": "Point", "coordinates": [ 30.2538411, 60.5586844 ] } },
{ "type": "Feature", "id": "node/10067215200", "properties": { "@id": "node/10067215200", "amenity": "fast_food", "check_date": "2022-10-01", "name": "Рафтбургер", "opening_hours": "10:00-22:00", "payment:cards": "yes", "payment:contactless": "yes", "payment:credit_cards": "yes", "payment:debit_cards": "yes", "payment:mastercard": "yes", "payment:mastercard_contactless": "yes", "payment:mir": "yes", "payment:mobile_app": "yes", "payment:visa": "yes", "payment:visa_contactless": "yes", "payment:visa_debit": "yes", "wheelchair": "no" }, "geometry": { "type": "Point", "coordinates": [ 30.2154578, 60.5505129 ] } },
{ "type": "Feature", "id": "node/10067215201", "properties": { "@id": "node/10067215201", "amenity": "pharmacy", "brand": "Невис", "brand:wikidata": "Q109837740", "check_date": "2022-10-01", "healthcare": "pharmacy", "name": "Невис", "opening_hours": "09:00-21:00", "payment:cards": "yes", "payment:contactless": "yes", "payment:credit_cards": "yes", "payment:debit_cards": "yes", "payment:mastercard": "yes", "payment:mastercard_contactless": "yes", "payment:mir": "yes", "payment:mobile_app": "yes", "payment:visa": "yes", "payment:visa_contactless": "yes", "payment:visa_debit": "yes" }, "geometry": { "type": "Point", "coordinates": [ 30.2150673, 60.5437852 ] } },
{ "type": "Feature", "id": "node/10697406763", "properties": { "@id": "node/10697406763", "amenity": "post_office", "check_date": "2024-03-30", "contact:email": "Rshoian.D@cdek.ru", "contact:phone": "+7 981 0367663", "contact:website": "https://www.cdek.ru/", "name": "СДЭК", "opening_hours": "Mo-Fr 10:00-19:00; Sa-Su 10:00-18:00" }, "geometry": { "type": "Point", "coordinates": [ 30.246833, 60.552849 ] } },
{ "type": "Feature", "id": "node/10818920804", "properties": { "@id": "node/10818920804", "amenity": "bank", "brand": "Почта Банк", "brand:en": "Post Bank", "brand:wikidata": "Q24930461", "contact:phone": "+7 495 5321300", "contact:website": "https://www.pochtabank.ru", "name": "Почта Банк", "name:en": "Post Bank", "name:ru": "Почта Банк", "operator": "АО \"Почта Банк\"" }, "geometry": { "type": "Point", "coordinates": [ 30.2558555, 60.5589066 ] } },
{ "type": "Feature", "id": "node/10818929205", "properties": { "@id": "node/10818929205", "amenity": "cafe" }, "geometry": { "type": "Point", "coordinates": [ 30.2553955, 60.5580905 ] } },
{ "type": "Feature", "id": "node/10818929207", "properties": { "@id": "node/10818929207", "amenity": "fast_food", "fast_food": "cafeteria", "name": "Столовая" }, "geometry": { "type": "Point", "coordinates": [ 30.254171, 60.558544 ] } },
{ "type": "Feature", "id": "node/10818929231", "properties": { "@id": "node/10818929231", "amenity": "cafe", "name": "Серж" }, "geometry": { "type": "Point", "coordinates": [ 30.2527481, 60.5563419 ] } },
{ "type": "Feature", "id": "node/11773881992", "properties": { "@id": "node/11773881992", "amenity": "cafe", "brand": "Хлебник", "brand:wikidata": "Q110085956", "check_date": "2024-03-30", "name": "Хлебник", "opening_hours": "08:00-21:00", "shop": "bakery" }, "geometry": { "type": "Point", "coordinates": [ 30.2523754, 60.5559933 ] } },
{ "type": "Feature", "id": "node/11773882006", "properties": { "@id": "node/11773882006", "amenity": "payment_terminal", "brand": "Сбербанк", "brand:wikidata": "Q205012", "check_date": "2024-03-30", "name": "Сбербанк", "opening_hours": "09:00-21:00" }, "geometry": { "type": "Point", "coordinates": [ 30.214623, 60.551109 ] } },
{ "type": "Feature", "properties": { "id": "way/1250879392", "@id": "way/1250879392", "access": null, "addr:city": null, "addr:country": null, "addr:housenumber": null, "addr:postcode": null, "addr:street": null, "alt_name": null, "amenity": "kindergarten", "area": null, "atm": null, "barrier": "fence", "branch": null, "brand": null, "brand:en": null, "brand:wikidata": null, "building": null, "building:architecture": null, "building:cladding": null, "building:levels": null, "building:material": null, "check_date": null, "contact:email": "dou31sosnovo@mail.ru", "contact:facebook": null, "contact:instagram": null, "contact:ok": null, "contact:phone": "+7 81379 64630", "contact:twitter": null, "contact:vk": null, "contact:website": "https://sosnovodou31.my1.ru/", "contact:youtube": null, "cuisine": null, "currency:RUB": null, "denomination": null, "description": null, "emergency": null, "fast_food": null, "fee": null, "fire_station:type": null, "fixme": null, "healthcare": null, "internet_access": null, "landuse": null, "name": "Детский сад № 31", "name:en": null, "name:ru": null, "official_name": "МДОУ «Детский сад комбинированного вида № 31»", "opening_hours": null, "operator": null, "operator:wikidata": null, "operator:wikipedia": null, "parking": null, "payment:cards": null, "payment:contactless": null, "payment:credit_cards": null, "payment:debit_cards": null, "payment:mastercard": null, "payment:mastercard_contactless": null, "payment:mir": null, "payment:mobile_app": null, "payment:visa": null, "payment:visa_contactless": null, "payment:visa_debit": null, "phone": null, "ref": "31", "religion": null, "shop": null, "sport": null, "surface": null, "telegram": null, "tourism": null, "website": null, "wheelchair": null, "backrest": null, "material": null }, "geometry": { "type": "Point", "coordinates": [ 30.217795824313743, 60.55539275 ] } },
{ "type": "Feature", "properties": { "id": "way/1254649544", "@id": "way/1254649544", "access": null, "addr:city": null, "addr:country": null, "addr:housenumber": null, "addr:postcode": null, "addr:street": null, "alt_name": null, "amenity": "kindergarten", "area": null, "atm": null, "barrier": "fence", "branch": null, "brand": null, "brand:en": null, "brand:wikidata": null, "building": null, "building:architecture": null, "building:cladding": null, "building:levels": null, "building:material": null, "check_date": null, "contact:email": "evdokimovadou2@mail.ru", "contact:facebook": null, "contact:instagram": null, "contact:ok": null, "contact:phone": "+7 81379 61298", "contact:twitter": null, "contact:vk": null, "contact:website": "https://ds2sosnovo.my1.ru/", "contact:youtube": null, "cuisine": null, "currency:RUB": null, "denomination": null, "description": null, "emergency": null, "fast_food": null, "fee": null, "fire_station:type": null, "fixme": null, "healthcare": null, "internet_access": null, "landuse": null, "name": "Детский сад № 2", "name:en": null, "name:ru": null, "official_name": "МДОУ «Детский сад комбинированного вида № 2»", "opening_hours": null, "operator": null, "operator:wikidata": null, "operator:wikipedia": null, "parking": null, "payment:cards": null, "payment:contactless": null, "payment:credit_cards": null, "payment:debit_cards": null, "payment:mastercard": null, "payment:mastercard_contactless": null, "payment:mir": null, "payment:mobile_app": null, "payment:visa": null, "payment:visa_contactless": null, "payment:visa_debit": null, "phone": null, "ref": "2", "religion": null, "shop": null, "sport": null, "surface": null, "telegram": null, "tourism": null, "website": null, "wheelchair": null, "backrest": null, "material": null }, "geometry": { "type": "Point", "coordinates": [ 30.22750232304432, 60.5478312 ] } },
{ "type": "Feature", "properties": { "id": "way/499319424", "@id": "way/499319424", "access": null, "addr:city": null, "addr:country": null, "addr:housenumber": "1", "addr:postcode": null, "addr:street": "улица Зелёная Горка", "alt_name": null, "amenity": "hospital", "area": null, "atm": null, "barrier": null, "branch": null, "brand": null, "brand:en": null, "brand:wikidata": null, "building": null, "building:architecture": null, "building:cladding": null, "building:levels": null, "building:material": null, "check_date": null, "contact:email": null, "contact:facebook": null, "contact:instagram": null, "contact:ok": null, "contact:phone": null, "contact:twitter": null, "contact:vk": null, "contact:website": null, "contact:youtube": null, "cuisine": null, "currency:RUB": null, "denomination": null, "description": "Регистратура – 61-204 Детская консультация – 61-419 Приемный покой-61-426 Скорая помощь – 88137961303 881379 код подразделение МБУЗ «Приозерской ЦРБ»", "emergency": "yes", "fast_food": null, "fee": null, "fire_station:type": null, "fixme": null, "healthcare": "hospital", "internet_access": null, "landuse": null, "name": "Сосновская сельская участковая больница", "name:en": null, "name:ru": null, "official_name": null, "opening_hours": null, "operator": null, "operator:wikidata": null, "operator:wikipedia": null, "parking": null, "payment:cards": null, "payment:contactless": null, "payment:credit_cards": null, "payment:debit_cards": null, "payment:mastercard": null, "payment:mastercard_contactless": null, "payment:mir": null, "payment:mobile_app": null, "payment:visa": null, "payment:visa_contactless": null, "payment:visa_debit": null, "phone": "+78137961204", "ref": null, "religion": null, "shop": null, "sport": null, "surface": null, "telegram": null, "tourism": null, "website": null, "wheelchair": null, "backrest": null, "material": null }, "geometry": { "type": "Point", "coordinates": [ 30.226087602429978, 60.54676975 ] } },
{ "type": "Feature", "properties": { "id": "way/1163300634", "@id": "way/1163300634", "access": null, "addr:city": null, "addr:country": null, "addr:housenumber": "6", "addr:postcode": null, "addr:street": "Ленинградская улица", "alt_name": null, "amenity": "pharmacy", "area": null, "atm": null, "barrier": null, "branch": null, "brand": null, "brand:en": null, "brand:wikidata": null, "building": "retail", "building:architecture": null, "building:cladding": null, "building:levels": "1", "building:material": null, "check_date": "2022-10-01", "contact:email": null, "contact:facebook": null, "contact:instagram": null, "contact:ok": null, "contact:phone": null, "contact:twitter": null, "contact:vk": null, "contact:website": null, "contact:youtube": null, "cuisine": null, "currency:RUB": null, "denomination": null, "description": null, "emergency": null, "fast_food": null, "fee": null, "fire_station:type": null, "fixme": null, "healthcare": "pharmacy", "internet_access": "no", "landuse": null, "name": null, "name:en": null, "name:ru": null, "official_name": null, "opening_hours": "09:00-20:00", "operator": null, "operator:wikidata": null, "operator:wikipedia": null, "parking": null, "payment:cards": null, "payment:contactless": "yes", "payment:credit_cards": "yes", "payment:debit_cards": "yes", "payment:mastercard": "yes", "payment:mastercard_contactless": "yes", "payment:mir": "yes", "payment:mobile_app": null, "payment:visa": "yes", "payment:visa_contactless": "yes", "payment:visa_debit": "yes", "phone": null, "ref": null, "religion": null, "shop": null, "sport": null, "surface": null, "telegram": null, "tourism": null, "website": null, "wheelchair": "no", "backrest": null, "material": null }, "geometry": { "type": "Point", "coordinates": [ 30.252645941706731, 60.55623835 ] } },
{ "type": "Feature", "properties": { "id": "way/187981771", "@id": "way/187981771", "access": null, "addr:city": null, "addr:country": null, "addr:housenumber": null, "addr:postcode": null, "addr:street": null, "alt_name": null, "amenity": "clinic", "area": null, "atm": null, "barrier": null, "branch": null, "brand": null, "brand:en": null, "brand:wikidata": null, "building": "hospital", "building:architecture": null, "building:cladding": "brick", "building:levels": "2", "building:material": "brick", "check_date": null, "contact:email": null, "contact:facebook": null, "contact:instagram": null, "contact:ok": null, "contact:phone": null, "contact:twitter": null, "contact:vk": null, "contact:website": null, "contact:youtube": null, "cuisine": null, "currency:RUB": null, "denomination": null, "description": null, "emergency": null, "fast_food": null, "fee": null, "fire_station:type": null, "fixme": null, "healthcare": "clinic", "internet_access": null, "landuse": null, "name": "Поликлиника", "name:en": null, "name:ru": null, "official_name": null, "opening_hours": "Mo-Su 08:00-18:00", "operator": null, "operator:wikidata": null, "operator:wikipedia": null, "parking": null, "payment:cards": null, "payment:contactless": null, "payment:credit_cards": null, "payment:debit_cards": null, "payment:mastercard": null, "payment:mastercard_contactless": null, "payment:mir": null, "payment:mobile_app": null, "payment:visa": null, "payment:visa_contactless": null, "payment:visa_debit": null, "phone": null, "ref": null, "religion": null, "shop": null, "sport": null, "surface": null, "telegram": null, "tourism": null, "website": null, "wheelchair": null, "backrest": null, "material": null }, "geometry": { "type": "Point", "coordinates": [ 30.22675765, 60.5469384 ] } },
{ "type": "Feature", "properties": { "id": "way/197295492", "@id": "way/197295492", "access": null, "addr:city": null, "addr:country": null, "addr:housenumber": null, "addr:postcode": null, "addr:street": null, "alt_name": null, "amenity": "kindergarten", "area": null, "atm": null, "barrier": "fence", "branch": null, "brand": null, "brand:en": null, "brand:wikidata": null, "building": null, "building:architecture": null, "building:cladding": null, "building:levels": null, "building:material": null, "check_date": null, "contact:email": "centr_detsad@mail.ru", "contact:facebook": null, "contact:instagram": null, "contact:ok": null, "contact:phone": "+7 81379 61699", "contact:twitter": null, "contact:vk": null, "contact:website": "https://centrrebenka.ru/", "contact:youtube": null, "cuisine": null, "currency:RUB": null, "denomination": null, "description": null, "emergency": null, "fast_food": null, "fee": null, "fire_station:type": null, "fixme": null, "healthcare": null, "internet_access": null, "landuse": null, "name": "Центр развития ребенка – детский сад", "name:en": null, "name:ru": null, "official_name": null, "opening_hours": null, "operator": null, "operator:wikidata": null, "operator:wikipedia": null, "parking": null, "payment:cards": null, "payment:contactless": null, "payment:credit_cards": null, "payment:debit_cards": null, "payment:mastercard": null, "payment:mastercard_contactless": null, "payment:mir": null, "payment:mobile_app": null, "payment:visa": null, "payment:visa_contactless": null, "payment:visa_debit": null, "phone": null, "ref": null, "religion": null, "shop": null, "sport": null, "surface": null, "telegram": null, "tourism": null, "website": null, "wheelchair": null, "backrest": null, "material": null }, "geometry": { "type": "Point", "coordinates": [ 30.249874983901783, 60.5575985 ] } },
{ "type": "Feature", "properties": { "id": "way/164861059", "@id": "way/164861059", "access": null, "addr:city": null, "addr:country": null, "addr:housenumber": null, "addr:postcode": null, "addr:street": null, "alt_name": null, "amenity": "public_building", "area": null, "atm": null, "barrier": null, "branch": null, "brand": null, "brand:en": null, "brand:wikidata": null, "building": "yes", "building:architecture": null, "building:cladding": null, "building:levels": null, "building:material": null, "check_date": null, "contact:email": null, "contact:facebook": null, "contact:instagram": null, "contact:ok": null, "contact:phone": null, "contact:twitter": null, "contact:vk": null, "contact:website": null, "contact:youtube": null, "cuisine": null, "currency:RUB": null, "denomination": null, "description": null, "emergency": null, "fast_food": null, "fee": null, "fire_station:type": null, "fixme": null, "healthcare": null, "internet_access": null, "landuse": null, "name": null, "name:en": null, "name:ru": null, "official_name": null, "opening_hours": null, "operator": null, "operator:wikidata": null, "operator:wikipedia": null, "parking": null, "payment:cards": null, "payment:contactless": null, "payment:credit_cards": null, "payment:debit_cards": null, "payment:mastercard": null, "payment:mastercard_contactless": null, "payment:mir": null, "payment:mobile_app": null, "payment:visa": null, "payment:visa_contactless": null, "payment:visa_debit": null, "phone": null, "ref": null, "religion": null, "shop": null, "sport": null, "surface": null, "telegram": null, "tourism": null, "website": null, "wheelchair": null, "backrest": null, "material": null }, "geometry": { "type": "Point", "coordinates": [ 30.214071461721542, 60.54751525 ] } },
{ "type": "Feature", "properties": { "id": "way/164861068", "@id": "way/164861068", "access": null, "addr:city": null, "addr:country": null, "addr:housenumber": null, "addr:postcode": null, "addr:street": null, "alt_name": null, "amenity": "public_building", "area": null, "atm": null, "barrier": null, "branch": null, "brand": null, "brand:en": null, "brand:wikidata": null, "building": "yes", "building:architecture": null, "building:cladding": null, "building:levels": "1", "building:material": null, "check_date": null, "contact:email": null, "contact:facebook": null, "contact:instagram": null, "contact:ok": null, "contact:phone": null, "contact:twitter": null, "contact:vk": null, "contact:website": null, "contact:youtube": null, "cuisine": null, "currency:RUB": null, "denomination": null, "description": null, "emergency": null, "fast_food": null, "fee": null, "fire_station:type": null, "fixme": null, "healthcare": null, "internet_access": null, "landuse": null, "name": null, "name:en": null, "name:ru": null, "official_name": null, "opening_hours": null, "operator": null, "operator:wikidata": null, "operator:wikipedia": null, "parking": null, "payment:cards": null, "payment:contactless": null, "payment:credit_cards": null, "payment:debit_cards": null, "payment:mastercard": null, "payment:mastercard_contactless": null, "payment:mir": null, "payment:mobile_app": null, "payment:visa": null, "payment:visa_contactless": null, "payment:visa_debit": null, "phone": null, "ref": null, "religion": null, "shop": null, "sport": null, "surface": null, "telegram": null, "tourism": null, "website": null, "wheelchair": null, "backrest": null, "material": null }, "geometry": { "type": "Point", "coordinates": [ 30.214125617241699, 60.5480747 ] } },
{ "type": "Feature", "properties": { "id": "way/152221058", "@id": "way/152221058", "access": null, "addr:city": "Сосново", "addr:country": null, "addr:housenumber": "11", "addr:postcode": null, "addr:street": "улица Никитина", "alt_name": "Пожарная часть № 143 Приозерского района", "amenity": "fire_station", "area": null, "atm": null, "barrier": "fence", "branch": null, "brand": null, "brand:en": null, "brand:wikidata": null, "building": null, "building:architecture": null, "building:cladding": null, "building:levels": null, "building:material": null, "check_date": null, "contact:email": null, "contact:facebook": null, "contact:instagram": null, "contact:ok": null, "contact:phone": null, "contact:twitter": null, "contact:vk": null, "contact:website": null, "contact:youtube": null, "cuisine": null, "currency:RUB": null, "denomination": null, "description": null, "emergency": null, "fast_food": null, "fee": null, "fire_station:type": "spo", "fixme": null, "healthcare": null, "internet_access": null, "landuse": null, "name": "Пожарная часть № 143", "name:en": null, "name:ru": null, "official_name": "143-я пожарная часть отряда Государственной Противопожарной Службы Приозерского района", "opening_hours": null, "operator": "ОГПС Приозерского района", "operator:wikidata": null, "operator:wikipedia": null, "parking": null, "payment:cards": null, "payment:contactless": null, "payment:credit_cards": null, "payment:debit_cards": null, "payment:mastercard": null, "payment:mastercard_contactless": null, "payment:mir": null, "payment:mobile_app": null, "payment:visa": null, "payment:visa_contactless": null, "payment:visa_debit": null, "phone": null, "ref": "143-ПЧ", "religion": null, "shop": null, "sport": null, "surface": null, "telegram": null, "tourism": null, "website": null, "wheelchair": null, "backrest": null, "material": null }, "geometry": { "type": "Point", "coordinates": [ 30.256339204400117, 60.56774115 ] } },
{ "type": "Feature", "properties": { "id": "way/155400640", "@id": "way/155400640", "access": null, "addr:city": "Сосново", "addr:country": null, "addr:housenumber": "1", "addr:postcode": "188730", "addr:street": "Озёрная улица", "alt_name": null, "amenity": "townhall", "area": null, "atm": null, "barrier": null, "branch": null, "brand": null, "brand:en": null, "brand:wikidata": null, "building": "commercial", "building:architecture": null, "building:cladding": "brick", "building:levels": "2", "building:material": null, "check_date": null, "contact:email": null, "contact:facebook": null, "contact:instagram": null, "contact:ok": null, "contact:phone": null, "contact:twitter": null, "contact:vk": null, "contact:website": null, "contact:youtube": null, "cuisine": null, "currency:RUB": null, "denomination": null, "description": null, "emergency": null, "fast_food": null, "fee": null, "fire_station:type": null, "fixme": null, "healthcare": null, "internet_access": null, "landuse": null, "name": "Администрация", "name:en": null, "name:ru": null, "official_name": null, "opening_hours": null, "operator": null, "operator:wikidata": null, "operator:wikipedia": null, "parking": null, "payment:cards": null, "payment:contactless": null, "payment:credit_cards": null, "payment:debit_cards": null, "payment:mastercard": null, "payment:mastercard_contactless": null, "payment:mir": null, "payment:mobile_app": null, "payment:visa": null, "payment:visa_contactless": null, "payment:visa_debit": null, "phone": null, "ref": null, "religion": null, "shop": null, "sport": null, "surface": null, "telegram": null, "tourism": null, "website": null, "wheelchair": null, "backrest": null, "material": null }, "geometry": { "type": "Point", "coordinates": [ 30.253196608217618, 60.55849715 ] } },
{ "type": "Feature", "properties": { "id": "way/151380302", "@id": "way/151380302", "access": null, "addr:city": "Сосново", "addr:country": null, "addr:housenumber": "2А", "addr:postcode": "188730", "addr:street": "Мичуринская улица", "alt_name": null, "amenity": "community_centre", "area": null, "atm": null, "barrier": null, "branch": null, "brand": null, "brand:en": null, "brand:wikidata": null, "building": "yes", "building:architecture": "stalinist neoclassicism", "building:cladding": "plaster", "building:levels": "2", "building:material": null, "check_date": null, "contact:email": null, "contact:facebook": null, "contact:instagram": null, "contact:ok": null, "contact:phone": null, "contact:twitter": null, "contact:vk": null, "contact:website": null, "contact:youtube": null, "cuisine": null, "currency:RUB": null, "denomination": null, "description": null, "emergency": null, "fast_food": null, "fee": null, "fire_station:type": null, "fixme": null, "healthcare": null, "internet_access": null, "landuse": null, "name": "Сосновский дом творчества", "name:en": null, "name:ru": null, "official_name": null, "opening_hours": null, "operator": null, "operator:wikidata": null, "operator:wikipedia": null, "parking": null, "payment:cards": null, "payment:contactless": null, "payment:credit_cards": null, "payment:debit_cards": null, "payment:mastercard": null, "payment:mastercard_contactless": null, "payment:mir": null, "payment:mobile_app": null, "payment:visa": null, "payment:visa_contactless": null, "payment:visa_debit": null, "phone": null, "ref": null, "religion": null, "shop": null, "sport": null, "surface": null, "telegram": null, "tourism": null, "website": null, "wheelchair": null, "backrest": null, "material": null }, "geometry": { "type": "Point", "coordinates": [ 30.254019932425148, 60.5567135 ] } },
{ "type": "Feature", "properties": { "id": "way/151380306", "@id": "way/151380306", "access": null, "addr:city": null, "addr:country": null, "addr:housenumber": null, "addr:postcode": null, "addr:street": null, "alt_name": null, "amenity": "school", "area": null, "atm": null, "barrier": "fence", "branch": null, "brand": null, "brand:en": null, "brand:wikidata": null, "building": null, "building:architecture": null, "building:cladding": null, "building:levels": null, "building:material": null, "check_date": null, "contact:email": "sosnovo-co@yandex.ru", "contact:facebook": null, "contact:instagram": null, "contact:ok": null, "contact:phone": "+7 81379 62234;+7 81379 61026;+7 81379 61876", "contact:twitter": null, "contact:vk": null, "contact:website": "https://sosnovo-school.nubex.ru/", "contact:youtube": null, "cuisine": null, "currency:RUB": null, "denomination": null, "description": null, "emergency": null, "fast_food": null, "fee": null, "fire_station:type": null, "fixme": null, "healthcare": null, "internet_access": null, "landuse": null, "name": "Сосновский центр образования", "name:en": null, "name:ru": null, "official_name": "МОУ «Сосновский центр образования»", "opening_hours": null, "operator": null, "operator:wikidata": null, "operator:wikipedia": null, "parking": null, "payment:cards": null, "payment:contactless": null, "payment:credit_cards": null, "payment:debit_cards": null, "payment:mastercard": null, "payment:mastercard_contactless": null, "payment:mir": null, "payment:mobile_app": null, "payment:visa": null, "payment:visa_contactless": null, "payment:visa_debit": null, "phone": null, "ref": null, "religion": null, "shop": null, "sport": null, "surface": null, "telegram": null, "tourism": null, "website": null, "wheelchair": null, "backrest": null, "material": null }, "geometry": { "type": "Point", "coordinates": [ 30.248354045273945, 60.56450195 ] } },
{ "type": "Feature", "properties": { "id": "way/151380283", "@id": "way/151380283", "access": null, "addr:city": null, "addr:country": null, "addr:housenumber": null, "addr:postcode": null, "addr:street": null, "alt_name": null, "amenity": "school", "area": null, "atm": null, "barrier": null, "branch": null, "brand": null, "brand:en": null, "brand:wikidata": null, "building": null, "building:architecture": null, "building:cladding": null, "building:levels": null, "building:material": null, "check_date": null, "contact:email": null, "contact:facebook": null, "contact:instagram": null, "contact:ok": null, "contact:phone": null, "contact:twitter": null, "contact:vk": null, "contact:website": null, "contact:youtube": null, "cuisine": null, "currency:RUB": null, "denomination": null, "description": null, "emergency": null, "fast_food": null, "fee": null, "fire_station:type": null, "fixme": null, "healthcare": null, "internet_access": null, "landuse": null, "name": null, "name:en": null, "name:ru": null, "official_name": null, "opening_hours": null, "operator": null, "operator:wikidata": null, "operator:wikipedia": null, "parking": null, "payment:cards": null, "payment:contactless": null, "payment:credit_cards": null, "payment:debit_cards": null, "payment:mastercard": null, "payment:mastercard_contactless": null, "payment:mir": null, "payment:mobile_app": null, "payment:visa": null, "payment:visa_contactless": null, "payment:visa_debit": null, "phone": null, "ref": null, "religion": null, "shop": null, "sport": "soccer", "surface": null, "telegram": null, "tourism": null, "website": null, "wheelchair": null, "backrest": null, "material": null }, "geometry": { "type": "Point", "coordinates": [ 30.247227273738389, 60.56505405 ] } },
{ "type": "Feature", "properties": { "id": "way/151380293", "@id": "way/151380293", "access": null, "addr:city": "Сосново", "addr:country": null, "addr:housenumber": "3А", "addr:postcode": "188730", "addr:street": "улица Никитина", "alt_name": null, "amenity": "police", "area": null, "atm": null, "barrier": null, "branch": null, "brand": null, "brand:en": null, "brand:wikidata": null, "building": "yes", "building:architecture": null, "building:cladding": "brick", "building:levels": "2", "building:material": "brick", "check_date": null, "contact:email": null, "contact:facebook": null, "contact:instagram": null, "contact:ok": null, "contact:phone": null, "contact:twitter": null, "contact:vk": null, "contact:website": null, "contact:youtube": null, "cuisine": null, "currency:RUB": null, "denomination": null, "description": null, "emergency": null, "fast_food": null, "fee": null, "fire_station:type": null, "fixme": null, "healthcare": null, "internet_access": null, "landuse": null, "name": null, "name:en": null, "name:ru": null, "official_name": null, "opening_hours": null, "operator": null, "operator:wikidata": null, "operator:wikipedia": null, "parking": null, "payment:cards": null, "payment:contactless": null, "payment:credit_cards": null, "payment:debit_cards": null, "payment:mastercard": null, "payment:mastercard_contactless": null, "payment:mir": null, "payment:mobile_app": null, "payment:visa": null, "payment:visa_contactless": null, "payment:visa_debit": null, "phone": null, "ref": null, "religion": null, "shop": null, "sport": null, "surface": null, "telegram": null, "tourism": null, "website": null, "wheelchair": null, "backrest": null, "material": null }, "geometry": { "type": "Point", "coordinates": [ 30.253142376196049, 60.5603109 ] } },
{ "type": "Feature", "properties": { "id": "way/128077566", "@id": "way/128077566", "access": null, "addr:city": null, "addr:country": null, "addr:housenumber": null, "addr:postcode": null, "addr:street": null, "alt_name": null, "amenity": "marketplace", "area": "yes", "atm": null, "barrier": null, "branch": null, "brand": null, "brand:en": null, "brand:wikidata": null, "building": null, "building:architecture": null, "building:cladding": null, "building:levels": null, "building:material": null, "check_date": null, "contact:email": null, "contact:facebook": null, "contact:instagram": null, "contact:ok": null, "contact:phone": null, "contact:twitter": null, "contact:vk": null, "contact:website": null, "contact:youtube": null, "cuisine": null, "currency:RUB": null, "denomination": null, "description": null, "emergency": null, "fast_food": null, "fee": null, "fire_station:type": null, "fixme": null, "healthcare": null, "internet_access": null, "landuse": null, "name": "Продовольственный рынок", "name:en": null, "name:ru": null, "official_name": null, "opening_hours": null, "operator": null, "operator:wikidata": null, "operator:wikipedia": null, "parking": null, "payment:cards": null, "payment:contactless": null, "payment:credit_cards": null, "payment:debit_cards": null, "payment:mastercard": null, "payment:mastercard_contactless": null, "payment:mir": null, "payment:mobile_app": null, "payment:visa": null, "payment:visa_contactless": null, "payment:visa_debit": null, "phone": null, "ref": null, "religion": null, "shop": null, "sport": null, "surface": null, "telegram": null, "tourism": null, "website": null, "wheelchair": null, "backrest": null, "material": null }, "geometry": { "type": "Point", "coordinates": [ 30.251843537695748, 60.555709 ] } },
{ "type": "Feature", "properties": { "id": "way/205442457", "@id": "way/205442457", "access": null, "addr:city": null, "addr:country": null, "addr:housenumber": null, "addr:postcode": null, "addr:street": null, "alt_name": null, "amenity": "restaurant", "area": null, "atm": null, "barrier": null, "branch": null, "brand": null, "brand:en": null, "brand:wikidata": "yes", "building": null, "building:architecture": null, "building:cladding": null, "building:levels": null, "building:material": null, "check_date": null, "contact:email": null, "contact:facebook": null, "contact:instagram": null, "contact:ok": null, "contact:phone": null, "contact:twitter": null, "contact:vk": null, "contact:website": null, "contact:youtube": null, "cuisine": null, "currency:RUB": null, "denomination": null, "description": null, "emergency": null, "fast_food": null, "fee": null, "fire_station:type": null, "fixme": null, "healthcare": null, "internet_access": null, "landuse": null, "name": null, "name:en": null, "name:ru": null, "official_name": null, "opening_hours": null, "operator": null, "operator:wikidata": null, "operator:wikipedia": null, "parking": null, "payment:cards": null, "payment:contactless": null, "payment:credit_cards": null, "payment:debit_cards": null, "payment:mastercard": null, "payment:mastercard_contactless": null, "payment:mir": null, "payment:mobile_app": null, "payment:visa": null, "payment:visa_contactless": null, "payment:visa_debit": null, "phone": null, "ref": null, "religion": null, "shop": null, "sport": null, "surface": null, "telegram": null, "tourism": null, "website": null, "wheelchair": null, "backrest": null, "material": null }, "geometry": { "type": "Point", "coordinates": [ 30.207152503155488, 60.5149775 ] } },
{ "type": "Feature", "properties": { "id": "node/1049500570", "@id": "node/1049500570", "access": null, "addr:city": null, "addr:country": null, "addr:housenumber": null, "addr:postcode": null, "addr:street": null, "alt_name": null, "amenity": "car_wash", "area": null, "atm": null, "barrier": null, "branch": null, "brand": null, "brand:en": null, "brand:wikidata": null, "building": null, "building:architecture": null, "building:cladding": null, "building:levels": null, "building:material": null, "check_date": null, "contact:email": null, "contact:facebook": null, "contact:instagram": null, "contact:ok": null, "contact:phone": null, "contact:twitter": null, "contact:vk": null, "contact:website": null, "contact:youtube": null, "cuisine": null, "currency:RUB": null, "denomination": null, "description": null, "emergency": null, "fast_food": null, "fee": null, "fire_station:type": null, "fixme": null, "healthcare": null, "internet_access": null, "landuse": null, "name": null, "name:en": null, "name:ru": null, "official_name": null, "opening_hours": null, "operator": null, "operator:wikidata": null, "operator:wikipedia": null, "parking": null, "payment:cards": null, "payment:contactless": null, "payment:credit_cards": null, "payment:debit_cards": null, "payment:mastercard": null, "payment:mastercard_contactless": null, "payment:mir": null, "payment:mobile_app": null, "payment:visa": null, "payment:visa_contactless": null, "payment:visa_debit": null, "phone": null, "ref": null, "religion": null, "shop": null, "sport": null, "surface": null, "telegram": null, "tourism": null, "website": null, "wheelchair": null, "backrest": null, "material": null }, "geometry": { "type": "Point", "coordinates": [ 30.2045808, 60.5142727 ] } },
{ "type": "Feature", "properties": { "id": "node/1184185379", "@id": "node/1184185379", "access": null, "addr:city": null, "addr:country": null, "addr:housenumber": null, "addr:postcode": null, "addr:street": null, "alt_name": null, "amenity": "place_of_worship", "area": null, "atm": null, "barrier": null, "branch": null, "brand": null, "brand:en": null, "brand:wikidata": null, "building": null, "building:architecture": null, "building:cladding": null, "building:levels": null, "building:material": null, "check_date": null, "contact:email": null, "contact:facebook": null, "contact:instagram": null, "contact:ok": null, "contact:phone": null, "contact:twitter": null, "contact:vk": null, "contact:website": null, "contact:youtube": null, "cuisine": null, "currency:RUB": null, "denomination": "orthodox", "description": null, "emergency": null, "fast_food": null, "fee": null, "fire_station:type": null, "fixme": null, "healthcare": null, "internet_access": null, "landuse": null, "name": "Церковь Всех Русских Святых", "name:en": null, "name:ru": null, "official_name": null, "opening_hours": null, "operator": null, "operator:wikidata": null, "operator:wikipedia": null, "parking": null, "payment:cards": null, "payment:contactless": null, "payment:credit_cards": null, "payment:debit_cards": null, "payment:mastercard": null, "payment:mastercard_contactless": null, "payment:mir": null, "payment:mobile_app": null, "payment:visa": null, "payment:visa_contactless": null, "payment:visa_debit": null, "phone": null, "ref": null, "religion": "christian", "shop": null, "sport": null, "surface": null, "telegram": null, "tourism": "attraction", "website": null, "wheelchair": null, "backrest": null, "material": null }, "geometry": { "type": "Point", "coordinates": [ 30.230139, 60.542306 ] } },
{ "type": "Feature", "properties": { "id": "way/507232844", "@id": "way/507232844", "access": null, "addr:city": null, "addr:country": null, "addr:housenumber": null, "addr:postcode": null, "addr:street": null, "alt_name": null, "amenity": "cafe", "area": null, "atm": null, "barrier": null, "branch": null, "brand": null, "brand:en": null, "brand:wikidata": "yes", "building": null, "building:architecture": null, "building:cladding": null, "building:levels": null, "building:material": null, "check_date": null, "contact:email": null, "contact:facebook": null, "contact:instagram": null, "contact:ok": null, "contact:phone": null, "contact:twitter": null, "contact:vk": null, "contact:website": null, "contact:youtube": null, "cuisine": null, "currency:RUB": null, "denomination": null, "description": null, "emergency": null, "fast_food": null, "fee": null, "fire_station:type": null, "fixme": null, "healthcare": null, "internet_access": null, "landuse": null, "name": null, "name:en": null, "name:ru": null, "official_name": null, "opening_hours": null, "operator": null, "operator:wikidata": null, "operator:wikipedia": null, "parking": null, "payment:cards": null, "payment:contactless": null, "payment:credit_cards": null, "payment:debit_cards": null, "payment:mastercard": null, "payment:mastercard_contactless": null, "payment:mir": null, "payment:mobile_app": null, "payment:visa": null, "payment:visa_contactless": null, "payment:visa_debit": null, "phone": null, "ref": null, "religion": null, "shop": null, "sport": null, "surface": null, "telegram": null, "tourism": null, "website": null, "wheelchair": null, "backrest": null, "material": null }, "geometry": { "type": "Point", "coordinates": [ 30.221815865088899, 60.51637 ] } },
{ "type": "Feature", "properties": { "id": "way/205442456", "@id": "way/205442456", "access": null, "addr:city": null, "addr:country": null, "addr:housenumber": null, "addr:postcode": null, "addr:street": null, "alt_name": null, "amenity": "restaurant", "area": null, "atm": null, "barrier": null, "branch": null, "brand": null, "brand:en": null, "brand:wikidata": "yes", "building": null, "building:architecture": null, "building:cladding": null, "building:levels": null, "building:material": null, "check_date": null, "contact:email": null, "contact:facebook": null, "contact:instagram": null, "contact:ok": null, "contact:phone": null, "contact:twitter": null, "contact:vk": null, "contact:website": null, "contact:youtube": null, "cuisine": null, "currency:RUB": null, "denomination": null, "description": null, "emergency": null, "fast_food": null, "fee": null, "fire_station:type": null, "fixme": null, "healthcare": null, "internet_access": null, "landuse": null, "name": null, "name:en": null, "name:ru": null, "official_name": null, "opening_hours": null, "operator": null, "operator:wikidata": null, "operator:wikipedia": null, "parking": null, "payment:cards": null, "payment:contactless": null, "payment:credit_cards": null, "payment:debit_cards": null, "payment:mastercard": null, "payment:mastercard_contactless": null, "payment:mir": null, "payment:mobile_app": null, "payment:visa": null, "payment:visa_contactless": null, "payment:visa_debit": null, "phone": null, "ref": null, "religion": null, "shop": null, "sport": null, "surface": null, "telegram": null, "tourism": null, "website": null, "wheelchair": null, "backrest": null, "material": null }, "geometry": { "type": "Point", "coordinates": [ 30.212365650174075, 60.51578085 ] } },
{ "type": "Feature", "properties": { "id": "node/2811705001", "@id": "node/2811705001", "access": null, "addr:city": null, "addr:country": null, "addr:housenumber": null, "addr:postcode": null, "addr:street": null, "alt_name": null, "amenity": "cafe", "area": null, "atm": null, "barrier": null, "branch": null, "brand": null, "brand:en": null, "brand:wikidata": null, "building": null, "building:architecture": null, "building:cladding": null, "building:levels": null, "building:material": null, "check_date": null, "contact:email": null, "contact:facebook": null, "contact:instagram": null, "contact:ok": null, "contact:phone": null, "contact:twitter": null, "contact:vk": null, "contact:website": null, "contact:youtube": null, "cuisine": null, "currency:RUB": null, "denomination": null, "description": null, "emergency": null, "fast_food": null, "fee": null, "fire_station:type": null, "fixme": "opening hours", "healthcare": null, "internet_access": null, "landuse": null, "name": "Скай-бар", "name:en": null, "name:ru": null, "official_name": null, "opening_hours": "Dec-Apr unknown", "operator": null, "operator:wikidata": null, "operator:wikipedia": null, "parking": null, "payment:cards": null, "payment:contactless": null, "payment:credit_cards": null, "payment:debit_cards": null, "payment:mastercard": null, "payment:mastercard_contactless": null, "payment:mir": null, "payment:mobile_app": null, "payment:visa": null, "payment:visa_contactless": null, "payment:visa_debit": null, "phone": null, "ref": null, "religion": null, "shop": null, "sport": null, "surface": null, "telegram": null, "tourism": null, "website": null, "wheelchair": null, "backrest": null, "material": null }, "geometry": { "type": "Point", "coordinates": [ 30.212102, 60.5152731 ] } },
{ "type": "Feature", "properties": { "id": "node/4285100227", "@id": "node/4285100227", "access": null, "addr:city": null, "addr:country": null, "addr:housenumber": null, "addr:postcode": null, "addr:street": null, "alt_name": null, "amenity": "police", "area": null, "atm": null, "barrier": null, "branch": null, "brand": null, "brand:en": null, "brand:wikidata": null, "building": null, "building:architecture": null, "building:cladding": null, "building:levels": null, "building:material": null, "check_date": null, "contact:email": null, "contact:facebook": null, "contact:instagram": null, "contact:ok": null, "contact:phone": null, "contact:twitter": null, "contact:vk": null, "contact:website": null, "contact:youtube": null, "cuisine": null, "currency:RUB": null, "denomination": null, "description": null, "emergency": null, "fast_food": null, "fee": null, "fire_station:type": null, "fixme": null, "healthcare": null, "internet_access": null, "landuse": null, "name": "Пункт охраны Дельта", "name:en": "Delta security", "name:ru": null, "official_name": null, "opening_hours": null, "operator": null, "operator:wikidata": null, "operator:wikipedia": null, "parking": null, "payment:cards": null, "payment:contactless": null, "payment:credit_cards": null, "payment:debit_cards": null, "payment:mastercard": null, "payment:mastercard_contactless": null, "payment:mir": null, "payment:mobile_app": null, "payment:visa": null, "payment:visa_contactless": null, "payment:visa_debit": null, "phone": null, "ref": null, "religion": null, "shop": null, "sport": null, "surface": null, "telegram": null, "tourism": null, "website": null, "wheelchair": null, "backrest": null, "material": null }, "geometry": { "type": "Point", "coordinates": [ 30.1940361, 60.5454709 ] } },
{ "type": "Feature", "properties": { "id": "node/4967799583", "@id": "node/4967799583", "access": null, "addr:city": null, "addr:country": null, "addr:housenumber": null, "addr:postcode": null, "addr:street": null, "alt_name": null, "amenity": "shelter", "area": null, "atm": null, "barrier": null, "branch": null, "brand": null, "brand:en": null, "brand:wikidata": null, "building": null, "building:architecture": null, "building:cladding": null, "building:levels": null, "building:material": null, "check_date": null, "contact:email": null, "contact:facebook": null, "contact:instagram": null, "contact:ok": null, "contact:phone": null, "contact:twitter": null, "contact:vk": null, "contact:website": null, "contact:youtube": null, "cuisine": null, "currency:RUB": null, "denomination": null, "description": null, "emergency": null, "fast_food": null, "fee": null, "fire_station:type": null, "fixme": null, "healthcare": null, "internet_access": null, "landuse": null, "name": null, "name:en": null, "name:ru": null, "official_name": null, "opening_hours": null, "operator": null, "operator:wikidata": null, "operator:wikipedia": null, "parking": null, "payment:cards": null, "payment:contactless": null, "payment:credit_cards": null, "payment:debit_cards": null, "payment:mastercard": null, "payment:mastercard_contactless": null, "payment:mir": null, "payment:mobile_app": null, "payment:visa": null, "payment:visa_contactless": null, "payment:visa_debit": null, "phone": null, "ref": null, "religion": null, "shop": null, "sport": null, "surface": null, "telegram": null, "tourism": null, "website": null, "wheelchair": null, "backrest": null, "material": null }, "geometry": { "type": "Point", "coordinates": [ 30.2261674, 60.516075 ] } },
{ "type": "Feature", "properties": { "id": "node/4967799584", "@id": "node/4967799584", "access": null, "addr:city": null, "addr:country": null, "addr:housenumber": null, "addr:postcode": null, "addr:street": null, "alt_name": null, "amenity": "shelter", "area": null, "atm": null, "barrier": null, "branch": null, "brand": null, "brand:en": null, "brand:wikidata": null, "building": null, "building:architecture": null, "building:cladding": null, "building:levels": null, "building:material": null, "check_date": null, "contact:email": null, "contact:facebook": null, "contact:instagram": null, "contact:ok": null, "contact:phone": null, "contact:twitter": null, "contact:vk": null, "contact:website": null, "contact:youtube": null, "cuisine": null, "currency:RUB": null, "denomination": null, "description": null, "emergency": null, "fast_food": null, "fee": null, "fire_station:type": null, "fixme": null, "healthcare": null, "internet_access": null, "landuse": null, "name": null, "name:en": null, "name:ru": null, "official_name": null, "opening_hours": null, "operator": null, "operator:wikidata": null, "operator:wikipedia": null, "parking": null, "payment:cards": null, "payment:contactless": null, "payment:credit_cards": null, "payment:debit_cards": null, "payment:mastercard": null, "payment:mastercard_contactless": null, "payment:mir": null, "payment:mobile_app": null, "payment:visa": null, "payment:visa_contactless": null, "payment:visa_debit": null, "phone": null, "ref": null, "religion": null, "shop": null, "sport": null, "surface": null, "telegram": null, "tourism": null, "website": null, "wheelchair": null, "backrest": null, "material": null }, "geometry": { "type": "Point", "coordinates": [ 30.227015, 60.5165264 ] } },
{ "type": "Feature", "properties": { "id": "node/4967799585", "@id": "node/4967799585", "access": null, "addr:city": null, "addr:country": null, "addr:housenumber": null, "addr:postcode": null, "addr:street": null, "alt_name": null, "amenity": "shelter", "area": null, "atm": null, "barrier": null, "branch": null, "brand": null, "brand:en": null, "brand:wikidata": null, "building": null, "building:architecture": null, "building:cladding": null, "building:levels": null, "building:material": null, "check_date": null, "contact:email": null, "contact:facebook": null, "contact:instagram": null, "contact:ok": null, "contact:phone": null, "contact:twitter": null, "contact:vk": null, "contact:website": null, "contact:youtube": null, "cuisine": null, "currency:RUB": null, "denomination": null, "description": null, "emergency": null, "fast_food": null, "fee": null, "fire_station:type": null, "fixme": null, "healthcare": null, "internet_access": null, "landuse": null, "name": null, "name:en": null, "name:ru": null, "official_name": null, "opening_hours": null, "operator": null, "operator:wikidata": null, "operator:wikipedia": null, "parking": null, "payment:cards": null, "payment:contactless": null, "payment:credit_cards": null, "payment:debit_cards": null, "payment:mastercard": null, "payment:mastercard_contactless": null, "payment:mir": null, "payment:mobile_app": null, "payment:visa": null, "payment:visa_contactless": null, "payment:visa_debit": null, "phone": null, "ref": null, "religion": null, "shop": null, "sport": null, "surface": null, "telegram": null, "tourism": null, "website": null, "wheelchair": null, "backrest": null, "material": null }, "geometry": { "type": "Point", "coordinates": [ 30.223315, 60.516007 ] } },
{ "type": "Feature", "properties": { "id": "node/4967799586", "@id": "node/4967799586", "access": null, "addr:city": null, "addr:country": null, "addr:housenumber": null, "addr:postcode": null, "addr:street": null, "alt_name": null, "amenity": "shelter", "area": null, "atm": null, "barrier": null, "branch": null, "brand": null, "brand:en": null, "brand:wikidata": null, "building": null, "building:architecture": null, "building:cladding": null, "building:levels": null, "building:material": null, "check_date": null, "contact:email": null, "contact:facebook": null, "contact:instagram": null, "contact:ok": null, "contact:phone": null, "contact:twitter": null, "contact:vk": null, "contact:website": null, "contact:youtube": null, "cuisine": null, "currency:RUB": null, "denomination": null, "description": null, "emergency": null, "fast_food": null, "fee": null, "fire_station:type": null, "fixme": null, "healthcare": null, "internet_access": null, "landuse": null, "name": null, "name:en": null, "name:ru": null, "official_name": null, "opening_hours": null, "operator": null, "operator:wikidata": null, "operator:wikipedia": null, "parking": null, "payment:cards": null, "payment:contactless": null, "payment:credit_cards": null, "payment:debit_cards": null, "payment:mastercard": null, "payment:mastercard_contactless": null, "payment:mir": null, "payment:mobile_app": null, "payment:visa": null, "payment:visa_contactless": null, "payment:visa_debit": null, "phone": null, "ref": null, "religion": null, "shop": null, "sport": null, "surface": null, "telegram": null, "tourism": null, "website": null, "wheelchair": null, "backrest": null, "material": null }, "geometry": { "type": "Point", "coordinates": [ 30.2232411, 60.5159964 ] } },
{ "type": "Feature", "properties": { "id": "node/4967799587", "@id": "node/4967799587", "access": null, "addr:city": null, "addr:country": null, "addr:housenumber": null, "addr:postcode": null, "addr:street": null, "alt_name": null, "amenity": "shelter", "area": null, "atm": null, "barrier": null, "branch": null, "brand": null, "brand:en": null, "brand:wikidata": null, "building": null, "building:architecture": null, "building:cladding": null, "building:levels": null, "building:material": null, "check_date": null, "contact:email": null, "contact:facebook": null, "contact:instagram": null, "contact:ok": null, "contact:phone": null, "contact:twitter": null, "contact:vk": null, "contact:website": null, "contact:youtube": null, "cuisine": null, "currency:RUB": null, "denomination": null, "description": null, "emergency": null, "fast_food": null, "fee": null, "fire_station:type": null, "fixme": null, "healthcare": null, "internet_access": null, "landuse": null, "name": null, "name:en": null, "name:ru": null, "official_name": null, "opening_hours": null, "operator": null, "operator:wikidata": null, "operator:wikipedia": null, "parking": null, "payment:cards": null, "payment:contactless": null, "payment:credit_cards": null, "payment:debit_cards": null, "payment:mastercard": null, "payment:mastercard_contactless": null, "payment:mir": null, "payment:mobile_app": null, "payment:visa": null, "payment:visa_contactless": null, "payment:visa_debit": null, "phone": null, "ref": null, "religion": null, "shop": null, "sport": null, "surface": null, "telegram": null, "tourism": null, "website": null, "wheelchair": null, "backrest": null, "material": null }, "geometry": { "type": "Point", "coordinates": [ 30.2231526, 60.516005 ] } },
{ "type": "Feature", "properties": { "id": "node/4967799588", "@id": "node/4967799588", "access": null, "addr:city": null, "addr:country": null, "addr:housenumber": null, "addr:postcode": null, "addr:street": null, "alt_name": null, "amenity": "shelter", "area": null, "atm": null, "barrier": null, "branch": null, "brand": null, "brand:en": null, "brand:wikidata": null, "building": null, "building:architecture": null, "building:cladding": null, "building:levels": null, "building:material": null, "check_date": null, "contact:email": null, "contact:facebook": null, "contact:instagram": null, "contact:ok": null, "contact:phone": null, "contact:twitter": null, "contact:vk": null, "contact:website": null, "contact:youtube": null, "cuisine": null, "currency:RUB": null, "denomination": null, "description": null, "emergency": null, "fast_food": null, "fee": null, "fire_station:type": null, "fixme": null, "healthcare": null, "internet_access": null, "landuse": null, "name": null, "name:en": null, "name:ru": null, "official_name": null, "opening_hours": null, "operator": null, "operator:wikidata": null, "operator:wikipedia": null, "parking": null, "payment:cards": null, "payment:contactless": null, "payment:credit_cards": null, "payment:debit_cards": null, "payment:mastercard": null, "payment:mastercard_contactless": null, "payment:mir": null, "payment:mobile_app": null, "payment:visa": null, "payment:visa_contactless": null, "payment:visa_debit": null, "phone": null, "ref": null, "religion": null, "shop": null, "sport": null, "surface": null, "telegram": null, "tourism": null, "website": null, "wheelchair": null, "backrest": null, "material": null }, "geometry": { "type": "Point", "coordinates": [ 30.2230869, 60.5160169 ] } },
{ "type": "Feature", "properties": { "id": "node/4967800149", "@id": "node/4967800149", "access": null, "addr:city": null, "addr:country": null, "addr:housenumber": null, "addr:postcode": null, "addr:street": null, "alt_name": null, "amenity": "restaurant", "area": null, "atm": null, "barrier": null, "branch": null, "brand": null, "brand:en": null, "brand:wikidata": null, "building": null, "building:architecture": null, "building:cladding": null, "building:levels": null, "building:material": null, "check_date": null, "contact:email": null, "contact:facebook": null, "contact:instagram": null, "contact:ok": null, "contact:phone": null, "contact:twitter": null, "contact:vk": null, "contact:website": null, "contact:youtube": null, "cuisine": null, "currency:RUB": null, "denomination": null, "description": null, "emergency": null, "fast_food": null, "fee": null, "fire_station:type": null, "fixme": null, "healthcare": null, "internet_access": null, "landuse": null, "name": "Панорамный", "name:en": null, "name:ru": null, "official_name": null, "opening_hours": null, "operator": null, "operator:wikidata": null, "operator:wikipedia": null, "parking": null, "payment:cards": null, "payment:contactless": null, "payment:credit_cards": null, "payment:debit_cards": null, "payment:mastercard": null, "payment:mastercard_contactless": null, "payment:mir": null, "payment:mobile_app": null, "payment:visa": null, "payment:visa_contactless": null, "payment:visa_debit": null, "phone": null, "ref": null, "religion": null, "shop": null, "sport": null, "surface": null, "telegram": null, "tourism": null, "website": null, "wheelchair": null, "backrest": null, "material": null }, "geometry": { "type": "Point", "coordinates": [ 30.2099347, 60.5129963 ] } },
{ "type": "Feature", "properties": { "id": "node/4967800150", "@id": "node/4967800150", "access": null, "addr:city": null, "addr:country": null, "addr:housenumber": null, "addr:postcode": null, "addr:street": null, "alt_name": null, "amenity": "cinema", "area": null, "atm": null, "barrier": null, "branch": null, "brand": null, "brand:en": null, "brand:wikidata": null, "building": null, "building:architecture": null, "building:cladding": null, "building:levels": null, "building:material": null, "check_date": null, "contact:email": null, "contact:facebook": null, "contact:instagram": null, "contact:ok": null, "contact:phone": null, "contact:twitter": null, "contact:vk": null, "contact:website": null, "contact:youtube": null, "cuisine": null, "currency:RUB": null, "denomination": null, "description": null, "emergency": null, "fast_food": null, "fee": null, "fire_station:type": null, "fixme": null, "healthcare": null, "internet_access": null, "landuse": null, "name": null, "name:en": null, "name:ru": null, "official_name": null, "opening_hours": null, "operator": null, "operator:wikidata": null, "operator:wikipedia": null, "parking": null, "payment:cards": null, "payment:contactless": null, "payment:credit_cards": null, "payment:debit_cards": null, "payment:mastercard": null, "payment:mastercard_contactless": null, "payment:mir": null, "payment:mobile_app": null, "payment:visa": null, "payment:visa_contactless": null, "payment:visa_debit": null, "phone": null, "ref": null, "religion": null, "shop": null, "sport": null, "surface": null, "telegram": null, "tourism": null, "website": null, "wheelchair": null, "backrest": null, "material": null }, "geometry": { "type": "Point", "coordinates": [ 30.2096128, 60.5131996 ] } },
{ "type": "Feature", "properties": { "id": "node/4967801127", "@id": "node/4967801127", "access": null, "addr:city": null, "addr:country": null, "addr:housenumber": null, "addr:postcode": null, "addr:street": null, "alt_name": null, "amenity": "shelter", "area": null, "atm": null, "barrier": null, "branch": null, "brand": null, "brand:en": null, "brand:wikidata": null, "building": null, "building:architecture": null, "building:cladding": null, "building:levels": null, "building:material": null, "check_date": null, "contact:email": null, "contact:facebook": null, "contact:instagram": null, "contact:ok": null, "contact:phone": null, "contact:twitter": null, "contact:vk": null, "contact:website": null, "contact:youtube": null, "cuisine": null, "currency:RUB": null, "denomination": null, "description": null, "emergency": null, "fast_food": null, "fee": null, "fire_station:type": null, "fixme": null, "healthcare": null, "internet_access": null, "landuse": null, "name": null, "name:en": null, "name:ru": null, "official_name": null, "opening_hours": null, "operator": null, "operator:wikidata": null, "operator:wikipedia": null, "parking": null, "payment:cards": null, "payment:contactless": null, "payment:credit_cards": null, "payment:debit_cards": null, "payment:mastercard": null, "payment:mastercard_contactless": null, "payment:mir": null, "payment:mobile_app": null, "payment:visa": null, "payment:visa_contactless": null, "payment:visa_debit": null, "phone": null, "ref": null, "religion": null, "shop": null, "sport": null, "surface": null, "telegram": null, "tourism": null, "website": null, "wheelchair": null, "backrest": null, "material": null }, "geometry": { "type": "Point", "coordinates": [ 30.2258389, 60.5158611 ] } },
{ "type": "Feature", "properties": { "id": "node/4967801128", "@id": "node/4967801128", "access": null, "addr:city": null, "addr:country": null, "addr:housenumber": null, "addr:postcode": null, "addr:street": null, "alt_name": null, "amenity": "shelter", "area": null, "atm": null, "barrier": null, "branch": null, "brand": null, "brand:en": null, "brand:wikidata": null, "building": null, "building:architecture": null, "building:cladding": null, "building:levels": null, "building:material": null, "check_date": null, "contact:email": null, "contact:facebook": null, "contact:instagram": null, "contact:ok": null, "contact:phone": null, "contact:twitter": null, "contact:vk": null, "contact:website": null, "contact:youtube": null, "cuisine": null, "currency:RUB": null, "denomination": null, "description": null, "emergency": null, "fast_food": null, "fee": null, "fire_station:type": null, "fixme": null, "healthcare": null, "internet_access": null, "landuse": null, "name": null, "name:en": null, "name:ru": null, "official_name": null, "opening_hours": null, "operator": null, "operator:wikidata": null, "operator:wikipedia": null, "parking": null, "payment:cards": null, "payment:contactless": null, "payment:credit_cards": null, "payment:debit_cards": null, "payment:mastercard": null, "payment:mastercard_contactless": null, "payment:mir": null, "payment:mobile_app": null, "payment:visa": null, "payment:visa_contactless": null, "payment:visa_debit": null, "phone": null, "ref": null, "religion": null, "shop": null, "sport": null, "surface": null, "telegram": null, "tourism": null, "website": null, "wheelchair": null, "backrest": null, "material": null }, "geometry": { "type": "Point", "coordinates": [ 30.2238844, 60.5157691 ] } },
{ "type": "Feature", "properties": { "id": "node/4967801129", "@id": "node/4967801129", "access": null, "addr:city": null, "addr:country": null, "addr:housenumber": null, "addr:postcode": null, "addr:street": null, "alt_name": null, "amenity": "shelter", "area": null, "atm": null, "barrier": null, "branch": null, "brand": null, "brand:en": null, "brand:wikidata": null, "building": null, "building:architecture": null, "building:cladding": null, "building:levels": null, "building:material": null, "check_date": null, "contact:email": null, "contact:facebook": null, "contact:instagram": null, "contact:ok": null, "contact:phone": null, "contact:twitter": null, "contact:vk": null, "contact:website": null, "contact:youtube": null, "cuisine": null, "currency:RUB": null, "denomination": null, "description": null, "emergency": null, "fast_food": null, "fee": null, "fire_station:type": null, "fixme": null, "healthcare": null, "internet_access": null, "landuse": null, "name": null, "name:en": null, "name:ru": null, "official_name": null, "opening_hours": null, "operator": null, "operator:wikidata": null, "operator:wikipedia": null, "parking": null, "payment:cards": null, "payment:contactless": null, "payment:credit_cards": null, "payment:debit_cards": null, "payment:mastercard": null, "payment:mastercard_contactless": null, "payment:mir": null, "payment:mobile_app": null, "payment:visa": null, "payment:visa_contactless": null, "payment:visa_debit": null, "phone": null, "ref": null, "religion": null, "shop": null, "sport": null, "surface": null, "telegram": null, "tourism": null, "website": null, "wheelchair": null, "backrest": null, "material": null }, "geometry": { "type": "Point", "coordinates": [ 30.2242926, 60.5157027 ] } },
{ "type": "Feature", "properties": { "id": "node/6357590943", "@id": "node/6357590943", "access": null, "addr:city": null, "addr:country": null, "addr:housenumber": null, "addr:postcode": null, "addr:street": null, "alt_name": null, "amenity": "shelter", "area": null, "atm": null, "barrier": null, "branch": null, "brand": null, "brand:en": null, "brand:wikidata": null, "building": null, "building:architecture": null, "building:cladding": null, "building:levels": null, "building:material": null, "check_date": null, "contact:email": null, "contact:facebook": null, "contact:instagram": null, "contact:ok": null, "contact:phone": null, "contact:twitter": null, "contact:vk": null, "contact:website": null, "contact:youtube": null, "cuisine": null, "currency:RUB": null, "denomination": null, "description": null, "emergency": null, "fast_food": null, "fee": null, "fire_station:type": null, "fixme": null, "healthcare": null, "internet_access": null, "landuse": null, "name": null, "name:en": null, "name:ru": null, "official_name": null, "opening_hours": null, "operator": null, "operator:wikidata": null, "operator:wikipedia": null, "parking": null, "payment:cards": null, "payment:contactless": null, "payment:credit_cards": null, "payment:debit_cards": null, "payment:mastercard": null, "payment:mastercard_contactless": null, "payment:mir": null, "payment:mobile_app": null, "payment:visa": null, "payment:visa_contactless": null, "payment:visa_debit": null, "phone": null, "ref": null, "religion": null, "shop": null, "sport": null, "surface": null, "telegram": null, "tourism": null, "website": null, "wheelchair": null, "backrest": null, "material": null }, "geometry": { "type": "Point", "coordinates": [ 30.204832, 60.5139714 ] } },
{ "type": "Feature", "properties": { "id": "node/6365413831", "@id": "node/6365413831", "access": null, "addr:city": null, "addr:country": null, "addr:housenumber": null, "addr:postcode": null, "addr:street": null, "alt_name": null, "amenity": "table", "area": null, "atm": null, "barrier": null, "branch": null, "brand": null, "brand:en": null, "brand:wikidata": null, "building": null, "building:architecture": null, "building:cladding": null, "building:levels": null, "building:material": null, "check_date": null, "contact:email": null, "contact:facebook": null, "contact:instagram": null, "contact:ok": null, "contact:phone": null, "contact:twitter": null, "contact:vk": null, "contact:website": null, "contact:youtube": null, "cuisine": null, "currency:RUB": null, "denomination": null, "description": null, "emergency": null, "fast_food": null, "fee": null, "fire_station:type": null, "fixme": null, "healthcare": null, "internet_access": null, "landuse": null, "name": null, "name:en": null, "name:ru": null, "official_name": null, "opening_hours": null, "operator": null, "operator:wikidata": null, "operator:wikipedia": null, "parking": null, "payment:cards": null, "payment:contactless": null, "payment:credit_cards": null, "payment:debit_cards": null, "payment:mastercard": null, "payment:mastercard_contactless": null, "payment:mir": null, "payment:mobile_app": null, "payment:visa": null, "payment:visa_contactless": null, "payment:visa_debit": null, "phone": null, "ref": null, "religion": null, "shop": null, "sport": null, "surface": null, "telegram": null, "tourism": null, "website": null, "wheelchair": null, "backrest": null, "material": null }, "geometry": { "type": "Point", "coordinates": [ 30.2128502, 60.5156801 ] } },
{ "type": "Feature", "properties": { "id": "node/6365413832", "@id": "node/6365413832", "access": null, "addr:city": null, "addr:country": null, "addr:housenumber": null, "addr:postcode": null, "addr:street": null, "alt_name": null, "amenity": "table", "area": null, "atm": null, "barrier": null, "branch": null, "brand": null, "brand:en": null, "brand:wikidata": null, "building": null, "building:architecture": null, "building:cladding": null, "building:levels": null, "building:material": null, "check_date": null, "contact:email": null, "contact:facebook": null, "contact:instagram": null, "contact:ok": null, "contact:phone": null, "contact:twitter": null, "contact:vk": null, "contact:website": null, "contact:youtube": null, "cuisine": null, "currency:RUB": null, "denomination": null, "description": null, "emergency": null, "fast_food": null, "fee": null, "fire_station:type": null, "fixme": null, "healthcare": null, "internet_access": null, "landuse": null, "name": null, "name:en": null, "name:ru": null, "official_name": null, "opening_hours": null, "operator": null, "operator:wikidata": null, "operator:wikipedia": null, "parking": null, "payment:cards": null, "payment:contactless": null, "payment:credit_cards": null, "payment:debit_cards": null, "payment:mastercard": null, "payment:mastercard_contactless": null, "payment:mir": null, "payment:mobile_app": null, "payment:visa": null, "payment:visa_contactless": null, "payment:visa_debit": null, "phone": null, "ref": null, "religion": null, "shop": null, "sport": null, "surface": null, "telegram": null, "tourism": null, "website": null, "wheelchair": null, "backrest": null, "material": null }, "geometry": { "type": "Point", "coordinates": [ 30.2129118, 60.5157418 ] } },
{ "type": "Feature", "properties": { "id": "node/6365413833", "@id": "node/6365413833", "access": null, "addr:city": null, "addr:country": null, "addr:housenumber": null, "addr:postcode": null, "addr:street": null, "alt_name": null, "amenity": "table", "area": null, "atm": null, "barrier": null, "branch": null, "brand": null, "brand:en": null, "brand:wikidata": null, "building": null, "building:architecture": null, "building:cladding": null, "building:levels": null, "building:material": null, "check_date": null, "contact:email": null, "contact:facebook": null, "contact:instagram": null, "contact:ok": null, "contact:phone": null, "contact:twitter": null, "contact:vk": null, "contact:website": null, "contact:youtube": null, "cuisine": null, "currency:RUB": null, "denomination": null, "description": null, "emergency": null, "fast_food": null, "fee": null, "fire_station:type": null, "fixme": null, "healthcare": null, "internet_access": null, "landuse": null, "name": null, "name:en": null, "name:ru": null, "official_name": null, "opening_hours": null, "operator": null, "operator:wikidata": null, "operator:wikipedia": null, "parking": null, "payment:cards": null, "payment:contactless": null, "payment:credit_cards": null, "payment:debit_cards": null, "payment:mastercard": null, "payment:mastercard_contactless": null, "payment:mir": null, "payment:mobile_app": null, "payment:visa": null, "payment:visa_contactless": null, "payment:visa_debit": null, "phone": null, "ref": null, "religion": null, "shop": null, "sport": null, "surface": null, "telegram": null, "tourism": null, "website": null, "wheelchair": null, "backrest": null, "material": null }, "geometry": { "type": "Point", "coordinates": [ 30.2129785, 60.5158276 ] } },
{ "type": "Feature", "properties": { "id": "node/6365413834", "@id": "node/6365413834", "access": null, "addr:city": null, "addr:country": null, "addr:housenumber": null, "addr:postcode": null, "addr:street": null, "alt_name": null, "amenity": "table", "area": null, "atm": null, "barrier": null, "branch": null, "brand": null, "brand:en": null, "brand:wikidata": null, "building": null, "building:architecture": null, "building:cladding": null, "building:levels": null, "building:material": null, "check_date": null, "contact:email": null, "contact:facebook": null, "contact:instagram": null, "contact:ok": null, "contact:phone": null, "contact:twitter": null, "contact:vk": null, "contact:website": null, "contact:youtube": null, "cuisine": null, "currency:RUB": null, "denomination": null, "description": null, "emergency": null, "fast_food": null, "fee": null, "fire_station:type": null, "fixme": null, "healthcare": null, "internet_access": null, "landuse": null, "name": null, "name:en": null, "name:ru": null, "official_name": null, "opening_hours": null, "operator": null, "operator:wikidata": null, "operator:wikipedia": null, "parking": null, "payment:cards": null, "payment:contactless": null, "payment:credit_cards": null, "payment:debit_cards": null, "payment:mastercard": null, "payment:mastercard_contactless": null, "payment:mir": null, "payment:mobile_app": null, "payment:visa": null, "payment:visa_contactless": null, "payment:visa_debit": null, "phone": null, "ref": null, "religion": null, "shop": null, "sport": null, "surface": null, "telegram": null, "tourism": null, "website": null, "wheelchair": null, "backrest": null, "material": null }, "geometry": { "type": "Point", "coordinates": [ 30.2129046, 60.5159325 ] } },
{ "type": "Feature", "properties": { "id": "node/6365413835", "@id": "node/6365413835", "access": null, "addr:city": null, "addr:country": null, "addr:housenumber": null, "addr:postcode": null, "addr:street": null, "alt_name": null, "amenity": "table", "area": null, "atm": null, "barrier": null, "branch": null, "brand": null, "brand:en": null, "brand:wikidata": null, "building": null, "building:architecture": null, "building:cladding": null, "building:levels": null, "building:material": null, "check_date": null, "contact:email": null, "contact:facebook": null, "contact:instagram": null, "contact:ok": null, "contact:phone": null, "contact:twitter": null, "contact:vk": null, "contact:website": null, "contact:youtube": null, "cuisine": null, "currency:RUB": null, "denomination": null, "description": null, "emergency": null, "fast_food": null, "fee": null, "fire_station:type": null, "fixme": null, "healthcare": null, "internet_access": null, "landuse": null, "name": null, "name:en": null, "name:ru": null, "official_name": null, "opening_hours": null, "operator": null, "operator:wikidata": null, "operator:wikipedia": null, "parking": null, "payment:cards": null, "payment:contactless": null, "payment:credit_cards": null, "payment:debit_cards": null, "payment:mastercard": null, "payment:mastercard_contactless": null, "payment:mir": null, "payment:mobile_app": null, "payment:visa": null, "payment:visa_contactless": null, "payment:visa_debit": null, "phone": null, "ref": null, "religion": null, "shop": null, "sport": null, "surface": null, "telegram": null, "tourism": null, "website": null, "wheelchair": null, "backrest": null, "material": null }, "geometry": { "type": "Point", "coordinates": [ 30.2128245, 60.5159844 ] } },
{ "type": "Feature", "properties": { "id": "node/6365413836", "@id": "node/6365413836", "access": null, "addr:city": null, "addr:country": null, "addr:housenumber": null, "addr:postcode": null, "addr:street": null, "alt_name": null, "amenity": "table", "area": null, "atm": null, "barrier": null, "branch": null, "brand": null, "brand:en": null, "brand:wikidata": null, "building": null, "building:architecture": null, "building:cladding": null, "building:levels": null, "building:material": null, "check_date": null, "contact:email": null, "contact:facebook": null, "contact:instagram": null, "contact:ok": null, "contact:phone": null, "contact:twitter": null, "contact:vk": null, "contact:website": null, "contact:youtube": null, "cuisine": null, "currency:RUB": null, "denomination": null, "description": null, "emergency": null, "fast_food": null, "fee": null, "fire_station:type": null, "fixme": null, "healthcare": null, "internet_access": null, "landuse": null, "name": null, "name:en": null, "name:ru": null, "official_name": null, "opening_hours": null, "operator": null, "operator:wikidata": null, "operator:wikipedia": null, "parking": null, "payment:cards": null, "payment:contactless": null, "payment:credit_cards": null, "payment:debit_cards": null, "payment:mastercard": null, "payment:mastercard_contactless": null, "payment:mir": null, "payment:mobile_app": null, "payment:visa": null, "payment:visa_contactless": null, "payment:visa_debit": null, "phone": null, "ref": null, "religion": null, "shop": null, "sport": null, "surface": null, "telegram": null, "tourism": null, "website": null, "wheelchair": null, "backrest": null, "material": null }, "geometry": { "type": "Point", "coordinates": [ 30.2128148, 60.5156494 ] } },
{ "type": "Feature", "properties": { "id": "node/6365413838", "@id": "node/6365413838", "access": null, "addr:city": null, "addr:country": null, "addr:housenumber": null, "addr:postcode": null, "addr:street": null, "alt_name": null, "amenity": "toilets", "area": null, "atm": null, "barrier": null, "branch": null, "brand": null, "brand:en": null, "brand:wikidata": null, "building": null, "building:architecture": null, "building:cladding": null, "building:levels": null, "building:material": null, "check_date": null, "contact:email": null, "contact:facebook": null, "contact:instagram": null, "contact:ok": null, "contact:phone": null, "contact:twitter": null, "contact:vk": null, "contact:website": null, "contact:youtube": null, "cuisine": null, "currency:RUB": null, "denomination": null, "description": null, "emergency": null, "fast_food": null, "fee": null, "fire_station:type": null, "fixme": null, "healthcare": null, "internet_access": null, "landuse": null, "name": null, "name:en": null, "name:ru": null, "official_name": null, "opening_hours": null, "operator": null, "operator:wikidata": null, "operator:wikipedia": null, "parking": null, "payment:cards": null, "payment:contactless": null, "payment:credit_cards": null, "payment:debit_cards": null, "payment:mastercard": null, "payment:mastercard_contactless": null, "payment:mir": null, "payment:mobile_app": null, "payment:visa": null, "payment:visa_contactless": null, "payment:visa_debit": null, "phone": null, "ref": null, "religion": null, "shop": null, "sport": null, "surface": null, "telegram": null, "tourism": null, "website": null, "wheelchair": null, "backrest": null, "material": null }, "geometry": { "type": "Point", "coordinates": [ 30.2112919, 60.5154003 ] } },
{ "type": "Feature", "properties": { "id": "node/6365414109", "@id": "node/6365414109", "access": null, "addr:city": null, "addr:country": null, "addr:housenumber": null, "addr:postcode": null, "addr:street": null, "alt_name": null, "amenity": "toilets", "area": null, "atm": null, "barrier": null, "branch": null, "brand": null, "brand:en": null, "brand:wikidata": null, "building": null, "building:architecture": null, "building:cladding": null, "building:levels": null, "building:material": null, "check_date": null, "contact:email": null, "contact:facebook": null, "contact:instagram": null, "contact:ok": null, "contact:phone": null, "contact:twitter": null, "contact:vk": null, "contact:website": null, "contact:youtube": null, "cuisine": null, "currency:RUB": null, "denomination": null, "description": null, "emergency": null, "fast_food": null, "fee": null, "fire_station:type": null, "fixme": null, "healthcare": null, "internet_access": null, "landuse": null, "name": null, "name:en": null, "name:ru": null, "official_name": null, "opening_hours": null, "operator": null, "operator:wikidata": null, "operator:wikipedia": null, "parking": null, "payment:cards": null, "payment:contactless": null, "payment:credit_cards": null, "payment:debit_cards": null, "payment:mastercard": null, "payment:mastercard_contactless": null, "payment:mir": null, "payment:mobile_app": null, "payment:visa": null, "payment:visa_contactless": null, "payment:visa_debit": null, "phone": null, "ref": null, "religion": null, "shop": null, "sport": null, "surface": null, "telegram": null, "tourism": null, "website": null, "wheelchair": null, "backrest": null, "material": null }, "geometry": { "type": "Point", "coordinates": [ 30.2217458, 60.5169512 ] } },
{ "type": "Feature", "properties": { "id": "node/6365414121", "@id": "node/6365414121", "access": null, "addr:city": null, "addr:country": null, "addr:housenumber": null, "addr:postcode": null, "addr:street": null, "alt_name": null, "amenity": "toilets", "area": null, "atm": null, "barrier": null, "branch": null, "brand": null, "brand:en": null, "brand:wikidata": null, "building": null, "building:architecture": null, "building:cladding": null, "building:levels": null, "building:material": null, "check_date": null, "contact:email": null, "contact:facebook": null, "contact:instagram": null, "contact:ok": null, "contact:phone": null, "contact:twitter": null, "contact:vk": null, "contact:website": null, "contact:youtube": null, "cuisine": null, "currency:RUB": null, "denomination": null, "description": null, "emergency": null, "fast_food": null, "fee": null, "fire_station:type": null, "fixme": null, "healthcare": null, "internet_access": null, "landuse": null, "name": null, "name:en": null, "name:ru": null, "official_name": null, "opening_hours": null, "operator": null, "operator:wikidata": null, "operator:wikipedia": null, "parking": null, "payment:cards": null, "payment:contactless": null, "payment:credit_cards": null, "payment:debit_cards": null, "payment:mastercard": null, "payment:mastercard_contactless": null, "payment:mir": null, "payment:mobile_app": null, "payment:visa": null, "payment:visa_contactless": null, "payment:visa_debit": null, "phone": null, "ref": null, "religion": null, "shop": null, "sport": null, "surface": null, "telegram": null, "tourism": null, "website": null, "wheelchair": null, "backrest": null, "material": null }, "geometry": { "type": "Point", "coordinates": [ 30.2100196, 60.5135352 ] } },
{ "type": "Feature", "properties": { "id": "node/6405993954", "@id": "node/6405993954", "access": null, "addr:city": null, "addr:country": null, "addr:housenumber": null, "addr:postcode": null, "addr:street": null, "alt_name": null, "amenity": "table", "area": null, "atm": null, "barrier": null, "branch": null, "brand": null, "brand:en": null, "brand:wikidata": null, "building": null, "building:architecture": null, "building:cladding": null, "building:levels": null, "building:material": null, "check_date": null, "contact:email": null, "contact:facebook": null, "contact:instagram": null, "contact:ok": null, "contact:phone": null, "contact:twitter": null, "contact:vk": null, "contact:website": null, "contact:youtube": null, "cuisine": null, "currency:RUB": null, "denomination": null, "description": null, "emergency": null, "fast_food": null, "fee": null, "fire_station:type": null, "fixme": null, "healthcare": null, "internet_access": null, "landuse": null, "name": null, "name:en": null, "name:ru": null, "official_name": null, "opening_hours": null, "operator": null, "operator:wikidata": null, "operator:wikipedia": null, "parking": null, "payment:cards": null, "payment:contactless": null, "payment:credit_cards": null, "payment:debit_cards": null, "payment:mastercard": null, "payment:mastercard_contactless": null, "payment:mir": null, "payment:mobile_app": null, "payment:visa": null, "payment:visa_contactless": null, "payment:visa_debit": null, "phone": null, "ref": null, "religion": null, "shop": null, "sport": null, "surface": null, "telegram": null, "tourism": null, "website": null, "wheelchair": null, "backrest": null, "material": null }, "geometry": { "type": "Point", "coordinates": [ 30.212808, 60.5160109 ] } },
{ "type": "Feature", "properties": { "id": "node/6405993955", "@id": "node/6405993955", "access": null, "addr:city": null, "addr:country": null, "addr:housenumber": null, "addr:postcode": null, "addr:street": null, "alt_name": null, "amenity": "table", "area": null, "atm": null, "barrier": null, "branch": null, "brand": null, "brand:en": null, "brand:wikidata": null, "building": null, "building:architecture": null, "building:cladding": null, "building:levels": null, "building:material": null, "check_date": null, "contact:email": null, "contact:facebook": null, "contact:instagram": null, "contact:ok": null, "contact:phone": null, "contact:twitter": null, "contact:vk": null, "contact:website": null, "contact:youtube": null, "cuisine": null, "currency:RUB": null, "denomination": null, "description": null, "emergency": null, "fast_food": null, "fee": null, "fire_station:type": null, "fixme": null, "healthcare": null, "internet_access": null, "landuse": null, "name": null, "name:en": null, "name:ru": null, "official_name": null, "opening_hours": null, "operator": null, "operator:wikidata": null, "operator:wikipedia": null, "parking": null, "payment:cards": null, "payment:contactless": null, "payment:credit_cards": null, "payment:debit_cards": null, "payment:mastercard": null, "payment:mastercard_contactless": null, "payment:mir": null, "payment:mobile_app": null, "payment:visa": null, "payment:visa_contactless": null, "payment:visa_debit": null, "phone": null, "ref": null, "religion": null, "shop": null, "sport": null, "surface": null, "telegram": null, "tourism": null, "website": null, "wheelchair": null, "backrest": null, "material": null }, "geometry": { "type": "Point", "coordinates": [ 30.2127897, 60.5160464 ] } },
{ "type": "Feature", "properties": { "id": "node/6405993956", "@id": "node/6405993956", "access": null, "addr:city": null, "addr:country": null, "addr:housenumber": null, "addr:postcode": null, "addr:street": null, "alt_name": null, "amenity": "table", "area": null, "atm": null, "barrier": null, "branch": null, "brand": null, "brand:en": null, "brand:wikidata": null, "building": null, "building:architecture": null, "building:cladding": null, "building:levels": null, "building:material": null, "check_date": null, "contact:email": null, "contact:facebook": null, "contact:instagram": null, "contact:ok": null, "contact:phone": null, "contact:twitter": null, "contact:vk": null, "contact:website": null, "contact:youtube": null, "cuisine": null, "currency:RUB": null, "denomination": null, "description": null, "emergency": null, "fast_food": null, "fee": null, "fire_station:type": null, "fixme": null, "healthcare": null, "internet_access": null, "landuse": null, "name": null, "name:en": null, "name:ru": null, "official_name": null, "opening_hours": null, "operator": null, "operator:wikidata": null, "operator:wikipedia": null, "parking": null, "payment:cards": null, "payment:contactless": null, "payment:credit_cards": null, "payment:debit_cards": null, "payment:mastercard": null, "payment:mastercard_contactless": null, "payment:mir": null, "payment:mobile_app": null, "payment:visa": null, "payment:visa_contactless": null, "payment:visa_debit": null, "phone": null, "ref": null, "religion": null, "shop": null, "sport": null, "surface": null, "telegram": null, "tourism": null, "website": null, "wheelchair": null, "backrest": null, "material": null }, "geometry": { "type": "Point", "coordinates": [ 30.2128651, 60.515946 ] } },
{ "type": "Feature", "properties": { "id": "node/6405993957", "@id": "node/6405993957", "access": null, "addr:city": null, "addr:country": null, "addr:housenumber": null, "addr:postcode": null, "addr:street": null, "alt_name": null, "amenity": "table", "area": null, "atm": null, "barrier": null, "branch": null, "brand": null, "brand:en": null, "brand:wikidata": null, "building": null, "building:architecture": null, "building:cladding": null, "building:levels": null, "building:material": null, "check_date": null, "contact:email": null, "contact:facebook": null, "contact:instagram": null, "contact:ok": null, "contact:phone": null, "contact:twitter": null, "contact:vk": null, "contact:website": null, "contact:youtube": null, "cuisine": null, "currency:RUB": null, "denomination": null, "description": null, "emergency": null, "fast_food": null, "fee": null, "fire_station:type": null, "fixme": null, "healthcare": null, "internet_access": null, "landuse": null, "name": null, "name:en": null, "name:ru": null, "official_name": null, "opening_hours": null, "operator": null, "operator:wikidata": null, "operator:wikipedia": null, "parking": null, "payment:cards": null, "payment:contactless": null, "payment:credit_cards": null, "payment:debit_cards": null, "payment:mastercard": null, "payment:mastercard_contactless": null, "payment:mir": null, "payment:mobile_app": null, "payment:visa": null, "payment:visa_contactless": null, "payment:visa_debit": null, "phone": null, "ref": null, "religion": null, "shop": null, "sport": null, "surface": null, "telegram": null, "tourism": null, "website": null, "wheelchair": null, "backrest": null, "material": null }, "geometry": { "type": "Point", "coordinates": [ 30.2129676, 60.5158867 ] } },
{ "type": "Feature", "properties": { "id": "node/6405993958", "@id": "node/6405993958", "access": null, "addr:city": null, "addr:country": null, "addr:housenumber": null, "addr:postcode": null, "addr:street": null, "alt_name": null, "amenity": "table", "area": null, "atm": null, "barrier": null, "branch": null, "brand": null, "brand:en": null, "brand:wikidata": null, "building": null, "building:architecture": null, "building:cladding": null, "building:levels": null, "building:material": null, "check_date": null, "contact:email": null, "contact:facebook": null, "contact:instagram": null, "contact:ok": null, "contact:phone": null, "contact:twitter": null, "contact:vk": null, "contact:website": null, "contact:youtube": null, "cuisine": null, "currency:RUB": null, "denomination": null, "description": null, "emergency": null, "fast_food": null, "fee": null, "fire_station:type": null, "fixme": null, "healthcare": null, "internet_access": null, "landuse": null, "name": null, "name:en": null, "name:ru": null, "official_name": null, "opening_hours": null, "operator": null, "operator:wikidata": null, "operator:wikipedia": null, "parking": null, "payment:cards": null, "payment:contactless": null, "payment:credit_cards": null, "payment:debit_cards": null, "payment:mastercard": null, "payment:mastercard_contactless": null, "payment:mir": null, "payment:mobile_app": null, "payment:visa": null, "payment:visa_contactless": null, "payment:visa_debit": null, "phone": null, "ref": null, "religion": null, "shop": null, "sport": null, "surface": null, "telegram": null, "tourism": null, "website": null, "wheelchair": null, "backrest": null, "material": null }, "geometry": { "type": "Point", "coordinates": [ 30.2129715, 60.5158628 ] } },
{ "type": "Feature", "properties": { "id": "node/6405993959", "@id": "node/6405993959", "access": null, "addr:city": null, "addr:country": null, "addr:housenumber": null, "addr:postcode": null, "addr:street": null, "alt_name": null, "amenity": "table", "area": null, "atm": null, "barrier": null, "branch": null, "brand": null, "brand:en": null, "brand:wikidata": null, "building": null, "building:architecture": null, "building:cladding": null, "building:levels": null, "building:material": null, "check_date": null, "contact:email": null, "contact:facebook": null, "contact:instagram": null, "contact:ok": null, "contact:phone": null, "contact:twitter": null, "contact:vk": null, "contact:website": null, "contact:youtube": null, "cuisine": null, "currency:RUB": null, "denomination": null, "description": null, "emergency": null, "fast_food": null, "fee": null, "fire_station:type": null, "fixme": null, "healthcare": null, "internet_access": null, "landuse": null, "name": null, "name:en": null, "name:ru": null, "official_name": null, "opening_hours": null, "operator": null, "operator:wikidata": null, "operator:wikipedia": null, "parking": null, "payment:cards": null, "payment:contactless": null, "payment:credit_cards": null, "payment:debit_cards": null, "payment:mastercard": null, "payment:mastercard_contactless": null, "payment:mir": null, "payment:mobile_app": null, "payment:visa": null, "payment:visa_contactless": null, "payment:visa_debit": null, "phone": null, "ref": null, "religion": null, "shop": null, "sport": null, "surface": null, "telegram": null, "tourism": null, "website": null, "wheelchair": null, "backrest": null, "material": null }, "geometry": { "type": "Point", "coordinates": [ 30.2129365, 60.5157694 ] } },
{ "type": "Feature", "properties": { "id": "node/6405993960", "@id": "node/6405993960", "access": null, "addr:city": null, "addr:country": null, "addr:housenumber": null, "addr:postcode": null, "addr:street": null, "alt_name": null, "amenity": "table", "area": null, "atm": null, "barrier": null, "branch": null, "brand": null, "brand:en": null, "brand:wikidata": null, "building": null, "building:architecture": null, "building:cladding": null, "building:levels": null, "building:material": null, "check_date": null, "contact:email": null, "contact:facebook": null, "contact:instagram": null, "contact:ok": null, "contact:phone": null, "contact:twitter": null, "contact:vk": null, "contact:website": null, "contact:youtube": null, "cuisine": null, "currency:RUB": null, "denomination": null, "description": null, "emergency": null, "fast_food": null, "fee": null, "fire_station:type": null, "fixme": null, "healthcare": null, "internet_access": null, "landuse": null, "name": null, "name:en": null, "name:ru": null, "official_name": null, "opening_hours": null, "operator": null, "operator:wikidata": null, "operator:wikipedia": null, "parking": null, "payment:cards": null, "payment:contactless": null, "payment:credit_cards": null, "payment:debit_cards": null, "payment:mastercard": null, "payment:mastercard_contactless": null, "payment:mir": null, "payment:mobile_app": null, "payment:visa": null, "payment:visa_contactless": null, "payment:visa_debit": null, "phone": null, "ref": null, "religion": null, "shop": null, "sport": null, "surface": null, "telegram": null, "tourism": null, "website": null, "wheelchair": null, "backrest": null, "material": null }, "geometry": { "type": "Point", "coordinates": [ 30.2128869, 60.5157165 ] } },
{ "type": "Feature", "properties": { "id": "node/6405993961", "@id": "node/6405993961", "access": null, "addr:city": null, "addr:country": null, "addr:housenumber": null, "addr:postcode": null, "addr:street": null, "alt_name": null, "amenity": "table", "area": null, "atm": null, "barrier": null, "branch": null, "brand": null, "brand:en": null, "brand:wikidata": null, "building": null, "building:architecture": null, "building:cladding": null, "building:levels": null, "building:material": null, "check_date": null, "contact:email": null, "contact:facebook": null, "contact:instagram": null, "contact:ok": null, "contact:phone": null, "contact:twitter": null, "contact:vk": null, "contact:website": null, "contact:youtube": null, "cuisine": null, "currency:RUB": null, "denomination": null, "description": null, "emergency": null, "fast_food": null, "fee": null, "fire_station:type": null, "fixme": null, "healthcare": null, "internet_access": null, "landuse": null, "name": null, "name:en": null, "name:ru": null, "official_name": null, "opening_hours": null, "operator": null, "operator:wikidata": null, "operator:wikipedia": null, "parking": null, "payment:cards": null, "payment:contactless": null, "payment:credit_cards": null, "payment:debit_cards": null, "payment:mastercard": null, "payment:mastercard_contactless": null, "payment:mir": null, "payment:mobile_app": null, "payment:visa": null, "payment:visa_contactless": null, "payment:visa_debit": null, "phone": null, "ref": null, "religion": null, "shop": null, "sport": null, "surface": null, "telegram": null, "tourism": null, "website": null, "wheelchair": null, "backrest": null, "material": null }, "geometry": { "type": "Point", "coordinates": [ 30.2129646, 60.5157955 ] } },
{ "type": "Feature", "properties": { "id": "node/6405993962", "@id": "node/6405993962", "access": null, "addr:city": null, "addr:country": null, "addr:housenumber": null, "addr:postcode": null, "addr:street": null, "alt_name": null, "amenity": "table", "area": null, "atm": null, "barrier": null, "branch": null, "brand": null, "brand:en": null, "brand:wikidata": null, "building": null, "building:architecture": null, "building:cladding": null, "building:levels": null, "building:material": null, "check_date": null, "contact:email": null, "contact:facebook": null, "contact:instagram": null, "contact:ok": null, "contact:phone": null, "contact:twitter": null, "contact:vk": null, "contact:website": null, "contact:youtube": null, "cuisine": null, "currency:RUB": null, "denomination": null, "description": null, "emergency": null, "fast_food": null, "fee": null, "fire_station:type": null, "fixme": null, "healthcare": null, "internet_access": null, "landuse": null, "name": null, "name:en": null, "name:ru": null, "official_name": null, "opening_hours": null, "operator": null, "operator:wikidata": null, "operator:wikipedia": null, "parking": null, "payment:cards": null, "payment:contactless": null, "payment:credit_cards": null, "payment:debit_cards": null, "payment:mastercard": null, "payment:mastercard_contactless": null, "payment:mir": null, "payment:mobile_app": null, "payment:visa": null, "payment:visa_contactless": null, "payment:visa_debit": null, "phone": null, "ref": null, "religion": null, "shop": null, "sport": null, "surface": null, "telegram": null, "tourism": null, "website": null, "wheelchair": null, "backrest": null, "material": null }, "geometry": { "type": "Point", "coordinates": [ 30.212944, 60.5159181 ] } },
{ "type": "Feature", "properties": { "id": "node/10067215201", "@id": "node/10067215201", "access": null, "addr:city": null, "addr:country": null, "addr:housenumber": null, "addr:postcode": null, "addr:street": null, "alt_name": null, "amenity": "pharmacy", "area": null, "atm": null, "barrier": null, "branch": null, "brand": "Невис", "brand:en": null, "brand:wikidata": "Q109837740", "building": null, "building:architecture": null, "building:cladding": null, "building:levels": null, "building:material": null, "check_date": "2022-10-01", "contact:email": null, "contact:facebook": null, "contact:instagram": null, "contact:ok": null, "contact:phone": null, "contact:twitter": null, "contact:vk": null, "contact:website": null, "contact:youtube": null, "cuisine": null, "currency:RUB": null, "denomination": null, "description": null, "emergency": null, "fast_food": null, "fee": null, "fire_station:type": null, "fixme": null, "healthcare": "pharmacy", "internet_access": null, "landuse": null, "name": "Невис", "name:en": null, "name:ru": null, "official_name": null, "opening_hours": "09:00-21:00", "operator": null, "operator:wikidata": null, "operator:wikipedia": null, "parking": null, "payment:cards": "yes", "payment:contactless": "yes", "payment:credit_cards": "yes", "payment:debit_cards": "yes", "payment:mastercard": "yes", "payment:mastercard_contactless": "yes", "payment:mir": "yes", "payment:mobile_app": "yes", "payment:visa": "yes", "payment:visa_contactless": "yes", "payment:visa_debit": "yes", "phone": null, "ref": null, "religion": null, "shop": null, "sport": null, "surface": null, "telegram": null, "tourism": null, "website": null, "wheelchair": null, "backrest": null, "material": null }, "geometry": { "type": "Point", "coordinates": [ 30.2150673, 60.5437852 ] } },
{ "type": "Feature", "properties": { "id": "node/10996645105", "@id": "node/10996645105", "access": null, "addr:city": null, "addr:country": null, "addr:housenumber": null, "addr:postcode": null, "addr:street": null, "alt_name": null, "amenity": "restaurant", "area": null, "atm": null, "barrier": null, "branch": null, "brand": null, "brand:en": null, "brand:wikidata": null, "building": null, "building:architecture": null, "building:cladding": null, "building:levels": null, "building:material": null, "check_date": null, "contact:email": null, "contact:facebook": null, "contact:instagram": null, "contact:ok": null, "contact:phone": null, "contact:twitter": null, "contact:vk": null, "contact:website": null, "contact:youtube": null, "cuisine": null, "currency:RUB": null, "denomination": null, "description": null, "emergency": null, "fast_food": null, "fee": null, "fire_station:type": null, "fixme": null, "healthcare": null, "internet_access": "wlan", "landuse": null, "name": "Фаворит", "name:en": null, "name:ru": null, "official_name": null, "opening_hours": "11:00-21:00", "operator": null, "operator:wikidata": null, "operator:wikipedia": null, "parking": null, "payment:cards": null, "payment:contactless": null, "payment:credit_cards": null, "payment:debit_cards": null, "payment:mastercard": null, "payment:mastercard_contactless": null, "payment:mir": null, "payment:mobile_app": null, "payment:visa": null, "payment:visa_contactless": null, "payment:visa_debit": null, "phone": "+7 812 4096630", "ref": null, "religion": null, "shop": null, "sport": null, "surface": null, "telegram": null, "tourism": null, "website": "https://favorit-igora.ru/", "wheelchair": null, "backrest": null, "material": null }, "geometry": { "type": "Point", "coordinates": [ 30.1981523, 60.5148799 ] } },
{ "type": "Feature", "properties": { "id": "node/13063042125", "@id": "node/13063042125", "access": "yes", "addr:city": null, "addr:country": null, "addr:housenumber": null, "addr:postcode": null, "addr:street": null, "alt_name": null, "amenity": "toilets", "area": null, "atm": null, "barrier": null, "branch": null, "brand": null, "brand:en": null, "brand:wikidata": null, "building": null, "building:architecture": null, "building:cladding": null, "building:levels": null, "building:material": null, "check_date": null, "contact:email": null, "contact:facebook": null, "contact:instagram": null, "contact:ok": null, "contact:phone": null, "contact:twitter": null, "contact:vk": null, "contact:website": null, "contact:youtube": null, "cuisine": null, "currency:RUB": null, "denomination": null, "description": null, "emergency": null, "fast_food": null, "fee": "no", "fire_station:type": null, "fixme": null, "healthcare": null, "internet_access": null, "landuse": null, "name": null, "name:en": null, "name:ru": null, "official_name": null, "opening_hours": null, "operator": null, "operator:wikidata": null, "operator:wikipedia": null, "parking": null, "payment:cards": null, "payment:contactless": null, "payment:credit_cards": null, "payment:debit_cards": null, "payment:mastercard": null, "payment:mastercard_contactless": null, "payment:mir": null, "payment:mobile_app": null, "payment:visa": null, "payment:visa_contactless": null, "payment:visa_debit": null, "phone": null, "ref": null, "religion": null, "shop": null, "sport": null, "surface": null, "telegram": null, "tourism": null, "website": null, "wheelchair": null, "backrest": null, "material": null }, "geometry": { "type": "Point", "coordinates": [ 30.2122198, 60.5157443 ] } }
]
}
