{
"type": "FeatureCollection",
"name": "ИЖС Лосево буфер",
"crs": { "type": "name", "properties": { "name": "urn:ogc:def:crs:EPSG::32636" } },
"features": [
{ "type": "Feature", "properties": { "fid": 212, "full_id": "w77381389", "osm_id": "77381389", "osm_type": "way", "highway": "trunk", "loc_name": null, "sidewalk": null, "layer": null, "hgv": null, "motorcar": null, "lit": "yes", "lanes": "2", "junction": null, "surface": "asphalt", "ref": "А-121", "oneway": "yes", "name": "«Сортавала»", "maxspeed": "RU:urban", "int_ref": null }, "geometry": { "type": "MultiPolygon", "coordinates": [ [ [ [ 336444.384334522066638, 6730735.072578561492264 ], [ 336482.113131911261007, 6730730.144193828105927 ], [ 336521.366881781024858, 6730756.569794963113964 ], [ 336531.113202574255411, 6730743.561328136362135 ], [ 336537.743442897335626, 6730734.774818385019898 ], [ 336541.063712183153257, 6730738.48710610345006 ], [ 336544.834164799598511, 6730733.065409083850682 ], [ 336569.840352444443852, 6730696.218768856488168 ], [ 336573.121385879756417, 6730691.723827697336674 ], [ 336577.290801230934449, 6730685.979153429158032 ], [ 336574.369467313052155, 6730683.674131531268358 ], [ 336520.432694971270394, 6730641.215074769221246 ], [ 336512.703485642385203, 6730645.488891045562923 ], [ 336491.341972109279595, 6730668.348362030461431 ], [ 336465.473577460157685, 6730706.613504025153816 ], [ 336444.384334522066638, 6730735.072578561492264 ] ] ] ] } },
{ "type": "Feature", "properties": { "fid": 213, "full_id": "w77381390", "osm_id": "77381390", "osm_type": "way", "highway": "trunk", "loc_name": null, "sidewalk": null, "layer": null, "hgv": null, "motorcar": null, "lit": "yes", "lanes": "2", "junction": null, "surface": "asphalt", "ref": "А-121", "oneway": "yes", "name": "«Сортавала»", "maxspeed": "RU:urban", "int_ref": null }, "geometry": { "type": "MultiPolygon", "coordinates": [ [ [ [ 336672.23384404432727, 6730387.887152493931353 ], [ 336643.670165740535595, 6730400.653747806325555 ], [ 336624.492929324915167, 6730417.970985730178654 ], [ 336623.962432181579061, 6730419.588454928249121 ], [ 336620.582504195044748, 6730429.702208736911416 ], [ 336630.222016584477387, 6730434.2085513882339 ], [ 336617.773405182058923, 6730467.909128456376493 ], [ 336614.809805559227243, 6730475.919445580802858 ], [ 336607.532408316270448, 6730495.590153618715703 ], [ 336605.234355958178639, 6730501.348122051917017 ], [ 336610.73363600531593, 6730502.306877291761339 ], [ 336615.234976865816861, 6730502.544228261336684 ], [ 336653.574997158139013, 6730495.478732790797949 ], [ 336654.989617974730209, 6730492.376284220255911 ], [ 336659.72009306360269, 6730491.15798563696444 ], [ 336656.439528566785157, 6730489.183740450069308 ], [ 336657.940808725717943, 6730485.821714623831213 ], [ 336659.141032176907174, 6730483.200951404869556 ], [ 336660.278271788032725, 6730480.494569305330515 ], [ 336663.977685981546529, 6730473.07020225841552 ], [ 336667.044611288351007, 6730466.893779092468321 ], [ 336670.879391167196445, 6730458.548866442404687 ], [ 336701.716436388902366, 6730391.368910285644233 ], [ 336702.739828553516418, 6730384.636505108326674 ], [ 336672.23384404432727, 6730387.887152493931353 ] ] ] ] } },
{ "type": "Feature", "properties": { "fid": 213, "full_id": "w77381390", "osm_id": "77381390", "osm_type": "way", "highway": "trunk", "loc_name": null, "sidewalk": null, "layer": null, "hgv": null, "motorcar": null, "lit": "yes", "lanes": "2", "junction": null, "surface": "asphalt", "ref": "А-121", "oneway": "yes", "name": "«Сортавала»", "maxspeed": "RU:urban", "int_ref": null }, "geometry": { "type": "MultiPolygon", "coordinates": [ [ [ [ 336510.945587731141131, 6730639.761286010965705 ], [ 336500.720642264815979, 6730656.096498573198915 ], [ 336496.03286206163466, 6730661.969229115173221 ], [ 336480.579971458413638, 6730689.173600934445858 ], [ 336474.290012368233874, 6730719.821701833978295 ], [ 336475.544531991065014, 6730731.002227738499641 ], [ 336482.113131911261007, 6730730.144193828105927 ], [ 336521.366881781024858, 6730756.569794963113964 ], [ 336531.113202574255411, 6730743.561328136362135 ], [ 336537.743442897335626, 6730734.774818385019898 ], [ 336541.063712183153257, 6730738.48710610345006 ], [ 336544.834164799598511, 6730733.065409083850682 ], [ 336569.840352444443852, 6730696.218768856488168 ], [ 336573.121385879756417, 6730691.723827697336674 ], [ 336577.290801230934449, 6730685.979153429158032 ], [ 336574.369467313052155, 6730683.674131531268358 ], [ 336513.428447543061338, 6730635.701327352784574 ], [ 336510.945587731141131, 6730639.761286010965705 ] ] ] ] } },
{ "type": "Feature", "properties": { "fid": 783, "full_id": "w255622378", "osm_id": "255622378", "osm_type": "way", "highway": "trunk", "loc_name": null, "sidewalk": null, "layer": "1", "hgv": null, "motorcar": null, "lit": "yes", "lanes": "2", "junction": null, "surface": "asphalt", "ref": "А-121", "oneway": "yes", "name": null, "maxspeed": "RU:urban", "int_ref": null }, "geometry": { "type": "MultiPolygon", "coordinates": [ [ [ [ 336510.694835849746596, 6730745.783326286822557 ], [ 336502.562339076015633, 6730743.910587965510786 ], [ 336521.366881781024858, 6730756.569794963113964 ], [ 336523.631807847181335, 6730753.546785950660706 ], [ 336510.694835849746596, 6730745.783326286822557 ] ] ] ] } },
{ "type": "Feature", "properties": { "fid": 1277, "full_id": "w448715723", "osm_id": "448715723", "osm_type": "way", "highway": "trunk", "loc_name": null, "sidewalk": null, "layer": null, "hgv": null, "motorcar": null, "lit": "yes", "lanes": "2", "junction": null, "surface": "asphalt", "ref": "А-121", "oneway": "yes", "name": "«Сортавала»", "maxspeed": "RU:urban", "int_ref": null }, "geometry": { "type": "MultiPolygon", "coordinates": [ [ [ [ 336697.002183810982388, 6730375.13082570489496 ], [ 336665.864605956128798, 6730378.18384379055351 ], [ 336637.194444108055905, 6730390.709477256052196 ], [ 336631.889342934067827, 6730395.419551962986588 ], [ 336623.962432181579061, 6730419.588454928249121 ], [ 336620.582504195044748, 6730429.702208736911416 ], [ 336630.222016584477387, 6730434.2085513882339 ], [ 336617.773405182058923, 6730467.909128456376493 ], [ 336614.809805559227243, 6730475.919445580802858 ], [ 336607.532408316270448, 6730495.590153618715703 ], [ 336605.234355958178639, 6730501.348122051917017 ], [ 336610.73363600531593, 6730502.306877291761339 ], [ 336615.234976865816861, 6730502.544228261336684 ], [ 336653.574997158139013, 6730495.478732790797949 ], [ 336654.989617974730209, 6730492.376284220255911 ], [ 336659.72009306360269, 6730491.15798563696444 ], [ 336656.439528566785157, 6730489.183740450069308 ], [ 336657.940808725717943, 6730485.821714623831213 ], [ 336659.141032176907174, 6730483.200951404869556 ], [ 336660.278271788032725, 6730480.494569305330515 ], [ 336663.977685981546529, 6730473.07020225841552 ], [ 336667.044611288351007, 6730466.893779092468321 ], [ 336670.879391167196445, 6730458.548866442404687 ], [ 336701.716436388902366, 6730391.368910285644233 ], [ 336703.004703003331088, 6730382.894023410044611 ], [ 336703.186504626763053, 6730380.830845622345805 ], [ 336699.510532154177781, 6730378.825336381793022 ], [ 336700.894061185943428, 6730375.986516686156392 ], [ 336697.002183810982388, 6730375.13082570489496 ] ] ] ] } },
{ "type": "Feature", "properties": { "fid": 1277, "full_id": "w448715723", "osm_id": "448715723", "osm_type": "way", "highway": "trunk", "loc_name": null, "sidewalk": null, "layer": null, "hgv": null, "motorcar": null, "lit": "yes", "lanes": "2", "junction": null, "surface": "asphalt", "ref": "А-121", "oneway": "yes", "name": "«Сортавала»", "maxspeed": "RU:urban", "int_ref": null }, "geometry": { "type": "MultiPolygon", "coordinates": [ [ [ [ 336495.534049013862386, 6730645.55613801535219 ], [ 336465.307592505880166, 6730690.20030954759568 ], [ 336437.272606564802118, 6730725.856399966403842 ], [ 336443.839125803497154, 6730735.143797325901687 ], [ 336482.113131911261007, 6730730.144193828105927 ], [ 336521.366881781024858, 6730756.569794963113964 ], [ 336531.113202574255411, 6730743.561328136362135 ], [ 336537.743442897335626, 6730734.774818385019898 ], [ 336541.063712183153257, 6730738.48710610345006 ], [ 336544.834164799598511, 6730733.065409083850682 ], [ 336569.840352444443852, 6730696.218768856488168 ], [ 336573.121385879756417, 6730691.723827697336674 ], [ 336577.290801230934449, 6730685.979153429158032 ], [ 336574.369467313052155, 6730683.674131531268358 ], [ 336505.367232321703341, 6730629.35553431045264 ], [ 336495.534049013862386, 6730645.55613801535219 ] ] ] ] } },
{ "type": "Feature", "properties": { "fid": 1391, "full_id": "w532676820", "osm_id": "532676820", "osm_type": "way", "highway": "trunk", "loc_name": null, "sidewalk": null, "layer": null, "hgv": null, "motorcar": null, "lit": "yes", "lanes": "3", "junction": null, "surface": "asphalt", "ref": "А-121", "oneway": "yes", "name": "«Сортавала»", "maxspeed": "RU:urban", "int_ref": null }, "geometry": { "type": "MultiPolygon", "coordinates": [ [ [ [ 336837.515349976310972, 6730200.871223364025354 ], [ 336866.135311294347048, 6730188.231306898407638 ], [ 336889.44856300659012, 6730167.365977553650737 ], [ 336905.173041602596641, 6730140.317679141648114 ], [ 336923.025208520004526, 6730094.224052247591317 ], [ 336929.621692475862801, 6730063.640460673719645 ], [ 336926.444471981551033, 6730032.515310971066356 ], [ 336922.313229471736122, 6730023.161135162226856 ], [ 336901.575026290374808, 6730018.983442533761263 ], [ 336900.127959718753118, 6730019.649054272100329 ], [ 336889.870372000616044, 6730022.790065548382699 ], [ 336886.511501386878081, 6730026.463014045730233 ], [ 336884.733771973114926, 6730028.520283571444452 ], [ 336879.776333085726947, 6730034.291518571786582 ], [ 336879.551158607471734, 6730034.537749693728983 ], [ 336871.022199664963409, 6730044.935564399696887 ], [ 336868.859361421549693, 6730047.619988813064992 ], [ 336867.322567684168462, 6730047.178571364842355 ], [ 336860.840206078020856, 6730057.96511170361191 ], [ 336848.332655104924925, 6730078.760219312272966 ], [ 336847.99890014732955, 6730079.650523324497044 ], [ 336840.560284042498097, 6730099.290699555538595 ], [ 336850.093939497717656, 6730105.789140484295785 ], [ 336849.533662498230115, 6730107.328871189616621 ], [ 336845.705557340348605, 6730118.004375998862088 ], [ 336840.043650286504999, 6730116.079061848111451 ], [ 336837.903612251800951, 6730120.129171502776444 ], [ 336838.705498207884375, 6730120.436839130707085 ], [ 336832.639904187060893, 6730138.647623038850725 ], [ 336822.158657476073131, 6730148.986618912778795 ], [ 336818.298891821526922, 6730161.993815601803362 ], [ 336808.918496339581907, 6730188.299974078312516 ], [ 336810.146332391770557, 6730196.237964931875467 ], [ 336815.78438210033346, 6730200.671556112356484 ], [ 336818.602317483746447, 6730202.801844582892954 ], [ 336837.515349976310972, 6730200.871223364025354 ] ] ] ] } },
{ "type": "Feature", "properties": { "fid": 1391, "full_id": "w532676820", "osm_id": "532676820", "osm_type": "way", "highway": "trunk", "loc_name": null, "sidewalk": null, "layer": null, "hgv": null, "motorcar": null, "lit": "yes", "lanes": "3", "junction": null, "surface": "asphalt", "ref": "А-121", "oneway": "yes", "name": "«Сортавала»", "maxspeed": "RU:urban", "int_ref": null }, "geometry": { "type": "MultiPolygon", "coordinates": [ [ [ [ 336917.330926347058266, 6730011.879943305626512 ], [ 336901.575026290374808, 6730018.983442533761263 ], [ 336922.313229471736122, 6730023.161135162226856 ], [ 336917.330926347058266, 6730011.879943305626512 ] ] ] ] } },
{ "type": "Feature", "properties": { "fid": 1391, "full_id": "w532676820", "osm_id": "532676820", "osm_type": "way", "highway": "trunk", "loc_name": null, "sidewalk": null, "layer": null, "hgv": null, "motorcar": null, "lit": "yes", "lanes": "3", "junction": null, "surface": "asphalt", "ref": "А-121", "oneway": "yes", "name": "«Сортавала»", "maxspeed": "RU:urban", "int_ref": null }, "geometry": { "type": "MultiPolygon", "coordinates": [ [ [ [ 336712.075843982980587, 6730098.669118573889136 ], [ 336715.253064477292355, 6730129.794268276542425 ], [ 336727.892980942793656, 6730158.414229594171047 ], [ 336748.758310288307257, 6730181.727481306530535 ], [ 336764.212978709430899, 6730190.712024403735995 ], [ 336767.507528089219704, 6730179.466884598135948 ], [ 336768.943526361719705, 6730168.172697755508125 ], [ 336768.581327359308489, 6730162.378098937682807 ], [ 336771.56219017499825, 6730149.106016749516129 ], [ 336770.648055102676153, 6730131.183285092003644 ], [ 336776.22011884796666, 6730114.686022335663438 ], [ 336778.120093913283199, 6730115.317351571284235 ], [ 336780.89969420817215, 6730116.23313423525542 ], [ 336787.346559356665239, 6730099.479697853326797 ], [ 336782.885441955295391, 6730097.106504438444972 ], [ 336798.833067503059283, 6730071.838073881343007 ], [ 336801.295170185621828, 6730068.805684082210064 ], [ 336818.314672821958084, 6730047.60840062238276 ], [ 336820.326469036401249, 6730045.06847455073148 ], [ 336825.011250708950683, 6730027.6771648125723 ], [ 336825.870021690672729, 6730024.471874973736703 ], [ 336833.509427928132936, 6730002.314708953723311 ], [ 336839.910382426576689, 6729983.675019924528897 ], [ 336840.320079344441183, 6729983.154895753599703 ], [ 336843.870473054645117, 6729971.999976172111928 ], [ 336847.74490023124963, 6729960.943756607361138 ], [ 336835.307336185418535, 6729958.261135389097035 ], [ 336804.182186482532416, 6729961.438355883583426 ], [ 336775.56222516449634, 6729974.078272349201143 ], [ 336752.248973452253267, 6729994.943601693958044 ], [ 336736.524494856246747, 6730021.991900105960667 ], [ 336718.672327938838862, 6730068.085527 ], [ 336712.075843982980587, 6730098.669118573889136 ] ] ] ] } },
{ "type": "Feature", "properties": { "fid": 1392, "full_id": "w532676821", "osm_id": "532676821", "osm_type": "way", "highway": "trunk", "loc_name": "Новоприозерское шоссе", "sidewalk": null, "layer": null, "hgv": null, "motorcar": null, "lit": "yes", "lanes": "2", "junction": null, "surface": "asphalt", "ref": "А-121", "oneway": "yes", "name": "«Сортавала»", "maxspeed": "RU:urban", "int_ref": null }, "geometry": { "type": "MultiPolygon", "coordinates": [ [ [ [ 336821.856808341573924, 6730157.794006238691509 ], [ 336853.049022358085494, 6730155.361834607087076 ], [ 336881.962998388742562, 6730143.409777704626322 ], [ 336905.768435004109051, 6730123.107786136679351 ], [ 336922.135090206109453, 6730096.443160288967192 ], [ 336948.36405728966929, 6730033.250202904455364 ], [ 336949.502749909588601, 6730028.522280535660684 ], [ 336926.544099507736973, 6730024.013440176844597 ], [ 336901.575026290374808, 6730018.983442533761263 ], [ 336900.127959718753118, 6730019.649054272100329 ], [ 336889.870372000616044, 6730022.790065548382699 ], [ 336886.511501386878081, 6730026.463014045730233 ], [ 336884.733771973114926, 6730028.520283571444452 ], [ 336879.776333085726947, 6730034.291518571786582 ], [ 336879.551158607471734, 6730034.537749693728983 ], [ 336871.022199664963409, 6730044.935564399696887 ], [ 336868.859361421549693, 6730047.619988813064992 ], [ 336867.322567684168462, 6730047.178571364842355 ], [ 336860.840206078020856, 6730057.96511170361191 ], [ 336848.332655104924925, 6730078.760219312272966 ], [ 336847.99890014732955, 6730079.650523324497044 ], [ 336840.560284042498097, 6730099.290699555538595 ], [ 336850.093939497717656, 6730105.789140484295785 ], [ 336849.533662498230115, 6730107.328871189616621 ], [ 336845.705557340348605, 6730118.004375998862088 ], [ 336840.043650286504999, 6730116.079061848111451 ], [ 336837.903612251800951, 6730120.129171502776444 ], [ 336838.705498207884375, 6730120.436839130707085 ], [ 336832.639904187060893, 6730138.647623038850725 ], [ 336822.158657476073131, 6730148.986618912778795 ], [ 336819.699337285826914, 6730157.274391875602305 ], [ 336821.856808341573924, 6730157.794006238691509 ] ] ] ] } },
{ "type": "Feature", "properties": { "fid": 1392, "full_id": "w532676821", "osm_id": "532676821", "osm_type": "way", "highway": "trunk", "loc_name": "Новоприозерское шоссе", "sidewalk": null, "layer": null, "hgv": null, "motorcar": null, "lit": "yes", "lanes": "2", "junction": null, "surface": "asphalt", "ref": "А-121", "oneway": "yes", "name": "«Сортавала»", "maxspeed": "RU:urban", "int_ref": null }, "geometry": { "type": "MultiPolygon", "coordinates": [ [ [ [ 336955.689848833892029, 6730002.833062138408422 ], [ 336954.948908740771003, 6729993.330623389221728 ], [ 336926.146628375921864, 6730007.905411077663302 ], [ 336901.575026290374808, 6730018.983442533761263 ], [ 336926.544099507736973, 6730024.013440176844597 ], [ 336949.502749909588601, 6730028.522280535660684 ], [ 336955.689848833892029, 6730002.833062138408422 ] ] ] ] } },
{ "type": "Feature", "properties": { "fid": 1392, "full_id": "w532676821", "osm_id": "532676821", "osm_type": "way", "highway": "trunk", "loc_name": "Новоприозерское шоссе", "sidewalk": null, "layer": null, "hgv": null, "motorcar": null, "lit": "yes", "lanes": "2", "junction": null, "surface": "asphalt", "ref": "А-121", "oneway": "yes", "name": "«Сортавала»", "maxspeed": "RU:urban", "int_ref": null }, "geometry": { "type": "MultiPolygon", "coordinates": [ [ [ [ 336730.088821625919081, 6730050.189932830631733 ], [ 336732.520993257581722, 6730081.382146846503019 ], [ 336744.473050159926061, 6730110.296122876927257 ], [ 336764.775041728455108, 6730134.101559492759407 ], [ 336770.991513659246266, 6730137.917208481580019 ], [ 336770.648055102676153, 6730131.183285092003644 ], [ 336776.22011884796666, 6730114.686022335663438 ], [ 336778.120093913283199, 6730115.317351571284235 ], [ 336780.89969420817215, 6730116.23313423525542 ], [ 336787.346559356665239, 6730099.479697853326797 ], [ 336782.885441955295391, 6730097.106504438444972 ], [ 336798.833067503059283, 6730071.838073881343007 ], [ 336801.295170185621828, 6730068.805684082210064 ], [ 336818.314672821958084, 6730047.60840062238276 ], [ 336820.326469036401249, 6730045.06847455073148 ], [ 336825.011250708950683, 6730027.6771648125723 ], [ 336825.870021690672729, 6730024.471874973736703 ], [ 336833.509427928132936, 6730002.314708953723311 ], [ 336839.910382426576689, 6729983.675019924528897 ], [ 336840.320079344441183, 6729983.154895753599703 ], [ 336843.870473054645117, 6729971.999976172111928 ], [ 336850.548106442089193, 6729952.944415817037225 ], [ 336849.213390162447467, 6729948.285194299183786 ], [ 336839.025506773381494, 6729925.247183454222977 ], [ 336840.18934305687435, 6729924.85008049942553 ], [ 336837.016709589166567, 6729917.894772344268858 ], [ 336806.175675259437412, 6729930.596201865002513 ], [ 336800.619676794798579, 6729917.58389600366354 ], [ 336798.707484041107818, 6729918.850890828296542 ], [ 336777.639523435907904, 6729933.777583166956902 ], [ 336763.643580253701657, 6729956.579834680072963 ], [ 336737.41461317014182, 6730019.772792064584792 ], [ 336730.088821625919081, 6730050.189932830631733 ] ] ] ] } },
{ "type": "Feature", "properties": { "fid": 1393, "full_id": "w532676822", "osm_id": "532676822", "osm_type": "way", "highway": "trunk", "loc_name": null, "sidewalk": null, "layer": null, "hgv": null, "motorcar": null, "lit": "yes", "lanes": "2", "junction": null, "surface": "asphalt", "ref": "А-121", "oneway": "yes", "name": "«Сортавала»", "maxspeed": "RU:urban", "int_ref": null }, "geometry": { "type": "MultiPolygon", "coordinates": [ [ [ [ 336843.631149099441245, 6730312.182794515043497 ], [ 336849.132870993635152, 6730290.192699424922466 ], [ 336851.715717710903846, 6730280.281872636638582 ], [ 336858.565864204603713, 6730253.980500066652894 ], [ 336860.211632856051438, 6730249.095817369408906 ], [ 336860.742970862716902, 6730247.473138112574816 ], [ 336869.650424938532524, 6730219.463882106356323 ], [ 336869.948809504974633, 6730218.509111139923334 ], [ 336871.377631116949487, 6730213.855544727295637 ], [ 336866.191196888568811, 6730208.958278357982635 ], [ 336866.358901479747146, 6730204.850503923371434 ], [ 336872.597353521501645, 6730209.882998983375728 ], [ 336884.416950711107347, 6730171.38744430616498 ], [ 336891.338421574386302, 6730149.935800299048424 ], [ 336895.245853487518616, 6730139.492816789075732 ], [ 336895.30229113122914, 6730139.341610161587596 ], [ 336902.582235138455871, 6730119.789178983308375 ], [ 336920.905879361729603, 6730074.081022621132433 ], [ 336927.861421075765975, 6730043.577086587436497 ], [ 336926.088207391032483, 6730023.921601114794612 ], [ 336901.575026290374808, 6730018.983442533761263 ], [ 336900.127959718753118, 6730019.649054272100329 ], [ 336889.870372000616044, 6730022.790065548382699 ], [ 336886.511501386878081, 6730026.463014045730233 ], [ 336884.733771973114926, 6730028.520283571444452 ], [ 336879.776333085726947, 6730034.291518571786582 ], [ 336879.551158607471734, 6730034.537749693728983 ], [ 336871.022199664963409, 6730044.935564399696887 ], [ 336868.859361421549693, 6730047.619988813064992 ], [ 336867.322567684168462, 6730047.178571364842355 ], [ 336860.840206078020856, 6730057.96511170361191 ], [ 336848.332655104924925, 6730078.760219312272966 ], [ 336847.99890014732955, 6730079.650523324497044 ], [ 336840.560284042498097, 6730099.290699555538595 ], [ 336850.093939497717656, 6730105.789140484295785 ], [ 336849.533662498230115, 6730107.328871189616621 ], [ 336845.705557340348605, 6730118.004375998862088 ], [ 336840.043650286504999, 6730116.079061848111451 ], [ 336837.903612251800951, 6730120.129171502776444 ], [ 336838.705498207884375, 6730120.436839130707085 ], [ 336832.639904187060893, 6730138.647623038850725 ], [ 336822.158657476073131, 6730148.986618912778795 ], [ 336818.298891821526922, 6730161.993815601803362 ], [ 336808.918496339581907, 6730188.299974078312516 ], [ 336810.146332391770557, 6730196.237964931875467 ], [ 336815.78438210033346, 6730200.671556112356484 ], [ 336826.126364259864204, 6730208.489835226908326 ], [ 336820.064414950902574, 6730217.683689915575087 ], [ 336801.366775961592793, 6730211.936827076599002 ], [ 336794.145439224434085, 6730229.413244805298746 ], [ 336787.691965353442356, 6730252.940907618030906 ], [ 336797.681084031471983, 6730255.603215786628425 ], [ 336795.476300816517323, 6730264.287194235250354 ], [ 336803.719031507731415, 6730271.424029312096536 ], [ 336808.561644734349102, 6730282.18637587223202 ], [ 336814.572952039423399, 6730289.198584247380495 ], [ 336815.649648586986586, 6730301.174449764192104 ], [ 336821.630568175110966, 6730307.086801748722792 ], [ 336822.895600571006071, 6730309.349650274962187 ], [ 336825.735238497843966, 6730313.75310501921922 ], [ 336827.606921993137803, 6730315.496739760041237 ], [ 336829.949345354223624, 6730320.227608594112098 ], [ 336831.120554834022187, 6730322.593041126616299 ], [ 336838.210361199860927, 6730322.575291316024959 ], [ 336841.970025607326534, 6730318.821382515132427 ], [ 336843.631149099441245, 6730312.182794515043497 ] ] ] ] } },
{ "type": "Feature", "properties": { "fid": 1393, "full_id": "w532676822", "osm_id": "532676822", "osm_type": "way", "highway": "trunk", "loc_name": null, "sidewalk": null, "layer": null, "hgv": null, "motorcar": null, "lit": "yes", "lanes": "2", "junction": null, "surface": "asphalt", "ref": "А-121", "oneway": "yes", "name": "«Сортавала»", "maxspeed": "RU:urban", "int_ref": null }, "geometry": { "type": "MultiPolygon", "coordinates": [ [ [ [ 336925.050299717462622, 6730012.416738854721189 ], [ 336923.610029516974464, 6730009.049028894864023 ], [ 336901.575026290374808, 6730018.983442533761263 ], [ 336926.088207391032483, 6730023.921601114794612 ], [ 336925.050299717462622, 6730012.416738854721189 ] ] ] ] } },
{ "type": "Feature", "properties": { "fid": 1393, "full_id": "w532676822", "osm_id": "532676822", "osm_type": "way", "highway": "trunk", "loc_name": null, "sidewalk": null, "layer": null, "hgv": null, "motorcar": null, "lit": "yes", "lanes": "2", "junction": null, "surface": "asphalt", "ref": "А-121", "oneway": "yes", "name": "«Сортавала»", "maxspeed": "RU:urban", "int_ref": null }, "geometry": { "type": "MultiPolygon", "coordinates": [ [ [ [ 336834.792327049130108, 6729937.096366562880576 ], [ 336803.631979316705838, 6729939.907487920485437 ], [ 336774.865411828737706, 6729952.210100206546485 ], [ 336751.30849663936533, 6729972.799938011914492 ], [ 336735.267148738086689, 6729999.661524555645883 ], [ 336716.481325818167534, 6730046.522581283934414 ], [ 336715.585746725904755, 6730048.8395059062168 ], [ 336707.900560104113538, 6730069.480335336178541 ], [ 336703.216443332610652, 6730081.999083017930388 ], [ 336701.706143953721039, 6730086.336464319378138 ], [ 336693.861194847500883, 6730110.650235019624233 ], [ 336693.434535250184126, 6730112.005446450784802 ], [ 336692.70202797226375, 6730114.391168529167771 ], [ 336707.286156672402285, 6730144.254087376408279 ], [ 336708.850180548673961, 6730147.457170487381518 ], [ 336705.872230173321441, 6730147.809067133814096 ], [ 336699.485229471465573, 6730148.56199362128973 ], [ 336687.398315397440456, 6730150.016930529847741 ], [ 336683.463451096613426, 6730149.25215904507786 ], [ 336682.08073946274817, 6730148.983920379541814 ], [ 336678.904682614898775, 6730159.328102849423885 ], [ 336670.407550639647525, 6730186.047111758962274 ], [ 336667.913354711374268, 6730193.449947925284505 ], [ 336665.907418831135146, 6730200.17482615634799 ], [ 336658.178039200836793, 6730229.852049580775201 ], [ 336655.473770424665418, 6730240.228793678805232 ], [ 336655.231771903694607, 6730241.176346212625504 ], [ 336654.9441011523013, 6730242.326151192188263 ], [ 336661.169900147535373, 6730252.270317543298006 ], [ 336679.029515040107071, 6730254.318237419240177 ], [ 336672.720114172901958, 6730266.719063857570291 ], [ 336671.150380501057953, 6730271.175786354579031 ], [ 336669.14601107314229, 6730277.333630124107003 ], [ 336666.486777289421298, 6730285.114126131869853 ], [ 336662.351655933598522, 6730297.248708116821945 ], [ 336659.966725373757072, 6730304.131771642714739 ], [ 336653.890685381018557, 6730317.328092735260725 ], [ 336651.508028342796024, 6730324.692802389152348 ], [ 336648.509400153241586, 6730334.101157098077238 ], [ 336645.490686716279015, 6730343.500574138015509 ], [ 336644.746549757779576, 6730347.919616694562137 ], [ 336643.905943405348808, 6730353.247606305405498 ], [ 336642.72095675120363, 6730360.095591341145337 ], [ 336641.971026948769577, 6730364.819674541242421 ], [ 336635.030519016145263, 6730385.842204330489039 ], [ 336631.379421234480105, 6730396.974287276156247 ], [ 336633.025320954096969, 6730404.469511805102229 ], [ 336648.850564785243478, 6730431.458978857845068 ], [ 336672.241470041219145, 6730452.237218085676432 ], [ 336673.519995302951429, 6730452.796185898594558 ], [ 336701.716436388902366, 6730391.368910285644233 ], [ 336703.004703003331088, 6730382.894023410044611 ], [ 336703.186504626763053, 6730380.830845622345805 ], [ 336699.510532154177781, 6730378.825336381793022 ], [ 336706.121328359236941, 6730365.260851620696485 ], [ 336704.27239214128349, 6730364.450314773246646 ], [ 336706.760089797899127, 6730352.902292056009173 ], [ 336709.969241642975248, 6730337.732646112330258 ], [ 336715.984243717393838, 6730322.327043150551617 ], [ 336723.349678564001806, 6730325.767288404516876 ], [ 336723.286694048205391, 6730324.816431910730898 ], [ 336729.94465711270459, 6730297.572987209074199 ], [ 336733.643503211904317, 6730294.454920843243599 ], [ 336740.07377692515729, 6730268.263874991796911 ], [ 336736.878846912644804, 6730264.712341881357133 ], [ 336738.641215448500589, 6730258.427889815531671 ], [ 336745.358735263813287, 6730243.73731051851064 ], [ 336749.078605074668303, 6730244.541400475427508 ], [ 336753.092145092843566, 6730231.025936621241271 ], [ 336758.38835871045012, 6730211.503389768302441 ], [ 336760.540371125563979, 6730203.391944199800491 ], [ 336762.73393277800642, 6730195.760386520065367 ], [ 336767.507528089219704, 6730179.466884598135948 ], [ 336768.943526361719705, 6730168.172697755508125 ], [ 336768.581327359308489, 6730162.378098937682807 ], [ 336771.56219017499825, 6730149.106016749516129 ], [ 336770.648055102676153, 6730131.183285092003644 ], [ 336776.22011884796666, 6730114.686022335663438 ], [ 336778.120093913283199, 6730115.317351571284235 ], [ 336780.89969420817215, 6730116.23313423525542 ], [ 336787.346559356665239, 6730099.479697853326797 ], [ 336782.885441955295391, 6730097.106504438444972 ], [ 336798.833067503059283, 6730071.838073881343007 ], [ 336801.295170185621828, 6730068.805684082210064 ], [ 336818.314672821958084, 6730047.60840062238276 ], [ 336820.326469036401249, 6730045.06847455073148 ], [ 336825.011250708950683, 6730027.6771648125723 ], [ 336825.870021690672729, 6730024.471874973736703 ], [ 336833.509427928132936, 6730002.314708953723311 ], [ 336839.910382426576689, 6729983.675019924528897 ], [ 336840.320079344441183, 6729983.154895753599703 ], [ 336843.870473054645117, 6729971.999976172111928 ], [ 336850.548106442089193, 6729952.944415817037225 ], [ 336849.213390162447467, 6729948.285194299183786 ], [ 336845.327812256175093, 6729939.498679718934 ], [ 336834.792327049130108, 6729937.096366562880576 ] ] ] ] } },
{ "type": "Feature", "properties": { "fid": 1393, "full_id": "w532676822", "osm_id": "532676822", "osm_type": "way", "highway": "trunk", "loc_name": null, "sidewalk": null, "layer": null, "hgv": null, "motorcar": null, "lit": "yes", "lanes": "2", "junction": null, "surface": "asphalt", "ref": "А-121", "oneway": "yes", "name": "«Сортавала»", "maxspeed": "RU:urban", "int_ref": null }, "geometry": { "type": "MultiPolygon", "coordinates": [ [ [ [ 336872.597353521501645, 6730209.882998983375728 ], [ 336866.358901479747146, 6730204.850503923371434 ], [ 336866.191196888568811, 6730208.958278357982635 ], [ 336871.377631116949487, 6730213.855544727295637 ], [ 336872.597353521501645, 6730209.882998983375728 ] ] ] ] } },
{ "type": "Feature", "properties": { "fid": 1394, "full_id": "w532676824", "osm_id": "532676824", "osm_type": "way", "highway": "trunk", "loc_name": null, "sidewalk": null, "layer": null, "hgv": null, "motorcar": null, "lit": "yes", "lanes": "2", "junction": null, "surface": "asphalt", "ref": "А-121", "oneway": "yes", "name": "«Сортавала»", "maxspeed": "RU:urban", "int_ref": null }, "geometry": { "type": "MultiPolygon", "coordinates": [ [ [ [ 336719.038260304543655, 6730279.387979535385966 ], [ 336688.308524835738353, 6730285.266162257641554 ], [ 336661.364978778641671, 6730300.096322068944573 ], [ 336659.966725373757072, 6730304.131771642714739 ], [ 336653.890685381018557, 6730317.328092735260725 ], [ 336651.508028342796024, 6730324.692802389152348 ], [ 336648.509400153241586, 6730334.101157098077238 ], [ 336645.490686716279015, 6730343.500574138015509 ], [ 336644.746549757779576, 6730347.919616694562137 ], [ 336643.905943405348808, 6730353.247606305405498 ], [ 336642.72095675120363, 6730360.095591341145337 ], [ 336641.971026948769577, 6730364.819674541242421 ], [ 336635.030519016145263, 6730385.842204330489039 ], [ 336623.962432181579061, 6730419.588454928249121 ], [ 336620.582504195044748, 6730429.702208736911416 ], [ 336630.222016584477387, 6730434.2085513882339 ], [ 336617.773405182058923, 6730467.909128456376493 ], [ 336614.809805559227243, 6730475.919445580802858 ], [ 336607.532408316270448, 6730495.590153618715703 ], [ 336605.234355958178639, 6730501.348122051917017 ], [ 336610.73363600531593, 6730502.306877291761339 ], [ 336615.234976865816861, 6730502.544228261336684 ], [ 336653.574997158139013, 6730495.478732790797949 ], [ 336654.989617974730209, 6730492.376284220255911 ], [ 336659.72009306360269, 6730491.15798563696444 ], [ 336656.439528566785157, 6730489.183740450069308 ], [ 336657.940808725717943, 6730485.821714623831213 ], [ 336659.141032176907174, 6730483.200951404869556 ], [ 336660.278271788032725, 6730480.494569305330515 ], [ 336663.977685981546529, 6730473.07020225841552 ], [ 336667.044611288351007, 6730466.893779092468321 ], [ 336670.879391167196445, 6730458.548866442404687 ], [ 336701.716436388902366, 6730391.368910285644233 ], [ 336703.004703003331088, 6730382.894023410044611 ], [ 336703.186504626763053, 6730380.830845622345805 ], [ 336699.510532154177781, 6730378.825336381793022 ], [ 336706.121328359236941, 6730365.260851620696485 ], [ 336704.27239214128349, 6730364.450314773246646 ], [ 336706.760089797899127, 6730352.902292056009173 ], [ 336709.969241642975248, 6730337.732646112330258 ], [ 336715.984243717393838, 6730322.327043150551617 ], [ 336723.349678564001806, 6730325.767288404516876 ], [ 336723.286694048205391, 6730324.816431910730898 ], [ 336729.94465711270459, 6730297.572987209074199 ], [ 336733.643503211904317, 6730294.454920843243599 ], [ 336736.79418812377844, 6730281.621916111558676 ], [ 336719.038260304543655, 6730279.387979535385966 ] ] ] ] } },
{ "type": "Feature", "properties": { "fid": 1478, "full_id": "w594284741", "osm_id": "594284741", "osm_type": "way", "highway": "trunk", "loc_name": "Новоприозерское шоссе", "sidewalk": null, "layer": null, "hgv": null, "motorcar": null, "lit": "yes", "lanes": "2", "junction": null, "surface": "asphalt", "ref": "А-121", "oneway": "yes", "name": "«Сортавала»", "maxspeed": "RU:urban", "int_ref": null }, "geometry": { "type": "MultiPolygon", "coordinates": [ [ [ [ 336925.788680281315465, 6730010.535991773940623 ], [ 336936.04072032001568, 6730002.89871412049979 ], [ 336926.146628375921864, 6730007.905411077663302 ], [ 336903.873378933174536, 6730017.947237292304635 ], [ 336925.788680281315465, 6730010.535991773940623 ] ] ] ] } },
{ "type": "Feature", "properties": { "fid": 1478, "full_id": "w594284741", "osm_id": "594284741", "osm_type": "way", "highway": "trunk", "loc_name": "Новоприозерское шоссе", "sidewalk": null, "layer": null, "hgv": null, "motorcar": null, "lit": "yes", "lanes": "2", "junction": null, "surface": "asphalt", "ref": "А-121", "oneway": "yes", "name": "«Сортавала»", "maxspeed": "RU:urban", "int_ref": null }, "geometry": { "type": "MultiPolygon", "coordinates": [ [ [ [ 336780.753726307651959, 6729938.805928248912096 ], [ 336790.776611321081873, 6729968.443935099989176 ], [ 336809.467589221545495, 6729993.534112843684852 ], [ 336831.222857070388272, 6730008.946628835983574 ], [ 336833.509427928132936, 6730002.314708953723311 ], [ 336839.910382426576689, 6729983.675019924528897 ], [ 336840.320079344441183, 6729983.154895753599703 ], [ 336843.870473054645117, 6729971.999976172111928 ], [ 336850.548106442089193, 6729952.944415817037225 ], [ 336849.213390162447467, 6729948.285194299183786 ], [ 336839.025506773381494, 6729925.247183454222977 ], [ 336840.18934305687435, 6729924.85008049942553 ], [ 336837.016709589166567, 6729917.894772344268858 ], [ 336806.175675259437412, 6729930.596201865002513 ], [ 336800.619676794798579, 6729917.58389600366354 ], [ 336798.707484041107818, 6729918.850890828296542 ], [ 336780.668035234033596, 6729931.631876484490931 ], [ 336780.753726307651959, 6729938.805928248912096 ] ] ] ] } },
{ "type": "Feature", "properties": { "fid": 1712, "full_id": "w709381823", "osm_id": "709381823", "osm_type": "way", "highway": "trunk", "loc_name": "Новоприозерское шоссе", "sidewalk": null, "layer": null, "hgv": null, "motorcar": null, "lit": "yes", "lanes": "2", "junction": null, "surface": "asphalt", "ref": "А-121", "oneway": "yes", "name": "«Сортавала»", "maxspeed": "RU:urban", "int_ref": null }, "geometry": { "type": "MultiPolygon", "coordinates": [ [ [ [ 336843.812044514052104, 6730094.169039569795132 ], [ 336875.079931598971598, 6730093.078667458146811 ], [ 336904.480515849252697, 6730082.379353469237685 ], [ 336929.135863232600968, 6730063.118421002291143 ], [ 336946.632536563207395, 6730037.181264325045049 ], [ 336950.572795947315171, 6730028.73242645803839 ], [ 336926.544099507736973, 6730024.013440176844597 ], [ 336901.575026290374808, 6730018.983442533761263 ], [ 336900.127959718753118, 6730019.649054272100329 ], [ 336889.870372000616044, 6730022.790065548382699 ], [ 336886.511501386878081, 6730026.463014045730233 ], [ 336884.733771973114926, 6730028.520283571444452 ], [ 336879.776333085726947, 6730034.291518571786582 ], [ 336879.551158607471734, 6730034.537749693728983 ], [ 336871.022199664963409, 6730044.935564399696887 ], [ 336868.859361421549693, 6730047.619988813064992 ], [ 336867.322567684168462, 6730047.178571364842355 ], [ 336860.840206078020856, 6730057.96511170361191 ], [ 336848.332655104924925, 6730078.760219312272966 ], [ 336847.99890014732955, 6730079.650523324497044 ], [ 336842.6286326572299, 6730093.829639228060842 ], [ 336843.812044514052104, 6730094.169039569795132 ] ] ] ] } },
{ "type": "Feature", "properties": { "fid": 1712, "full_id": "w709381823", "osm_id": "709381823", "osm_type": "way", "highway": "trunk", "loc_name": "Новоприозерское шоссе", "sidewalk": null, "layer": null, "hgv": null, "motorcar": null, "lit": "yes", "lanes": "2", "junction": null, "surface": "asphalt", "ref": "А-121", "oneway": "yes", "name": "«Сортавала»", "maxspeed": "RU:urban", "int_ref": null }, "geometry": { "type": "MultiPolygon", "coordinates": [ [ [ [ 336963.547004887601361, 6730000.912687425501645 ], [ 336970.474696606688667, 6729987.19243329577148 ], [ 336966.568468168319669, 6729988.879779540002346 ], [ 336965.985091795329936, 6729987.745995267294347 ], [ 336926.146628375921864, 6730007.905411077663302 ], [ 336901.575026290374808, 6730018.983442533761263 ], [ 336926.544099507736973, 6730024.013440176844597 ], [ 336950.572795947315171, 6730028.73242645803839 ], [ 336963.547004887601361, 6730000.912687425501645 ] ] ] ] } },
{ "type": "Feature", "properties": { "fid": 1712, "full_id": "w709381823", "osm_id": "709381823", "osm_type": "way", "highway": "trunk", "loc_name": "Новоприозерское шоссе", "sidewalk": null, "layer": null, "hgv": null, "motorcar": null, "lit": "yes", "lanes": "2", "junction": null, "surface": "asphalt", "ref": "А-121", "oneway": "yes", "name": "«Сортавала»", "maxspeed": "RU:urban", "int_ref": null }, "geometry": { "type": "MultiPolygon", "coordinates": [ [ [ [ 336765.375100980163552, 6729952.648773259483278 ], [ 336756.749797994445544, 6729982.723244534805417 ], [ 336757.840170105802827, 6730013.991131619550288 ], [ 336768.539484094944783, 6730043.391715870238841 ], [ 336787.800416562065948, 6730068.04706325288862 ], [ 336797.216724112804513, 6730074.399110983125865 ], [ 336798.833067503059283, 6730071.838073881343007 ], [ 336801.295170185621828, 6730068.805684082210064 ], [ 336818.314672821958084, 6730047.60840062238276 ], [ 336820.326469036401249, 6730045.06847455073148 ], [ 336825.011250708950683, 6730027.6771648125723 ], [ 336825.870021690672729, 6730024.471874973736703 ], [ 336833.509427928132936, 6730002.314708953723311 ], [ 336839.910382426576689, 6729983.675019924528897 ], [ 336840.320079344441183, 6729983.154895753599703 ], [ 336843.870473054645117, 6729971.999976172111928 ], [ 336850.548106442089193, 6729952.944415817037225 ], [ 336849.213390162447467, 6729948.285194299183786 ], [ 336839.025506773381494, 6729925.247183454222977 ], [ 336840.18934305687435, 6729924.85008049942553 ], [ 336837.016709589166567, 6729917.894772344268858 ], [ 336806.175675259437412, 6729930.596201865002513 ], [ 336800.619676794798579, 6729917.58389600366354 ], [ 336798.707484041107818, 6729918.850890828296542 ], [ 336775.807712804700714, 6729935.075424673035741 ], [ 336773.748694389185403, 6729934.693830151110888 ], [ 336765.375100980163552, 6729952.648773259483278 ] ] ] ] } },
{ "type": "Feature", "properties": { "fid": 1713, "full_id": "w709381825", "osm_id": "709381825", "osm_type": "way", "highway": "trunk", "loc_name": null, "sidewalk": null, "layer": null, "hgv": null, "motorcar": null, "lit": "yes", "lanes": "3", "junction": null, "surface": "asphalt", "ref": "А-121", "oneway": "yes", "name": "«Сортавала»", "maxspeed": "RU:urban", "int_ref": null }, "geometry": { "type": "MultiPolygon", "coordinates": [ [ [ [ 336814.959400053950958, 6729940.560647185891867 ], [ 336833.107212496281136, 6729966.0464584864676 ], [ 336843.349152285489254, 6729973.637904731556773 ], [ 336843.870473054645117, 6729971.999976172111928 ], [ 336850.548106442089193, 6729952.944415817037225 ], [ 336849.213390162447467, 6729948.285194299183786 ], [ 336839.025506773381494, 6729925.247183454222977 ], [ 336840.18934305687435, 6729924.85008049942553 ], [ 336837.016709589166567, 6729917.894772344268858 ], [ 336811.178654825373087, 6729928.53579780459404 ], [ 336814.959400053950958, 6729940.560647185891867 ] ] ] ] } },
{ "type": "Feature", "properties": { "fid": 1714, "full_id": "w709381826", "osm_id": "709381826", "osm_type": "way", "highway": "trunk", "loc_name": null, "sidewalk": null, "layer": null, "hgv": null, "motorcar": null, "lit": "yes", "lanes": "2", "junction": null, "surface": "asphalt", "ref": "А-121", "oneway": "yes", "name": "«Сортавала»", "maxspeed": "RU:urban", "int_ref": null }, "geometry": { "type": "MultiPolygon", "coordinates": [ [ [ [ 336859.241151432797778, 6730290.599542928859591 ], [ 336868.750382843369152, 6730256.515955956652761 ], [ 336876.66417573147919, 6730231.081386130303144 ], [ 336879.601133483869489, 6730221.620548545382917 ], [ 336866.191196888568811, 6730208.958278357982635 ], [ 336866.358901479747146, 6730204.850503923371434 ], [ 336881.112474070221651, 6730216.75205909833312 ], [ 336882.74844511091942, 6730211.482096907682717 ], [ 336887.235731110267807, 6730180.518667858093977 ], [ 336881.935167920251843, 6730149.684049262665212 ], [ 336867.365611597080715, 6730121.996548424474895 ], [ 336844.953231825726107, 6730100.166410837322474 ], [ 336840.972069386101793, 6730098.203462816774845 ], [ 336840.560284042498097, 6730099.290699555538595 ], [ 336850.093939497717656, 6730105.789140484295785 ], [ 336849.533662498230115, 6730107.328871189616621 ], [ 336845.705557340348605, 6730118.004375998862088 ], [ 336840.043650286504999, 6730116.079061848111451 ], [ 336837.903612251800951, 6730120.129171502776444 ], [ 336838.705498207884375, 6730120.436839130707085 ], [ 336832.639904187060893, 6730138.647623038850725 ], [ 336822.158657476073131, 6730148.986618912778795 ], [ 336818.298891821526922, 6730161.993815601803362 ], [ 336808.918496339581907, 6730188.299974078312516 ], [ 336810.146332391770557, 6730196.237964931875467 ], [ 336815.78438210033346, 6730200.671556112356484 ], [ 336826.126364259864204, 6730208.489835226908326 ], [ 336820.064414950902574, 6730217.683689915575087 ], [ 336801.366775961592793, 6730211.936827076599002 ], [ 336794.145439224434085, 6730229.413244805298746 ], [ 336787.691965353442356, 6730252.940907618030906 ], [ 336797.681084031471983, 6730255.603215786628425 ], [ 336795.476300816517323, 6730264.287194235250354 ], [ 336803.719031507731415, 6730271.424029312096536 ], [ 336808.561644734349102, 6730282.18637587223202 ], [ 336814.572952039423399, 6730289.198584247380495 ], [ 336815.649648586986586, 6730301.174449764192104 ], [ 336821.630568175110966, 6730307.086801748722792 ], [ 336822.895600571006071, 6730309.349650274962187 ], [ 336825.735238497843966, 6730313.75310501921922 ], [ 336827.606921993137803, 6730315.496739760041237 ], [ 336829.949345354223624, 6730320.227608594112098 ], [ 336831.120554834022187, 6730322.593041126616299 ], [ 336838.210361199860927, 6730322.575291316024959 ], [ 336842.976974699238781, 6730317.815974944271147 ], [ 336847.759190881508403, 6730314.265310883522034 ], [ 336853.726601102040149, 6730309.490704295225441 ], [ 336854.209410463285167, 6730309.394586840644479 ], [ 336859.241151432797778, 6730290.599542928859591 ] ] ] ] } },
{ "type": "Feature", "properties": { "fid": 1714, "full_id": "w709381826", "osm_id": "709381826", "osm_type": "way", "highway": "trunk", "loc_name": null, "sidewalk": null, "layer": null, "hgv": null, "motorcar": null, "lit": "yes", "lanes": "2", "junction": null, "surface": "asphalt", "ref": "А-121", "oneway": "yes", "name": "«Сортавала»", "maxspeed": "RU:urban", "int_ref": null }, "geometry": { "type": "MultiPolygon", "coordinates": [ [ [ [ 336677.341485178505536, 6730198.508886478841305 ], [ 336676.504859072214458, 6730201.344905533827841 ], [ 336666.457240264164284, 6730237.358214573003352 ], [ 336666.180472578387707, 6730238.370722047053277 ], [ 336662.42091901547974, 6730252.413768923841417 ], [ 336679.029515040107071, 6730254.318237419240177 ], [ 336672.720114172901958, 6730266.719063857570291 ], [ 336671.150380501057953, 6730271.175786354579031 ], [ 336669.14601107314229, 6730277.333630124107003 ], [ 336666.486777289421298, 6730285.114126131869853 ], [ 336662.351655933598522, 6730297.248708116821945 ], [ 336659.966725373757072, 6730304.131771642714739 ], [ 336653.890685381018557, 6730317.328092735260725 ], [ 336651.508028342796024, 6730324.692802389152348 ], [ 336648.509400153241586, 6730334.101157098077238 ], [ 336645.490686716279015, 6730343.500574138015509 ], [ 336644.746549757779576, 6730347.919616694562137 ], [ 336643.905943405348808, 6730353.247606305405498 ], [ 336642.72095675120363, 6730360.095591341145337 ], [ 336641.971026948769577, 6730364.819674541242421 ], [ 336636.612887237337418, 6730381.049272257834673 ], [ 336642.036565433139913, 6730406.46479282155633 ], [ 336657.701874600490555, 6730433.547402791678905 ], [ 336675.154178172815591, 6730449.236041508615017 ], [ 336701.716436388902366, 6730391.368910285644233 ], [ 336703.004703003331088, 6730382.894023410044611 ], [ 336703.186504626763053, 6730380.830845622345805 ], [ 336699.510532154177781, 6730378.825336381793022 ], [ 336706.121328359236941, 6730365.260851620696485 ], [ 336704.27239214128349, 6730364.450314773246646 ], [ 336706.760089797899127, 6730352.902292056009173 ], [ 336709.969241642975248, 6730337.732646112330258 ], [ 336715.984243717393838, 6730322.327043150551617 ], [ 336723.349678564001806, 6730325.767288404516876 ], [ 336723.286694048205391, 6730324.816431910730898 ], [ 336729.94465711270459, 6730297.572987209074199 ], [ 336733.643503211904317, 6730294.454920843243599 ], [ 336740.07377692515729, 6730268.263874991796911 ], [ 336736.878846912644804, 6730264.712341881357133 ], [ 336738.641215448500589, 6730258.427889815531671 ], [ 336745.358735263813287, 6730243.73731051851064 ], [ 336749.078605074668303, 6730244.541400475427508 ], [ 336753.092145092843566, 6730231.025936621241271 ], [ 336758.38835871045012, 6730211.503389768302441 ], [ 336760.540371125563979, 6730203.391944199800491 ], [ 336762.73393277800642, 6730195.760386520065367 ], [ 336767.507528089219704, 6730179.466884598135948 ], [ 336768.943526361719705, 6730168.172697755508125 ], [ 336768.581327359308489, 6730162.378098937682807 ], [ 336771.56219017499825, 6730149.106016749516129 ], [ 336770.648055102676153, 6730131.183285092003644 ], [ 336776.22011884796666, 6730114.686022335663438 ], [ 336778.120093913283199, 6730115.317351571284235 ], [ 336780.89969420817215, 6730116.23313423525542 ], [ 336787.346559356665239, 6730099.479697853326797 ], [ 336782.885441955295391, 6730097.106504438444972 ], [ 336791.966280381719116, 6730082.718247422017157 ], [ 336785.928479445748962, 6730081.843236467801034 ], [ 336755.093860849679913, 6730087.143799657933414 ], [ 336727.40636001189705, 6730101.713355980813503 ], [ 336705.576222424511798, 6730124.125735752284527 ], [ 336701.496755009167828, 6730132.399527148343623 ], [ 336707.286156672402285, 6730144.254087376408279 ], [ 336708.850180548673961, 6730147.457170487381518 ], [ 336705.872230173321441, 6730147.809067133814096 ], [ 336699.485229471465573, 6730148.56199362128973 ], [ 336693.15181088144891, 6730149.324365588836372 ], [ 336691.740334054164123, 6730152.187059083022177 ], [ 336685.684924234112259, 6730171.693453443236649 ], [ 336677.341485178505536, 6730198.508886478841305 ] ] ] ] } },
{ "type": "Feature", "properties": { "fid": 1714, "full_id": "w709381826", "osm_id": "709381826", "osm_type": "way", "highway": "trunk", "loc_name": null, "sidewalk": null, "layer": null, "hgv": null, "motorcar": null, "lit": "yes", "lanes": "2", "junction": null, "surface": "asphalt", "ref": "А-121", "oneway": "yes", "name": "«Сортавала»", "maxspeed": "RU:urban", "int_ref": null }, "geometry": { "type": "MultiPolygon", "coordinates": [ [ [ [ 336881.112474070221651, 6730216.75205909833312 ], [ 336866.358901479747146, 6730204.850503923371434 ], [ 336866.191196888568811, 6730208.958278357982635 ], [ 336879.601133483869489, 6730221.620548545382917 ], [ 336881.112474070221651, 6730216.75205909833312 ] ] ] ] } },
{ "type": "Feature", "properties": { "fid": 1720, "full_id": "w710495669", "osm_id": "710495669", "osm_type": "way", "highway": "trunk", "loc_name": null, "sidewalk": null, "layer": null, "hgv": null, "motorcar": null, "lit": "yes", "lanes": "2", "junction": null, "surface": "asphalt", "ref": "А-121", "oneway": "yes", "name": "«Сортавала»", "maxspeed": "RU:urban", "int_ref": null }, "geometry": { "type": "MultiPolygon", "coordinates": [ [ [ [ 336730.57190605730284, 6730281.533986255526543 ], [ 336699.744263468368445, 6730286.874971793033183 ], [ 336672.075888399907853, 6730301.480816348455846 ], [ 336652.497594107931945, 6730321.63408918492496 ], [ 336651.508028342796024, 6730324.692802389152348 ], [ 336648.509400153241586, 6730334.101157098077238 ], [ 336645.490686716279015, 6730343.500574138015509 ], [ 336644.746549757779576, 6730347.919616694562137 ], [ 336643.905943405348808, 6730353.247606305405498 ], [ 336642.72095675120363, 6730360.095591341145337 ], [ 336641.971026948769577, 6730364.819674541242421 ], [ 336635.030519016145263, 6730385.842204330489039 ], [ 336623.962432181579061, 6730419.588454928249121 ], [ 336620.582504195044748, 6730429.702208736911416 ], [ 336630.222016584477387, 6730434.2085513882339 ], [ 336617.773405182058923, 6730467.909128456376493 ], [ 336614.809805559227243, 6730475.919445580802858 ], [ 336607.532408316270448, 6730495.590153618715703 ], [ 336605.234355958178639, 6730501.348122051917017 ], [ 336610.73363600531593, 6730502.306877291761339 ], [ 336615.234976865816861, 6730502.544228261336684 ], [ 336653.574997158139013, 6730495.478732790797949 ], [ 336654.989617974730209, 6730492.376284220255911 ], [ 336659.72009306360269, 6730491.15798563696444 ], [ 336656.439528566785157, 6730489.183740450069308 ], [ 336657.940808725717943, 6730485.821714623831213 ], [ 336659.141032176907174, 6730483.200951404869556 ], [ 336660.278271788032725, 6730480.494569305330515 ], [ 336663.977685981546529, 6730473.07020225841552 ], [ 336667.044611288351007, 6730466.893779092468321 ], [ 336670.879391167196445, 6730458.548866442404687 ], [ 336701.716436388902366, 6730391.368910285644233 ], [ 336703.004703003331088, 6730382.894023410044611 ], [ 336703.186504626763053, 6730380.830845622345805 ], [ 336699.510532154177781, 6730378.825336381793022 ], [ 336706.121328359236941, 6730365.260851620696485 ], [ 336704.27239214128349, 6730364.450314773246646 ], [ 336706.760089797899127, 6730352.902292056009173 ], [ 336709.969241642975248, 6730337.732646112330258 ], [ 336715.984243717393838, 6730322.327043150551617 ], [ 336723.349678564001806, 6730325.767288404516876 ], [ 336723.286694048205391, 6730324.816431910730898 ], [ 336729.94465711270459, 6730297.572987209074199 ], [ 336733.643503211904317, 6730294.454920843243599 ], [ 336736.603163173422217, 6730282.399976805783808 ], [ 336730.57190605730284, 6730281.533986255526543 ] ] ] ] } },
{ "type": "Feature", "properties": { "fid": 1721, "full_id": "w710495670", "osm_id": "710495670", "osm_type": "way", "highway": "trunk", "loc_name": null, "sidewalk": null, "layer": null, "hgv": null, "motorcar": null, "lit": "yes", "lanes": "2", "junction": null, "surface": "asphalt", "ref": "А-121", "oneway": "yes", "name": "«Сортавала»", "maxspeed": "RU:urban", "int_ref": null }, "geometry": { "type": "MultiPolygon", "coordinates": [ [ [ [ 336637.487116556963883, 6730414.138536897487938 ], [ 336652.192427525704261, 6730441.754175644367933 ], [ 336670.488104396266863, 6730459.40035049803555 ], [ 336670.879391167196445, 6730458.548866442404687 ], [ 336701.716436388902366, 6730391.368910285644233 ], [ 336703.004703003331088, 6730382.894023410044611 ], [ 336703.186504626763053, 6730380.830845622345805 ], [ 336699.510532154177781, 6730378.825336381793022 ], [ 336706.121328359236941, 6730365.260851620696485 ], [ 336704.27239214128349, 6730364.450314773246646 ], [ 336706.760089797899127, 6730352.902292056009173 ], [ 336709.969241642975248, 6730337.732646112330258 ], [ 336715.984243717393838, 6730322.327043150551617 ], [ 336723.349678564001806, 6730325.767288404516876 ], [ 336723.286694048205391, 6730324.816431910730898 ], [ 336729.94465711270459, 6730297.572987209074199 ], [ 336733.643503211904317, 6730294.454920843243599 ], [ 336739.310274351271801, 6730271.37368521373719 ], [ 336733.558858727687038, 6730270.568986958824098 ], [ 336702.750634548719972, 6730276.02086709626019 ], [ 336675.134995801607147, 6730290.72617806494236 ], [ 336657.921913083759136, 6730308.57282199524343 ], [ 336653.890685381018557, 6730317.328092735260725 ], [ 336651.508028342796024, 6730324.692802389152348 ], [ 336648.509400153241586, 6730334.101157098077238 ], [ 336645.490686716279015, 6730343.500574138015509 ], [ 336644.746549757779576, 6730347.919616694562137 ], [ 336643.905943405348808, 6730353.247606305405498 ], [ 336642.72095675120363, 6730360.095591341145337 ], [ 336641.971026948769577, 6730364.819674541242421 ], [ 336635.030519016145263, 6730385.842204330489039 ], [ 336633.373689577449113, 6730390.893825470469892 ], [ 336637.487116556963883, 6730414.138536897487938 ] ] ] ] } },
{ "type": "Feature", "properties": { "fid": 1722, "full_id": "w710495671", "osm_id": "710495671", "osm_type": "way", "highway": "trunk", "loc_name": null, "sidewalk": null, "layer": null, "hgv": null, "motorcar": null, "lit": "yes", "lanes": "2", "junction": null, "surface": "asphalt", "ref": "А-121", "oneway": "yes", "name": "«Сортавала»", "maxspeed": "RU:urban", "int_ref": null }, "geometry": { "type": "MultiPolygon", "coordinates": [ [ [ [ 336727.953699901059736, 6730268.022359501570463 ], [ 336696.968329268274829, 6730272.355543186888099 ], [ 336668.838518016505986, 6730286.051651868969202 ], [ 336664.859748252609279, 6730289.888669740408659 ], [ 336662.351655933598522, 6730297.248708116821945 ], [ 336659.966725373757072, 6730304.131771642714739 ], [ 336653.890685381018557, 6730317.328092735260725 ], [ 336651.508028342796024, 6730324.692802389152348 ], [ 336648.509400153241586, 6730334.101157098077238 ], [ 336645.490686716279015, 6730343.500574138015509 ], [ 336644.746549757779576, 6730347.919616694562137 ], [ 336643.905943405348808, 6730353.247606305405498 ], [ 336642.72095675120363, 6730360.095591341145337 ], [ 336641.971026948769577, 6730364.819674541242421 ], [ 336635.030519016145263, 6730385.842204330489039 ], [ 336627.187104037089739, 6730409.756531294435263 ], [ 336640.275820245384239, 6730436.638846921734512 ], [ 336661.994183380913455, 6730459.159556875936687 ], [ 336668.906926644791383, 6730462.841171259060502 ], [ 336670.879391167196445, 6730458.548866442404687 ], [ 336701.716436388902366, 6730391.368910285644233 ], [ 336703.004703003331088, 6730382.894023410044611 ], [ 336703.186504626763053, 6730380.830845622345805 ], [ 336699.510532154177781, 6730378.825336381793022 ], [ 336706.121328359236941, 6730365.260851620696485 ], [ 336704.27239214128349, 6730364.450314773246646 ], [ 336706.760089797899127, 6730352.902292056009173 ], [ 336709.969241642975248, 6730337.732646112330258 ], [ 336715.984243717393838, 6730322.327043150551617 ], [ 336723.349678564001806, 6730325.767288404516876 ], [ 336723.286694048205391, 6730324.816431910730898 ], [ 336729.94465711270459, 6730297.572987209074199 ], [ 336733.643503211904317, 6730294.454920843243599 ], [ 336739.625766175799072, 6730270.088660467416048 ], [ 336727.953699901059736, 6730268.022359501570463 ] ] ] ] } },
{ "type": "Feature", "properties": { "fid": 1723, "full_id": "w710495698", "osm_id": "710495698", "osm_type": "way", "highway": "trunk", "loc_name": "Новоприозерское шоссе", "sidewalk": null, "layer": null, "hgv": null, "motorcar": null, "lit": "yes", "lanes": "3", "junction": null, "surface": "asphalt", "ref": "А-121", "oneway": "yes", "name": "«Сортавала»", "maxspeed": "RU:rural", "int_ref": null }, "geometry": { "type": "MultiPolygon", "coordinates": [ [ [ [ 336811.181130620185286, 6729938.223764115013182 ], [ 336831.324763184646145, 6729962.163349349983037 ], [ 336844.451806534547359, 6729970.341059820726514 ], [ 336850.548106442089193, 6729952.944415817037225 ], [ 336849.213390162447467, 6729948.285194299183786 ], [ 336839.025506773381494, 6729925.247183454222977 ], [ 336840.18934305687435, 6729924.85008049942553 ], [ 336837.016709589166567, 6729917.894772344268858 ], [ 336807.813620407076087, 6729929.921638079918921 ], [ 336811.181130620185286, 6729938.223764115013182 ] ] ] ] } },
{ "type": "Feature", "properties": { "fid": 1726, "full_id": "w710506055", "osm_id": "710506055", "osm_type": "way", "highway": "trunk", "loc_name": "Новоприозерское шоссе", "sidewalk": null, "layer": null, "hgv": null, "motorcar": null, "lit": "yes", "lanes": "2", "junction": null, "surface": "asphalt", "ref": "А-121", "oneway": "yes", "name": "«Сортавала»", "maxspeed": "RU:rural", "int_ref": null }, "geometry": { "type": "MultiPolygon", "coordinates": [ [ [ [ 337447.89475241623586, 6729022.863040179014206 ], [ 337449.365113652776927, 6729019.87312002107501 ], [ 337457.891176550823729, 6729001.78066230751574 ], [ 337450.921136080636643, 6728996.331968194805086 ], [ 337449.49366551428102, 6728997.006441642530262 ], [ 337443.439129637088627, 6729008.188397124409676 ], [ 337440.074984694714658, 6729006.560564384795725 ], [ 337434.876093077589758, 6729014.448175176046789 ], [ 337437.01309737470001, 6729024.216414542868733 ], [ 337433.596678656875156, 6729048.832095851190388 ], [ 337433.306600609328598, 6729051.127066781744361 ], [ 337433.311739318189211, 6729051.310205241665244 ], [ 337447.89475241623586, 6729022.863040179014206 ] ] ] ] } },
{ "type": "Feature", "properties": { "fid": 1728, "full_id": "w710506057", "osm_id": "710506057", "osm_type": "way", "highway": "trunk", "loc_name": "Новоприозерское шоссе", "sidewalk": null, "layer": null, "hgv": null, "motorcar": null, "lit": "yes", "lanes": "2", "junction": null, "surface": "asphalt", "ref": "А-121", "oneway": "yes", "name": "«Сортавала»", "maxspeed": "RU:rural", "int_ref": null }, "geometry": { "type": "MultiPolygon", "coordinates": [ [ [ [ 337451.076842514332384, 6729006.298261393792927 ], [ 337455.314396842499264, 6728999.766314688138664 ], [ 337450.921136080636643, 6728996.331968194805086 ], [ 337449.49366551428102, 6728997.006441642530262 ], [ 337443.439129637088627, 6729008.188397124409676 ], [ 337440.074984694714658, 6729006.560564384795725 ], [ 337434.876093077589758, 6729014.448175176046789 ], [ 337435.801800061250106, 6729018.679578647017479 ], [ 337451.076842514332384, 6729006.298261393792927 ] ] ] ] } },
{ "type": "Feature", "properties": { "fid": 1751, "full_id": "w710506091", "osm_id": "710506091", "osm_type": "way", "highway": "trunk", "loc_name": "Новоприозерское шоссе", "sidewalk": null, "layer": null, "hgv": null, "motorcar": null, "lit": "yes", "lanes": "2", "junction": null, "surface": "asphalt", "ref": "А-121", "oneway": "yes", "name": "«Сортавала»", "maxspeed": "RU:rural", "int_ref": null }, "geometry": { "type": "MultiPolygon", "coordinates": [ [ [ [ 337436.531403564440552, 6729070.976091362535954 ], [ 337467.008028799726162, 6729008.907584939152002 ], [ 337450.921136080636643, 6728996.331968194805086 ], [ 337449.49366551428102, 6728997.006441642530262 ], [ 337443.439129637088627, 6729008.188397124409676 ], [ 337440.074984694714658, 6729006.560564384795725 ], [ 337434.876093077589758, 6729014.448175176046789 ], [ 337437.01309737470001, 6729024.216414542868733 ], [ 337433.596678656875156, 6729048.832095851190388 ], [ 337433.306600609328598, 6729051.127066781744361 ], [ 337433.851508483523503, 6729070.547040126286447 ], [ 337435.051535378152039, 6729073.077691495418549 ], [ 337436.531403564440552, 6729070.976091362535954 ] ] ] ] } },
{ "type": "Feature", "properties": { "fid": 1932, "full_id": "w715598401", "osm_id": "715598401", "osm_type": "way", "highway": "trunk", "loc_name": "Новоприозерское шоссе", "sidewalk": null, "layer": null, "hgv": null, "motorcar": null, "lit": "yes", "lanes": "2", "junction": null, "surface": "asphalt", "ref": "А-121", "oneway": "yes", "name": "«Сортавала»", "maxspeed": "RU:rural", "int_ref": null }, "geometry": { "type": "MultiPolygon", "coordinates": [ [ [ [ 337435.867777888313867, 6729072.302667568437755 ], [ 337445.536818724358454, 6729042.547343282029033 ], [ 337445.537722140026744, 6729011.260450286790729 ], [ 337444.126943337148987, 6729006.918092953972518 ], [ 337443.439129637088627, 6729008.188397124409676 ], [ 337440.074984694714658, 6729006.560564384795725 ], [ 337434.876093077589758, 6729014.448175176046789 ], [ 337437.01309737470001, 6729024.216414542868733 ], [ 337433.596678656875156, 6729048.832095851190388 ], [ 337433.306600609328598, 6729051.127066781744361 ], [ 337433.851508483523503, 6729070.547040126286447 ], [ 337435.254622351552825, 6729073.505967169068754 ], [ 337435.867777888313867, 6729072.302667568437755 ] ] ] ] } },
{ "type": "Feature", "properties": { "fid": 1941, "full_id": "w717451296", "osm_id": "717451296", "osm_type": "way", "highway": "trunk", "loc_name": "Новоприозерское шоссе", "sidewalk": null, "layer": null, "hgv": null, "motorcar": null, "lit": "yes", "lanes": "3", "junction": null, "surface": "asphalt", "ref": "А-121", "oneway": "yes", "name": "«Сортавала»", "maxspeed": "RU:rural", "int_ref": null }, "geometry": { "type": "MultiPolygon", "coordinates": [ [ [ [ 336818.150183219753671, 6729938.763077207840979 ], [ 336836.916348493134137, 6729963.797068401239812 ], [ 336844.80018206773093, 6729969.346921537071466 ], [ 336850.548106442089193, 6729952.944415817037225 ], [ 336849.213390162447467, 6729948.285194299183786 ], [ 336839.025506773381494, 6729925.247183454222977 ], [ 336840.18934305687435, 6729924.85008049942553 ], [ 336837.016709589166567, 6729917.894772344268858 ], [ 336814.228380837012082, 6729927.279812691733241 ], [ 336818.150183219753671, 6729938.763077207840979 ] ] ] ] } },
{ "type": "Feature", "properties": { "fid": 1942, "full_id": "w717451309", "osm_id": "717451309", "osm_type": "way", "highway": "trunk", "loc_name": null, "sidewalk": null, "layer": null, "hgv": null, "motorcar": null, "lit": "yes", "lanes": "3", "junction": null, "surface": "asphalt", "ref": "А-121", "oneway": "yes", "name": "«Сортавала»", "maxspeed": "RU:urban", "int_ref": null }, "geometry": { "type": "MultiPolygon", "coordinates": [ [ [ [ 336819.249794739123899, 6730276.574506434611976 ], [ 336846.959586647106335, 6730262.047390186227858 ], [ 336868.824039006198291, 6730239.668485004454851 ], [ 336878.344465633679647, 6730220.433945778757334 ], [ 336866.191196888568811, 6730208.958278357982635 ], [ 336866.358901479747146, 6730204.850503923371434 ], [ 336880.436697520548478, 6730216.206917109899223 ], [ 336882.702906880818773, 6730211.628394052386284 ], [ 336895.372680434200447, 6730171.034809275530279 ], [ 336907.043252316128928, 6730135.057358285412192 ], [ 336911.922673103923444, 6730104.15329824667424 ], [ 336907.013398292765487, 6730073.253966620191932 ], [ 336892.795981906121597, 6730045.384005275554955 ], [ 336880.661409814318176, 6730033.261150692589581 ], [ 336879.776333085726947, 6730034.291518571786582 ], [ 336879.551158607471734, 6730034.537749693728983 ], [ 336871.022199664963409, 6730044.935564399696887 ], [ 336868.859361421549693, 6730047.619988813064992 ], [ 336867.322567684168462, 6730047.178571364842355 ], [ 336860.840206078020856, 6730057.96511170361191 ], [ 336848.332655104924925, 6730078.760219312272966 ], [ 336847.99890014732955, 6730079.650523324497044 ], [ 336840.560284042498097, 6730099.290699555538595 ], [ 336850.093939497717656, 6730105.789140484295785 ], [ 336849.533662498230115, 6730107.328871189616621 ], [ 336845.705557340348605, 6730118.004375998862088 ], [ 336840.043650286504999, 6730116.079061848111451 ], [ 336837.903612251800951, 6730120.129171502776444 ], [ 336838.705498207884375, 6730120.436839130707085 ], [ 336832.639904187060893, 6730138.647623038850725 ], [ 336822.158657476073131, 6730148.986618912778795 ], [ 336818.298891821526922, 6730161.993815601803362 ], [ 336808.918496339581907, 6730188.299974078312516 ], [ 336810.146332391770557, 6730196.237964931875467 ], [ 336815.78438210033346, 6730200.671556112356484 ], [ 336826.126364259864204, 6730208.489835226908326 ], [ 336820.064414950902574, 6730217.683689915575087 ], [ 336801.366775961592793, 6730211.936827076599002 ], [ 336794.145439224434085, 6730229.413244805298746 ], [ 336787.691965353442356, 6730252.940907618030906 ], [ 336797.681084031471983, 6730255.603215786628425 ], [ 336795.476300816517323, 6730264.287194235250354 ], [ 336803.719031507731415, 6730271.424029312096536 ], [ 336806.977108792518266, 6730278.664862972684205 ], [ 336819.249794739123899, 6730276.574506434611976 ] ] ] ] } },
{ "type": "Feature", "properties": { "fid": 1942, "full_id": "w717451309", "osm_id": "717451309", "osm_type": "way", "highway": "trunk", "loc_name": null, "sidewalk": null, "layer": null, "hgv": null, "motorcar": null, "lit": "yes", "lanes": "3", "junction": null, "surface": "asphalt", "ref": "А-121", "oneway": "yes", "name": "«Сортавала»", "maxspeed": "RU:urban", "int_ref": null }, "geometry": { "type": "MultiPolygon", "coordinates": [ [ [ [ 336704.621662060555536, 6730110.915266027674079 ], [ 336699.312250208749902, 6730127.926466678269207 ], [ 336707.286156672402285, 6730144.254087376408279 ], [ 336708.850180548673961, 6730147.457170487381518 ], [ 336705.872230173321441, 6730147.809067133814096 ], [ 336699.485229471465573, 6730148.56199362128973 ], [ 336692.613468625990208, 6730149.389167407527566 ], [ 336691.785872284264769, 6730152.04076193831861 ], [ 336687.251149181392975, 6730182.997279192321002 ], [ 336692.504461142816581, 6730213.839983152225614 ], [ 336707.031577391840983, 6730241.549775060266256 ], [ 336729.41048257361399, 6730263.414227418601513 ], [ 336739.98001446609851, 6730268.645777376368642 ], [ 336740.07377692515729, 6730268.263874991796911 ], [ 336736.878846912644804, 6730264.712341881357133 ], [ 336738.641215448500589, 6730258.427889815531671 ], [ 336745.358735263813287, 6730243.73731051851064 ], [ 336749.078605074668303, 6730244.541400475427508 ], [ 336753.092145092843566, 6730231.025936621241271 ], [ 336758.38835871045012, 6730211.503389768302441 ], [ 336760.540371125563979, 6730203.391944199800491 ], [ 336762.73393277800642, 6730195.760386520065367 ], [ 336767.507528089219704, 6730179.466884598135948 ], [ 336768.943526361719705, 6730168.172697755508125 ], [ 336768.581327359308489, 6730162.378098937682807 ], [ 336771.56219017499825, 6730149.106016749516129 ], [ 336770.648055102676153, 6730131.183285092003644 ], [ 336776.22011884796666, 6730114.686022335663438 ], [ 336778.120093913283199, 6730115.317351571284235 ], [ 336780.89969420817215, 6730116.23313423525542 ], [ 336787.346559356665239, 6730099.479697853326797 ], [ 336782.885441955295391, 6730097.106504438444972 ], [ 336798.833067503059283, 6730071.838073881343007 ], [ 336801.295170185621828, 6730068.805684082210064 ], [ 336818.314672821958084, 6730047.60840062238276 ], [ 336820.326469036401249, 6730045.06847455073148 ], [ 336825.011250708950683, 6730027.6771648125723 ], [ 336825.870021690672729, 6730024.471874973736703 ], [ 336831.775489054562058, 6730007.343787169083953 ], [ 336811.874379946209956, 6730004.201614737510681 ], [ 336780.975048320367932, 6730009.110889548435807 ], [ 336753.105086975090671, 6730023.328305935487151 ], [ 336730.992601908394136, 6730045.462164122611284 ], [ 336716.802117225306574, 6730073.345847856253386 ], [ 336704.959611813421361, 6730109.853326870128512 ], [ 336704.621662060555536, 6730110.915266027674079 ] ] ] ] } },
{ "type": "Feature", "properties": { "fid": 1942, "full_id": "w717451309", "osm_id": "717451309", "osm_type": "way", "highway": "trunk", "loc_name": null, "sidewalk": null, "layer": null, "hgv": null, "motorcar": null, "lit": "yes", "lanes": "3", "junction": null, "surface": "asphalt", "ref": "А-121", "oneway": "yes", "name": "«Сортавала»", "maxspeed": "RU:urban", "int_ref": null }, "geometry": { "type": "MultiPolygon", "coordinates": [ [ [ [ 336880.436697520548478, 6730216.206917109899223 ], [ 336866.358901479747146, 6730204.850503923371434 ], [ 336866.191196888568811, 6730208.958278357982635 ], [ 336878.344465633679647, 6730220.433945778757334 ], [ 336880.436697520548478, 6730216.206917109899223 ] ] ] ] } },
{ "type": "Feature", "properties": { "fid": 2331, "full_id": "w865691768", "osm_id": "865691768", "osm_type": "way", "highway": "trunk", "loc_name": "Новоприозерское шоссе", "sidewalk": null, "layer": null, "hgv": null, "motorcar": null, "lit": "yes", "lanes": "2", "junction": null, "surface": "asphalt", "ref": "А-121", "oneway": "yes", "name": "«Сортавала»", "maxspeed": "RU:urban", "int_ref": null }, "geometry": { "type": "MultiPolygon", "coordinates": [ [ [ [ 336940.065112145093735, 6730026.66882655210793 ], [ 336926.544099507736973, 6730024.013440176844597 ], [ 336901.575026290374808, 6730018.983442533761263 ], [ 336900.127959718753118, 6730019.649054272100329 ], [ 336889.870372000616044, 6730022.790065548382699 ], [ 336886.511501386878081, 6730026.463014045730233 ], [ 336884.733771973114926, 6730028.520283571444452 ], [ 336879.776333085726947, 6730034.291518571786582 ], [ 336879.551158607471734, 6730034.537749693728983 ], [ 336871.022199664963409, 6730044.935564399696887 ], [ 336868.859361421549693, 6730047.619988813064992 ], [ 336867.322567684168462, 6730047.178571364842355 ], [ 336860.840206078020856, 6730057.96511170361191 ], [ 336848.332655104924925, 6730078.760219312272966 ], [ 336847.99890014732955, 6730079.650523324497044 ], [ 336840.560284042498097, 6730099.290699555538595 ], [ 336850.093939497717656, 6730105.789140484295785 ], [ 336849.533662498230115, 6730107.328871189616621 ], [ 336845.705557340348605, 6730118.004375998862088 ], [ 336840.043650286504999, 6730116.079061848111451 ], [ 336837.903612251800951, 6730120.129171502776444 ], [ 336838.705498207884375, 6730120.436839130707085 ], [ 336833.667079923383426, 6730135.56372469291091 ], [ 336853.22557818016503, 6730133.659844476729631 ], [ 336881.904498070420232, 6730121.15427659638226 ], [ 336905.315338712767698, 6730100.398501146584749 ], [ 336921.166483912267722, 6730073.424238042905927 ], [ 336932.282212464720942, 6730045.11869035102427 ], [ 336940.065112145093735, 6730026.66882655210793 ] ] ] ] } },
{ "type": "Feature", "properties": { "fid": 2331, "full_id": "w865691768", "osm_id": "865691768", "osm_type": "way", "highway": "trunk", "loc_name": "Новоприозерское шоссе", "sidewalk": null, "layer": null, "hgv": null, "motorcar": null, "lit": "yes", "lanes": "2", "junction": null, "surface": "asphalt", "ref": "А-121", "oneway": "yes", "name": "«Сортавала»", "maxspeed": "RU:urban", "int_ref": null }, "geometry": { "type": "MultiPolygon", "coordinates": [ [ [ [ 336941.802484229381662, 6730022.550274387933314 ], [ 336956.232554049405735, 6729992.681061701849103 ], [ 336926.146628375921864, 6730007.905411077663302 ], [ 336901.575026290374808, 6730018.983442533761263 ], [ 336926.544099507736973, 6730024.013440176844597 ], [ 336940.065112145093735, 6730026.66882655210793 ], [ 336941.802484229381662, 6730022.550274387933314 ] ] ] ] } },
{ "type": "Feature", "properties": { "fid": 2331, "full_id": "w865691768", "osm_id": "865691768", "osm_type": "way", "highway": "trunk", "loc_name": "Новоприозерское шоссе", "sidewalk": null, "layer": null, "hgv": null, "motorcar": null, "lit": "yes", "lanes": "2", "junction": null, "surface": "asphalt", "ref": "А-121", "oneway": "yes", "name": "«Сортавала»", "maxspeed": "RU:urban", "int_ref": null }, "geometry": { "type": "MultiPolygon", "coordinates": [ [ [ [ 336747.521435860253405, 6729968.535292632877827 ], [ 336746.579020633362234, 6729970.849679848179221 ], [ 336735.00654418754857, 6730000.31830913387239 ], [ 336728.266714964469429, 6730030.870631077326834 ], [ 336731.297943161334842, 6730062.010337718762457 ], [ 336743.803511042380705, 6730090.689257608726621 ], [ 336764.559286492003594, 6730114.100098251365125 ], [ 336774.454102487012278, 6730119.914683971554041 ], [ 336776.22011884796666, 6730114.686022335663438 ], [ 336778.120093913283199, 6730115.317351571284235 ], [ 336780.89969420817215, 6730116.23313423525542 ], [ 336787.346559356665239, 6730099.479697853326797 ], [ 336782.885441955295391, 6730097.106504438444972 ], [ 336798.833067503059283, 6730071.838073881343007 ], [ 336801.295170185621828, 6730068.805684082210064 ], [ 336818.314672821958084, 6730047.60840062238276 ], [ 336820.326469036401249, 6730045.06847455073148 ], [ 336825.011250708950683, 6730027.6771648125723 ], [ 336825.870021690672729, 6730024.471874973736703 ], [ 336833.509427928132936, 6730002.314708953723311 ], [ 336839.910382426576689, 6729983.675019924528897 ], [ 336840.320079344441183, 6729983.154895753599703 ], [ 336843.870473054645117, 6729971.999976172111928 ], [ 336850.548106442089193, 6729952.944415817037225 ], [ 336849.213390162447467, 6729948.285194299183786 ], [ 336839.025506773381494, 6729925.247183454222977 ], [ 336840.18934305687435, 6729924.85008049942553 ], [ 336837.016709589166567, 6729917.894772344268858 ], [ 336806.175675259437412, 6729930.596201865002513 ], [ 336800.619676794798579, 6729917.58389600366354 ], [ 336798.707484041107818, 6729918.850890828296542 ], [ 336775.807712804700714, 6729935.075424673035741 ], [ 336771.675618088804185, 6729934.309630303643644 ], [ 336767.658276692614891, 6729936.498427510261536 ], [ 336758.014775390038267, 6729943.660157006233931 ], [ 336747.521435860253405, 6729968.535292632877827 ] ] ] ] } },
{ "type": "Feature", "properties": { "fid": 3071, "full_id": null, "osm_id": null, "osm_type": null, "highway": null, "loc_name": null, "sidewalk": null, "layer": null, "hgv": null, "motorcar": null, "lit": null, "lanes": null, "junction": null, "surface": null, "ref": null, "oneway": null, "name": "А-121 «Сортавала» Санкт-Петербург – Сортавала – автомобильная дорога Р-21 «Кола» (старое направление)", "maxspeed": null, "int_ref": null }, "geometry": { "type": "MultiPolygon", "coordinates": [ [ [ [ 336840.839537175837904, 6730141.52466478664428 ], [ 336870.72448489285307, 6730132.264018262736499 ], [ 336890.934353995602578, 6730122.312086389400065 ], [ 336916.494931105989963, 6730104.269731446169317 ], [ 336935.229090231296141, 6730079.211779495701194 ], [ 336945.303001347696409, 6730049.591077462770045 ], [ 336945.601420307182707, 6730027.756099944002926 ], [ 336926.544099507736973, 6730024.013440176844597 ], [ 336901.575026290374808, 6730018.983442533761263 ], [ 336900.127959718753118, 6730019.649054272100329 ], [ 336889.870372000616044, 6730022.790065548382699 ], [ 336886.511501386878081, 6730026.463014045730233 ], [ 336884.733771973114926, 6730028.520283571444452 ], [ 336879.776333085726947, 6730034.291518571786582 ], [ 336879.551158607471734, 6730034.537749693728983 ], [ 336871.022199664963409, 6730044.935564399696887 ], [ 336868.859361421549693, 6730047.619988813064992 ], [ 336867.322567684168462, 6730047.178571364842355 ], [ 336860.840206078020856, 6730057.96511170361191 ], [ 336848.332655104924925, 6730078.760219312272966 ], [ 336847.99890014732955, 6730079.650523324497044 ], [ 336840.560284042498097, 6730099.290699555538595 ], [ 336850.093939497717656, 6730105.789140484295785 ], [ 336849.533662498230115, 6730107.328871189616621 ], [ 336845.705557340348605, 6730118.004375998862088 ], [ 336840.043650286504999, 6730116.079061848111451 ], [ 336837.903612251800951, 6730120.129171502776444 ], [ 336838.705498207884375, 6730120.436839130707085 ], [ 336832.639904187060893, 6730138.647623038850725 ], [ 336829.875189802143723, 6730141.374814889393747 ], [ 336840.839537175837904, 6730141.52466478664428 ] ] ] ] } },
{ "type": "Feature", "properties": { "fid": 3071, "full_id": null, "osm_id": null, "osm_type": null, "highway": null, "loc_name": null, "sidewalk": null, "layer": null, "hgv": null, "motorcar": null, "lit": null, "lanes": null, "junction": null, "surface": null, "ref": null, "oneway": null, "name": "А-121 «Сортавала» Санкт-Петербург – Сортавала – автомобильная дорога Р-21 «Кола» (старое направление)", "maxspeed": null, "int_ref": null }, "geometry": { "type": "MultiPolygon", "coordinates": [ [ [ [ 336945.730559846037067, 6730018.307106042280793 ], [ 336940.289606354141142, 6730000.748654782772064 ], [ 336926.146628375921864, 6730007.905411077663302 ], [ 336901.575026290374808, 6730018.983442533761263 ], [ 336926.544099507736973, 6730024.013440176844597 ], [ 336945.601420307182707, 6730027.756099944002926 ], [ 336945.730559846037067, 6730018.307106042280793 ] ] ] ] } },
{ "type": "Feature", "properties": { "fid": 3071, "full_id": null, "osm_id": null, "osm_type": null, "highway": null, "loc_name": null, "sidewalk": null, "layer": null, "hgv": null, "motorcar": null, "lit": null, "lanes": null, "junction": null, "surface": null, "ref": null, "oneway": null, "name": "А-121 «Сортавала» Санкт-Петербург – Сортавала – автомобильная дорога Р-21 «Кола» (старое направление)", "maxspeed": null, "int_ref": null }, "geometry": { "type": "MultiPolygon", "coordinates": [ [ [ [ 336756.809539044916164, 6729970.880885816179216 ], [ 336738.075379919609986, 6729995.938837766647339 ], [ 336728.001468803209718, 6730025.559539799578488 ], [ 336727.573910304869059, 6730056.843511220067739 ], [ 336736.834556829300709, 6730086.728458936326206 ], [ 336754.876911772007588, 6730112.289036046713591 ], [ 336772.563524460943881, 6730125.512136528268456 ], [ 336776.22011884796666, 6730114.686022335663438 ], [ 336778.120093913283199, 6730115.317351571284235 ], [ 336780.89969420817215, 6730116.23313423525542 ], [ 336787.346559356665239, 6730099.479697853326797 ], [ 336782.885441955295391, 6730097.106504438444972 ], [ 336798.833067503059283, 6730071.838073881343007 ], [ 336801.295170185621828, 6730068.805684082210064 ], [ 336818.314672821958084, 6730047.60840062238276 ], [ 336820.326469036401249, 6730045.06847455073148 ], [ 336825.011250708950683, 6730027.6771648125723 ], [ 336825.870021690672729, 6730024.471874973736703 ], [ 336833.509427928132936, 6730002.314708953723311 ], [ 336839.910382426576689, 6729983.675019924528897 ], [ 336840.320079344441183, 6729983.154895753599703 ], [ 336843.870473054645117, 6729971.999976172111928 ], [ 336850.548106442089193, 6729952.944415817037225 ], [ 336849.213390162447467, 6729948.285194299183786 ], [ 336842.793193496123422, 6729933.767108963802457 ], [ 336832.464932975068223, 6729933.625952475704253 ], [ 336802.579985258053057, 6729942.886598999612033 ], [ 336782.370116155303549, 6729952.838530872948468 ], [ 336756.809539044916164, 6729970.880885816179216 ] ] ] ] } },
{ "type": "Feature", "properties": { "fid": 3072, "full_id": null, "osm_id": null, "osm_type": null, "highway": null, "loc_name": null, "sidewalk": null, "layer": null, "hgv": null, "motorcar": null, "lit": null, "lanes": null, "junction": null, "surface": null, "ref": null, "oneway": null, "name": "А-121 «Сортавала» Санкт-Петербург – Сортавала – автомобильная дорога Р-21 «Кола» (старое направление)", "maxspeed": null, "int_ref": null }, "geometry": { "type": "MultiPolygon", "coordinates": [ [ [ [ 336861.04638625215739, 6730131.573168973438442 ], [ 336890.931616529473104, 6730122.313434345647693 ], [ 337022.999633999541402, 6730057.284278748556972 ], [ 337010.588249215157703, 6730053.792489084415138 ], [ 337020.31083306868095, 6730028.47347947396338 ], [ 337025.113654210465029, 6730015.826413099654019 ], [ 337030.482232932175975, 6730001.757322221063077 ], [ 337026.463733199285343, 6729972.273630039766431 ], [ 337015.971775517158676, 6729975.896933997049928 ], [ 336984.786865457543172, 6729986.665299747139215 ], [ 336968.864984619081952, 6729992.167798945680261 ], [ 336968.586594894062728, 6729992.976928382180631 ], [ 336959.301780320121907, 6730022.288305688649416 ], [ 336956.83381996396929, 6730029.962026512250304 ], [ 336926.544099507736973, 6730024.013440176844597 ], [ 336901.575026290374808, 6730018.983442533761263 ], [ 336900.127959718753118, 6730019.649054272100329 ], [ 336889.870372000616044, 6730022.790065548382699 ], [ 336886.511501386878081, 6730026.463014045730233 ], [ 336884.733771973114926, 6730028.520283571444452 ], [ 336879.776333085726947, 6730034.291518571786582 ], [ 336879.551158607471734, 6730034.537749693728983 ], [ 336871.022199664963409, 6730044.935564399696887 ], [ 336868.859361421549693, 6730047.619988813064992 ], [ 336867.322567684168462, 6730047.178571364842355 ], [ 336860.840206078020856, 6730057.96511170361191 ], [ 336848.332655104924925, 6730078.760219312272966 ], [ 336847.99890014732955, 6730079.650523324497044 ], [ 336840.560284042498097, 6730099.290699555538595 ], [ 336850.093939497717656, 6730105.789140484295785 ], [ 336849.533662498230115, 6730107.328871189616621 ], [ 336845.705557340348605, 6730118.004375998862088 ], [ 336840.043650286504999, 6730116.079061848111451 ], [ 336837.903612251800951, 6730120.129171502776444 ], [ 336838.705498207884375, 6730120.436839130707085 ], [ 336835.114552105194889, 6730131.217966795898974 ], [ 336861.04638625215739, 6730131.573168973438442 ] ] ], [ [ [ 337171.502991946937982, 6729965.326993446797132 ], [ 337193.607880689960439, 6729943.185548873618245 ], [ 337207.788796518114395, 6729915.296997453086078 ], [ 337212.657612585928291, 6729884.391264907084405 ], [ 337209.536037818295881, 6729864.787257890217006 ], [ 337182.054153715143912, 6729883.671137824654579 ], [ 337142.807903444219846, 6729905.207762039266527 ], [ 337127.918818142497912, 6729914.379682553932071 ], [ 337136.765123510325793, 6729929.170286970213056 ], [ 337135.91061451373389, 6729931.60837603546679 ], [ 337131.000439627736341, 6729930.189183607697487 ], [ 337128.008499997784384, 6729933.707641379907727 ], [ 337121.711941162997391, 6729932.990568468347192 ], [ 337102.339322734274901, 6729934.519282040186226 ], [ 337081.744027627282776, 6729951.630159937776625 ], [ 337080.92755005788058, 6729999.57387740816921 ], [ 337098.794463991303928, 6730018.244666568934917 ], [ 337171.502991946937982, 6729965.326993446797132 ] ] ] ] } },
{ "type": "Feature", "properties": { "fid": 3072, "full_id": null, "osm_id": null, "osm_type": null, "highway": null, "loc_name": null, "sidewalk": null, "layer": null, "hgv": null, "motorcar": null, "lit": null, "lanes": null, "junction": null, "surface": null, "ref": null, "oneway": null, "name": "А-121 «Сортавала» Санкт-Петербург – Сортавала – автомобильная дорога Р-21 «Кола» (старое направление)", "maxspeed": null, "int_ref": null }, "geometry": { "type": "MultiPolygon", "coordinates": [ [ [ [ 337024.177061099559069, 6729964.432390549220145 ], [ 337009.597490837215446, 6729970.43422426097095 ], [ 336986.157570756098721, 6729980.418011573143303 ], [ 336966.568468168319669, 6729988.879779540002346 ], [ 336965.985091795329936, 6729987.745995267294347 ], [ 336926.146628375921864, 6730007.905411077663302 ], [ 336901.575026290374808, 6730018.983442533761263 ], [ 336926.544099507736973, 6730024.013440176844597 ], [ 336956.83381996396929, 6730029.962026512250304 ], [ 336959.301780320121907, 6730022.288305688649416 ], [ 336968.586594894062728, 6729992.976928382180631 ], [ 336968.864984619081952, 6729992.167798945680261 ], [ 336984.786865457543172, 6729986.665299747139215 ], [ 337015.971775517158676, 6729975.896933997049928 ], [ 337026.463733199285343, 6729972.273630039766431 ], [ 337024.177061099559069, 6729964.432390549220145 ] ] ], [ [ [ 337016.8934726655134, 6730055.570878766477108 ], [ 337028.230281823314726, 6730029.36242650821805 ], [ 337030.482232932175975, 6730001.757322221063077 ], [ 337025.113654210465029, 6730015.826413099654019 ], [ 337020.31083306868095, 6730028.47347947396338 ], [ 337010.588249215157703, 6730053.792489084415138 ], [ 337016.8934726655134, 6730055.570878766477108 ] ] ] ] } },
{ "type": "Feature", "properties": { "fid": 3072, "full_id": null, "osm_id": null, "osm_type": null, "highway": null, "loc_name": null, "sidewalk": null, "layer": null, "hgv": null, "motorcar": null, "lit": null, "lanes": null, "junction": null, "surface": null, "ref": null, "oneway": null, "name": "А-121 «Сортавала» Санкт-Петербург – Сортавала – автомобильная дорога Р-21 «Кола» (старое направление)", "maxspeed": null, "int_ref": null }, "geometry": { "type": "MultiPolygon", "coordinates": [ [ [ [ 336802.582722724182531, 6729942.885251043364406 ], [ 336777.021595091093332, 6729960.926826035603881 ], [ 336758.286671369918622, 6729985.984206330962479 ], [ 336748.21185642835917, 6730015.60460096038878 ], [ 336747.783343348186463, 6730046.888559320010245 ], [ 336757.043077975395136, 6730076.773789596743882 ], [ 336775.084652968274895, 6730102.334917230531573 ], [ 336783.753653917228803, 6730108.816563340835273 ], [ 336787.346559356665239, 6730099.479697853326797 ], [ 336782.885441955295391, 6730097.106504438444972 ], [ 336798.833067503059283, 6730071.838073881343007 ], [ 336801.295170185621828, 6730068.805684082210064 ], [ 336818.314672821958084, 6730047.60840062238276 ], [ 336820.326469036401249, 6730045.06847455073148 ], [ 336825.011250708950683, 6730027.6771648125723 ], [ 336825.870021690672729, 6730024.471874973736703 ], [ 336833.509427928132936, 6730002.314708953723311 ], [ 336839.910382426576689, 6729983.675019924528897 ], [ 336840.320079344441183, 6729983.154895753599703 ], [ 336843.870473054645117, 6729971.999976172111928 ], [ 336850.548106442089193, 6729952.944415817037225 ], [ 336849.213390162447467, 6729948.285194299183786 ], [ 336839.025506773381494, 6729925.247183454222977 ], [ 336840.18934305687435, 6729924.85008049942553 ], [ 336840.00980325875571, 6729924.456478579901159 ], [ 336802.582722724182531, 6729942.885251043364406 ] ] ] ] } },
{ "type": "Feature", "properties": { "fid": 3072, "full_id": null, "osm_id": null, "osm_type": null, "highway": null, "loc_name": null, "sidewalk": null, "layer": null, "hgv": null, "motorcar": null, "lit": null, "lanes": null, "junction": null, "surface": null, "ref": null, "oneway": null, "name": "А-121 «Сортавала» Санкт-Петербург – Сортавала – автомобильная дорога Р-21 «Кола» (старое направление)", "maxspeed": null, "int_ref": null }, "geometry": { "type": "MultiPolygon", "coordinates": [ [ [ [ 337207.737735253525898, 6729853.493619671091437 ], [ 337202.608518336084671, 6729843.447492031380534 ], [ 337193.458614886156283, 6729849.798890979029238 ], [ 337195.73533839196898, 6729853.08806717954576 ], [ 337201.84678783128038, 6729861.877036773599684 ], [ 337198.112296377890743, 6729864.662191121838987 ], [ 337148.726213990710676, 6729901.497435024008155 ], [ 337147.063659759820439, 6729902.625071356073022 ], [ 337142.807903444219846, 6729905.207762039266527 ], [ 337182.054153715143912, 6729883.671137824654579 ], [ 337209.536037818295881, 6729864.787257890217006 ], [ 337207.737735253525898, 6729853.493619671091437 ] ] ] ] } },
{ "type": "Feature", "properties": { "fid": 3072, "full_id": null, "osm_id": null, "osm_type": null, "highway": null, "loc_name": null, "sidewalk": null, "layer": null, "hgv": null, "motorcar": null, "lit": null, "lanes": null, "junction": null, "surface": null, "ref": null, "oneway": null, "name": "А-121 «Сортавала» Санкт-Петербург – Сортавала – автомобильная дорога Р-21 «Кола» (старое направление)", "maxspeed": null, "int_ref": null }, "geometry": { "type": "MultiPolygon", "coordinates": [ [ [ [ 337041.737756739137694, 6730048.057788318954408 ], [ 337021.974480969482102, 6730043.845381456427276 ], [ 337016.8934726655134, 6730055.570878766477108 ], [ 337022.995051731995773, 6730057.286535017192364 ], [ 337041.737756739137694, 6730048.057788318954408 ] ] ] ] } },
{ "type": "Feature", "properties": { "fid": 3073, "full_id": null, "osm_id": null, "osm_type": null, "highway": null, "loc_name": null, "sidewalk": null, "layer": null, "hgv": null, "motorcar": null, "lit": null, "lanes": null, "junction": null, "surface": null, "ref": null, "oneway": null, "name": "А-121 «Сортавала» Санкт-Петербург – Сортавала – автомобильная дорога Р-21 «Кола» (старое направление)", "maxspeed": null, "int_ref": null }, "geometry": { "type": "MultiPolygon", "coordinates": [ [ [ [ 337081.832842471601907, 6729979.604485802352428 ], [ 337112.738488489412703, 6729984.473851091228426 ], [ 337143.636221151158679, 6729979.554522838443518 ], [ 337171.501555106660817, 6729965.328039167448878 ], [ 337220.806916865578387, 6729929.444661544635892 ], [ 337221.593713304086123, 6729928.86615028232336 ], [ 337241.547164870018605, 6729914.044240181334317 ], [ 337270.910127792099956, 6729893.301662686280906 ], [ 337274.392308858106844, 6729890.726970160380006 ], [ 337304.220294505474158, 6729867.656963732093573 ], [ 337325.669621827371884, 6729844.879869283176959 ], [ 337339.030635079776403, 6729816.589358524419367 ], [ 337342.995465193933342, 6729785.554703761823475 ], [ 337337.176006973662879, 6729754.813793232664466 ], [ 337329.788202457304578, 6729741.330654920078814 ], [ 337319.7094719010056, 6729749.532028816640377 ], [ 337234.451068477355875, 6729818.104090536013246 ], [ 337254.729905987973325, 6729830.891782056540251 ], [ 337237.730442921456415, 6729843.92530363611877 ], [ 337216.821005059464369, 6729859.781471307389438 ], [ 337182.054153715143912, 6729883.671137824654579 ], [ 337142.807903444219846, 6729905.207762039266527 ], [ 337127.918818142497912, 6729914.379682553932071 ], [ 337136.765123510325793, 6729929.170286970213056 ], [ 337135.91061451373389, 6729931.60837603546679 ], [ 337131.000439627736341, 6729930.189183607697487 ], [ 337128.008499997784384, 6729933.707641379907727 ], [ 337121.711941162997391, 6729932.990568468347192 ], [ 337102.339322734274901, 6729934.519282040186226 ], [ 337081.744027627282776, 6729951.630159937776625 ], [ 337081.272479808423668, 6729979.319537145085633 ], [ 337081.832842471601907, 6729979.604485802352428 ] ] ] ] } },
{ "type": "Feature", "properties": { "fid": 3073, "full_id": null, "osm_id": null, "osm_type": null, "highway": null, "loc_name": null, "sidewalk": null, "layer": null, "hgv": null, "motorcar": null, "lit": null, "lanes": null, "junction": null, "surface": null, "ref": null, "oneway": null, "name": "А-121 «Сортавала» Санкт-Петербург – Сортавала – автомобильная дорога Р-21 «Кола» (старое направление)", "maxspeed": null, "int_ref": null }, "geometry": { "type": "MultiPolygon", "coordinates": [ [ [ [ 337193.458614886156283, 6729849.798890979029238 ], [ 337195.73533839196898, 6729853.08806717954576 ], [ 337201.84678783128038, 6729861.877036773599684 ], [ 337198.112296377890743, 6729864.662191121838987 ], [ 337148.726213990710676, 6729901.497435024008155 ], [ 337147.063659759820439, 6729902.625071356073022 ], [ 337142.807903444219846, 6729905.207762039266527 ], [ 337182.054153715143912, 6729883.671137824654579 ], [ 337216.821005059464369, 6729859.781471307389438 ], [ 337237.730442921456415, 6729843.92530363611877 ], [ 337254.729905987973325, 6729830.891782056540251 ], [ 337238.405529131181538, 6729820.599353887140751 ], [ 337234.451068477355875, 6729818.104090536013246 ], [ 337204.993152044597082, 6729841.792200244963169 ], [ 337193.458614886156283, 6729849.798890979029238 ] ] ] ] } },
{ "type": "Feature", "properties": { "fid": 3074, "full_id": null, "osm_id": null, "osm_type": null, "highway": null, "loc_name": null, "sidewalk": null, "layer": null, "hgv": null, "motorcar": null, "lit": null, "lanes": null, "junction": null, "surface": null, "ref": null, "oneway": null, "name": "А-121 «Сортавала» Санкт-Петербург – Сортавала – автомобильная дорога Р-21 «Кола» (старое направление)", "maxspeed": null, "int_ref": null }, "geometry": { "type": "MultiPolygon", "coordinates": [ [ [ [ 337215.006275793188252, 6729884.545566136948764 ], [ 337246.040913140575867, 6729888.510532570071518 ], [ 337276.781849230523221, 6729882.691209377720952 ], [ 337304.219947053992655, 6729867.657232461497188 ], [ 337304.534184207674116, 6729867.414192671887577 ], [ 337325.983611577132251, 6729844.637192439287901 ], [ 337339.344749094801955, 6729816.346740368753672 ], [ 337343.309715527808294, 6729785.312103020958602 ], [ 337337.490392336272635, 6729754.571166931651533 ], [ 337330.09763927932363, 6729741.078856633976102 ], [ 337319.7094719010056, 6729749.532028816640377 ], [ 337234.451068477355875, 6729818.104090536013246 ], [ 337254.729905987973325, 6729830.891782056540251 ], [ 337237.730442921456415, 6729843.92530363611877 ], [ 337216.821005059464369, 6729859.781471307389438 ], [ 337194.722813955741003, 6729874.966004726476967 ], [ 337215.006275793188252, 6729884.545566136948764 ] ] ] ] } },
{ "type": "Feature", "properties": { "fid": 3074, "full_id": null, "osm_id": null, "osm_type": null, "highway": null, "loc_name": null, "sidewalk": null, "layer": null, "hgv": null, "motorcar": null, "lit": null, "lanes": null, "junction": null, "surface": null, "ref": null, "oneway": null, "name": "А-121 «Сортавала» Санкт-Петербург – Сортавала – автомобильная дорога Р-21 «Кола» (старое направление)", "maxspeed": null, "int_ref": null }, "geometry": { "type": "MultiPolygon", "coordinates": [ [ [ [ 337194.722813955741003, 6729874.966004726476967 ], [ 337216.821005059464369, 6729859.781471307389438 ], [ 337237.730442921456415, 6729843.92530363611877 ], [ 337254.729905987973325, 6729830.891782056540251 ], [ 337238.405529131181538, 6729820.599353887140751 ], [ 337234.451068477355875, 6729818.104090536013246 ], [ 337204.993152044597082, 6729841.792200244963169 ], [ 337193.458614886156283, 6729849.798890979029238 ], [ 337195.73533839196898, 6729853.08806717954576 ], [ 337201.84678783128038, 6729861.877036773599684 ], [ 337198.112296377890743, 6729864.662191121838987 ], [ 337188.339574974379502, 6729871.95130090881139 ], [ 337194.722813955741003, 6729874.966004726476967 ] ] ] ] } },
{ "type": "Feature", "properties": { "fid": 3075, "full_id": null, "osm_id": null, "osm_type": null, "highway": null, "loc_name": null, "sidewalk": null, "layer": null, "hgv": null, "motorcar": null, "lit": null, "lanes": null, "junction": null, "surface": null, "ref": null, "oneway": null, "name": "А-121 «Сортавала» Санкт-Петербург – Сортавала – автомобильная дорога Р-21 «Кола» (старое направление)", "maxspeed": null, "int_ref": null }, "geometry": { "type": "MultiPolygon", "coordinates": [ [ [ [ 337215.320093961548992, 6729884.302403979934752 ], [ 337246.35471400199458, 6729888.267505875788629 ], [ 337277.095675492368173, 6729882.448316864669323 ], [ 337304.53383893717546, 6729867.414459712803364 ], [ 337333.766375963052269, 6729844.805403192527592 ], [ 337359.010820303345099, 6729825.737199218012393 ], [ 337361.068178388813976, 6729824.14069542568177 ], [ 337393.235324222536292, 6729798.501126213930547 ], [ 337394.118510331725702, 6729797.788931658491492 ], [ 337455.24732337181922, 6729747.92021400295198 ], [ 337430.414306379738264, 6729722.072996478527784 ], [ 337453.456483162590303, 6729700.643644573166966 ], [ 337434.9729456595378, 6729679.217656214721501 ], [ 337430.499002070166171, 6729673.952829207293689 ], [ 337427.385059457563329, 6729673.051567142829299 ], [ 337410.556530270550866, 6729675.977681703865528 ], [ 337386.659735567751341, 6729695.066442737355828 ], [ 337331.944169984315522, 6729739.576277649961412 ], [ 337319.7094719010056, 6729749.532028816640377 ], [ 337234.451068477355875, 6729818.104090536013246 ], [ 337254.729905987973325, 6729830.891782056540251 ], [ 337237.730442921456415, 6729843.92530363611877 ], [ 337216.821005059464369, 6729859.781471307389438 ], [ 337195.060465991206001, 6729874.733990775421262 ], [ 337215.320093961548992, 6729884.302403979934752 ] ] ] ] } },
{ "type": "Feature", "properties": { "fid": 3075, "full_id": null, "osm_id": null, "osm_type": null, "highway": null, "loc_name": null, "sidewalk": null, "layer": null, "hgv": null, "motorcar": null, "lit": null, "lanes": null, "junction": null, "surface": null, "ref": null, "oneway": null, "name": "А-121 «Сортавала» Санкт-Петербург – Сортавала – автомобильная дорога Р-21 «Кола» (старое направление)", "maxspeed": null, "int_ref": null }, "geometry": { "type": "MultiPolygon", "coordinates": [ [ [ [ 337195.060465991206001, 6729874.733990775421262 ], [ 337216.821005059464369, 6729859.781471307389438 ], [ 337237.730442921456415, 6729843.92530363611877 ], [ 337254.729905987973325, 6729830.891782056540251 ], [ 337238.405529131181538, 6729820.599353887140751 ], [ 337234.451068477355875, 6729818.104090536013246 ], [ 337204.993152044597082, 6729841.792200244963169 ], [ 337193.458614886156283, 6729849.798890979029238 ], [ 337195.73533839196898, 6729853.08806717954576 ], [ 337201.84678783128038, 6729861.877036773599684 ], [ 337198.112296377890743, 6729864.662191121838987 ], [ 337188.660977747058496, 6729871.71157852280885 ], [ 337195.060465991206001, 6729874.733990775421262 ] ] ] ] } },
{ "type": "Feature", "properties": { "fid": 3076, "full_id": null, "osm_id": null, "osm_type": null, "highway": null, "loc_name": null, "sidewalk": null, "layer": null, "hgv": null, "motorcar": null, "lit": null, "lanes": null, "junction": null, "surface": null, "ref": null, "oneway": null, "name": "А-121 «Сортавала» Санкт-Петербург – Сортавала – автомобильная дорога Р-21 «Кола» (старое направление)", "maxspeed": null, "int_ref": null }, "geometry": { "type": "MultiPolygon", "coordinates": [ [ [ [ 338223.099142072140239, 6729333.223317404277623 ], [ 338192.613293292524759, 6729326.188923451118171 ], [ 338191.879524924326688, 6729326.137701061554253 ], [ 338190.528987235273235, 6729331.4795585218817 ], [ 338210.903788060473744, 6729345.115713244304061 ], [ 338225.956079173483886, 6729355.185992723330855 ], [ 338239.276576214004308, 6729361.803835369646549 ], [ 338240.567193999770097, 6729343.716354599222541 ], [ 338223.099142072140239, 6729333.223317404277623 ] ] ] ] } },
{ "type": "Feature", "properties": { "fid": 3076, "full_id": null, "osm_id": null, "osm_type": null, "highway": null, "loc_name": null, "sidewalk": null, "layer": null, "hgv": null, "motorcar": null, "lit": null, "lanes": null, "junction": null, "surface": null, "ref": null, "oneway": null, "name": "А-121 «Сортавала» Санкт-Петербург – Сортавала – автомобильная дорога Р-21 «Кола» (старое направление)", "maxspeed": null, "int_ref": null }, "geometry": { "type": "MultiPolygon", "coordinates": [ [ [ [ 337673.142156974645332, 6729594.438287193886936 ], [ 337713.81263499322813, 6729574.803839441388845 ], [ 337722.156232188572176, 6729571.432351916097105 ], [ 337703.575844920938835, 6729551.281427952460945 ], [ 337684.102570254413877, 6729548.887709528207779 ], [ 337661.89599192654714, 6729564.88939908798784 ], [ 337660.934144945000298, 6729569.318886758759618 ], [ 337661.974461795645766, 6729573.588930134661496 ], [ 337664.958791011420544, 6729585.992186865769327 ], [ 337667.061980109894648, 6729597.90446263179183 ], [ 337673.142156974645332, 6729594.438287193886936 ] ] ] ] } },
{ "type": "Feature", "properties": { "fid": 3076, "full_id": null, "osm_id": null, "osm_type": null, "highway": null, "loc_name": null, "sidewalk": null, "layer": null, "hgv": null, "motorcar": null, "lit": null, "lanes": null, "junction": null, "surface": null, "ref": null, "oneway": null, "name": "А-121 «Сортавала» Санкт-Петербург – Сортавала – автомобильная дорога Р-21 «Кола» (старое направление)", "maxspeed": null, "int_ref": null }, "geometry": { "type": "MultiPolygon", "coordinates": [ [ [ [ 338249.91915993229486, 6729349.334068971686065 ], [ 338240.576878912746906, 6729343.722172314301133 ], [ 338237.197075516567566, 6729391.272798835299909 ], [ 338250.627384786726907, 6729390.716446651145816 ], [ 338258.662638033099938, 6729371.432934948243201 ], [ 338265.616222658602055, 6729367.38713728543371 ], [ 338249.91915993229486, 6729349.334068971686065 ] ] ] ] } },
{ "type": "Feature", "properties": { "fid": 3076, "full_id": null, "osm_id": null, "osm_type": null, "highway": null, "loc_name": null, "sidewalk": null, "layer": null, "hgv": null, "motorcar": null, "lit": null, "lanes": null, "junction": null, "surface": null, "ref": null, "oneway": null, "name": "А-121 «Сортавала» Санкт-Петербург – Сортавала – автомобильная дорога Р-21 «Кола» (старое направление)", "maxspeed": null, "int_ref": null }, "geometry": { "type": "MultiPolygon", "coordinates": [ [ [ [ 337891.404278876783792, 6729321.55352424364537 ], [ 337868.783371732046362, 6729324.392302344553173 ], [ 337865.220762073120568, 6729324.9046684904024 ], [ 337844.519080786500126, 6729328.263244166970253 ], [ 337842.495758907054551, 6729328.612857474014163 ], [ 337821.074365236156154, 6729332.541201335377991 ], [ 337816.180682985694148, 6729333.565697932615876 ], [ 337767.260328406526241, 6729345.090888037346303 ], [ 337762.123196506407112, 6729346.446147604845464 ], [ 337718.200826056534424, 6729359.290824310854077 ], [ 337713.93369773105951, 6729360.64308622200042 ], [ 337690.88294584362302, 6729368.519835465587676 ], [ 337685.753499946556985, 6729370.430959097109735 ], [ 337635.833517220569775, 6729390.602666227146983 ], [ 337629.822859544772655, 6729393.264497583732009 ], [ 337583.111577246920206, 6729415.815258637070656 ], [ 337579.997858200978953, 6729417.451950621791184 ], [ 337622.848302935366519, 6729475.169631422497332 ], [ 337691.332429195870645, 6729440.463234289549291 ], [ 337622.945353953284211, 6729414.634876035153866 ], [ 337633.605828121246304, 6729399.017196557484567 ], [ 337633.81176022865111, 6729399.214400483295321 ], [ 337715.412479254533537, 6729426.225385330617428 ], [ 337720.096890584565699, 6729430.920836937613785 ], [ 337725.031562630902044, 6729429.389661804772913 ], [ 337770.565889576042537, 6729415.155422493815422 ], [ 337802.693655405601021, 6729403.740558898076415 ], [ 337844.143818677868694, 6729394.589399160817266 ], [ 337856.232483003986999, 6729374.806878498755395 ], [ 337876.533220503071789, 6729344.051586279645562 ], [ 337892.508471100183669, 6729321.423357932828367 ], [ 337891.404278876783792, 6729321.55352424364537 ] ] ] ] } },
{ "type": "Feature", "properties": { "fid": 3077, "full_id": null, "osm_id": null, "osm_type": null, "highway": null, "loc_name": null, "sidewalk": null, "layer": null, "hgv": null, "motorcar": null, "lit": null, "lanes": null, "junction": null, "surface": null, "ref": null, "oneway": null, "name": "А-121 «Сортавала» Санкт-Петербург – Сортавала – автомобильная дорога Р-21 «Кола» (старое направление)", "maxspeed": null, "int_ref": null }, "geometry": { "type": "MultiPolygon", "coordinates": [ [ [ [ 338207.538850194076076, 6729327.230998064391315 ], [ 338192.614369213173632, 6729326.188998564146459 ], [ 338191.849619197892025, 6729326.255988857708871 ], [ 338190.528987235273235, 6729331.4795585218817 ], [ 338210.903788060473744, 6729345.115713244304061 ], [ 338225.956079173483886, 6729355.185992723330855 ], [ 338239.276576214004308, 6729361.803835369646549 ], [ 338241.710440825496335, 6729327.694217600859702 ], [ 338207.538850194076076, 6729327.230998064391315 ] ] ] ] } },
{ "type": "Feature", "properties": { "fid": 3077, "full_id": null, "osm_id": null, "osm_type": null, "highway": null, "loc_name": null, "sidewalk": null, "layer": null, "hgv": null, "motorcar": null, "lit": null, "lanes": null, "junction": null, "surface": null, "ref": null, "oneway": null, "name": "А-121 «Сортавала» Санкт-Петербург – Сортавала – автомобильная дорога Р-21 «Кола» (старое направление)", "maxspeed": null, "int_ref": null }, "geometry": { "type": "MultiPolygon", "coordinates": [ [ [ [ 338266.805626907385886, 6729328.034400197677314 ], [ 338241.716108405089471, 6729327.694294428452849 ], [ 338237.197075516567566, 6729391.272798835299909 ], [ 338250.627384786726907, 6729390.716446651145816 ], [ 338258.662638033099938, 6729371.432934948243201 ], [ 338278.761947419203352, 6729359.738572496920824 ], [ 338286.141206231899559, 6729346.001662869006395 ], [ 338289.60296507878229, 6729336.699608683586121 ], [ 338292.236870552995242, 6729333.069994397461414 ], [ 338297.469314473855775, 6729325.805216945707798 ], [ 338266.805626907385886, 6729328.034400197677314 ] ] ] ] } },
{ "type": "Feature", "properties": { "fid": 3086, "full_id": null, "osm_id": null, "osm_type": null, "highway": null, "loc_name": null, "sidewalk": null, "layer": null, "hgv": null, "motorcar": null, "lit": null, "lanes": null, "junction": null, "surface": null, "ref": null, "oneway": null, "name": "А-121 «Сортавала» Санкт-Петербург – Сортавала – автомобильная дорога Р-21 «Кола» (старое направление)", "maxspeed": null, "int_ref": null }, "geometry": { "type": "MultiPolygon", "coordinates": [ [ [ [ 344862.149428558186628, 6726961.752863172441721 ], [ 344839.003872713656165, 6726949.682066974230111 ], [ 344834.653591451235116, 6726975.502798814326525 ], [ 344876.100499169842806, 6726975.970803899690509 ], [ 344862.149428558186628, 6726961.752863172441721 ] ] ] ] } },
{ "type": "Feature", "properties": { "fid": 3086, "full_id": null, "osm_id": null, "osm_type": null, "highway": null, "loc_name": null, "sidewalk": null, "layer": null, "hgv": null, "motorcar": null, "lit": null, "lanes": null, "junction": null, "surface": null, "ref": null, "oneway": null, "name": "А-121 «Сортавала» Санкт-Петербург – Сортавала – автомобильная дорога Р-21 «Кола» (старое направление)", "maxspeed": null, "int_ref": null }, "geometry": { "type": "MultiPolygon", "coordinates": [ [ [ [ 344803.554468051937874, 6726942.098583339713514 ], [ 344772.607788868481293, 6726946.699965915642679 ], [ 344744.597653387114406, 6726960.639190586283803 ], [ 344722.265888826746959, 6726982.551788919605315 ], [ 344718.046665310917888, 6726990.642081548459828 ], [ 344789.05280904553365, 6726978.88056203443557 ], [ 344807.445731613144744, 6726974.85837912093848 ], [ 344812.602978792274371, 6726943.619733756408095 ], [ 344803.554468051937874, 6726942.098583339713514 ] ] ] ] } },
{ "type": "Feature", "properties": { "fid": 3087, "full_id": null, "osm_id": null, "osm_type": null, "highway": null, "loc_name": null, "sidewalk": null, "layer": null, "hgv": null, "motorcar": null, "lit": null, "lanes": null, "junction": null, "surface": null, "ref": null, "oneway": null, "name": "А-121 «Сортавала» Санкт-Петербург – Сортавала – автомобильная дорога Р-21 «Кола» (старое направление)", "maxspeed": null, "int_ref": null }, "geometry": { "type": "MultiPolygon", "coordinates": [ [ [ [ 344899.984819493663963, 6726960.448149711824954 ], [ 344881.450849834131077, 6726935.241768718697131 ], [ 344856.034797123167664, 6726916.996387422084808 ], [ 344845.097883664420806, 6726913.511572907678783 ], [ 344834.653591451235116, 6726975.502798814326525 ], [ 344905.235421053948812, 6726976.299786020070314 ], [ 344899.984819493663963, 6726960.448149711824954 ] ] ] ] } },
{ "type": "Feature", "properties": { "fid": 3087, "full_id": null, "osm_id": null, "osm_type": null, "highway": null, "loc_name": null, "sidewalk": null, "layer": null, "hgv": null, "motorcar": null, "lit": null, "lanes": null, "junction": null, "surface": null, "ref": null, "oneway": null, "name": "А-121 «Сортавала» Санкт-Петербург – Сортавала – автомобильная дорога Р-21 «Кола» (старое направление)", "maxspeed": null, "int_ref": null }, "geometry": { "type": "MultiPolygon", "coordinates": [ [ [ [ 344794.938177061907481, 6726907.676348280161619 ], [ 344765.238172568380833, 6726917.514000804163516 ], [ 344740.031791575544048, 6726936.047970464453101 ], [ 344721.786410278116819, 6726961.464023174718022 ], [ 344712.288013720477466, 6726991.274258614517748 ], [ 344712.237668973160908, 6726991.604288762435317 ], [ 344789.05280904553365, 6726978.88056203443557 ], [ 344807.445731613144744, 6726974.85837912093848 ], [ 344818.559171471744776, 6726907.541689719073474 ], [ 344794.938177061907481, 6726907.676348280161619 ] ] ] ] } },
{ "type": "Feature", "properties": { "fid": 3088, "full_id": null, "osm_id": null, "osm_type": null, "highway": null, "loc_name": null, "sidewalk": null, "layer": null, "hgv": null, "motorcar": null, "lit": null, "lanes": null, "junction": null, "surface": null, "ref": null, "oneway": null, "name": "А-121 «Сортавала» Санкт-Петербург – Сортавала – автомобильная дорога Р-21 «Кола» (старое направление)", "maxspeed": null, "int_ref": null }, "geometry": { "type": "MultiPolygon", "coordinates": [ [ [ [ 344924.717532407667022, 6726924.962829544208944 ], [ 344927.203501918527763, 6726912.541664741933346 ], [ 344927.771185698162299, 6726909.454141522757709 ], [ 344930.693092246074229, 6726892.028804955072701 ], [ 344939.332949539879337, 6726844.623828667216003 ], [ 344939.75395763159031, 6726842.136365480720997 ], [ 344952.589081611193251, 6726760.019455381669104 ], [ 344952.892671440145932, 6726757.93323917593807 ], [ 344956.533877924492117, 6726730.916003776714206 ], [ 344939.173449405585416, 6726733.535014608874917 ], [ 344874.310456195322331, 6726735.057152589783072 ], [ 344873.572956980613526, 6726740.34339439496398 ], [ 344872.053354864532594, 6726740.300800981000066 ], [ 344871.723416176508181, 6726755.477943900972605 ], [ 344834.653591451235116, 6726975.502798814326525 ], [ 344916.866075393278152, 6726976.431115609593689 ], [ 344924.717532407667022, 6726924.962829544208944 ] ] ] ] } },
{ "type": "Feature", "properties": { "fid": 3088, "full_id": null, "osm_id": null, "osm_type": null, "highway": null, "loc_name": null, "sidewalk": null, "layer": null, "hgv": null, "motorcar": null, "lit": null, "lanes": null, "junction": null, "surface": null, "ref": null, "oneway": null, "name": "А-121 «Сортавала» Санкт-Петербург – Сортавала – автомобильная дорога Р-21 «Кола» (старое направление)", "maxspeed": null, "int_ref": null }, "geometry": { "type": "MultiPolygon", "coordinates": [ [ [ [ 344787.392281895910855, 6726485.503826957195997 ], [ 344786.81591398443561, 6726489.43453436344862 ], [ 344779.950148839794565, 6726543.753900488838553 ], [ 344754.82548331428552, 6726730.1753533128649 ], [ 344742.347964329703245, 6726810.004368314519525 ], [ 344733.807516820612364, 6726856.863905212841928 ], [ 344733.563798267801758, 6726858.25690183788538 ], [ 344730.784564777335618, 6726874.831380924209952 ], [ 344728.153772091085557, 6726887.976155779324472 ], [ 344727.35284639254678, 6726892.520471119321883 ], [ 344712.288065486820415, 6726991.273919268511236 ], [ 344712.289898433256894, 6726991.595637429505587 ], [ 344789.05280904553365, 6726978.88056203443557 ], [ 344807.445731613144744, 6726974.85837912093848 ], [ 344846.421831053448841, 6726738.771081804297864 ], [ 344856.362251438898966, 6726667.731436779722571 ], [ 344853.497245281061623, 6726667.117218608036637 ], [ 344854.781123686232604, 6726661.246386730112135 ], [ 344857.189792464138009, 6726661.791762415319681 ], [ 344891.353896046173759, 6726428.195741223171353 ], [ 344859.762258625240065, 6726433.860539670102298 ], [ 344865.365135089901742, 6726469.103187708184123 ], [ 344839.972658986458555, 6726474.520046724006534 ], [ 344830.065009490994271, 6726476.069899217225611 ], [ 344826.804833878646605, 6726439.850318307988346 ], [ 344794.02320974401664, 6726445.794389700517058 ], [ 344787.392281895910855, 6726485.503826957195997 ] ] ] ] } },
{ "type": "Feature", "properties": { "fid": 3088, "full_id": null, "osm_id": null, "osm_type": null, "highway": null, "loc_name": null, "sidewalk": null, "layer": null, "hgv": null, "motorcar": null, "lit": null, "lanes": null, "junction": null, "surface": null, "ref": null, "oneway": null, "name": "А-121 «Сортавала» Санкт-Петербург – Сортавала – автомобильная дорога Р-21 «Кола» (старое направление)", "maxspeed": null, "int_ref": null }, "geometry": { "type": "MultiPolygon", "coordinates": [ [ [ [ 344830.065009490994271, 6726476.069899217225611 ], [ 344839.972658986458555, 6726474.520046724006534 ], [ 344865.365135089901742, 6726469.103187708184123 ], [ 344859.762258625240065, 6726433.860539670102298 ], [ 344826.804833878646605, 6726439.850318307988346 ], [ 344830.065009490994271, 6726476.069899217225611 ] ] ] ] } },
{ "type": "Feature", "properties": { "fid": 3088, "full_id": null, "osm_id": null, "osm_type": null, "highway": null, "loc_name": null, "sidewalk": null, "layer": null, "hgv": null, "motorcar": null, "lit": null, "lanes": null, "junction": null, "surface": null, "ref": null, "oneway": null, "name": "А-121 «Сортавала» Санкт-Петербург – Сортавала – автомобильная дорога Р-21 «Кола» (старое направление)", "maxspeed": null, "int_ref": null }, "geometry": { "type": "MultiPolygon", "coordinates": [ [ [ [ 344794.02320974401664, 6726445.794389700517058 ], [ 344826.804833878646605, 6726439.850318307988346 ], [ 344859.762258625240065, 6726433.860539670102298 ], [ 344891.353896046173759, 6726428.195741223171353 ], [ 344896.286354113486595, 6726394.515008736401796 ], [ 344853.364348786999471, 6726412.615670712664723 ], [ 344826.562038283154834, 6726421.911704771220684 ], [ 344796.10281840886455, 6726433.34061374515295 ], [ 344794.02320974401664, 6726445.794389700517058 ] ] ] ] } },
{ "type": "Feature", "properties": { "fid": 2119, "full_id": "w768585269", "osm_id": "768585269", "osm_type": "way", "highway": "trunk", "loc_name": "Приозерское шоссе", "sidewalk": "no", "layer": null, "hgv": null, "motorcar": null, "lit": null, "lanes": "2", "junction": null, "surface": "asphalt", "ref": "А-121", "oneway": null, "name": "«Сортавала»", "maxspeed": "RU:urban", "int_ref": null }, "geometry": { "type": "MultiPolygon", "coordinates": [ [ [ [ 335335.792762765428051, 6734585.228269256651402 ], [ 335325.083835527999327, 6734555.831185191869736 ], [ 335305.814841935120057, 6734531.182137340307236 ], [ 335279.871965334750712, 6734513.693946244195104 ], [ 335249.794675243145321, 6734505.078477897681296 ], [ 335200.731448714272119, 6734499.06812743190676 ], [ 335206.896926560904831, 6734507.974371014162898 ], [ 335188.890760271809995, 6734544.941099031828344 ], [ 335195.508901962544769, 6734577.504734027199447 ], [ 335253.469772383861709, 6734578.01595020480454 ], [ 335257.738939819391817, 6734574.207650045864284 ], [ 335335.804273198009469, 6734585.555276286788285 ], [ 335335.792762765428051, 6734585.228269256651402 ] ] ] ] } },
{ "type": "Feature", "properties": { "fid": 2117, "full_id": "w768585267", "osm_id": "768585267", "osm_type": "way", "highway": "trunk", "loc_name": "Приозерское шоссе", "sidewalk": null, "layer": null, "hgv": null, "motorcar": null, "lit": null, "lanes": "2", "junction": null, "surface": "asphalt", "ref": "А-121", "oneway": null, "name": "«Сортавала»", "maxspeed": "RU:urban", "int_ref": null }, "geometry": { "type": "MultiPolygon", "coordinates": [ [ [ [ 335633.698433202691376, 6734788.795484846457839 ], [ 335664.403373241832014, 6734794.801842418499291 ], [ 335695.461573112756014, 6734791.025879643857479 ], [ 335723.832839816925116, 6734777.837214067578316 ], [ 335746.739996095071547, 6734756.526844166219234 ], [ 335756.366876601823606, 6734739.208119921386242 ], [ 335753.357578923343681, 6734738.180279121734202 ], [ 335540.223300345591269, 6734661.222921316511929 ], [ 335533.80716841010144, 6734658.618911581113935 ], [ 335530.134074343775865, 6734677.380037481896579 ], [ 335533.905046828615014, 6734708.438843649812043 ], [ 335547.089153714245185, 6734736.812229061499238 ], [ 335568.395842759462539, 6734759.722809063270688 ], [ 335595.739466788247228, 6734774.927936458028853 ], [ 335598.1794202682795, 6734775.819740341044962 ], [ 335633.698433202691376, 6734788.795484846457839 ] ] ] ] } },
{ "type": "Feature", "properties": { "fid": 2118, "full_id": "w768585268", "osm_id": "768585268", "osm_type": "way", "highway": "trunk", "loc_name": "Приозерское шоссе", "sidewalk": "no", "layer": null, "hgv": null, "motorcar": null, "lit": null, "lanes": "4", "junction": null, "surface": "asphalt", "ref": "А-121", "oneway": null, "name": "«Сортавала»", "maxspeed": "RU:urban", "int_ref": null }, "geometry": { "type": "MultiPolygon", "coordinates": [ [ [ [ 336139.462249787000474, 6734745.969790467992425 ], [ 336119.381722751539201, 6734721.97724770847708 ], [ 336092.869903212762438, 6734705.364207684062421 ], [ 336062.521952785900794, 6734697.756870503537357 ], [ 336024.898075177334249, 6734694.417298254556954 ], [ 335994.365023696736898, 6734691.086108898743987 ], [ 335950.701154083479196, 6734684.195665982551873 ], [ 335934.428555305697955, 6734680.83146895095706 ], [ 335903.175901698530652, 6734679.368145129643381 ], [ 335873.000669904693495, 6734687.634042557328939 ], [ 335846.856621855462436, 6734704.820037602446973 ], [ 335827.30291913007386, 6734729.243845328688622 ], [ 335827.020189059141558, 6734729.992829007096589 ], [ 335839.063355147955008, 6734734.482035225257277 ], [ 335917.26999646803597, 6734759.627251017838717 ], [ 335924.205167424399406, 6734762.890143148601055 ], [ 335956.630652492574882, 6734768.779654687270522 ], [ 335989.524514014367014, 6734774.013006741181016 ], [ 336031.197778025700245, 6734777.725766635499895 ], [ 336031.891181874321774, 6734775.263787200674415 ], [ 336043.003300948126707, 6734776.23674001917243 ], [ 336042.882892865105532, 6734778.099807634949684 ], [ 336143.151913118606899, 6734788.63604370970279 ], [ 336143.534669270855375, 6734774.141391009092331 ], [ 336147.186534934910014, 6734765.157836678437889 ], [ 336139.462249787000474, 6734745.969790467992425 ] ] ] ] } },
{ "type": "Feature", "properties": { "fid": 2116, "full_id": "w768585266", "osm_id": "768585266", "osm_type": "way", "highway": "trunk", "loc_name": "Приозерское шоссе", "sidewalk": "no", "layer": null, "hgv": null, "motorcar": null, "lit": null, "lanes": "2", "junction": null, "surface": "asphalt", "ref": "А-121", "oneway": null, "name": "«Сортавала»", "maxspeed": "RU:urban", "int_ref": null }, "geometry": { "type": "MultiPolygon", "coordinates": [ [ [ [ 335839.570801901747473, 6734861.054917781613767 ], [ 335885.972690351190977, 6734874.69905022252351 ], [ 335917.000012852076907, 6734878.720857344567776 ], [ 335947.751556848408654, 6734872.957853271625936 ], [ 335975.217146955139469, 6734857.974160997197032 ], [ 335996.708259848644957, 6734835.236488717608154 ], [ 336010.121195661486126, 6734806.970558217726648 ], [ 336010.422651950386353, 6734804.644891865551472 ], [ 336007.214753559208475, 6734804.339034141972661 ], [ 335993.100907493731938, 6734802.994026734493673 ], [ 335992.988828333909623, 6734804.226404365152121 ], [ 335983.439297298085876, 6734803.397127299569547 ], [ 335983.479339565557893, 6734801.764265366829932 ], [ 335923.436486201710068, 6734791.832456970587373 ], [ 335898.851391802367289, 6734786.490340813994408 ], [ 335898.944588571437635, 6734783.756389710120857 ], [ 335898.927483914652839, 6734783.749721018597484 ], [ 335887.765785474213772, 6734779.413633034564555 ], [ 335884.046975545352325, 6734778.279667573980987 ], [ 335863.788480230839923, 6734772.119611546397209 ], [ 335862.743402148946188, 6734775.541524208150804 ], [ 335862.649142452282831, 6734775.509363861754537 ], [ 335753.357578923343681, 6734738.180279121734202 ], [ 335571.681705018214416, 6734672.58174975309521 ], [ 335568.040998526383191, 6734692.468376781791449 ], [ 335572.192728738707956, 6734723.478581720031798 ], [ 335585.723939136136323, 6734751.688084007240832 ], [ 335607.310100567527115, 6734774.335541010834277 ], [ 335634.838209152338095, 6734789.204061847180128 ], [ 335834.606789873330854, 6734859.453498179093003 ], [ 335839.570801901747473, 6734861.054917781613767 ] ] ] ] } },
{ "type": "Feature", "properties": { "fid": 783, "full_id": "w255622378", "osm_id": "255622378", "osm_type": "way", "highway": "trunk", "loc_name": null, "sidewalk": null, "layer": "1", "hgv": null, "motorcar": null, "lit": "yes", "lanes": "2", "junction": null, "surface": "asphalt", "ref": "А-121", "oneway": "yes", "name": null, "maxspeed": "RU:urban", "int_ref": null }, "geometry": { "type": "MultiPolygon", "coordinates": [ [ [ [ 336327.322546642681118, 6730864.616279168054461 ], [ 336324.919530774757732, 6730875.051543169654906 ], [ 336333.301071842899546, 6730868.566576444543898 ], [ 336328.267576419515535, 6730863.041488508693874 ], [ 336327.322546642681118, 6730864.616279168054461 ] ] ] ] } },
{ "type": "Feature", "properties": { "fid": 2117, "full_id": "w768585267", "osm_id": "768585267", "osm_type": "way", "highway": "trunk", "loc_name": "Приозерское шоссе", "sidewalk": null, "layer": null, "hgv": null, "motorcar": null, "lit": null, "lanes": "2", "junction": null, "surface": "asphalt", "ref": "А-121", "oneway": null, "name": "«Сортавала»", "maxspeed": "RU:urban", "int_ref": null }, "geometry": { "type": "MultiPolygon", "coordinates": [ [ [ [ 335767.947087459964678, 6734698.475837384350598 ], [ 335764.171124685381074, 6734667.417637513019145 ], [ 335750.982459108519834, 6734639.046370808966458 ], [ 335729.672089206869714, 6734616.139214531518519 ], [ 335702.326022464549169, 6734600.938480738550425 ], [ 335666.829645774327219, 6734587.971007040701807 ], [ 335664.397238874807954, 6734587.081961435265839 ], [ 335633.693264296744019, 6734581.070670458488166 ], [ 335602.634458128188271, 6734584.841642944142222 ], [ 335574.26107271638466, 6734598.025749829597771 ], [ 335551.350492714438587, 6734619.332438874989748 ], [ 335547.492560715181753, 6734626.270219755358994 ], [ 335581.33101505425293, 6734638.40981422830373 ], [ 335600.033746046829037, 6734645.381358731538057 ], [ 335597.804153183707967, 6734651.253088686615229 ], [ 335609.714137661852874, 6734656.233285918831825 ], [ 335611.974023602087982, 6734649.832298466004431 ], [ 335766.215599213552196, 6734707.327332178130746 ], [ 335767.947087459964678, 6734698.475837384350598 ] ] ] ] } },
{ "type": "Feature", "properties": { "fid": 785, "full_id": "w255690711", "osm_id": "255690711", "osm_type": "way", "highway": "trunk", "loc_name": null, "sidewalk": null, "layer": null, "hgv": null, "motorcar": null, "lit": "yes", "lanes": "2", "junction": null, "surface": "asphalt", "ref": "А-121", "oneway": "yes", "name": "«Сортавала»", "maxspeed": "RU:urban", "int_ref": null }, "geometry": { "type": "MultiPolygon", "coordinates": [ [ [ [ 336323.608828032156453, 6730862.345714042894542 ], [ 336309.504466579586733, 6730876.289202235639095 ], [ 336281.369608058594167, 6730898.732521979138255 ], [ 336277.249925446230918, 6730901.613359468057752 ], [ 336276.975048047548626, 6730901.806265496648848 ], [ 336272.475023694045376, 6730904.975625089369714 ], [ 336276.297638012445532, 6730911.004115593619645 ], [ 336279.909974142094143, 6730909.876341463066638 ], [ 336333.301071842899546, 6730868.566576444543898 ], [ 336325.497980237472802, 6730860.001401816494763 ], [ 336323.608828032156453, 6730862.345714042894542 ] ] ] ] } },
{ "type": "Feature", "properties": { "fid": 2115, "full_id": "w768585265", "osm_id": "768585265", "osm_type": "way", "highway": "trunk", "loc_name": "Приозерское шоссе", "sidewalk": "no", "layer": null, "hgv": null, "motorcar": null, "lit": null, "lanes": "2", "junction": null, "surface": "asphalt", "ref": "А-121", "oneway": null, "name": "«Сортавала»", "maxspeed": "RU:urban", "int_ref": null }, "geometry": { "type": "MultiPolygon", "coordinates": [ [ [ [ 335955.608568546711467, 6734816.907365761697292 ], [ 335966.447397468436975, 6734846.256802923046052 ], [ 335985.825211201736238, 6734870.820394049398601 ], [ 336011.845174325222615, 6734888.193683695979416 ], [ 336041.96027155657066, 6734896.67605322599411 ], [ 336067.297971890948247, 6734899.6663006702438 ], [ 336070.614517674781382, 6734882.648593879304826 ], [ 336070.206956264621112, 6734848.288730120286345 ], [ 336114.564787992509082, 6734814.574344986118376 ], [ 336007.214753559208475, 6734804.339034141972661 ], [ 335993.100907493731938, 6734802.994026734493673 ], [ 335992.988828333909623, 6734804.226404365152121 ], [ 335983.439297298085876, 6734803.397127299569547 ], [ 335983.479339565557893, 6734801.764265366829932 ], [ 335954.8206217904808, 6734797.023769573308527 ], [ 335955.608568546711467, 6734816.907365761697292 ] ] ] ] } },
{ "type": "Feature", "properties": { "fid": 735, "full_id": "w247905564", "osm_id": "247905564", "osm_type": "way", "highway": "trunk", "loc_name": "Приозерское шоссе", "sidewalk": null, "layer": null, "hgv": null, "motorcar": null, "lit": null, "lanes": "2", "junction": null, "surface": "asphalt", "ref": "А-121", "oneway": null, "name": "«Сортавала»", "maxspeed": "RU:rural", "int_ref": null }, "geometry": { "type": "MultiPolygon", "coordinates": [ [ [ [ 335254.120962333807256, 6734560.035423693247139 ], [ 335239.416322372213472, 6734532.419427645392716 ], [ 335216.897566621657461, 6734510.699038295075297 ], [ 335204.656114806653932, 6734504.737441808916628 ], [ 335206.896926560904831, 6734507.974371014162898 ], [ 335188.890760271809995, 6734544.941099031828344 ], [ 335195.508901962544769, 6734577.504734027199447 ], [ 335253.469772383861709, 6734578.01595020480454 ], [ 335256.77991858596215, 6734575.063142544589937 ], [ 335254.120962333807256, 6734560.035423693247139 ] ] ] ] } },
{ "type": "Feature", "properties": { "fid": 2116, "full_id": "w768585266", "osm_id": "768585266", "osm_type": "way", "highway": "trunk", "loc_name": "Приозерское шоссе", "sidewalk": "no", "layer": null, "hgv": null, "motorcar": null, "lit": null, "lanes": "2", "junction": null, "surface": "asphalt", "ref": "А-121", "oneway": null, "name": "«Сортавала»", "maxspeed": "RU:urban", "int_ref": null }, "geometry": { "type": "MultiPolygon", "coordinates": [ [ [ [ 336014.143002782948315, 6734775.943235717713833 ], [ 336008.379998710355721, 6734745.191691720858216 ], [ 335993.396306435577571, 6734717.726101614534855 ], [ 335970.658634155988693, 6734696.234988721087575 ], [ 335942.392703656922095, 6734682.82205290812999 ], [ 335898.493710578943137, 6734669.913878357969224 ], [ 335701.18624651490245, 6734600.529903737828135 ], [ 335670.410833844623994, 6734594.895753485150635 ], [ 335639.400628905917984, 6734599.047483697533607 ], [ 335611.191126618999988, 6734612.578694094903767 ], [ 335588.543669614824466, 6734634.164855526760221 ], [ 335585.426349745423067, 6734639.936372465454042 ], [ 335600.033746046829037, 6734645.381358731538057 ], [ 335597.804153183707967, 6734651.253088686615229 ], [ 335609.714137661852874, 6734656.233285918831825 ], [ 335611.974023602087982, 6734649.832298466004431 ], [ 335839.063355147955008, 6734734.482035225257277 ], [ 335917.26999646803597, 6734759.627251017838717 ], [ 335924.205167424399406, 6734762.890143148601055 ], [ 335956.630652492574882, 6734768.779654687270522 ], [ 335989.524514014367014, 6734774.013006741181016 ], [ 336014.109290680207778, 6734776.203316883184016 ], [ 336014.143002782948315, 6734775.943235717713833 ] ] ] ] } },
{ "type": "Feature", "properties": { "fid": 2113, "full_id": "w768585262", "osm_id": "768585262", "osm_type": "way", "highway": "trunk", "loc_name": "Приозерское шоссе", "sidewalk": null, "layer": null, "hgv": null, "motorcar": null, "lit": null, "lanes": "2", "junction": null, "surface": "asphalt", "ref": "А-121", "oneway": null, "name": "«Сортавала»", "maxspeed": "RU:urban", "int_ref": null }, "geometry": { "type": "MultiPolygon", "coordinates": [ [ [ [ 337457.026977261411957, 6734660.93984567001462 ], [ 337562.54907123465091, 6734639.88094814773649 ], [ 337662.468411734211259, 6734620.583019613288343 ], [ 337691.881295915110968, 6734609.917565180920064 ], [ 337716.558804405853152, 6734590.685034177266061 ], [ 337734.085330737114418, 6734564.768040739931166 ], [ 337741.997044043091591, 6734537.301077152602375 ], [ 337740.283725007087924, 6734513.905866140499711 ], [ 337737.019522033282556, 6734514.54428250901401 ], [ 337736.72848132631043, 6734512.624033506959677 ], [ 337729.832030350342393, 6734512.548854305408895 ], [ 337729.955418239347637, 6734513.584783104248345 ], [ 337720.031267717247829, 6734515.445827321149409 ], [ 337701.731722269556485, 6734519.879016764461994 ], [ 337687.659498503722716, 6734521.547450767830014 ], [ 337669.881717556621879, 6734524.174486699514091 ], [ 337667.651537833677139, 6734524.901164473034441 ], [ 337646.836471307789907, 6734530.971591167151928 ], [ 337646.485361122409813, 6734532.4686029413715 ], [ 337636.375710359367076, 6734534.555912747047842 ], [ 337635.984275587892625, 6734534.136581619270146 ], [ 337609.541689066565596, 6734541.848163326270878 ], [ 337536.28435512969736, 6734558.322245921939611 ], [ 337530.129206475336105, 6734559.839711337350309 ], [ 337488.340731390228029, 6734568.784611074253917 ], [ 337488.357456738478504, 6734569.096016440540552 ], [ 337479.933006801409647, 6734571.330387949943542 ], [ 337480.141870627296157, 6734572.524709414690733 ], [ 337464.768159514176659, 6734575.446628623642027 ], [ 337464.723660873016343, 6734574.706748533993959 ], [ 337463.929084627539851, 6734574.867698153480887 ], [ 337463.764253109693527, 6734574.045232548378408 ], [ 337446.510603936738335, 6734577.738416124135256 ], [ 337446.422928290441632, 6734577.435548322275281 ], [ 337445.85623263620073, 6734577.548267551697791 ], [ 337445.246176467975602, 6734573.372843385674059 ], [ 337417.058884758909699, 6734579.15095541626215 ], [ 337343.213999322615564, 6734594.285976036451757 ], [ 337354.634903740370646, 6734659.158400007523596 ], [ 337356.419164965685923, 6734663.759200951084495 ], [ 337380.233472001797054, 6734670.66099380236119 ], [ 337411.504276753927115, 6734669.657776853069663 ], [ 337456.258476833638269, 6734661.090087947435677 ], [ 337457.026977261411957, 6734660.93984567001462 ] ] ] ] } },
{ "type": "Feature", "properties": { "fid": 217, "full_id": "w77390726", "osm_id": "77390726", "osm_type": "way", "highway": "trunk", "loc_name": "Приозерское шоссе", "sidewalk": null, "layer": null, "hgv": null, "motorcar": null, "lit": null, "lanes": "2", "junction": null, "surface": "asphalt", "ref": "А-121", "oneway": null, "name": "«Сортавала»", "maxspeed": "RU:urban", "int_ref": null }, "geometry": { "type": "MultiPolygon", "coordinates": [ [ [ [ 338362.191132599895354, 6734575.664250673726201 ], [ 338367.680282525310759, 6734570.0754653532058 ], [ 338390.088354331965093, 6734571.894321120344102 ], [ 338400.74331489414908, 6734569.023814762942493 ], [ 338405.52074154780712, 6734565.256548734381795 ], [ 338426.437842801911756, 6734548.302863575518131 ], [ 338431.100773334328551, 6734554.845271258614957 ], [ 338441.607323957374319, 6734548.00192882027477 ], [ 338461.263757264823653, 6734523.660722940228879 ], [ 338472.436289968376514, 6734494.43668853212148 ], [ 338472.901467140240129, 6734485.323745153844357 ], [ 338457.127241427486297, 6734483.359345313161612 ], [ 338446.059163625526708, 6734512.818206364288926 ], [ 338404.084166741929948, 6734501.640927980653942 ], [ 338394.216559861204587, 6734520.343739740550518 ], [ 338388.681317429873161, 6734532.910791057161987 ], [ 338385.87135588156525, 6734546.470467757433653 ], [ 338381.362331310519949, 6734557.388793863356113 ], [ 338376.634799590043258, 6734561.308609250001609 ], [ 338371.25133953243494, 6734561.476691523566842 ], [ 338366.406146461842582, 6734561.627968041226268 ], [ 338358.414830969413742, 6734564.571781777776778 ], [ 338354.457235774956644, 6734564.497671732679009 ], [ 338354.397203026397619, 6734576.494131280109286 ], [ 338362.191132599895354, 6734575.664250673726201 ] ] ] ] } },
{ "type": "Feature", "properties": { "fid": 2115, "full_id": "w768585265", "osm_id": "768585265", "osm_type": "way", "highway": "trunk", "loc_name": "Приозерское шоссе", "sidewalk": "no", "layer": null, "hgv": null, "motorcar": null, "lit": null, "lanes": "2", "junction": null, "surface": "asphalt", "ref": "А-121", "oneway": null, "name": "«Сортавала»", "maxspeed": "RU:urban", "int_ref": null }, "geometry": { "type": "MultiPolygon", "coordinates": [ [ [ [ 336065.400747792387847, 6734698.054442936554551 ], [ 336034.138391994289123, 6734699.293306953273714 ], [ 336004.788954832707532, 6734710.13213587552309 ], [ 335980.225363706529606, 6734729.509949608705938 ], [ 335962.852074059774168, 6734755.529912731610239 ], [ 335959.013312530878466, 6734769.158731457777321 ], [ 335989.524514014367014, 6734774.013006741181016 ], [ 336031.197778025700245, 6734777.725766635499895 ], [ 336031.891181874321774, 6734775.263787200674415 ], [ 336043.003300948126707, 6734776.23674001917243 ], [ 336042.882892865105532, 6734778.099807634949684 ], [ 336143.151913118606899, 6734788.63604370970279 ], [ 336143.534669270855375, 6734774.141391009092331 ], [ 336153.243907506810501, 6734750.256758543662727 ], [ 336119.186227497993968, 6734717.504255132749677 ], [ 336098.299573924508877, 6734701.93702223431319 ], [ 336065.400747792387847, 6734698.054442936554551 ] ] ] ] } },
{ "type": "Feature", "properties": { "fid": 349, "full_id": "w127191723", "osm_id": "127191723", "osm_type": "way", "highway": "trunk", "loc_name": "Приозерское шоссе", "sidewalk": null, "layer": null, "hgv": null, "motorcar": null, "lit": null, "lanes": "2", "junction": null, "surface": "asphalt", "ref": "А-121", "oneway": null, "name": "«Сортавала»", "maxspeed": "80", "int_ref": null }, "geometry": { "type": "MultiPolygon", "coordinates": [ [ [ [ 337413.584734402305912, 6734669.23655885271728 ], [ 337442.783037579618394, 6734657.996951845474541 ], [ 337467.079044506070204, 6734638.284678473137319 ], [ 337484.094492743373848, 6734612.029313394799829 ], [ 337492.163791664585005, 6734581.800914677791297 ], [ 337491.434071463299915, 6734568.122475958429277 ], [ 337488.340731390228029, 6734568.784611074253917 ], [ 337488.357456738478504, 6734569.096016440540552 ], [ 337479.933006801409647, 6734571.330387949943542 ], [ 337480.141870627296157, 6734572.524709414690733 ], [ 337464.768159514176659, 6734575.446628623642027 ], [ 337464.723660873016343, 6734574.706748533993959 ], [ 337463.929084627539851, 6734574.867698153480887 ], [ 337463.764253109693527, 6734574.045232548378408 ], [ 337446.510603936738335, 6734577.738416124135256 ], [ 337446.422928290441632, 6734577.435548322275281 ], [ 337445.85623263620073, 6734577.548267551697791 ], [ 337445.246176467975602, 6734573.372843385674059 ], [ 337417.058884758909699, 6734579.15095541626215 ], [ 337343.213999322615564, 6734594.285976036451757 ], [ 337354.634903740370646, 6734659.158400007523596 ], [ 337362.752900094492361, 6734680.091032939963043 ], [ 337413.584734402305912, 6734669.23655885271728 ] ] ] ] } },
{ "type": "Feature", "properties": { "fid": 2111, "full_id": "w768585259", "osm_id": "768585259", "osm_type": "way", "highway": "trunk", "loc_name": "Приозерское шоссе", "sidewalk": null, "layer": null, "hgv": null, "motorcar": null, "lit": null, "lanes": "2", "junction": null, "surface": "asphalt", "ref": "А-121", "oneway": null, "name": "«Сортавала»", "maxspeed": "RU:urban", "int_ref": null }, "geometry": { "type": "MultiPolygon", "coordinates": [ [ [ [ 337654.276768719137181, 6734549.258724632672966 ], [ 337673.061474913614802, 6734574.278806312941015 ], [ 337698.65842258639168, 6734592.269524584524333 ], [ 337728.562004154839087, 6734601.469822594895959 ], [ 337746.67555382521823, 6734601.185690162703395 ], [ 337740.283725007087924, 6734513.905866140499711 ], [ 337737.019522033282556, 6734514.54428250901401 ], [ 337736.72848132631043, 6734512.624033506959677 ], [ 337729.832030350342393, 6734512.548854305408895 ], [ 337729.955418239347637, 6734513.584783104248345 ], [ 337720.031267717247829, 6734515.445827321149409 ], [ 337701.731722269556485, 6734519.879016764461994 ], [ 337687.659498503722716, 6734521.547450767830014 ], [ 337669.881717556621879, 6734524.174486699514091 ], [ 337667.651537833677139, 6734524.901164473034441 ], [ 337647.909065026440658, 6734530.658784021623433 ], [ 337654.276768719137181, 6734549.258724632672966 ] ] ] ] } },
{ "type": "Feature", "properties": { "fid": 216, "full_id": "w77390719", "osm_id": "77390719", "osm_type": "way", "highway": "trunk", "loc_name": "Приозерское шоссе", "sidewalk": null, "layer": null, "hgv": null, "motorcar": null, "lit": null, "lanes": "2", "junction": null, "surface": "asphalt", "ref": "А-121", "oneway": null, "name": "«Сортавала»", "maxspeed": "40", "int_ref": null }, "geometry": { "type": "MultiPolygon", "coordinates": [ [ [ [ 338435.743662524095271, 6734570.715918941423297 ], [ 338450.80880708550103, 6734571.79993218742311 ], [ 338465.936209291918203, 6734573.760809657163918 ], [ 338477.735557011503261, 6734576.04853823967278 ], [ 338484.731263895286247, 6734577.790650662966073 ], [ 338495.915186039404944, 6734580.578076883219182 ], [ 338505.344244664360303, 6734583.121473292820156 ], [ 338526.360962463484611, 6734590.079219063743949 ], [ 338531.384852613031399, 6734592.05528450012207 ], [ 338532.056832956674043, 6734591.284144380129874 ], [ 338561.727208056254312, 6734510.336050025187433 ], [ 338533.825451369979419, 6734499.931686656549573 ], [ 338533.81303633726202, 6734499.953782398253679 ], [ 338524.842447043862194, 6734496.581994391977787 ], [ 338487.103656757273711, 6734487.092375800944865 ], [ 338457.127241427486297, 6734483.359345313161612 ], [ 338446.059163625526708, 6734512.818206364288926 ], [ 338404.084166741929948, 6734501.640927980653942 ], [ 338394.216559861204587, 6734520.343739740550518 ], [ 338388.681317429873161, 6734532.910791057161987 ], [ 338385.87135588156525, 6734546.470467757433653 ], [ 338381.362331310519949, 6734557.388793863356113 ], [ 338376.634799590043258, 6734561.308609250001609 ], [ 338371.25133953243494, 6734561.476691523566842 ], [ 338366.406146461842582, 6734561.627968041226268 ], [ 338358.414830969413742, 6734564.571781777776778 ], [ 338354.457235774956644, 6734564.497671732679009 ], [ 338354.423694156459533, 6734571.200357830151916 ], [ 338365.648897435108665, 6734572.143722793087363 ], [ 338367.680282525310759, 6734570.0754653532058 ], [ 338396.448434000718407, 6734572.410566681064665 ], [ 338405.52074154780712, 6734565.256548734381795 ], [ 338426.437842801911756, 6734548.302863575518131 ], [ 338437.850067356892396, 6734564.314988374710083 ], [ 338433.51622515800409, 6734570.759942444041371 ], [ 338435.743662524095271, 6734570.715918941423297 ] ] ] ] } },
{ "type": "Feature", "properties": { "fid": 2112, "full_id": "w768585261", "osm_id": "768585261", "osm_type": "way", "highway": "trunk", "loc_name": "Приозерское шоссе", "sidewalk": null, "layer": null, "hgv": null, "motorcar": null, "lit": null, "lanes": "2", "junction": null, "surface": "asphalt", "ref": "А-121", "oneway": null, "name": "«Сортавала»", "maxspeed": "RU:urban", "int_ref": null }, "geometry": { "type": "MultiPolygon", "coordinates": [ [ [ [ 337680.903663921635598, 6734616.993088423274457 ], [ 337746.855660517525394, 6734603.645030181854963 ], [ 337740.283725007087924, 6734513.905866140499711 ], [ 337737.019522033282556, 6734514.54428250901401 ], [ 337736.72848132631043, 6734512.624033506959677 ], [ 337729.832030350342393, 6734512.548854305408895 ], [ 337729.955418239347637, 6734513.584783104248345 ], [ 337720.031267717247829, 6734515.445827321149409 ], [ 337701.731722269556485, 6734519.879016764461994 ], [ 337687.659498503722716, 6734521.547450767830014 ], [ 337669.881717556621879, 6734524.174486699514091 ], [ 337667.651537833677139, 6734524.901164473034441 ], [ 337646.836471307789907, 6734530.971591167151928 ], [ 337646.485361122409813, 6734532.4686029413715 ], [ 337636.375710359367076, 6734534.555912747047842 ], [ 337635.984275587892625, 6734534.136581619270146 ], [ 337609.541689066565596, 6734541.848163326270878 ], [ 337550.323933482752182, 6734555.165030650794506 ], [ 337556.052757986879442, 6734570.895368485711515 ], [ 337575.319666373892687, 6734595.546046271920204 ], [ 337601.261063502868637, 6734613.036431889981031 ], [ 337631.337624678621069, 6734621.654444535262883 ], [ 337662.605246537423227, 6734620.556493082083762 ], [ 337680.166720495093614, 6734617.139359150081873 ], [ 337680.903663921635598, 6734616.993088423274457 ] ] ] ] } },
{ "type": "Feature", "properties": { "fid": 216, "full_id": "w77390719", "osm_id": "77390719", "osm_type": "way", "highway": "trunk", "loc_name": "Приозерское шоссе", "sidewalk": null, "layer": null, "hgv": null, "motorcar": null, "lit": null, "lanes": "2", "junction": null, "surface": "asphalt", "ref": "А-121", "oneway": null, "name": "«Сортавала»", "maxspeed": "40", "int_ref": null }, "geometry": { "type": "MultiPolygon", "coordinates": [ [ [ [ 338890.821795406343881, 6734594.429276639595628 ], [ 338888.101095056917984, 6734563.26090382784605 ], [ 338875.881998374999966, 6734534.458762408234179 ], [ 338868.211824384343345, 6734525.631729755550623 ], [ 338866.520518728008028, 6734525.38431594427675 ], [ 338864.641533010290004, 6734521.522947011515498 ], [ 338855.360595679259859, 6734510.842206657864153 ], [ 338828.545664846606087, 6734494.7229896010831 ], [ 338763.855480016150977, 6734468.571652420796454 ], [ 338762.968090350273997, 6734468.217842592857778 ], [ 338708.015681078948546, 6734446.611487097106874 ], [ 338695.127452685846947, 6734530.681117843836546 ], [ 338694.881182281533256, 6734532.287694192491472 ], [ 338698.940599275112618, 6734533.88910713698715 ], [ 338705.27503451530356, 6734536.387931431643665 ], [ 338729.1786862926092, 6734545.817624789662659 ], [ 338759.924840328632854, 6734557.947658751159906 ], [ 338822.500338631332852, 6734582.632662268355489 ], [ 338887.578730746812653, 6734608.463934877887368 ], [ 338890.821795406343881, 6734594.429276639595628 ] ] ] ] } },
{ "type": "Feature", "properties": { "fid": 2103, "full_id": "w768476188", "osm_id": "768476188", "osm_type": "way", "highway": "trunk", "loc_name": null, "sidewalk": null, "layer": null, "hgv": null, "motorcar": null, "lit": "yes", "lanes": "1", "junction": null, "surface": "asphalt", "ref": "А-121", "oneway": "yes", "name": "«Сортавала»", "maxspeed": "RU:rural", "int_ref": null }, "geometry": { "type": "MultiPolygon", "coordinates": [ [ [ [ 336026.169643905770499, 6731245.496499771252275 ], [ 336049.580803691758774, 6731224.741084295324981 ], [ 336054.850425997341517, 6731215.773960902355611 ], [ 335908.463895707274787, 6731260.998593205586076 ], [ 335908.283391606411897, 6731260.848107787780464 ], [ 335866.945422477321699, 6731272.978642761707306 ], [ 335865.082893896556925, 6731272.063016760163009 ], [ 335863.976572989951819, 6731273.849836384877563 ], [ 335822.115310579887591, 6731286.133920152671635 ], [ 335794.950648607162293, 6731294.105330020189285 ], [ 335785.202140248846263, 6731312.992172391153872 ], [ 335786.088927718228661, 6731312.905863724648952 ], [ 335997.490531729941722, 6731258.001626675948501 ], [ 336026.169643905770499, 6731245.496499771252275 ] ] ] ] } },
{ "type": "Feature", "properties": { "fid": 215, "full_id": "w77389061", "osm_id": "77389061", "osm_type": "way", "highway": "trunk", "loc_name": "Приозерское шоссе", "sidewalk": "no", "layer": null, "hgv": null, "motorcar": null, "lit": null, "lanes": "2", "junction": null, "surface": "asphalt", "ref": "А-121", "oneway": null, "name": "«Сортавала»", "maxspeed": "RU:urban", "int_ref": null }, "geometry": { "type": "MultiPolygon", "coordinates": [ [ [ [ 335730.035379597276915, 6734683.572741697542369 ], [ 335725.936136649979744, 6734652.555554827675223 ], [ 335712.452687072334811, 6734624.323192872107029 ], [ 335690.904884853865951, 6734601.639236126095057 ], [ 335663.401979007932823, 6734586.724148324690759 ], [ 335653.880896313872654, 6734583.357903986237943 ], [ 335653.585358589480165, 6734583.253935119137168 ], [ 335544.29271835606778, 6734544.997551862150431 ], [ 335534.549511582648847, 6734542.133421678096056 ], [ 335467.390821096545551, 6734526.046311656013131 ], [ 335457.636196791485418, 6734524.216144769452512 ], [ 335439.741176221112255, 6734521.770591004751623 ], [ 335437.520497244549915, 6734521.492387347854674 ], [ 335365.88344238337595, 6734513.33091857098043 ], [ 335361.779127862944733, 6734512.948828617110848 ], [ 335291.463452284864616, 6734507.862109060399234 ], [ 335290.550305167154875, 6734507.800250178202987 ], [ 335270.726170166220982, 6734506.548421647399664 ], [ 335270.286715564201586, 6734506.521642661653459 ], [ 335258.222022126545198, 6734505.813111757859588 ], [ 335246.839672553061973, 6734504.760978112928569 ], [ 335215.618658982159104, 6734506.79026017896831 ], [ 335205.512962143053301, 6734510.815655238926411 ], [ 335188.890760271809995, 6734544.941099031828344 ], [ 335195.508901962544769, 6734577.504734027199447 ], [ 335253.469772383861709, 6734578.01595020480454 ], [ 335257.738939819391817, 6734574.207650045864284 ], [ 335493.728765930864029, 6734608.511280446313322 ], [ 335507.975633755733725, 6734579.847632728517056 ], [ 335554.569846344529651, 6734595.432624267414212 ], [ 335541.088822921505198, 6734623.972869552671909 ], [ 335581.33101505425293, 6734638.40981422830373 ], [ 335600.033746046829037, 6734645.381358731538057 ], [ 335597.804153183707967, 6734651.253088686615229 ], [ 335609.714137661852874, 6734656.233285918831825 ], [ 335611.974023602087982, 6734649.832298466004431 ], [ 335728.259926421276759, 6734693.178989371284842 ], [ 335730.035379597276915, 6734683.572741697542369 ] ] ] ] } },
{ "type": "Feature", "properties": { "fid": 2110, "full_id": "w768585253", "osm_id": "768585253", "osm_type": "way", "highway": "trunk", "loc_name": "Приозерское шоссе", "sidewalk": null, "layer": null, "hgv": null, "motorcar": null, "lit": null, "lanes": "2", "junction": null, "surface": "asphalt", "ref": "А-121", "oneway": null, "name": "«Сортавала»", "maxspeed": "RU:urban", "int_ref": null }, "geometry": { "type": "MultiPolygon", "coordinates": [ [ [ [ 338957.968579206906725, 6734625.906433014199138 ], [ 338938.089252563309856, 6734612.359585497528315 ], [ 338939.290986970649101, 6734604.535160933621228 ], [ 338950.407366186147556, 6734590.060306417755783 ], [ 338951.43289663689211, 6734578.297583031468093 ], [ 338944.011562358296942, 6734560.93893953319639 ], [ 338923.424530364281964, 6734537.379572228528559 ], [ 338896.564854561467655, 6734521.335025183856487 ], [ 338885.112604640948121, 6734516.742424264550209 ], [ 338884.171649641531985, 6734516.370595361106098 ], [ 338875.521832792961504, 6734513.003013524226844 ], [ 338875.521134366746992, 6734513.005586434155703 ], [ 338871.945410747197457, 6734526.177900006063282 ], [ 338866.520518728008028, 6734525.38431594427675 ], [ 338862.360117192671169, 6734516.834572812542319 ], [ 338857.15255451988196, 6734505.851411477662623 ], [ 338827.346613409521524, 6734494.247241391800344 ], [ 338796.774658173148055, 6734487.597036347724497 ], [ 338765.643974555132445, 6734490.719569225795567 ], [ 338737.001850768283475, 6734503.309184751473367 ], [ 338713.651977450295817, 6734524.133523639291525 ], [ 338706.269968593667727, 6734536.780420552007854 ], [ 338729.1786862926092, 6734545.817624789662659 ], [ 338759.924840328632854, 6734557.947658751159906 ], [ 338822.500338631332852, 6734582.632662268355489 ], [ 338928.451717242074665, 6734624.687465026043355 ], [ 338955.772590561246034, 6734635.531780860386789 ], [ 338957.968579206906725, 6734625.906433014199138 ] ] ] ] } },
{ "type": "Feature", "properties": { "fid": 215, "full_id": "w77389061", "osm_id": "77389061", "osm_type": "way", "highway": "trunk", "loc_name": "Приозерское шоссе", "sidewalk": "no", "layer": null, "hgv": null, "motorcar": null, "lit": null, "lanes": "2", "junction": null, "surface": "asphalt", "ref": "А-121", "oneway": null, "name": "«Сортавала»", "maxspeed": "RU:urban", "int_ref": null }, "geometry": { "type": "MultiPolygon", "coordinates": [ [ [ [ 335345.292504522658419, 6734712.278808559291065 ], [ 335413.769444266159553, 6734720.080251635052264 ], [ 335425.632903649297077, 6734721.70152542181313 ], [ 335483.015334530849941, 6734735.446842256002128 ], [ 335587.361331512045581, 6734771.971721180714667 ], [ 335596.734726655122358, 6734775.285749568603933 ], [ 335627.500560080166906, 6734780.971975712105632 ], [ 335658.517746950616129, 6734776.872732765041292 ], [ 335686.750108906067908, 6734763.389283187687397 ], [ 335709.434065651963465, 6734741.841480968520045 ], [ 335718.286904649401549, 6734725.517152164131403 ], [ 335540.223300345591269, 6734661.222921316511929 ], [ 335487.351872156723402, 6734639.764866041950881 ], [ 335486.788882710156031, 6734637.433135523460805 ], [ 335464.587825419963337, 6734631.183058246970177 ], [ 335444.823060732684098, 6734629.398230667226017 ], [ 335443.839460356219206, 6734634.453472825698555 ], [ 335443.333870678441599, 6734634.386626892723143 ], [ 335411.92613164044451, 6734630.236275602132082 ], [ 335311.778121405513957, 6734620.020737675949931 ], [ 335303.082568082434591, 6734708.347178130410612 ], [ 335302.961924019851722, 6734709.216564047150314 ], [ 335345.292504522658419, 6734712.278808559291065 ] ] ] ] } },
{ "type": "Feature", "properties": { "fid": 2003, "full_id": "w738063896", "osm_id": "738063896", "osm_type": "way", "highway": "trunk", "loc_name": "Приозерское шоссе", "sidewalk": null, "layer": null, "hgv": null, "motorcar": null, "lit": "yes", "lanes": "3", "junction": null, "surface": "asphalt", "ref": "А-121", "oneway": null, "name": "«Сортавала»", "maxspeed": "RU:urban", "int_ref": null }, "geometry": { "type": "MultiPolygon", "coordinates": [ [ [ [ 334690.591487747093197, 6733578.152642459608614 ], [ 334668.011350781365763, 6733556.496070969849825 ], [ 334648.06144012126606, 6733546.850204711779952 ], [ 334647.195731421583332, 6733548.506754237227142 ], [ 334644.176241773413494, 6733556.31458776537329 ], [ 334641.178133377048653, 6733565.031914016231894 ], [ 334627.116933216748293, 6733613.264272241853178 ], [ 334623.290889872470871, 6733626.390223255380988 ], [ 334630.303786072821822, 6733627.549824014306068 ], [ 334640.680011460382957, 6733629.265557353384793 ], [ 334659.638986988924444, 6733641.57612874917686 ], [ 334690.709669292089529, 6733646.278295542113483 ], [ 334707.205802355776541, 6733632.972884955815971 ], [ 334703.077515598328318, 6733601.442854478955269 ], [ 334690.591487747093197, 6733578.152642459608614 ] ] ] ] } },
{ "type": "Feature", "properties": { "fid": 214, "full_id": "w77389059", "osm_id": "77389059", "osm_type": "way", "highway": "trunk", "loc_name": "Приозерское шоссе", "sidewalk": null, "layer": null, "hgv": null, "motorcar": null, "lit": null, "lanes": "2", "junction": null, "surface": "asphalt", "ref": "А-121", "oneway": null, "name": "«Сортавала»", "maxspeed": "RU:rural", "int_ref": null }, "geometry": { "type": "MultiPolygon", "coordinates": [ [ [ [ 336084.20663375564618, 6734705.682694157585502 ], [ 336055.02413090725895, 6734716.963261590339243 ], [ 336030.755808454414364, 6734736.709608072414994 ], [ 336013.777218886069022, 6734762.988823630847037 ], [ 336010.358249340904877, 6734775.869128617458045 ], [ 336031.197778025700245, 6734777.725766635499895 ], [ 336031.891181874321774, 6734775.263787200674415 ], [ 336043.003300948126707, 6734776.23674001917243 ], [ 336042.882892865105532, 6734778.099807634949684 ], [ 336143.151913118606899, 6734788.63604370970279 ], [ 336143.534669270855375, 6734774.141391009092331 ], [ 336153.243907506810501, 6734750.256758543662727 ], [ 336119.186227497993968, 6734717.504255132749677 ], [ 336102.01673173555173, 6734704.707492915913463 ], [ 336084.20663375564618, 6734705.682694157585502 ] ] ] ] } },
{ "type": "Feature", "properties": { "fid": 2102, "full_id": "w768476187", "osm_id": "768476187", "osm_type": "way", "highway": "trunk", "loc_name": null, "sidewalk": null, "layer": null, "hgv": null, "motorcar": null, "lit": "yes", "lanes": "2", "junction": null, "surface": "asphalt", "ref": "А-121", "oneway": "yes", "name": "«Сортавала»", "maxspeed": "RU:rural", "int_ref": null }, "geometry": { "type": "MultiPolygon", "coordinates": [ [ [ [ 335785.482283998164348, 6731313.061392310075462 ], [ 335814.239148407184985, 6731300.736116513609886 ], [ 335835.357998794061132, 6731282.247886097058654 ], [ 335822.115310579887591, 6731286.133920152671635 ], [ 335794.950648607162293, 6731294.105330020189285 ], [ 335785.11895900266245, 6731313.153328439220786 ], [ 335785.482283998164348, 6731313.061392310075462 ] ] ] ] } },
{ "type": "Feature", "properties": { "fid": 214, "full_id": "w77389059", "osm_id": "77389059", "osm_type": "way", "highway": "trunk", "loc_name": "Приозерское шоссе", "sidewalk": null, "layer": null, "hgv": null, "motorcar": null, "lit": null, "lanes": "2", "junction": null, "surface": "asphalt", "ref": "А-121", "oneway": null, "name": "«Сортавала»", "maxspeed": "RU:rural", "int_ref": null }, "geometry": { "type": "MultiPolygon", "coordinates": [ [ [ [ 336007.460912691720296, 6734824.468612086959183 ], [ 336018.741480124357622, 6734853.651114935055375 ], [ 336038.487826607190073, 6734877.919437387958169 ], [ 336064.767042165622115, 6734894.898026956245303 ], [ 336068.057054073142353, 6734895.771333180367947 ], [ 336070.614517674781382, 6734882.648593879304826 ], [ 336070.206956264621112, 6734848.288730120286345 ], [ 336114.564787992509082, 6734814.574344986118376 ], [ 336007.214753559208475, 6734804.339034141972661 ], [ 336006.354216796404216, 6734804.257027557119727 ], [ 336007.460912691720296, 6734824.468612086959183 ] ] ] ] } },
{ "type": "Feature", "properties": { "fid": 2002, "full_id": "w738063895", "osm_id": "738063895", "osm_type": "way", "highway": "trunk", "loc_name": "Приозерское шоссе", "sidewalk": null, "layer": null, "hgv": null, "motorcar": null, "lit": "yes", "lanes": "4", "junction": null, "surface": "asphalt", "ref": "А-121", "oneway": null, "name": "«Сортавала»", "maxspeed": "RU:urban", "int_ref": null }, "geometry": { "type": "MultiPolygon", "coordinates": [ [ [ [ 334829.142821759451181, 6732930.151141277514398 ], [ 334835.81552749092225, 6732899.584089205600321 ], [ 334837.575520656537265, 6732869.192551027983427 ], [ 334840.063675390207209, 6732844.574972414411604 ], [ 334848.052015325753018, 6732789.449602030217648 ], [ 334842.261996692162938, 6732810.380246443673968 ], [ 334837.955653067678213, 6732825.643989890813828 ], [ 334833.554629124701023, 6732841.463901872746646 ], [ 334829.292504260432906, 6732861.733198905363679 ], [ 334823.772994908911642, 6732888.046535449102521 ], [ 334821.363299835415091, 6732899.910788756795228 ], [ 334819.132480510335881, 6732910.438957058824599 ], [ 334817.621689587831497, 6732917.398265589959919 ], [ 334817.479470553633291, 6732918.053455310873687 ], [ 334817.253884230973199, 6732919.143013424240053 ], [ 334814.09623253159225, 6732934.398310334421694 ], [ 334817.359297999646515, 6732949.75839477032423 ], [ 334817.54823483544169, 6732949.981508988887072 ], [ 334829.142821759451181, 6732930.151141277514398 ] ] ] ] } },
{ "type": "Feature", "properties": { "fid": 2003, "full_id": "w738063896", "osm_id": "738063896", "osm_type": "way", "highway": "trunk", "loc_name": "Приозерское шоссе", "sidewalk": null, "layer": null, "hgv": null, "motorcar": null, "lit": "yes", "lanes": "3", "junction": null, "surface": "asphalt", "ref": "А-121", "oneway": null, "name": "«Сортавала»", "maxspeed": "RU:urban", "int_ref": null }, "geometry": { "type": "MultiPolygon", "coordinates": [ [ [ [ 334550.479912500712089, 6733558.949869692325592 ], [ 334528.823341010545846, 6733581.530006658285856 ], [ 334526.672810055373702, 6733585.977808366529644 ], [ 334527.25504796707537, 6733594.873033346608281 ], [ 334537.795999135239981, 6733615.345467769540846 ], [ 334558.129433177935425, 6733628.838595103472471 ], [ 334580.849539757939056, 6733634.749740856699646 ], [ 334582.290507509373128, 6733633.647547600790858 ], [ 334591.714135528774932, 6733636.791068680584431 ], [ 334592.061979679507203, 6733635.542022679001093 ], [ 334601.354447266785428, 6733602.174498428590596 ], [ 334609.799523039488122, 6733570.759762139990926 ], [ 334610.77316450473154, 6733567.138083904981613 ], [ 334610.996536799357273, 6733566.275671233423054 ], [ 334603.852212843718007, 6733564.324686250649393 ], [ 334561.849840679380577, 6733552.854380317032337 ], [ 334550.479912500712089, 6733558.949869692325592 ] ] ] ] } },
{ "type": "Feature", "properties": { "fid": 2001, "full_id": "w738061307", "osm_id": "738061307", "osm_type": "way", "highway": "trunk", "loc_name": "Приозерское шоссе", "sidewalk": null, "layer": null, "hgv": null, "motorcar": null, "lit": "yes", "lanes": "3", "junction": null, "surface": "asphalt", "ref": "А-121", "oneway": null, "name": "«Сортавала»", "maxspeed": "RU:urban", "int_ref": null }, "geometry": { "type": "MultiPolygon", "coordinates": [ [ [ [ 334601.354447266785428, 6733602.174498428590596 ], [ 334609.799523039488122, 6733570.759762139990926 ], [ 334610.77316450473154, 6733567.138083904981613 ], [ 334610.996536799357273, 6733566.275671233423054 ], [ 334603.852212843718007, 6733564.324686250649393 ], [ 334556.375833221944049, 6733551.35949950478971 ], [ 334534.533336622873321, 6733557.156887510791421 ], [ 334526.404919662512839, 6733581.885073650628328 ], [ 334527.25504796707537, 6733594.873033346608281 ], [ 334537.795999135239981, 6733615.345467769540846 ], [ 334558.129433177935425, 6733628.838595103472471 ], [ 334580.849539757939056, 6733634.749740856699646 ], [ 334582.290507509373128, 6733633.647547600790858 ], [ 334591.714135528774932, 6733636.791068680584431 ], [ 334592.061979679507203, 6733635.542022679001093 ], [ 334601.354447266785428, 6733602.174498428590596 ] ] ] ] } },
{ "type": "Feature", "properties": { "fid": 2001, "full_id": "w738061307", "osm_id": "738061307", "osm_type": "way", "highway": "trunk", "loc_name": "Приозерское шоссе", "sidewalk": null, "layer": null, "hgv": null, "motorcar": null, "lit": "yes", "lanes": "3", "junction": null, "surface": "asphalt", "ref": "А-121", "oneway": null, "name": "«Сортавала»", "maxspeed": "RU:urban", "int_ref": null }, "geometry": { "type": "MultiPolygon", "coordinates": [ [ [ [ 334719.077705915784463, 6733550.561798948794603 ], [ 334670.205372393364087, 6733518.068078476935625 ], [ 334670.066642270190641, 6733518.379327559843659 ], [ 334664.644298544561025, 6733515.118599992245436 ], [ 334647.195731421583332, 6733548.506754237227142 ], [ 334644.176241773413494, 6733556.31458776537329 ], [ 334641.178133377048653, 6733565.031914016231894 ], [ 334627.116933216748293, 6733613.264272241853178 ], [ 334623.290889872470871, 6733626.390223255380988 ], [ 334630.303786072821822, 6733627.549824014306068 ], [ 334640.680011460382957, 6733629.265557353384793 ], [ 334659.638986988924444, 6733641.57612874917686 ], [ 334690.709669292089529, 6733646.278295542113483 ], [ 334707.205802355776541, 6733632.972884955815971 ], [ 334701.2151262126863, 6733587.218747109174728 ], [ 334719.077705915784463, 6733550.561798948794603 ] ] ] ] } },
{ "type": "Feature", "properties": { "fid": 2000, "full_id": "w738061306", "osm_id": "738061306", "osm_type": "way", "highway": "trunk", "loc_name": "Приозерское шоссе", "sidewalk": null, "layer": null, "hgv": null, "motorcar": null, "lit": null, "lanes": "3", "junction": null, "surface": "asphalt", "ref": "А-121", "oneway": null, "name": "«Сортавала»", "maxspeed": "RU:urban", "int_ref": null }, "geometry": { "type": "MultiPolygon", "coordinates": [ [ [ [ 334561.996536329039373, 6733559.68650905136019 ], [ 334579.600184588052798, 6733585.551180750131607 ], [ 334601.302435964229517, 6733602.361261351034045 ], [ 334601.354447266785428, 6733602.174498428590596 ], [ 334609.799523039488122, 6733570.759762139990926 ], [ 334610.77316450473154, 6733567.138083904981613 ], [ 334610.996536799357273, 6733566.275671233423054 ], [ 334603.852212843718007, 6733564.324686250649393 ], [ 334559.847225216799416, 6733552.307491871528327 ], [ 334561.996536329039373, 6733559.68650905136019 ] ] ] ] } },
{ "type": "Feature", "properties": { "fid": 2000, "full_id": "w738061306", "osm_id": "738061306", "osm_type": "way", "highway": "trunk", "loc_name": "Приозерское шоссе", "sidewalk": null, "layer": null, "hgv": null, "motorcar": null, "lit": null, "lanes": "3", "junction": null, "surface": "asphalt", "ref": "А-121", "oneway": null, "name": "«Сортавала»", "maxspeed": "RU:urban", "int_ref": null }, "geometry": { "type": "MultiPolygon", "coordinates": [ [ [ [ 334633.779395268356893, 6733615.287912960164249 ], [ 334665.051519059517886, 6733616.249134935438633 ], [ 334695.090110095276032, 6733607.499693657271564 ], [ 334703.152119059755933, 6733602.012642758898437 ], [ 334701.2151262126863, 6733587.218747109174728 ], [ 334719.077705915784463, 6733550.561798948794603 ], [ 334670.205372393364087, 6733518.068078476935625 ], [ 334670.066642270190641, 6733518.379327559843659 ], [ 334664.644298544561025, 6733515.118599992245436 ], [ 334647.195731421583332, 6733548.506754237227142 ], [ 334644.176241773413494, 6733556.31458776537329 ], [ 334641.178133377048653, 6733565.031914016231894 ], [ 334627.214524613169488, 6733612.929516806267202 ], [ 334633.779395268356893, 6733615.287912960164249 ] ] ] ] } },
{ "type": "Feature", "properties": { "fid": 1943, "full_id": "w717451554", "osm_id": "717451554", "osm_type": "way", "highway": "trunk", "loc_name": null, "sidewalk": null, "layer": null, "hgv": null, "motorcar": null, "lit": "yes", "lanes": "2", "junction": null, "surface": "asphalt", "ref": "А-121", "oneway": "yes", "name": "«Сортавала»", "maxspeed": "RU:urban", "int_ref": null }, "geometry": { "type": "MultiPolygon", "coordinates": [ [ [ [ 336132.1124651664868, 6731207.715947492979467 ], [ 336145.604047075146809, 6731208.120050836354494 ], [ 336128.118050335673615, 6731200.566783619113266 ], [ 336121.568843367043883, 6731195.161978705786169 ], [ 336120.673976472113281, 6731194.241609204560518 ], [ 336112.160036908928305, 6731198.068738463334739 ], [ 336108.417989299923647, 6731199.224806079640985 ], [ 336132.1124651664868, 6731207.715947492979467 ] ] ], [ [ [ 336149.908744817017578, 6731208.248986254446208 ], [ 336149.577368180500343, 6731207.711550185456872 ], [ 336148.506640771287493, 6731208.206990071572363 ], [ 336149.908744817017578, 6731208.248986254446208 ] ] ] ] } },
{ "type": "Feature", "properties": { "fid": 1944, "full_id": "w717451555", "osm_id": "717451555", "osm_type": "way", "highway": "trunk", "loc_name": null, "sidewalk": null, "layer": null, "hgv": null, "motorcar": null, "lit": "yes", "lanes": "2", "junction": null, "surface": "asphalt", "ref": "А-121", "oneway": "yes", "name": "«Сортавала»", "maxspeed": "RU:urban", "int_ref": null }, "geometry": { "type": "MultiPolygon", "coordinates": [ [ [ [ 336037.326666825974826, 6731230.352921921759844 ], [ 336068.436349187802989, 6731233.678179422393441 ], [ 336099.050976396130864, 6731227.227266696281731 ], [ 336149.68849032104481, 6731207.891771238297224 ], [ 336149.577368180500343, 6731207.711550185456872 ], [ 336147.720302381087095, 6731208.570839357562363 ], [ 336147.30783012509346, 6731208.22612776234746 ], [ 336147.04789109446574, 6731208.743735025636852 ], [ 336128.118050335673615, 6731200.566783619113266 ], [ 336121.568843367043883, 6731195.161978705786169 ], [ 336120.673976472113281, 6731194.241609204560518 ], [ 336112.160036908928305, 6731198.068738463334739 ], [ 336025.207974357588682, 6731224.931695383042097 ], [ 336037.326666825974826, 6731230.352921921759844 ] ] ] ] } },
{ "type": "Feature", "properties": { "fid": 1934, "full_id": "w715598405", "osm_id": "715598405", "osm_type": "way", "highway": "trunk", "loc_name": null, "sidewalk": null, "layer": null, "hgv": null, "motorcar": null, "lit": "yes", "lanes": "2", "junction": null, "surface": "asphalt", "ref": "А-121", "oneway": "yes", "name": "«Сортавала»", "maxspeed": "RU:rural", "int_ref": null }, "geometry": { "type": "MultiPolygon", "coordinates": [ [ [ [ 335793.893242968886625, 6731316.976456353440881 ], [ 335821.7597615167615, 6731302.752293175086379 ], [ 335843.866887415293604, 6731280.613082290627062 ], [ 335844.382290986890439, 6731279.599729905836284 ], [ 335822.115310579887591, 6731286.133920152671635 ], [ 335794.950648607162293, 6731294.105330020189285 ], [ 335780.973549752612598, 6731321.184679307974875 ], [ 335793.893242968886625, 6731316.976456353440881 ] ] ] ] } },
{ "type": "Feature", "properties": { "fid": 1935, "full_id": "w715598407", "osm_id": "715598407", "osm_type": "way", "highway": "trunk", "loc_name": null, "sidewalk": null, "layer": null, "hgv": null, "motorcar": null, "lit": "yes", "lanes": "2", "junction": null, "surface": "asphalt", "ref": "А-121", "oneway": "yes", "name": "«Сортавала»", "maxspeed": "RU:rural", "int_ref": null }, "geometry": { "type": "MultiPolygon", "coordinates": [ [ [ [ 335796.742270894173998, 6731298.962851411662996 ], [ 335800.455343735346105, 6731292.489989431574941 ], [ 335794.950648607162293, 6731294.105330020189285 ], [ 335788.671433611656539, 6731306.270734149031341 ], [ 335796.742270894173998, 6731298.962851411662996 ] ] ] ] } },
{ "type": "Feature", "properties": { "fid": 1715, "full_id": "w709592190", "osm_id": "709592190", "osm_type": "way", "highway": "trunk", "loc_name": null, "sidewalk": null, "layer": null, "hgv": null, "motorcar": null, "lit": "yes", "lanes": "1", "junction": null, "surface": "asphalt", "ref": "А-121", "oneway": "yes", "name": "«Сортавала»", "maxspeed": "RU:rural", "int_ref": null }, "geometry": { "type": "MultiPolygon", "coordinates": [ [ [ [ 335789.149308605410624, 6731318.392766618169844 ], [ 335999.035995544574689, 6731261.34958806168288 ], [ 336027.572362707636785, 6731248.522062063217163 ], [ 336050.748137120332103, 6731227.504137463867664 ], [ 336058.02668835275108, 6731214.792686895467341 ], [ 335908.463895707274787, 6731260.998593205586076 ], [ 335908.283391606411897, 6731260.848107787780464 ], [ 335866.945422477321699, 6731272.978642761707306 ], [ 335865.082893896556925, 6731272.063016760163009 ], [ 335863.976572989951819, 6731273.849836384877563 ], [ 335822.115310579887591, 6731286.133920152671635 ], [ 335794.950648607162293, 6731294.105330020189285 ], [ 335782.014223740552552, 6731319.168468739837408 ], [ 335789.149308605410624, 6731318.392766618169844 ] ] ] ] } },
{ "type": "Feature", "properties": { "fid": 1719, "full_id": "w709592200", "osm_id": "709592200", "osm_type": "way", "highway": "trunk", "loc_name": "Приозерское шоссе", "sidewalk": "no", "layer": null, "hgv": null, "motorcar": null, "lit": "yes", "lanes": "3", "junction": null, "surface": "asphalt", "ref": "А-121", "oneway": null, "name": "«Сортавала»", "maxspeed": "RU:urban", "int_ref": null }, "geometry": { "type": "MultiPolygon", "coordinates": [ [ [ [ 334835.653059829492122, 6732952.35654294770211 ], [ 334835.98118804465048, 6732894.368558753281832 ], [ 334831.261774204613175, 6732863.439659530296922 ], [ 334829.620565996738151, 6732860.173042647540569 ], [ 334829.292504260432906, 6732861.733198905363679 ], [ 334823.772994908911642, 6732888.046535449102521 ], [ 334821.363299835415091, 6732899.910788756795228 ], [ 334819.132480510335881, 6732910.438957058824599 ], [ 334817.621689587831497, 6732917.398265589959919 ], [ 334817.479470553633291, 6732918.053455310873687 ], [ 334817.253884230973199, 6732919.143013424240053 ], [ 334814.09623253159225, 6732934.398310334421694 ], [ 334817.359297999646515, 6732949.75839477032423 ], [ 334824.517325437860563, 6732958.211260470561683 ], [ 334835.880401827162132, 6732965.601065292023122 ], [ 334835.653059829492122, 6732952.35654294770211 ] ] ] ] } },
{ "type": "Feature", "properties": { "fid": 1633, "full_id": "w706449485", "osm_id": "706449485", "osm_type": "way", "highway": "trunk", "loc_name": null, "sidewalk": null, "layer": null, "hgv": null, "motorcar": null, "lit": "yes", "lanes": "1", "junction": null, "surface": "asphalt", "ref": "А-121", "oneway": "yes", "name": "«Сортавала»", "maxspeed": "RU:urban", "int_ref": null }, "geometry": { "type": "MultiPolygon", "coordinates": [ [ [ [ 335935.076249940786511, 6731257.457936727441847 ], [ 335965.540443472214974, 6731264.585530051030219 ], [ 335996.716160709736869, 6731261.950320605188608 ], [ 336046.566435533808544, 6731249.67677063215524 ], [ 336049.821632177510764, 6731248.816943660378456 ], [ 336061.470125675725285, 6731245.529371631331742 ], [ 336065.232954119506758, 6731244.387043470516801 ], [ 336084.289902320771944, 6731238.18992262147367 ], [ 336104.310074858018197, 6731232.533057627268136 ], [ 336132.716631010523997, 6731219.420573436655104 ], [ 336145.144150676263962, 6731207.921393565833569 ], [ 336128.118050335673615, 6731200.566783619113266 ], [ 336121.568843367043883, 6731195.161978705786169 ], [ 336120.673976472113281, 6731194.241609204560518 ], [ 336112.160036908928305, 6731198.068738463334739 ], [ 335929.953773411223665, 6731254.359513671137393 ], [ 335935.076249940786511, 6731257.457936727441847 ] ] ] ] } },
{ "type": "Feature", "properties": { "fid": 1623, "full_id": "w704026942", "osm_id": "704026942", "osm_type": "way", "highway": "trunk", "loc_name": "Приозерское шоссе", "sidewalk": null, "layer": null, "hgv": null, "motorcar": null, "lit": "yes", "lanes": "3", "junction": null, "surface": "asphalt", "ref": "А-121", "oneway": null, "name": "«Сортавала»", "maxspeed": "RU:urban", "int_ref": null }, "geometry": { "type": "MultiPolygon", "coordinates": [ [ [ [ 334717.81726310151862, 6733552.714988708496094 ], [ 334715.030518428306095, 6733547.870947715826333 ], [ 334670.205372393364087, 6733518.068078476935625 ], [ 334670.066642270190641, 6733518.379327559843659 ], [ 334664.644298544561025, 6733515.118599992245436 ], [ 334647.195731421583332, 6733548.506754237227142 ], [ 334644.176241773413494, 6733556.31458776537329 ], [ 334641.178133377048653, 6733565.031914016231894 ], [ 334627.116933216748293, 6733613.264272241853178 ], [ 334623.290889872470871, 6733626.390223255380988 ], [ 334630.303786072821822, 6733627.549824014306068 ], [ 334640.680011460382957, 6733629.265557353384793 ], [ 334659.638986988924444, 6733641.57612874917686 ], [ 334690.709669292089529, 6733646.278295542113483 ], [ 334707.205802355776541, 6733632.972884955815971 ], [ 334701.2151262126863, 6733587.218747109174728 ], [ 334717.881072953226976, 6733553.017486380413175 ], [ 334717.81726310151862, 6733552.714988708496094 ] ] ] ] } },
{ "type": "Feature", "properties": { "fid": 1624, "full_id": "w704026943", "osm_id": "704026943", "osm_type": "way", "highway": "trunk", "loc_name": "Приозерское шоссе", "sidewalk": "no", "layer": null, "hgv": null, "motorcar": null, "lit": "yes", "lanes": "3", "junction": null, "surface": "asphalt", "ref": "А-121", "oneway": null, "name": "«Сортавала»", "maxspeed": "RU:urban", "int_ref": null }, "geometry": { "type": "MultiPolygon", "coordinates": [ [ [ [ 334580.447889604489319, 6733628.688096009194851 ], [ 334567.284978341602255, 6733631.220615703612566 ], [ 334580.849539757939056, 6733634.749740856699646 ], [ 334582.290507509373128, 6733633.647547600790858 ], [ 334591.714135528774932, 6733636.791068680584431 ], [ 334592.061979679507203, 6733635.542022679001093 ], [ 334593.516779424156994, 6733630.318107146769762 ], [ 334580.447889604489319, 6733628.688096009194851 ] ] ] ] } },
{ "type": "Feature", "properties": { "fid": 1622, "full_id": "w704026938", "osm_id": "704026938", "osm_type": "way", "highway": "trunk", "loc_name": "Приозерское шоссе", "sidewalk": null, "layer": null, "hgv": null, "motorcar": null, "lit": "yes", "lanes": "2", "junction": null, "surface": "asphalt", "ref": "А-121", "oneway": null, "name": "«Сортавала»", "maxspeed": "RU:urban", "int_ref": null }, "geometry": { "type": "MultiPolygon", "coordinates": [ [ [ [ 334671.379499653179664, 6733555.001932849176228 ], [ 334702.662435869162437, 6733554.50436295196414 ], [ 334717.408926575968508, 6733549.452278582379222 ], [ 334670.205372393364087, 6733518.068078476935625 ], [ 334670.066642270190641, 6733518.379327559843659 ], [ 334664.644298544561025, 6733515.118599992245436 ], [ 334647.618762005178723, 6733547.697277431376278 ], [ 334671.379499653179664, 6733555.001932849176228 ] ] ] ] } },
{ "type": "Feature", "properties": { "fid": 1623, "full_id": "w704026942", "osm_id": "704026942", "osm_type": "way", "highway": "trunk", "loc_name": "Приозерское шоссе", "sidewalk": null, "layer": null, "hgv": null, "motorcar": null, "lit": "yes", "lanes": "3", "junction": null, "surface": "asphalt", "ref": "А-121", "oneway": null, "name": "«Сортавала»", "maxspeed": "RU:urban", "int_ref": null }, "geometry": { "type": "MultiPolygon", "coordinates": [ [ [ [ 334601.354447266785428, 6733602.174498428590596 ], [ 334609.799523039488122, 6733570.759762139990926 ], [ 334610.77316450473154, 6733567.138083904981613 ], [ 334610.996536799357273, 6733566.275671233423054 ], [ 334603.852212843718007, 6733564.324686250649393 ], [ 334556.375833221944049, 6733551.35949950478971 ], [ 334534.533336622873321, 6733557.156887510791421 ], [ 334526.404919662512839, 6733581.885073650628328 ], [ 334527.25504796707537, 6733594.873033346608281 ], [ 334537.795999135239981, 6733615.345467769540846 ], [ 334558.129433177935425, 6733628.838595103472471 ], [ 334580.849539757939056, 6733634.749740856699646 ], [ 334582.290507509373128, 6733633.647547600790858 ], [ 334591.714135528774932, 6733636.791068680584431 ], [ 334592.061979679507203, 6733635.542022679001093 ], [ 334601.354447266785428, 6733602.174498428590596 ] ] ] ] } },
{ "type": "Feature", "properties": { "fid": 1620, "full_id": "w704026936", "osm_id": "704026936", "osm_type": "way", "highway": "trunk", "loc_name": "Приозерское шоссе", "sidewalk": null, "layer": null, "hgv": null, "motorcar": null, "lit": null, "lanes": "3", "junction": null, "surface": "asphalt", "ref": "А-121", "oneway": null, "name": "«Сортавала»", "maxspeed": "RU:urban", "int_ref": null }, "geometry": { "type": "MultiPolygon", "coordinates": [ [ [ [ 334657.871382736717351, 6733629.372029880993068 ], [ 334687.908174636831973, 6733620.616414171643555 ], [ 334704.140771083941218, 6733609.563530157320201 ], [ 334701.2151262126863, 6733587.218747109174728 ], [ 334719.077705915784463, 6733550.561798948794603 ], [ 334670.205372393364087, 6733518.068078476935625 ], [ 334670.066642270190641, 6733518.379327559843659 ], [ 334664.644298544561025, 6733515.118599992245436 ], [ 334647.195731421583332, 6733548.506754237227142 ], [ 334644.176241773413494, 6733556.31458776537329 ], [ 334641.178133377048653, 6733565.031914016231894 ], [ 334627.116933216748293, 6733613.264272241853178 ], [ 334623.290889872470871, 6733626.390223255380988 ], [ 334630.303786072821822, 6733627.549824014306068 ], [ 334637.576576839026529, 6733628.752397119998932 ], [ 334657.871382736717351, 6733629.372029880993068 ] ] ] ] } },
{ "type": "Feature", "properties": { "fid": 1621, "full_id": "w704026937", "osm_id": "704026937", "osm_type": "way", "highway": "trunk", "loc_name": null, "sidewalk": null, "layer": null, "hgv": null, "motorcar": null, "lit": null, "lanes": "2", "junction": null, "surface": "asphalt", "ref": "А-121", "oneway": null, "name": "Приозерское шоссе", "maxspeed": "RU:urban", "int_ref": null }, "geometry": { "type": "MultiPolygon", "coordinates": [ [ [ [ 334662.686343039269559, 6733568.345156714320183 ], [ 334693.97319476614939, 6733568.395981113426387 ], [ 334713.454760667867959, 6733562.101006380282342 ], [ 334719.077705915784463, 6733550.561798948794603 ], [ 334670.205372393364087, 6733518.068078476935625 ], [ 334670.066642270190641, 6733518.379327559843659 ], [ 334664.644298544561025, 6733515.118599992245436 ], [ 334647.195731421583332, 6733548.506754237227142 ], [ 334644.176241773413494, 6733556.31458776537329 ], [ 334642.326393431809265, 6733561.693223017267883 ], [ 334662.686343039269559, 6733568.345156714320183 ] ] ] ] } },
{ "type": "Feature", "properties": { "fid": 1516, "full_id": "w631134695", "osm_id": "631134695", "osm_type": "way", "highway": "trunk", "loc_name": null, "sidewalk": null, "layer": null, "hgv": null, "motorcar": null, "lit": "yes", "lanes": "1", "junction": null, "surface": "asphalt", "ref": "А-121", "oneway": "yes", "name": "«Сортавала»", "maxspeed": "RU:urban", "int_ref": null }, "geometry": { "type": "MultiPolygon", "coordinates": [ [ [ [ 336032.874777083226945, 6731247.804884945042431 ], [ 336041.889859875023831, 6731245.184207296930254 ], [ 336043.652469087974168, 6731244.654178348369896 ], [ 336093.055916257435456, 6731229.301052410155535 ], [ 336121.112969452806283, 6731215.456506910733879 ], [ 336133.849960452818777, 6731203.042744779959321 ], [ 336128.118050335673615, 6731200.566783619113266 ], [ 336121.568843367043883, 6731195.161978705786169 ], [ 336120.673976472113281, 6731194.241609204560518 ], [ 336112.160036908928305, 6731198.068738463334739 ], [ 335934.299087799503468, 6731253.017072907648981 ], [ 335938.371059701079503, 6731255.261756086722016 ], [ 335969.097018218366429, 6731261.159649549052119 ], [ 336000.141690596472472, 6731257.274036208167672 ], [ 336032.749137581617106, 6731247.841319146566093 ], [ 336032.874777083226945, 6731247.804884945042431 ] ] ] ] } },
{ "type": "Feature", "properties": { "fid": 1620, "full_id": "w704026936", "osm_id": "704026936", "osm_type": "way", "highway": "trunk", "loc_name": "Приозерское шоссе", "sidewalk": null, "layer": null, "hgv": null, "motorcar": null, "lit": null, "lanes": "3", "junction": null, "surface": "asphalt", "ref": "А-121", "oneway": null, "name": "«Сортавала»", "maxspeed": "RU:urban", "int_ref": null }, "geometry": { "type": "MultiPolygon", "coordinates": [ [ [ [ 334554.804775390890427, 6733572.830588771030307 ], [ 334572.413739918905776, 6733598.691641385667026 ], [ 334597.019010765769053, 6733617.7422452326864 ], [ 334601.354447266785428, 6733602.174498428590596 ], [ 334609.799523039488122, 6733570.759762139990926 ], [ 334610.77316450473154, 6733567.138083904981613 ], [ 334610.996536799357273, 6733566.275671233423054 ], [ 334603.852212843718007, 6733564.324686250649393 ], [ 334556.375833221944049, 6733551.35949950478971 ], [ 334549.108307245187461, 6733553.288430464453995 ], [ 334554.804775390890427, 6733572.830588771030307 ] ] ] ] } },
{ "type": "Feature", "properties": { "fid": 1515, "full_id": "w631134694", "osm_id": "631134694", "osm_type": "way", "highway": "trunk", "loc_name": null, "sidewalk": null, "layer": null, "hgv": null, "motorcar": null, "lit": "yes", "lanes": "2", "junction": null, "surface": "asphalt", "ref": "А-121", "oneway": "yes", "name": "«Сортавала»", "maxspeed": "RU:urban", "int_ref": null }, "geometry": { "type": "MultiPolygon", "coordinates": [ [ [ [ 336046.021000814973377, 6731231.34253562707454 ], [ 336076.912535782961641, 6731236.300634196959436 ], [ 336107.824268130236305, 6731231.470056861639023 ], [ 336158.49000197974965, 6731215.123261933214962 ], [ 336168.336359287321102, 6731211.296001139096916 ], [ 336150.833773582358845, 6731209.749224256724119 ], [ 336149.577368180500343, 6731207.711550185456872 ], [ 336147.720302381087095, 6731208.570839357562363 ], [ 336147.30783012509346, 6731208.22612776234746 ], [ 336147.04789109446574, 6731208.743735025636852 ], [ 336128.118050335673615, 6731200.566783619113266 ], [ 336121.568843367043883, 6731195.161978705786169 ], [ 336120.673976472113281, 6731194.241609204560518 ], [ 336112.160036908928305, 6731198.068738463334739 ], [ 336030.381823166331742, 6731223.333287322893739 ], [ 336046.021000814973377, 6731231.34253562707454 ] ] ] ] } },
{ "type": "Feature", "properties": { "fid": 2984, "full_id": "w1288170842", "osm_id": "1288170842", "osm_type": "way", "highway": "trunk", "loc_name": "Приозерское шоссе", "sidewalk": null, "layer": null, "hgv": null, "motorcar": null, "lit": null, "lanes": "2", "junction": null, "surface": "asphalt", "ref": "А-121", "oneway": null, "name": "«Сортавала»", "maxspeed": "RU:urban", "int_ref": null }, "geometry": { "type": "MultiPolygon", "coordinates": [ [ [ [ 338895.536688553635031, 6734520.929289913736284 ], [ 338874.600860194535926, 6734516.395708618685603 ], [ 338871.945410747197457, 6734526.177900006063282 ], [ 338866.520518728008028, 6734525.38431594427675 ], [ 338862.360117192671169, 6734516.834572812542319 ], [ 338861.335929029562976, 6734514.674479014240205 ], [ 338833.830775857612025, 6734517.459354632534087 ], [ 338805.200444749614689, 6734530.075765165500343 ], [ 338781.870067048410419, 6734550.921943482011557 ], [ 338774.442332903679926, 6734563.674570481292903 ], [ 338822.500338631332852, 6734582.632662268355489 ], [ 338928.451717242074665, 6734624.687465026043355 ], [ 338956.96781455760356, 6734636.00619419105351 ], [ 338962.242540396749973, 6734638.109941662289202 ], [ 338962.751988680218346, 6734629.166106740012765 ], [ 338938.089252563309856, 6734612.359585497528315 ], [ 338939.290986970649101, 6734604.535160933621228 ], [ 338950.407366186147556, 6734590.060306417755783 ], [ 338951.554605639423244, 6734576.901593931950629 ], [ 338947.101874338462949, 6734562.5768236014992 ], [ 338941.464068448054604, 6734545.84505182877183 ], [ 338940.010902051406447, 6734538.196266509592533 ], [ 338895.536688553635031, 6734520.929289913736284 ] ] ] ] } },
{ "type": "Feature", "properties": { "fid": 2119, "full_id": "w768585269", "osm_id": "768585269", "osm_type": "way", "highway": "trunk", "loc_name": "Приозерское шоссе", "sidewalk": "no", "layer": null, "hgv": null, "motorcar": null, "lit": null, "lanes": "2", "junction": null, "surface": "asphalt", "ref": "А-121", "oneway": null, "name": "«Сортавала»", "maxspeed": "RU:urban", "int_ref": null }, "geometry": { "type": "MultiPolygon", "coordinates": [ [ [ [ 335310.789699793385807, 6734672.515964817255735 ], [ 335328.277890888915863, 6734646.573088216595352 ], [ 335335.199326053087134, 6734622.409803656861186 ], [ 335311.778121405513957, 6734620.020737675949931 ], [ 335306.261592713068239, 6734676.055739126168191 ], [ 335310.789699793385807, 6734672.515964817255735 ] ] ] ] } },
{ "type": "Feature", "properties": { "fid": 2118, "full_id": "w768585268", "osm_id": "768585268", "osm_type": "way", "highway": "trunk", "loc_name": "Приозерское шоссе", "sidewalk": "no", "layer": null, "hgv": null, "motorcar": null, "lit": null, "lanes": "4", "junction": null, "surface": "asphalt", "ref": "А-121", "oneway": null, "name": "«Сортавала»", "maxspeed": "RU:urban", "int_ref": null }, "geometry": { "type": "MultiPolygon", "coordinates": [ [ [ [ 335917.186546044598799, 6734881.381818349473178 ], [ 335965.552949581877328, 6734889.014351736754179 ], [ 335970.294952394033317, 6734889.646821517497301 ], [ 336004.207727646979038, 6734893.346742438152432 ], [ 336006.212036243639886, 6734893.545011525973678 ], [ 336044.839066563057713, 6734896.973625659011304 ], [ 336068.134444549388718, 6734895.374230737797916 ], [ 336070.614517674781382, 6734882.648593879304826 ], [ 336070.206956264621112, 6734848.288730120286345 ], [ 336114.564787992509082, 6734814.574344986118376 ], [ 336007.214753559208475, 6734804.339034141972661 ], [ 335993.100907493731938, 6734802.994026734493673 ], [ 335992.988828333909623, 6734804.226404365152121 ], [ 335983.439297298085876, 6734803.397127299569547 ], [ 335983.479339565557893, 6734801.764265366829932 ], [ 335923.436486201710068, 6734791.832456970587373 ], [ 335898.851391802367289, 6734786.490340813994408 ], [ 335898.944588571437635, 6734783.756389710120857 ], [ 335898.927483914652839, 6734783.749721018597484 ], [ 335887.765785474213772, 6734779.413633034564555 ], [ 335884.046975545352325, 6734778.279667573980987 ], [ 335863.788480230839923, 6734772.119611546397209 ], [ 335862.743402148946188, 6734775.541524208150804 ], [ 335862.649142452282831, 6734775.509363861754537 ], [ 335816.200706358300522, 6734759.644666248932481 ], [ 335814.790290568256751, 6734789.767346871085465 ], [ 335823.056187996058725, 6734819.942578664980829 ], [ 335840.242183041234966, 6734846.086626714095473 ], [ 335864.665990767010953, 6734865.64032943919301 ], [ 335893.936838702415116, 6734876.689634179696441 ], [ 335912.528442263195757, 6734880.533262254670262 ], [ 335917.186546044598799, 6734881.381818349473178 ] ] ] ] } }
]
}
