{
"type": "FeatureCollection",
"name": "Лосево, трасса",
"crs": { "type": "name", "properties": { "name": "urn:ogc:def:crs:OGC:1.3:CRS84" } },
"features": [
{ "type": "Feature", "properties": { }, "geometry": { "type": "LineString", "coordinates": [ [ 30.368217014463379, 60.091443098940033 ], [ 30.369049688420738, 60.091951083929274 ], [ 30.369816430795602, 60.092359845938446 ], [ 30.370978370492764, 60.09293391801819 ], [ 30.37296563106954, 60.093791685949689 ], [ 30.373813746162384, 60.094135302022679 ], [ 30.375567530649885, 60.094845575723198 ], [ 30.377796981653134, 60.095723702240605 ], [ 30.379642226844307, 60.096644209031503 ], [ 30.380011619852461, 60.096853266416403 ], [ 30.382245317688554, 60.098387545599486 ], [ 30.383426512591289, 60.09961991622967 ], [ 30.384364474428931, 60.101041210511482 ], [ 30.385256221020587, 60.102758173866057 ], [ 30.387317685667025, 60.108050762333527 ], [ 30.387431719309017, 60.109074283029805 ], [ 30.387374262270331, 60.110183160457638 ], [ 30.387181941885121, 60.111167846213071 ], [ 30.386560261622783, 60.113307237542742 ], [ 30.386412023184459, 60.11443174665618 ], [ 30.386392549227885, 60.11583032892419 ], [ 30.386269304569531, 60.11699880495096 ], [ 30.385969619961543, 60.11808780654188 ], [ 30.385078362509656, 60.120488006855325 ], [ 30.384519132520495, 60.12518242309131 ], [ 30.384859560897052, 60.128145526973363 ], [ 30.384924034816837, 60.130479457789839 ], [ 30.384842896695694, 60.131789423729693 ], [ 30.384297288376452, 60.133477969707087 ], [ 30.383195740814777, 60.135048367859859 ], [ 30.381649963996512, 60.136660181802995 ], [ 30.380072162337619, 60.137953827300258 ], [ 30.376976043790602, 60.139687145274657 ], [ 30.363718237206029, 60.146031887585337 ], [ 30.362751577199926, 60.14667794617371 ], [ 30.361937075718348, 60.147327030004021 ], [ 30.36077736353506, 60.148478608295164 ], [ 30.359100705744861, 60.150558866019615 ], [ 30.355325501793104, 60.155121565666043 ], [ 30.354475549222844, 60.156207063483208 ], [ 30.353709263372789, 60.157674445108192 ], [ 30.353434924651935, 60.158714401493071 ], [ 30.353276353993518, 60.159737718685768 ], [ 30.353456018993398, 60.161582031841313 ], [ 30.355604156793131, 60.169494326495851 ], [ 30.357185346818042, 60.17528839826042 ], [ 30.357765430219153, 60.177912253498413 ], [ 30.35784518185498, 60.181073949465677 ], [ 30.357777177776573, 60.181992097372465 ], [ 30.356034363894953, 60.191321146699146 ], [ 30.355615602286644, 60.193679320641998 ], [ 30.355585025606086, 60.194841091552476 ], [ 30.355801774662051, 60.195849082378437 ], [ 30.356484915072308, 60.1973225794518 ], [ 30.360082501823701, 60.20267003389602 ], [ 30.360831222091974, 60.204281606746086 ], [ 30.361047897569357, 60.205863631038063 ], [ 30.360864806601239, 60.207665752379874 ], [ 30.359297357403918, 60.218844766998842 ], [ 30.35798309737077, 60.23095836498981 ], [ 30.357506756146496, 60.234427017329764 ], [ 30.356693650196178, 60.2362165787954 ], [ 30.355200945047191, 60.238135133603727 ], [ 30.353250141778844, 60.239806957052508 ], [ 30.350827797780873, 60.241398109919345 ], [ 30.346746308418123, 60.244235463680866 ], [ 30.34074968472812, 60.249223817109048 ], [ 30.329476975623564, 60.259356914909866 ], [ 30.316918040417274, 60.270360107266526 ], [ 30.280411751076826, 60.297524008704841 ], [ 30.277282740757357, 60.299943242564922 ], [ 30.276415410205701, 60.301161069510933 ], [ 30.275958223633371, 60.302624797117403 ], [ 30.27609694579532, 60.304409738032362 ], [ 30.277061580596417, 60.310498608029476 ], [ 30.277401757089322, 60.315641313455387 ], [ 30.277612653421606, 60.316421168637966 ], [ 30.277881952303915, 60.317054011661305 ], [ 30.278374098436547, 60.317771182096877 ], [ 30.279661019421173, 60.319022994672537 ], [ 30.280971080772073, 60.319859565847999 ], [ 30.28314028287755, 60.320873398518088 ], [ 30.286857774994534, 60.322347362112694 ], [ 30.289289440450876, 60.323763284671671 ], [ 30.291046842247329, 60.325452847853953 ], [ 30.292405495428838, 60.32779005510973 ], [ 30.292363101750183, 60.33038389367934 ], [ 30.291384785588711, 60.332473888388485 ], [ 30.288992785225322, 60.334962693877713 ], [ 30.286253561376679, 60.337472935333864 ], [ 30.283933327385668, 60.340081510193897 ], [ 30.28289498952833, 60.341961117752206 ], [ 30.281941704139371, 60.344659844339702 ], [ 30.281876590125567, 60.347027497199001 ], [ 30.282515594502005, 60.351146354308625 ], [ 30.282883070697224, 60.353361165567811 ], [ 30.282922477715154, 60.35473059762662 ], [ 30.282796820478676, 60.355503557930867 ], [ 30.282269202570419, 60.356678882038366 ], [ 30.280485135297344, 60.359066988009005 ], [ 30.279966230947363, 60.360136042808804 ], [ 30.279765190674183, 60.361074798631769 ], [ 30.279909025173119, 60.362652151688224 ], [ 30.280523906816597, 60.365219460815034 ], [ 30.280643574425607, 60.366362384690532 ], [ 30.280467482514656, 60.367331741809821 ], [ 30.280314895474607, 60.368058519593625 ], [ 30.279317908638699, 60.369794519079143 ], [ 30.278344520296308, 60.370972118994921 ], [ 30.277611227763902, 60.371666980067779 ], [ 30.274204415054399, 60.374676599013405 ], [ 30.273577325455864, 60.375564758896317 ], [ 30.273224181627864, 60.376481346976689 ], [ 30.273213065368783, 60.377165388560819 ], [ 30.275628836037189, 60.386129956093598 ], [ 30.277124473459292, 60.390761548017096 ], [ 30.277955393118383, 60.393964278712332 ], [ 30.278298405935885, 60.396068017440108 ], [ 30.279325353447913, 60.402080879199318 ], [ 30.279435112942259, 60.404791801035621 ], [ 30.279107294385053, 60.407565096610107 ], [ 30.278514801867708, 60.41009046058884 ], [ 30.277232452665583, 60.412558150832716 ], [ 30.275395383635953, 60.415300922156256 ], [ 30.271978104365726, 60.418652453828855 ], [ 30.269132423339141, 60.421209923942627 ], [ 30.265511761982644, 60.423578157981808 ], [ 30.263016480388281, 60.424905038523747 ], [ 30.259968848386443, 60.426387670387832 ], [ 30.257246366682384, 60.42748350970605 ], [ 30.253109107973614, 60.428937975288022 ], [ 30.249870842518199, 60.42990868482697 ], [ 30.23879650885565, 60.432796936145948 ], [ 30.23024845861298, 60.435066230413888 ], [ 30.223836409328406, 60.436738547873745 ], [ 30.220480359427373, 60.437752009843919 ], [ 30.217303105260559, 60.438921287905465 ], [ 30.212581184638445, 60.441058909976213 ], [ 30.208433451595297, 60.443443208799529 ], [ 30.205023416228581, 60.445628994127858 ], [ 30.203276121765196, 60.446932416051986 ], [ 30.202694379233776, 60.447433459911892 ], [ 30.200375485232101, 60.450008708233895 ], [ 30.199312897661343, 60.451355034617492 ], [ 30.198247765484986, 60.452997811830834 ], [ 30.19750370259429, 60.454396454823552 ], [ 30.196778497721681, 60.456057420397102 ], [ 30.196205957142524, 60.458143951817988 ], [ 30.196004116605081, 60.46021555684603 ], [ 30.195986643223407, 60.474669701475094 ], [ 30.196001449749183, 60.497500456366879 ], [ 30.195499210963309, 60.500101721014666 ], [ 30.194746383914133, 60.502389705497897 ], [ 30.192958976293941, 60.506033914181991 ], [ 30.190805972170203, 60.508817070896896 ], [ 30.18908729370683, 60.510499297880422 ], [ 30.185428602626786, 60.513305163206972 ], [ 30.181420055647553, 60.515775325085102 ], [ 30.174566351206543, 60.51953270507579 ], [ 30.172009532463381, 60.521257789806313 ], [ 30.170173266578825, 60.522678694932694 ], [ 30.168102206196703, 60.524670643334566 ], [ 30.166949964903502, 60.525938769627679 ], [ 30.164507861860606, 60.529558419704451 ], [ 30.163618645719161, 60.531564007011283 ], [ 30.162799272938802, 60.535850932873004 ], [ 30.162178165551076, 60.539509789527628 ], [ 30.161125252558975, 60.54249089047709 ], [ 30.160166259340006, 60.544355836428203 ], [ 30.158129023094638, 60.547284444744491 ], [ 30.156263237483063, 60.549609817452442 ], [ 30.153995945109003, 60.551690457326529 ], [ 30.152511837861454, 60.552918436076922 ], [ 30.149954254837475, 60.554871197894606 ], [ 30.147179120161073, 60.556659646145526 ], [ 30.142778746824746, 60.559226466860117 ], [ 30.139343415266502, 60.560875057325106 ], [ 30.136908216845832, 60.561952069322182 ], [ 30.132241082692161, 60.56380743763772 ], [ 30.120288816778537, 60.568085126751996 ], [ 30.115692571051454, 60.569559885785416 ], [ 30.098004914503811, 60.574560801094783 ], [ 30.091533882715069, 60.576929297659184 ], [ 30.08748444997676, 60.57877999860068 ], [ 30.081989248765986, 60.581823816579941 ], [ 30.077060432427803, 60.585589191056059 ], [ 30.073525613473141, 60.588886033195188 ], [ 30.071384964589083, 60.591511167326082 ], [ 30.069795962582702, 60.594031233729886 ], [ 30.069007412689107, 60.595565099305709 ], [ 30.068091028820632, 60.59782619363861 ], [ 30.067430347422377, 60.601030256387268 ], [ 30.067154785256928, 60.60406571645553 ], [ 30.066990280935361, 60.605537271715427 ], [ 30.066376080122794, 60.607531191438468 ], [ 30.064323234024489, 60.611341923283874 ], [ 30.062784318066832, 60.613380194308561 ], [ 30.057058459006591, 60.620127782897846 ], [ 30.047161965511886, 60.631258407932457 ], [ 30.037300307580942, 60.642566035438747 ], [ 30.036016138547001, 60.644533596096828 ], [ 30.033114181924695, 60.650828027307455 ], [ 30.030971926175042, 60.655326777114283 ], [ 30.029086744390575, 60.657922507101652 ], [ 30.026867259196834, 60.660463356401884 ], [ 30.024592605631717, 60.662551372291155 ], [ 30.019235928086115, 60.66727614606814 ], [ 30.016024308776487, 60.670056048785341 ], [ 30.013774489375812, 60.671859332238135 ], [ 30.011567998084487, 60.674342036730735 ], [ 30.010224820634207, 60.676289114340484 ], [ 30.007684144644362, 60.678608531706004 ], [ 30.005299664412036, 60.680076034697166 ], [ 30.003080633848388, 60.681014866701105 ], [ 30.000567889730561, 60.681776045354141 ], [ 29.997744456453333, 60.682472180214589 ], [ 29.993676026120308, 60.682974924375159 ], [ 29.984180570231604, 60.683997057704339 ], [ 29.981414927556585, 60.68455249401093 ], [ 29.979271319722415, 60.685193328169937 ], [ 29.977911708997365, 60.685771700187118 ], [ 29.97656969807991, 60.686646361996495 ], [ 29.975463103780633, 60.687680840626456 ], [ 29.974914686298348, 60.688453758293313 ], [ 29.974328587912925, 60.690064491242204 ], [ 29.97418299096935, 60.691476678806254 ], [ 29.974089029202052, 60.692482556637927 ], [ 29.973887710488945, 60.69338135414408 ], [ 29.973513992178223, 60.694544851479719 ], [ 29.973174150764098, 60.695386438401187 ], [ 29.972492759058305, 60.697183568049695 ], [ 29.97225041755793, 60.698440403780744 ], [ 29.972309570198973, 60.700449210091953 ], [ 29.972041062963029, 60.701325196392688 ], [ 29.971230243456425, 60.702356274587153 ], [ 29.969909867006781, 60.703527815650695 ], [ 29.968958568599415, 60.704792230387824 ], [ 29.968378628455511, 60.70575997718403 ], [ 29.968146759084693, 60.706293719178554 ], [ 29.968178903005175, 60.706854098965671 ], [ 29.968381476253118, 60.707345033807805 ], [ 29.968694742197492, 60.707744329870145 ], [ 29.969336992381539, 60.708235152204928 ], [ 29.972887672885321, 60.710441852504445 ], [ 29.97552938777266, 60.711927514071704 ], [ 29.976771875055022, 60.712398342234316 ], [ 29.978739412249446, 60.712787418214219 ], [ 29.980651534288928, 60.712937791575648 ], [ 29.982354714328913, 60.713039682674861 ], [ 29.984324331932601, 60.713199652629484 ], [ 29.985824352646226, 60.713460776945979 ], [ 29.987642952620742, 60.713832174627406 ], [ 29.9891356156038, 60.714132082075466 ], [ 29.990760860820885, 60.71445686962781 ], [ 29.992169197185007, 60.714711549572179 ], [ 29.992936647086022, 60.714834151033351 ], [ 29.994229948548906, 60.714928573720051 ], [ 29.996562220800147, 60.71510287578662 ], [ 30.00066599939143, 60.715395953393362 ], [ 30.004311530596411, 60.715654582722927 ], [ 30.006856408024177, 60.715774799049413 ], [ 30.008609410211122, 60.715702656650819 ], [ 30.009330312666464, 60.715648595676846 ], [ 30.010149848620856, 60.715522532801764 ], [ 30.010781137617233, 60.71538642556726 ], [ 30.012209624484424, 60.715016125738984 ], [ 30.015985990832704, 60.71398578358874 ], [ 30.017119962986374, 60.713740831865167 ], [ 30.018304914626558, 60.713604711228058 ], [ 30.021889896116196, 60.713342211282594 ], [ 30.025389514015753, 60.713076642704458 ], [ 30.027353021528704, 60.712933295983952 ], [ 30.029603624113882, 60.712912975366422 ], [ 30.033510217102233, 60.713084434807506 ], [ 30.035486032271461, 60.713054785600676 ], [ 30.038153765425502, 60.712983995553095 ], [ 30.039546682434239, 60.713041286406231 ], [ 30.040500907601842, 60.713177981273951 ], [ 30.046934675104609, 60.714602538508956 ], [ 30.051413249632191, 60.715608635289321 ], [ 30.054921094879386, 60.716712263238939 ], [ 30.056476490905872, 60.717211846121415 ], [ 30.057944609655657, 60.717837767724411 ], [ 30.061160365938218, 60.719539350792722 ], [ 30.063798642513035, 60.720890624795992 ], [ 30.066139267679056, 60.72270000335434 ], [ 30.066707167074473, 60.723273948787764 ], [ 30.072939785506577, 60.729736866601002 ], [ 30.074579795098508, 60.73121296577375 ], [ 30.074824210540097, 60.731416459524773 ], [ 30.075095709131631, 60.731611651023215 ], [ 30.075392862845902, 60.731797610666113 ], [ 30.075714529212995, 60.731973594734811 ], [ 30.076059430984703, 60.732138676914559 ], [ 30.076425813351879, 60.732292189955594 ], [ 30.076812064233046, 60.732433559558181 ], [ 30.077216738748163, 60.732562035426156 ], [ 30.077637763470754, 60.732677123048738 ], [ 30.079904960928737, 60.733249335164203 ], [ 30.098219988923123, 60.737453256862558 ], [ 30.099039197170303, 60.737689716669081 ], [ 30.10024629444781, 60.738037953415159 ], [ 30.103270442653489, 60.73901579649015 ], [ 30.106924007734968, 60.74018330334232 ], [ 30.110049495430612, 60.741349472377941 ], [ 30.111383948149374, 60.742127021140142 ], [ 30.1169710581716, 60.74758597201096 ], [ 30.119116968673595, 60.749654064471081 ], [ 30.123145597247028, 60.753536569297644 ], [ 30.125428282691953, 60.755736111047852 ], [ 30.128672073632124, 60.758872312843309 ], [ 30.133562164302599, 60.763599561226883 ], [ 30.134655353975788, 60.76480590756141 ], [ 30.135275976143099, 60.765618421448671 ], [ 30.136199290733806, 60.766827322203099 ], [ 30.137481630799083, 60.768248407889594 ], [ 30.138950320505398, 60.769761931214433 ], [ 30.139079845332962, 60.769906076981464 ], [ 30.139845501904261, 60.770757409544963 ], [ 30.1403118993865, 60.771447141462517 ], [ 30.140468603291144, 60.771847324265515 ], [ 30.140614328846613, 60.772401320724931 ], [ 30.14065442861726, 60.773045943218953 ], [ 30.140521118848646, 60.774296862915783 ], [ 30.140431331026775, 60.774928566355364 ], [ 30.140295018049404, 60.77549074230442 ], [ 30.139199932723901, 60.777124283818594 ], [ 30.135750386058859, 60.780928466911675 ], [ 30.133053054044851, 60.783703095176826 ], [ 30.132026523342315, 60.785182834945417 ], [ 30.131531485836508, 60.786369877123754 ], [ 30.130213169598765, 60.793017505424125 ], [ 30.129360317236223, 60.796896103197177 ], [ 30.128731571766487, 60.79819659975918 ], [ 30.127839428378277, 60.799470079232378 ], [ 30.126133237727593, 60.801608737656167 ], [ 30.125738481849208, 60.802103389779496 ], [ 30.125548692762234, 60.802356491998907 ], [ 30.125328097665765, 60.802621689232616 ], [ 30.125064199956832, 60.802933475639044 ], [ 30.124852547254395, 60.803300005792927 ], [ 30.124738623049936, 60.803567576968234 ], [ 30.12467463447328, 60.803831187641599 ], [ 30.124660812780967, 60.804118688325509 ], [ 30.124713094703193, 60.804424851301654 ], [ 30.12483287283041, 60.804771353922781 ], [ 30.124896693151989, 60.804877994918193 ], [ 30.12525086196105, 60.805469976780131 ], [ 30.12565371734927, 60.805975780793027 ], [ 30.125759332724854, 60.806108467027194 ], [ 30.125918238867111, 60.806308045482993 ], [ 30.126232677780912, 60.806727968704038 ], [ 30.126424630136231, 60.807044396509838 ], [ 30.126564831896395, 60.807349476249335 ], [ 30.126616091095112, 60.80777211798268 ], [ 30.126589664412606, 60.808203696000554 ], [ 30.126503750446403, 60.808769275698445 ], [ 30.126403212319516, 60.809271306141518 ], [ 30.126345071381987, 60.809583008647103 ], [ 30.126332125836242, 60.809874390323721 ], [ 30.12635283043922, 60.810684956898939 ], [ 30.126381542050698, 60.811411349981 ], [ 30.126411314359004, 60.812090428404879 ], [ 30.126416851306985, 60.812194383533402 ], [ 30.126449027516237, 60.812858512706441 ], [ 30.12642151775988, 60.81361819458462 ], [ 30.126282383137635, 60.814379439370001 ], [ 30.125998199065336, 60.815362498463315 ], [ 30.125597490757098, 60.816619451037106 ], [ 30.125535418371562, 60.816917236174639 ], [ 30.125508110936106, 60.817324542513497 ], [ 30.125530164624656, 60.818280383114008 ], [ 30.125581622885285, 60.820507323922371 ], [ 30.125573919650897, 60.820829717016302 ], [ 30.125538933477557, 60.821074097752735 ], [ 30.125411136624841, 60.821431286660207 ], [ 30.125197244815418, 60.8218010938905 ], [ 30.124866614389802, 60.822188521850002 ], [ 30.124405455753031, 60.822581507487726 ], [ 30.123755880542127, 60.823053543190234 ], [ 30.123128306626437, 60.823601319950107 ], [ 30.122774221294037, 60.82393353794604 ], [ 30.122380051639492, 60.824357145466799 ], [ 30.122009742568039, 60.82482913960164 ], [ 30.121942755635231, 60.824936301261147 ], [ 30.121787202835296, 60.825167857332417 ], [ 30.121690553749563, 60.825324774443189 ], [ 30.121283737221056, 60.826011831712187 ], [ 30.120980732514692, 60.826489218478734 ], [ 30.120398740246952, 60.827660801836544 ], [ 30.120354025620394, 60.828591319407948 ], [ 30.121093722431105, 60.831072041584513 ], [ 30.121128019925042, 60.831201943816623 ], [ 30.121468683858637, 60.832482950983277 ], [ 30.121601923138247, 60.832839084570757 ], [ 30.121890504291393, 60.833818691994267 ], [ 30.122098348475593, 60.834555391051438 ], [ 30.122292472399412, 60.835147717940025 ], [ 30.122438224237335, 60.835496573159602 ], [ 30.1226423545145, 60.835898417384762 ], [ 30.122862622577941, 60.836232250853065 ], [ 30.123104153171898, 60.836532226546858 ], [ 30.123470037452897, 60.836845284486621 ], [ 30.123996426969342, 60.837235343866553 ], [ 30.124373023632799, 60.837476679509606 ], [ 30.124739771223439, 60.837673969131558 ], [ 30.125230331797166, 60.837905615414627 ], [ 30.125795271257196, 60.838145767792284 ], [ 30.126193078262734, 60.838296560287901 ], [ 30.126697023443043, 60.838453753874987 ], [ 30.127644164553001, 60.838675665025292 ], [ 30.128250847935927, 60.838797772620914 ], [ 30.128805568108646, 60.838891729773934 ], [ 30.12936413673555, 60.83897328134168 ], [ 30.12998536747957, 60.839045031272441 ], [ 30.130278860426657, 60.839074655896219 ], [ 30.130984903169931, 60.839107972057953 ], [ 30.131660842334433, 60.839123215898013 ], [ 30.132552151592702, 60.839128592400137 ], [ 30.133603803508873, 60.839133432409945 ], [ 30.135047952492616, 60.839154001574968 ], [ 30.136056558349331, 60.839193743781777 ], [ 30.137059571950669, 60.839287522662168 ], [ 30.138179927422307, 60.839450891966528 ], [ 30.138907578428995, 60.83959070785874 ], [ 30.1398444782563, 60.839819768381211 ], [ 30.140735492340024, 60.840103805314619 ], [ 30.141549149894377, 60.840400921023168 ], [ 30.142327190795594, 60.840724759762409 ], [ 30.142736947106954, 60.840952015591569 ], [ 30.14316074498506, 60.841200587299149 ], [ 30.143463451655386, 60.841411282215084 ], [ 30.143593798209043, 60.841501990675397 ], [ 30.14388343718808, 60.841721388993328 ], [ 30.144122883230999, 60.841902802299622 ], [ 30.144531277176441, 60.842268081211756 ], [ 30.144850103466403, 60.842641964413268 ], [ 30.144901330930516, 60.842707546075452 ], [ 30.145154402334626, 60.84303071809115 ], [ 30.145252598764582, 60.84336613786845 ], [ 30.145595118418221, 60.844536353720557 ], [ 30.145896431798661, 60.846197563042523 ], [ 30.145911918381358, 60.846355800712068 ], [ 30.145981327224632, 60.847065079665761 ], [ 30.14598669730427, 60.84717675377928 ], [ 30.146016204086472, 60.847795541723208 ], [ 30.146021644980923, 60.847911528825293 ], [ 30.146112756367145, 60.848250030557125 ], [ 30.146281438356407, 60.848595569195844 ], [ 30.14690148157128, 60.849343488426683 ], [ 30.147337795623152, 60.849793782969122 ], [ 30.147685972490326, 60.850158130723067 ], [ 30.149669542027492, 60.85221773298214 ], [ 30.152457476539571, 60.855043110683923 ], [ 30.152961202350212, 60.855606192822854 ], [ 30.153595345960625, 60.85631494295918 ], [ 30.154399808389538, 60.857250235698103 ], [ 30.154646712479597, 60.857537506286661 ], [ 30.155805402383056, 60.858980150790295 ], [ 30.15679261989175, 60.860244451499106 ], [ 30.157653620407178, 60.861509487512905 ], [ 30.158333220348847, 60.862746519269315 ], [ 30.158985456473292, 60.864086892496609 ], [ 30.159427632617369, 60.865376114689873 ], [ 30.159609953244832, 60.865842551888015 ], [ 30.159681791661026, 60.866087218564019 ], [ 30.160397469871839, 60.868089654561849 ], [ 30.161255912204794, 60.870608522799394 ], [ 30.161546030287976, 60.871321099486771 ], [ 30.161773528761334, 60.872018610402421 ], [ 30.162222386121122, 60.873315415289042 ], [ 30.162369741624843, 60.873764132607761 ], [ 30.162469309240095, 60.874218847105197 ], [ 30.162484311499259, 60.874511893477724 ], [ 30.162470551210472, 60.87508772094202 ], [ 30.162404930402669, 60.875373137285493 ], [ 30.162136637793385, 60.876323448885927 ], [ 30.161321161860879, 60.878495552697707 ], [ 30.161219698010484, 60.878732606166885 ], [ 30.160763395292264, 60.880039580854202 ], [ 30.160654146702701, 60.880528240531568 ], [ 30.160548804322616, 60.881000275753635 ], [ 30.160622657797433, 60.881865563279085 ], [ 30.160645007076276, 60.882062116545107 ], [ 30.160870598929876, 60.88360921257479 ], [ 30.1608761392133, 60.883695648418623 ], [ 30.160947535677241, 60.884828103553488 ], [ 30.160827775635358, 60.8857836152239 ], [ 30.160312858179196, 60.887902149775783 ], [ 30.160218335974196, 60.888200877368234 ], [ 30.159562674330935, 60.890682012552077 ], [ 30.159489059730458, 60.891297534074241 ], [ 30.159415593724532, 60.891913058693277 ], [ 30.159801710678927, 60.897705740603534 ], [ 30.159883745918176, 60.899434476698616 ], [ 30.1599530691397, 60.900786590635725 ], [ 30.159998560989727, 60.901675080072586 ], [ 30.160141229314529, 60.904631700680831 ], [ 30.160141194994665, 60.905811328657862 ], [ 30.159969646762786, 60.906979880490056 ], [ 30.159776568493317, 60.908044952084417 ], [ 30.159497513087313, 60.908973475607027 ], [ 30.159175624066577, 60.909849806024212 ], [ 30.158608385223943, 60.911019252291624 ], [ 30.158059837514958, 60.912041604140349 ], [ 30.156397312412651, 60.914657296689604 ], [ 30.154788822888726, 60.917329354920689 ], [ 30.153295437560551, 60.920021527039943 ], [ 30.151719621583943, 60.92282260135169 ], [ 30.151011456090298, 60.924067902082022 ], [ 30.150553252102505, 60.92525247328863 ], [ 30.150421180704811, 60.926193705199744 ], [ 30.150690078161375, 60.927182049989852 ], [ 30.151064782049641, 60.928039248162229 ], [ 30.151901740730423, 60.929018055811582 ], [ 30.153275044091863, 60.930523509878874 ], [ 30.154475794606149, 60.932075510312316 ], [ 30.155419867083317, 60.933347309551067 ], [ 30.156363988627717, 60.934680809344918 ], [ 30.157317728906648, 60.935939772775477 ], [ 30.158252322463976, 60.937192305937089 ], [ 30.158763574984576, 60.937737445465828 ], [ 30.159287358721137, 60.938222487202019 ], [ 30.160601665586878, 60.939282352691478 ], [ 30.161048479745165, 60.939657708208863 ], [ 30.162733678793895, 60.941073429149085 ], [ 30.164390221060806, 60.942569811166713 ], [ 30.165441713314372, 60.943653639365657 ], [ 30.166729006464553, 60.94512299230113 ], [ 30.167887921526876, 60.946425617554105 ], [ 30.168874919475815, 60.947509495431667 ], [ 30.169370025479331, 60.947929937332368 ], [ 30.169593807418977, 60.948119762505584 ], [ 30.169909582872755, 60.948407359738759 ], [ 30.171063888373297, 60.949155841793612 ], [ 30.172645328766038, 60.950088163488921 ], [ 30.174311770380246, 60.951018027320146 ], [ 30.176516613608964, 60.952207602801671 ], [ 30.178582974832327, 60.953240914716773 ], [ 30.179284644174626, 60.953608788026102 ], [ 30.182514598522495, 60.955169128362904 ], [ 30.183643484824746, 60.95584411810362 ], [ 30.18525516748473, 60.957017721113736 ], [ 30.18620414217656, 60.957757639575604 ], [ 30.186997400942843, 60.958339448526921 ], [ 30.188340911593261, 60.95932444591309 ], [ 30.188791083939744, 60.95965126697223 ], [ 30.189722641416076, 60.960296842879266 ], [ 30.190280204619324, 60.960746886674968 ], [ 30.190769428396592, 60.961132359155329 ], [ 30.1918251094637, 60.962059398642999 ], [ 30.192778830412951, 60.963106548640582 ], [ 30.193873252155107, 60.964273118349624 ], [ 30.194452564633551, 60.964999971167479 ], [ 30.194662476824245, 60.965708080464395 ], [ 30.194666574906506, 60.966370496230468 ], [ 30.194505852059208, 60.96684013941961 ], [ 30.194410564983741, 60.966966776641165 ], [ 30.194219070938381, 60.967285779768503 ], [ 30.193943591356938, 60.967679200312489 ], [ 30.192474796350101, 60.969528793010795 ], [ 30.191766093473294, 60.970431979183871 ], [ 30.191448711295401, 60.97078832445262 ], [ 30.191130982283457, 60.971402354789028 ], [ 30.190865632302341, 60.971914992336941 ], [ 30.190764380631048, 60.972110574379876 ], [ 30.190754295144746, 60.972129854966845 ], [ 30.190648285943162, 60.972341325654313 ], [ 30.190611654652798, 60.972414393639383 ], [ 30.190332700427817, 60.972999770124233 ], [ 30.189925139423476, 60.97356207462196 ], [ 30.189574072374558, 60.974040317548443 ], [ 30.18910962412204, 60.97450945769944 ], [ 30.188822118446602, 60.974946091153207 ], [ 30.188548133847743, 60.975369353619698 ], [ 30.188146735434749, 60.976180313616325 ], [ 30.187762043206867, 60.97696242988382 ], [ 30.187482295606799, 60.977536737091718 ], [ 30.187022982034524, 60.97842444904721 ], [ 30.186900346239458, 60.978661348480841 ], [ 30.186319209637773, 60.979738370235388 ], [ 30.185961474386868, 60.980555985160052 ], [ 30.185527480895292, 60.981342635417896 ], [ 30.184761376620902, 60.98258411056085 ], [ 30.18411338390187, 60.98371191302715 ], [ 30.183680067400452, 60.984617314457864 ], [ 30.183443933629786, 60.985449950290729 ], [ 30.183358137672204, 60.986344649995601 ], [ 30.183315257381555, 60.987572580378121 ], [ 30.183443956621353, 60.988769336307875 ], [ 30.183443976333091, 60.990413400355834 ], [ 30.183379639415094, 60.991547738593148 ], [ 30.183336705572824, 60.992609141164245 ], [ 30.183100741755769, 60.993311631166243 ], [ 30.182758979893684, 60.994108016790754 ], [ 30.182607313826047, 60.994461431583844 ], [ 30.182294921826472, 60.995444177735955 ], [ 30.182217585883787, 60.995843427232849 ], [ 30.182131174532266, 60.996391498175093 ], [ 30.182120501831719, 60.996718399107579 ], [ 30.182109155422918, 60.997066663079572 ], [ 30.182197819095293, 60.997358814461641 ], [ 30.182242693656111, 60.997506518221371 ], [ 30.182509750651956, 60.99816455206053 ], [ 30.182770329452246, 60.998942269439659 ], [ 30.182701770877234, 60.999168440059222 ], [ 30.182663134550747, 60.999296254569991 ], [ 30.182504956635412, 60.999509414354321 ], [ 30.182438182190189, 60.999607000137672 ], [ 30.181873324442531, 61.000432223771426 ], [ 30.181470072831335, 61.001205046236933 ], [ 30.181392662781054, 61.001480971118376 ], [ 30.18135858975706, 61.001601964620647 ], [ 30.181316450065211, 61.001751980908381 ], [ 30.181243458559656, 61.002012459274781 ], [ 30.18114650481451, 61.002312586043281 ], [ 30.181088732415226, 61.00250637695266 ], [ 30.181071292957988, 61.002565383221736 ], [ 30.180937959255917, 61.002986634716258 ], [ 30.180820298629399, 61.003186448588842 ], [ 30.180719008404214, 61.003358221645428 ], [ 30.180235200406113, 61.004015015720917 ], [ 30.179872493259307, 61.004522545968641 ], [ 30.179613602896399, 61.004884852822173 ], [ 30.179420238124276, 61.005127722379299 ], [ 30.179279185108243, 61.005314111634839 ], [ 30.179271693787502, 61.005319433911595 ], [ 30.178992870735687, 61.005517670778808 ], [ 30.178895474156143, 61.005586949779996 ], [ 30.177985497982355, 61.006101884833342 ], [ 30.177282296715692, 61.006473748915361 ], [ 30.176659609472996, 61.006803104205083 ], [ 30.175822931946207, 61.007146656975678 ], [ 30.174875201428691, 61.007535931545952 ], [ 30.174710144652114, 61.007598849833002 ], [ 30.174568706517359, 61.007651843763902 ], [ 30.174358275694754, 61.007730786745114 ], [ 30.17377939516906, 61.007947874220562 ], [ 30.173573224439867, 61.008025198749067 ], [ 30.17218087401125, 61.008507528547462 ], [ 30.171417727781822, 61.008767986832218 ], [ 30.171096433816007, 61.00886301218739 ], [ 30.170422917027832, 61.009001034408691 ], [ 30.170235738844283, 61.009032854480793 ], [ 30.16985363240509, 61.009082409038584 ], [ 30.169076291404938, 61.009152406993181 ], [ 30.167589138697537, 61.009226353158809 ], [ 30.165465551002558, 61.009364329701093 ], [ 30.164032844460571, 61.009623064454431 ], [ 30.161164809362177, 61.010437201375616 ], [ 30.159927544284979, 61.010799709437833 ], [ 30.158410921720623, 61.011266798862316 ], [ 30.154469887810265, 61.012639141557635 ], [ 30.153275269565317, 61.013036532948952 ], [ 30.152167243301353, 61.013407449448366 ], [ 30.150989159964325, 61.013791697457528 ], [ 30.149992572493083, 61.014127765430082 ], [ 30.149806377563223, 61.01419056689614 ], [ 30.149231194430662, 61.014368289474689 ], [ 30.148144175436517, 61.014725157146032 ], [ 30.147894759984272, 61.014806918543535 ], [ 30.147413778517702, 61.014978991335951 ], [ 30.144837181059824, 61.015775335586476 ], [ 30.144418440601001, 61.015910092844038 ], [ 30.143551842694812, 61.01616210042301 ], [ 30.143508272269138, 61.016174740476188 ], [ 30.14305246866126, 61.016307361200312 ], [ 30.142082108413923, 61.016553658197424 ], [ 30.141384953078081, 61.016739003050105 ], [ 30.140177789629323, 61.017070357448397 ], [ 30.139804971446502, 61.017172751040377 ], [ 30.138601780605029, 61.017634147729453 ], [ 30.138503285106516, 61.017671848620687 ], [ 30.138337590723992, 61.017735339339239 ], [ 30.137150792529813, 61.018190514568538 ], [ 30.136543292524031, 61.018438907090342 ], [ 30.135143432046956, 61.018955649780601 ], [ 30.134853353966744, 61.019062662230645 ], [ 30.1336717465535, 61.019491331301147 ], [ 30.13325664121632, 61.019672660140799 ], [ 30.132947804663932, 61.019833432384686 ], [ 30.132545417714073, 61.020100360164456 ], [ 30.132433532233364, 61.020174599017636 ], [ 30.132280224302306, 61.020288286897589 ], [ 30.131469619550732, 61.0208897392369 ], [ 30.131395446962614, 61.020943581537487 ], [ 30.131322750736352, 61.020996287522593 ], [ 30.13084502976529, 61.021353226318681 ], [ 30.130372666118227, 61.021777464250057 ], [ 30.130083552547188, 61.022037184579951 ], [ 30.13001641774207, 61.022133032908229 ], [ 30.129900352032394, 61.022298978747017 ], [ 30.129794096736166, 61.022521900662419 ], [ 30.129789025264259, 61.02255942806115 ], [ 30.129747076987758, 61.022873181040083 ], [ 30.129697067213542, 61.023247392145379 ], [ 30.129661428734323, 61.023406875733563 ], [ 30.129596317850602, 61.023769088581261 ], [ 30.129481146346599, 61.024075354818343 ], [ 30.129339423100852, 61.02434090549265 ], [ 30.128893321286196, 61.025095344050321 ], [ 30.12842757767795, 61.026237213786935 ], [ 30.128362829555417, 61.026395987535288 ], [ 30.128319854006694, 61.026501421561377 ], [ 30.128174948364432, 61.026857623520961 ], [ 30.128123104100958, 61.026983437858746 ], [ 30.127853268861184, 61.027599798064109 ], [ 30.127774165481473, 61.027709582475026 ], [ 30.127665485962243, 61.0279082893706 ], [ 30.127613887766554, 61.02796889814541 ], [ 30.127384092576623, 61.028475000677787 ], [ 30.127040687269538, 61.028981018453479 ], [ 30.126480081294744, 61.029695016845487 ], [ 30.126267995023937, 61.029983227957089 ], [ 30.12574584190569, 61.03066849155465 ], [ 30.125488202968107, 61.030946928396467 ], [ 30.125096495396601, 61.03137017466041 ], [ 30.124934993472618, 61.031544759488796 ], [ 30.124758866096808, 61.031725679222141 ], [ 30.124712837468273, 61.031773561218181 ], [ 30.12445874171938, 61.032037969808677 ], [ 30.124340203696196, 61.032159666551358 ], [ 30.12416764537884, 61.032328086616289 ], [ 30.124120751064353, 61.032373704428885 ], [ 30.124038872155232, 61.032446421146226 ], [ 30.123747266257663, 61.032704998779437 ], [ 30.123513624535136, 61.032853073379499 ], [ 30.123247417114683, 61.033021740917889 ], [ 30.12314198896112, 61.033079583413631 ], [ 30.122873419391702, 61.033227091726033 ], [ 30.122232646989929, 61.033497710019439 ], [ 30.121984923856417, 61.033602187538406 ], [ 30.121666083048691, 61.033768381880407 ], [ 30.12153746164666, 61.033841087878308 ], [ 30.121410247724555, 61.03394373453169 ], [ 30.121253961722832, 61.034129474807905 ], [ 30.121082792514599, 61.034393401759445 ], [ 30.120897079509689, 61.034679563458326 ], [ 30.120802260289402, 61.034825746107792 ], [ 30.120706539735131, 61.03497343643798 ], [ 30.120536665314081, 61.035207838986587 ], [ 30.119884775181784, 61.036234780966105 ], [ 30.119847345924249, 61.036292096747324 ], [ 30.118111381473522, 61.038686598173967 ], [ 30.11784915793951, 61.038975343559905 ], [ 30.117653467566292, 61.039190777952058 ], [ 30.117430250558893, 61.039436792241304 ], [ 30.11730190521974, 61.039578394120831 ], [ 30.116609892234585, 61.040342004992652 ], [ 30.115712705214161, 61.041172635308349 ], [ 30.114811342085616, 61.041842029899939 ], [ 30.114759904537173, 61.041880182239176 ], [ 30.114136292908199, 61.042307063820914 ], [ 30.114079114525019, 61.042346170996566 ], [ 30.113588800376434, 61.042699732109639 ], [ 30.113140562318794, 61.043089402203293 ], [ 30.113068587263726, 61.043185319365875 ], [ 30.112845864437258, 61.043482266716097 ], [ 30.112579343030465, 61.043876003124922 ], [ 30.11254397749239, 61.043938930306027 ], [ 30.112262367879499, 61.044434561076827 ], [ 30.112177242801017, 61.044700050381337 ], [ 30.112210882208398, 61.044948140979947 ], [ 30.112304327864916, 61.045277722823883 ], [ 30.11232867396981, 61.045339233202732 ], [ 30.112457179467071, 61.045663008178778 ], [ 30.112692952860513, 61.046256928384764 ], [ 30.112950468337861, 61.046905835310064 ], [ 30.113162269844608, 61.047439330010114 ], [ 30.11326103988965, 61.047772707464787 ], [ 30.113325522540791, 61.047980857707685 ], [ 30.113434457925369, 61.048264690916383 ], [ 30.113587182382229, 61.049133574486504 ], [ 30.113298369892426, 61.049783547709112 ], [ 30.112820393053585, 61.050327525139821 ], [ 30.112351793643747, 61.050672655666745 ], [ 30.111758455443766, 61.051113829666498 ], [ 30.111029893627933, 61.051489230883099 ], [ 30.110410035360538, 61.051733030989759 ], [ 30.109796807158602, 61.051940861800077 ], [ 30.108539491634676, 61.052243845701575 ], [ 30.086981224799022, 61.055535180706229 ], [ 30.067751541970924, 61.057708908591486 ], [ 30.065866080366188, 61.05795303312393 ], [ 30.061768458550727, 61.058790605171801 ], [ 30.058249690224823, 61.060258396554303 ], [ 30.056479759165345, 61.061478249652204 ], [ 30.054736936833621, 61.064025471586724 ], [ 30.051358104582238, 61.069762102406401 ], [ 30.049535529570676, 61.071955772564074 ], [ 30.047809758682835, 61.073106067820468 ], [ 30.044595640880825, 61.074437733676838 ], [ 30.039873036170505, 61.075487626690666 ], [ 30.029668446712048, 61.077601666129375 ], [ 30.025796713131538, 61.078713990717468 ], [ 30.023310475579709, 61.079486048306109 ], [ 30.018226629799454, 61.081712046018943 ], [ 30.005943062203194, 61.08834061635369 ], [ 29.998620906129883, 61.091909576638798 ], [ 29.993460749015377, 61.093534124206954 ], [ 29.989377701967275, 61.094355636744439 ], [ 29.983656005763574, 61.095682193221776 ], [ 29.980937815163674, 61.096391374742936 ], [ 29.977714782921847, 61.097454627013732 ], [ 29.976086727558958, 61.098075997302843 ], [ 29.974732890659361, 61.098674745868138 ], [ 29.974297418837811, 61.098883363297432 ], [ 29.97321464795375, 61.099441278997929 ], [ 29.972711167747626, 61.099690227459149 ], [ 29.972182540552865, 61.099987566650107 ], [ 29.970437953140042, 61.101059441942262 ], [ 29.969830424926542, 61.101491361772567 ], [ 29.96871142218432, 61.102299500177502 ], [ 29.967587452301522, 61.103251512878572 ], [ 29.967148936443586, 61.103675987031416 ], [ 29.966778861467709, 61.104061843516298 ], [ 29.966144457369769, 61.104742597295484 ], [ 29.965730583843563, 61.105198611464125 ], [ 29.965178012818029, 61.106010461825917 ], [ 29.965062142125952, 61.106217787060842 ], [ 29.964419585491612, 61.107330513578738 ], [ 29.962512690348927, 61.110326630610622 ], [ 29.961861818536864, 61.111064936158996 ], [ 29.960833341338361, 61.111957784167757 ], [ 29.96058413032857, 61.112119708023961 ], [ 29.959591916909851, 61.112698245846723 ], [ 29.958122050180283, 61.113383789500062 ], [ 29.957420552676172, 61.113648529135816 ], [ 29.955335194479904, 61.114298893957994 ], [ 29.953744846622502, 61.114761328441851 ], [ 29.950479716171049, 61.115694837640724 ], [ 29.949199702889686, 61.116054902452554 ], [ 29.94657608209544, 61.116912525159528 ], [ 29.944391859669548, 61.117852347710659 ], [ 29.940256114546571, 61.119625953281471 ], [ 29.938883042259494, 61.120219798505076 ], [ 29.93761267142926, 61.120805897016957 ], [ 29.936098759782173, 61.12163663735403 ], [ 29.934601732600562, 61.122728429398862 ], [ 29.933562361931102, 61.123410369585123 ], [ 29.932120184034979, 61.12415610080987 ], [ 29.930464936987519, 61.124736992452917 ], [ 29.929229198794243, 61.125098601235294 ], [ 29.92822951430766, 61.125316447380385 ], [ 29.926673626989764, 61.125601857534903 ], [ 29.925089858598767, 61.125860205967257 ], [ 29.924351622578065, 61.126002317000918 ], [ 29.922104654315834, 61.126523560582314 ], [ 29.921070172688676, 61.126849167040923 ], [ 29.920045863441601, 61.127199072117328 ], [ 29.91901497170393, 61.127575409379666 ], [ 29.918183984241534, 61.12800821906815 ], [ 29.917388638670513, 61.128497890777922 ], [ 29.914557760828242, 61.130771395389722 ], [ 29.914181378853073, 61.131059601966591 ], [ 29.913446395776365, 61.13162159632305 ], [ 29.912065319489955, 61.132423048391928 ], [ 29.910351230222833, 61.133084915613189 ], [ 29.908563008135658, 61.133621999270112 ], [ 29.906451208272266, 61.134156506337213 ], [ 29.895611033800026, 61.136744223250744 ], [ 29.894057027351405, 61.13720259821028 ], [ 29.892575338310024, 61.137736998394111 ], [ 29.891293836389444, 61.138293773166708 ], [ 29.889707049996773, 61.139334350521921 ], [ 29.887088481931801, 61.141147421640227 ], [ 29.886141854498018, 61.141869784475048 ], [ 29.885813678552552, 61.142187325052511 ], [ 29.885483845601211, 61.142527823568116 ], [ 29.88519813249874, 61.142851371566316 ], [ 29.884899979290228, 61.143296353850019 ], [ 29.884625635550755, 61.143776469266321 ], [ 29.884438948791754, 61.144171198269639 ], [ 29.884272935388456, 61.144642221115419 ], [ 29.88321182110651, 61.150461114111373 ], [ 29.883022638251649, 61.15099547197805 ], [ 29.882775052224311, 61.151549863231693 ], [ 29.882400174277766, 61.152179113534785 ], [ 29.881941425688666, 61.152713543577583 ], [ 29.881772432808297, 61.152875385831074 ], [ 29.881016009268901, 61.153539223091748 ], [ 29.879934147735479, 61.154248549229976 ], [ 29.878856914239837, 61.154857812150603 ], [ 29.876750406558127, 61.155951388023674 ], [ 29.87304452517338, 61.157930984664091 ], [ 29.871748744587592, 61.158530111266238 ], [ 29.870509736932352, 61.159001541368831 ], [ 29.869615616390114, 61.159277743908206 ], [ 29.869058164305503, 61.159431029406214 ], [ 29.868763817996999, 61.15951207078573 ], [ 29.866320125924645, 61.160096245480858 ], [ 29.86350670079695, 61.160765768332269 ], [ 29.862149517838752, 61.161184976936454 ], [ 29.860403963137816, 61.161841837449657 ], [ 29.858390113441303, 61.162564760254497 ], [ 29.85719788313218, 61.162895404887344 ], [ 29.856952249558084, 61.162965605672397 ], [ 29.855468310954407, 61.163300506195441 ], [ 29.853426093077015, 61.163635071286478 ], [ 29.852443005986157, 61.163820789575425 ], [ 29.851493985398232, 61.164046191408765 ], [ 29.850368878553169, 61.164366841671253 ], [ 29.849311840432069, 61.164712155477119 ], [ 29.848129736667474, 61.16515920244445 ], [ 29.84749398438694, 61.165398613958878 ], [ 29.847383101067923, 61.165441485086063 ], [ 29.846997596326709, 61.165577130563086 ], [ 29.846701311019849, 61.16569482214598 ], [ 29.846181184627984, 61.165906649511854 ], [ 29.845981019679318, 61.165984898195767 ], [ 29.845890471625889, 61.166019169193099 ], [ 29.84548436234379, 61.166164391406113 ], [ 29.844943940822265, 61.166379603786815 ], [ 29.843859922804214, 61.166804738021931 ], [ 29.84281761194443, 61.167260392522323 ], [ 29.841979395004024, 61.167672024949994 ], [ 29.840707708738474, 61.168297663235911 ], [ 29.839901397874126, 61.168688828158835 ], [ 29.839204836844811, 61.169057669189911 ], [ 29.838270914608287, 61.169670246609925 ], [ 29.837582361840902, 61.170119488158313 ], [ 29.836641142713741, 61.170755241355344 ], [ 29.835671505290762, 61.171377208201719 ], [ 29.834313264769609, 61.172209808298007 ], [ 29.832573667185127, 61.173284193010872 ], [ 29.831225879751663, 61.174188247296101 ], [ 29.830441360340842, 61.174694228416762 ], [ 29.829630668302848, 61.17516725198486 ], [ 29.827630062641134, 61.176490229895798 ], [ 29.826198548144671, 61.17739092766589 ], [ 29.82447807002816, 61.178661413116942 ], [ 29.823575116686268, 61.179414765298255 ], [ 29.822806365574493, 61.180061755940848 ], [ 29.821503256968022, 61.181163866639451 ], [ 29.820265559535635, 61.182153593826975 ], [ 29.819528556157021, 61.182670066468269 ], [ 29.818611350217054, 61.183291537055368 ], [ 29.817522610675699, 61.183937984306048 ], [ 29.816485425020719, 61.184508109512642 ], [ 29.814442798323281, 61.185545685958985 ], [ 29.813099449532302, 61.186237311930896 ], [ 29.811312245330029, 61.187287686774688 ], [ 29.809721696561812, 61.188329021070416 ], [ 29.808501153395454, 61.189103272683141 ], [ 29.806970937078201, 61.190074491966072 ], [ 29.805802231603781, 61.190811495120776 ], [ 29.803323669178241, 61.192249709584814 ], [ 29.80237320086092, 61.192805612709392 ] ] } },
{ "type": "Feature", "properties": { }, "geometry": { "type": "LineString", "coordinates": [ [ 30.264903483668686, 60.42390169082018 ], [ 30.262629543388456, 60.423877418195836 ], [ 30.261985349675037, 60.423870460866439 ], [ 30.260911337635562, 60.423885648163903 ], [ 30.260711981179366, 60.423897086390149 ], [ 30.259856010504503, 60.423945853223522 ], [ 30.258886058283636, 60.42405981491985 ], [ 30.258187161690195, 60.42417387211853 ], [ 30.2574895428003, 60.424310048444468 ], [ 30.254857163039389, 60.424809562835144 ], [ 30.252952949890734, 60.425172698746863 ], [ 30.251080781339429, 60.425544463786622 ], [ 30.25056558667854, 60.425626075316643 ], [ 30.248439681705172, 60.425969210558748 ], [ 30.248102407519024, 60.426048381161046 ], [ 30.24777845178869, 60.426122436817067 ], [ 30.247143474313887, 60.426323090316721 ], [ 30.245844242841763, 60.426797348256962 ], [ 30.239971112148911, 60.429036125218502 ], [ 30.23948560689826, 60.429245500370662 ], [ 30.239057792445188, 60.429523796848308 ], [ 30.238811063842284, 60.429707939313246 ], [ 30.238594342400887, 60.429919920112347 ], [ 30.238499921908438, 60.430038235818074 ], [ 30.238121611688726, 60.430511754492372 ], [ 30.237226502882443, 60.431677241194997 ], [ 30.236852733645957, 60.432250375385017 ], [ 30.236513641421666, 60.432843899601039 ], [ 30.236409208934894, 60.433026948678233 ], [ 30.236185215893489, 60.433484622166731 ], [ 30.235975821749808, 60.43394152044835 ], [ 30.235740748096909, 60.434591185756751 ], [ 30.235443600605805, 60.435542537105661 ], [ 30.23534277385399, 60.436035731258023 ], [ 30.235279152135643, 60.436428017403557 ], [ 30.235190782999922, 60.437395379104117 ], [ 30.235292965629569, 60.439089146837375 ], [ 30.235268086436982, 60.439865064939681 ], [ 30.235052481838913, 60.440722356353902 ], [ 30.234679156117657, 60.442067887511215 ], [ 30.234659822682385, 60.442265277526353 ], [ 30.234594389074143, 60.442928972390554 ], [ 30.234656323707341, 60.443186255175263 ], [ 30.234740786644725, 60.443280886103764 ], [ 30.234954218282439, 60.443514546189682 ], [ 30.235196086155426, 60.443641277395436 ], [ 30.236170157625637, 60.444121926388306 ], [ 30.2380686170224, 60.44486417031068 ], [ 30.239795520802414, 60.445593489682736 ], [ 30.241446852585195, 60.446380234463852 ], [ 30.242648677652728, 60.447073579874385 ], [ 30.243116302962179, 60.447376889907879 ], [ 30.244083024615708, 60.447936279988859 ], [ 30.246314639630469, 60.449184887339655 ], [ 30.24668216311974, 60.44936943472112 ], [ 30.247063768805571, 60.449617956498237 ], [ 30.247266365745052, 60.449850023618417 ], [ 30.247296146992316, 60.450047351215552 ], [ 30.247215058773115, 60.45036032552413 ], [ 30.247197717763502, 60.450426975131222 ], [ 30.246641014754552, 60.451429482439572 ], [ 30.246430644886946, 60.451742389398326 ], [ 30.24538159215891, 60.453044874236184 ], [ 30.245205172983884, 60.453326773926776 ], [ 30.245041061718553, 60.453955375196955 ], [ 30.244502022609122, 60.455625535217379 ], [ 30.244251984557817, 60.456170440104636 ], [ 30.244204481644783, 60.456274281069945 ], [ 30.244143995404666, 60.45636141587913 ], [ 30.243862044202533, 60.456767781781124 ], [ 30.243576633149324, 60.45703799372513 ], [ 30.243287327014965, 60.457311627628378 ], [ 30.241800867761778, 60.458559048320225 ], [ 30.241509527624764, 60.458826259172568 ], [ 30.241278455803496, 60.459169809312215 ], [ 30.24116523474418, 60.459619993915375 ], [ 30.241022133726144, 60.460296632537727 ], [ 30.240890148752396, 60.460654988556669 ], [ 30.240820929553987, 60.460774097895033 ], [ 30.240552257829869, 60.461083184790532 ], [ 30.239746606813213, 60.461797389708074 ], [ 30.239489922548529, 60.462364245873836 ], [ 30.239437242164541, 60.46288367953975 ], [ 30.239584167860336, 60.463306915595865 ], [ 30.239779788535159, 60.463870475638593 ], [ 30.239952083514805, 60.464510889836674 ], [ 30.240174729495422, 60.465337561549973 ], [ 30.240675150742263, 60.467103604770578 ], [ 30.240806899011371, 60.467622904631014 ], [ 30.240490867825368, 60.468596600026032 ], [ 30.240352510693295, 60.469066563618846 ], [ 30.240136258355019, 60.469801598654989 ], [ 30.240047189088088, 60.470104613567692 ], [ 30.23956914395951, 60.47171278544819 ], [ 30.239398764178617, 60.472184869560053 ], [ 30.239078822600948, 60.472677389199013 ], [ 30.238489255542454, 60.473530979968281 ], [ 30.238185363041431, 60.473947390851976 ], [ 30.237982171669021, 60.474358432530082 ], [ 30.237672879757202, 60.475166359054114 ], [ 30.237316031258999, 60.476294955739363 ], [ 30.23711608073631, 60.476803431712113 ], [ 30.236803552026537, 60.477474219535566 ], [ 30.236561069264738, 60.477769740905252 ], [ 30.235858118399779, 60.478625642035993 ], [ 30.235012669872123, 60.480123334642656 ], [ 30.234747291204748, 60.480442271189034 ], [ 30.23440458658844, 60.480779004917551 ], [ 30.233906912191035, 60.481158601725859 ], [ 30.2335137135615, 60.481458805512041 ], [ 30.233360560012031, 60.481575541107816 ], [ 30.233105426415143, 60.481789773885829 ], [ 30.233008954345934, 60.48188253502969 ], [ 30.232874560687076, 60.482011605966086 ], [ 30.232601898602439, 60.482371526522343 ], [ 30.232457865165749, 60.482625969784714 ], [ 30.232158814435252, 60.483356940262105 ], [ 30.231824641782605, 60.484394016961744 ], [ 30.231816207665783, 60.484873228180646 ], [ 30.231832585388201, 60.485153008148288 ], [ 30.23206563097137, 60.486066318149724 ], [ 30.23209204150001, 60.486330587242882 ], [ 30.232041530739142, 60.486894795725242 ], [ 30.231976120129477, 60.487374889844574 ], [ 30.231878576777611, 60.488090910986834 ], [ 30.231849938413859, 60.488220739623465 ], [ 30.231792238850694, 60.488481825273624 ], [ 30.231776879358687, 60.488554532600062 ], [ 30.231588798983264, 60.489413019617594 ], [ 30.231208919238227, 60.489967514447045 ], [ 30.230512365813961, 60.490484891363629 ], [ 30.229589758573233, 60.490953554970702 ], [ 30.228486788565508, 60.491439751873479 ], [ 30.225421697265961, 60.492778868827827 ], [ 30.223673834292878, 60.493529520988176 ], [ 30.22059741070758, 60.494850690940908 ], [ 30.219018564646507, 60.495673253276024 ], [ 30.218712306802104, 60.495854238035953 ], [ 30.218418619034157, 60.496040963574934 ], [ 30.217867331796199, 60.49641902817033 ], [ 30.217469342247259, 60.496716843263691 ], [ 30.216999817447711, 60.497107928337122 ], [ 30.216645569936613, 60.497466386749849 ], [ 30.216314225281813, 60.497827388336589 ], [ 30.216097741958738, 60.498085423863301 ], [ 30.215890511654806, 60.498347604495684 ], [ 30.215547804943988, 60.498872295391635 ], [ 30.215213238708152, 60.499560993912489 ], [ 30.214758715959896, 60.500691544343347 ], [ 30.21383946679094, 60.502059401042303 ], [ 30.213666564357656, 60.502283402173276 ], [ 30.212884643554663, 60.502915501667466 ], [ 30.207011832278297, 60.507662090983274 ], [ 30.205806810104512, 60.508696057149223 ], [ 30.204740617596954, 60.50992604430084 ], [ 30.203882546404657, 60.511221017792245 ], [ 30.203408509475867, 60.512329030210807 ], [ 30.203015932526693, 60.51331101950155 ], [ 30.202993677203722, 60.513349536497131 ], [ 30.202569288315459, 60.51400326948999 ], [ 30.201853542864932, 60.514940483142965 ], [ 30.201137851526319, 60.515631127513608 ], [ 30.200689683406122, 60.516084318200335 ], [ 30.200259802232583, 60.516532681514327 ], [ 30.199639948885622, 60.517313447375763 ], [ 30.198675938296322, 60.518480055163984 ], [ 30.198369792840154, 60.518908016164097 ], [ 30.197727566933164, 60.519610965814813 ], [ 30.19747525224335, 60.519866245905135 ], [ 30.197415462085914, 60.519926788989359 ], [ 30.197065859692096, 60.520319880957928 ], [ 30.196456588680913, 60.520781890401686 ], [ 30.195913512511236, 60.521166512666341 ], [ 30.194664212045176, 60.522059422160467 ], [ 30.193077635522759, 60.52326553938034 ], [ 30.192122544411738, 60.523814211276175 ], [ 30.191862526473603, 60.523944104473927 ], [ 30.190751721862039, 60.524499101100616 ], [ 30.19024336678822, 60.524766044418612 ], [ 30.190027842307565, 60.524874954009981 ], [ 30.189398711209314, 60.525189382971135 ], [ 30.189171981358946, 60.525302636272684 ], [ 30.187758093502932, 60.526026741366877 ], [ 30.186941973043865, 60.526447882072198 ], [ 30.186345273858599, 60.52682783447554 ], [ 30.185193252920797, 60.527915655949471 ], [ 30.184700169422037, 60.528381144473897 ], [ 30.184514107303961, 60.52859513331353 ], [ 30.184300071095034, 60.528956293123549 ], [ 30.18420981381934, 60.529332370537084 ], [ 30.184210755374401, 60.529539525927753 ], [ 30.18423650176517, 60.529698250310382 ], [ 30.184419866342427, 60.529968718671675 ], [ 30.184641011668234, 60.530306184519361 ], [ 30.184757813778067, 60.530429193254477 ], [ 30.185069275042508, 60.530813924977103 ], [ 30.185855151113326, 60.531727577291591 ], [ 30.186533103847864, 60.532546160353178 ], [ 30.186597635167658, 60.532615068800013 ], [ 30.187157935181212, 60.533182084569574 ], [ 30.187350517762003, 60.533412680753003 ], [ 30.187426749453053, 60.533511387571188 ], [ 30.187728212158561, 60.533911530798505 ], [ 30.187818040171866, 60.534052831158355 ], [ 30.187897154068072, 60.53417899483447 ], [ 30.188375885886547, 60.534941450434118 ], [ 30.188668246286134, 60.535380922071163 ], [ 30.188997241160429, 60.535812451579027 ], [ 30.189211442114463, 60.536043769394396 ], [ 30.190102142222621, 60.536980798741112 ], [ 30.191999661671595, 60.538622120348585 ], [ 30.193174535779693, 60.539695080415243 ], [ 30.193526877435684, 60.540234966771969 ], [ 30.193700784383719, 60.540649119441696 ], [ 30.193744088575961, 60.540810635390805 ], [ 30.193825733691341, 60.541206589862298 ], [ 30.194028711420387, 60.543344088988142 ], [ 30.194051398004223, 60.543596073256872 ], [ 30.194049244913256, 60.54477182487156 ], [ 30.193813351868084, 60.545393838014206 ], [ 30.193759937444895, 60.54549125212101 ], [ 30.193515398842031, 60.545942147913678 ], [ 30.193142465211146, 60.546531098020154 ], [ 30.19271887056933, 60.547568910675132 ], [ 30.192301059803047, 60.548270812012092 ], [ 30.191747741194863, 60.548961777637373 ], [ 30.191180614158615, 60.549560201364152 ], [ 30.190576292972985, 60.550304433212482 ], [ 30.190487580461017, 60.550487693859367 ], [ 30.190446119353471, 60.5507175795181 ], [ 30.190326735268471, 60.551732684627467 ], [ 30.190227057878996, 60.552319563654692 ], [ 30.190194738259457, 60.552509939372648 ], [ 30.190132977685803, 60.553266575485466 ], [ 30.190197255517379, 60.553661357867284 ], [ 30.190399085546513, 60.554678012676007 ], [ 30.190517907126868, 60.555722023244591 ], [ 30.190562122044799, 60.556224980341334 ], [ 30.190390319641789, 60.556933670159943 ], [ 30.190017824880051, 60.557577774638709 ], [ 30.189227077329171, 60.558430718253824 ], [ 30.188604853671336, 60.559014769482147 ], [ 30.188198315159998, 60.55970881361025 ], [ 30.18808896017406, 60.5605621754491 ], [ 30.18808547738163, 60.561082004115818 ], [ 30.188047064215169, 60.561328391185079 ], [ 30.187966881731164, 60.561615577043149 ], [ 30.187749450844642, 60.562011883167941 ], [ 30.187551365653338, 60.562287693169246 ], [ 30.187510416660871, 60.562327700702888 ], [ 30.186955653418515, 60.562870230349574 ], [ 30.186752037262544, 60.563069302798546 ], [ 30.18595720895998, 60.563760639834989 ], [ 30.185446433052768, 60.564501075201477 ], [ 30.18536868414439, 60.565282433970474 ], [ 30.185571049044547, 60.566200210728439 ], [ 30.185783017912549, 60.567080373330995 ], [ 30.185712199506238, 60.568586669054405 ], [ 30.185547468501003, 60.569044175178831 ], [ 30.185328646533918, 60.569363828858314 ], [ 30.184870299100723, 60.569926078903514 ], [ 30.184423006329215, 60.570338644077246 ], [ 30.18419576558826, 60.570500567059014 ], [ 30.18385796956807, 60.570703004782061 ], [ 30.182642440727289, 60.571351230928798 ], [ 30.18252008858677, 60.571416557091005 ], [ 30.181009338087001, 60.57204021700614 ], [ 30.177873019148045, 60.573483394274106 ], [ 30.177692647685447, 60.573573359786451 ], [ 30.175727420286261, 60.57455312400208 ], [ 30.174938019557029, 60.574991840425753 ], [ 30.174589884222026, 60.575221793202282 ], [ 30.174291585847474, 60.575460254873633 ], [ 30.174124336127434, 60.575632413402651 ], [ 30.174007805762013, 60.575766840617241 ], [ 30.173922153654988, 60.575913149115749 ], [ 30.173848508652384, 60.576061597928764 ], [ 30.173830260926437, 60.576098129727207 ], [ 30.173801684111744, 60.576249418380911 ], [ 30.173792612515719, 60.57655480949667 ], [ 30.173809053406771, 60.576723308869511 ], [ 30.173881568236141, 60.576944464068681 ], [ 30.174144158086587, 60.57732853996869 ], [ 30.174637101023713, 60.577745512934271 ], [ 30.17524019442309, 60.578139213250154 ], [ 30.17559340526703, 60.578394507589969 ], [ 30.176061690279731, 60.578954582622096 ], [ 30.176483167040772, 60.579743976120007 ], [ 30.176820814079868, 60.580248559737115 ], [ 30.177155027004076, 60.580621836374689 ], [ 30.177608681887879, 60.5810741659391 ], [ 30.178126319534336, 60.581507814482258 ], [ 30.178629068851112, 60.581886173905787 ], [ 30.179115452704064, 60.58219852415246 ], [ 30.179919833577184, 60.582658160516132 ], [ 30.18060862225223, 60.583051756743345 ], [ 30.181499113451508, 60.58368665060086 ], [ 30.18225826757832, 60.584439671240766 ], [ 30.182393719991218, 60.584596127225538 ], [ 30.182744851957878, 60.58500459667767 ], [ 30.182895955247606, 60.585180245161808 ], [ 30.183217989350027, 60.58554255880771 ], [ 30.183581657547855, 60.585957757352091 ], [ 30.183603827011019, 60.58597987228665 ], [ 30.184392168475163, 60.586762058415907 ], [ 30.185328876403641, 60.587553113675689 ], [ 30.185572154240766, 60.587753246288138 ], [ 30.185951466948797, 60.5880585530712 ], [ 30.18601047077556, 60.588107402461858 ], [ 30.186777331669841, 60.588743066700943 ], [ 30.186882933140577, 60.588869157257022 ], [ 30.187304189015862, 60.589454335772267 ], [ 30.187392959964324, 60.589697740797028 ], [ 30.188806025257374, 60.59356870251586 ], [ 30.189197160022182, 60.594619065548919 ], [ 30.189466050233293, 60.595055605609808 ], [ 30.189673585820682, 60.595409564247561 ], [ 30.191702655356579, 60.597900094239826 ], [ 30.19236098958249, 60.598895698559971 ], [ 30.192756168507191, 60.599967421085573 ], [ 30.192846221417227, 60.600529811446421 ], [ 30.192862700191757, 60.600851725771435 ], [ 30.192777087144826, 60.601417432490173 ], [ 30.192608452401657, 60.601863456984255 ], [ 30.192098948798144, 60.602717305029785 ], [ 30.191328280439546, 60.603624946976204 ], [ 30.189631165167963, 60.605138639561886 ], [ 30.189338533741715, 60.605393154331999 ], [ 30.189118932607304, 60.605584172080214 ], [ 30.188509197632538, 60.606114421562864 ], [ 30.186068538073251, 60.608237244317891 ], [ 30.185407972743974, 60.608811771839662 ], [ 30.185111900313132, 60.609072134113589 ], [ 30.185029802121743, 60.609144330152155 ], [ 30.184086532350459, 60.609973925732845 ], [ 30.181351945987185, 60.612378542994101 ], [ 30.1802606753517, 60.613350777479006 ], [ 30.177638366302133, 60.61568691285872 ], [ 30.175968576480649, 60.617273153737287 ], [ 30.175522701488081, 60.617696686425717 ], [ 30.175407258960735, 60.617825570211266 ], [ 30.175328740707752, 60.61791319639692 ], [ 30.174902395078771, 60.618309743507822 ], [ 30.174356891200993, 60.61881712902499 ], [ 30.173147490683967, 60.619942030286417 ], [ 30.170764419458802, 60.622183756484091 ], [ 30.169737048755835, 60.623337901922099 ], [ 30.169368430784733, 60.624061447536853 ], [ 30.169325164261817, 60.624422433362852 ], [ 30.16924466277635, 60.628584619712854 ], [ 30.169182832877102, 60.630016724993972 ], [ 30.169092897543781, 60.630710150029124 ], [ 30.169026081401007, 60.631162347607386 ], [ 30.168595602085137, 60.632508860378721 ], [ 30.168549094214022, 60.632636683565309 ], [ 30.16803985025301, 60.63394874147739 ], [ 30.167630202926965, 60.634964241746651 ], [ 30.167385034538071, 60.63566425901795 ], [ 30.167339579728548, 60.635793721011517 ], [ 30.166629345223917, 60.637739179487042 ], [ 30.16605108308616, 60.638790985759201 ], [ 30.165175787188236, 60.640250943870186 ], [ 30.165020437741099, 60.640506345081747 ], [ 30.164052481535119, 60.642138861511093 ], [ 30.163934213988924, 60.642363519538392 ], [ 30.163847851371191, 60.642568463853834 ], [ 30.163600421590797, 60.643127852696779 ], [ 30.16317545397666, 60.644113824229699 ], [ 30.163005936448812, 60.644601927171443 ], [ 30.162395230230562, 60.646276861834956 ], [ 30.162095944324001, 60.64700823984748 ], [ 30.161897889426399, 60.647436182794536 ], [ 30.161828159792133, 60.647597554868547 ], [ 30.161762959179121, 60.647728033623849 ], [ 30.161342230807964, 60.648775889558863 ], [ 30.160757667351945, 60.649523038888788 ], [ 30.160280333988382, 60.649999845304798 ], [ 30.159175889182858, 60.651102884827502 ], [ 30.158609375441099, 60.65167839550196 ], [ 30.156118447548742, 60.654209090885857 ], [ 30.155332742483292, 60.654978891125836 ], [ 30.154258807237831, 60.655693063952718 ], [ 30.153117120084982, 60.656213383075404 ], [ 30.148884728787895, 60.657720166891195 ], [ 30.143881379311072, 60.659594639436975 ], [ 30.143484039850353, 60.659743351356987 ], [ 30.141740476825252, 60.660396603712222 ], [ 30.140783955272276, 60.66068866988239 ], [ 30.139027587576585, 60.660979889198302 ], [ 30.132656231842329, 60.661589514630684 ], [ 30.130723367998751, 60.661774443702299 ], [ 30.121987192595597, 60.662617046942323 ], [ 30.116061061291465, 60.663250646571022 ], [ 30.115994495851691, 60.663255589633188 ], [ 30.113038885469223, 60.663474631012505 ], [ 30.110714462796192, 60.6635602814926 ], [ 30.103682436853099, 60.6634957579857 ], [ 30.099301921052898, 60.663422253939274 ], [ 30.098676659728543, 60.663416693513803 ], [ 30.097097599556715, 60.66340256932142 ], [ 30.095275198871317, 60.663381527673693 ], [ 30.089773793010799, 60.663311042141132 ], [ 30.089067779774567, 60.663301973813788 ], [ 30.088591267785237, 60.663295918974654 ], [ 30.088034081820421, 60.663288825529996 ], [ 30.085300655124595, 60.66325374842652 ], [ 30.077260893243349, 60.663080005110054 ], [ 30.073854215888574, 60.663011123133749 ], [ 30.071415845667282, 60.662948977182495 ], [ 30.070262784048914, 60.662937031317881 ], [ 30.069387766302551, 60.662973653771417 ], [ 30.068658391607773, 60.663065471479385 ], [ 30.06805272367685, 60.663161522899856 ], [ 30.067925770728728, 60.663191258948885 ], [ 30.067210016464291, 60.663358912696488 ], [ 30.065543533477641, 60.6638206545719 ], [ 30.061353103995557, 60.665057795070901 ], [ 30.060164148853865, 60.665395395166414 ], [ 30.059648342741824, 60.665525093047819 ], [ 30.059150533551584, 60.665652759139803 ], [ 30.058176802896625, 60.665840207718013 ], [ 30.057405024786533, 60.665938938215973 ], [ 30.054712518181859, 60.666223389251478 ], [ 30.048896390133159, 60.666853768828759 ], [ 30.046582899491362, 60.667165729290545 ], [ 30.04582224773787, 60.66725924978175 ], [ 30.04233507718531, 60.667646460790593 ], [ 30.041898204554975, 60.667689803856469 ], [ 30.0410882529989, 60.667711512595929 ], [ 30.04072025794872, 60.667723317640558 ], [ 30.039948787001379, 60.667733743495489 ], [ 30.038736507122195, 60.667698839086569 ], [ 30.037317457045297, 60.667618653566507 ], [ 30.0350945139324, 60.667509146646104 ], [ 30.034693648585449, 60.667504037573366 ], [ 30.03369111285604, 60.667506791856802 ], [ 30.033268456909045, 60.667520239333314 ], [ 30.032852643382224, 60.667536442243744 ], [ 30.03247165195388, 60.667558177010392 ], [ 30.032076929120834, 60.667584726445511 ], [ 30.03117354625882, 60.667668261667806 ], [ 30.030360232498985, 60.667765647078745 ], [ 30.029932556319096, 60.66782694165817 ], [ 30.029003635472321, 60.66798750837787 ], [ 30.028131346190111, 60.668170795699361 ], [ 30.027315811623136, 60.668375460033396 ], [ 30.026969678273211, 60.668477452884346 ], [ 30.026053026450402, 60.668743552576402 ], [ 30.025390863422125, 60.668956554403735 ], [ 30.025179058282053, 60.669029638926908 ], [ 30.024819531492319, 60.66915387596125 ], [ 30.024332329918689, 60.669321445771857 ], [ 30.024012865867643, 60.669440193607656 ], [ 30.022550370878395, 60.669973322003869 ], [ 30.02194125712737, 60.670190182588236 ], [ 30.021455603614896, 60.670353734473366 ], [ 30.020323782361569, 60.670744272633044 ], [ 30.019751585772308, 60.670924127203847 ], [ 30.01935668456618, 60.671054838657753 ], [ 30.017046382029509, 60.671803481100632 ], [ 30.013065487140828, 60.672657282359928 ] ] } },
{ "type": "Feature", "properties": { }, "geometry": { "type": "LineString", "coordinates": [ [ 30.280013900425207, 60.368582676563257 ], [ 30.279317908638699, 60.369794519079143 ], [ 30.278344520296308, 60.370972118994921 ], [ 30.277611227763902, 60.371666980067779 ], [ 30.274204415054399, 60.374676599013405 ], [ 30.273577325455864, 60.375564758896317 ], [ 30.273224181627864, 60.376481346976689 ], [ 30.273213065368783, 60.377165388560819 ], [ 30.275628836037189, 60.386129956093598 ], [ 30.277124473459292, 60.390761548017096 ], [ 30.277955393118383, 60.393964278712332 ], [ 30.278298405935885, 60.396068017440108 ], [ 30.279325353447913, 60.402080879199318 ], [ 30.279435112942259, 60.404791801035621 ], [ 30.279107294385053, 60.407565096610107 ], [ 30.278514801867708, 60.41009046058884 ], [ 30.277232452665583, 60.412558150832716 ], [ 30.275395383635953, 60.415300922156256 ], [ 30.271978104365726, 60.418652453828855 ], [ 30.269132423339141, 60.421209923942627 ], [ 30.265511761982644, 60.423578157981808 ], [ 30.263016480388281, 60.424905038523747 ], [ 30.259968848386443, 60.426387670387832 ], [ 30.257246366682384, 60.42748350970605 ], [ 30.253109107973614, 60.428937975288022 ], [ 30.249870842518199, 60.42990868482697 ], [ 30.23879650885565, 60.432796936145948 ], [ 30.23024845861298, 60.435066230413888 ], [ 30.223836409328406, 60.436738547873745 ], [ 30.220480359427373, 60.437752009843919 ], [ 30.217303105260559, 60.438921287905465 ], [ 30.212581184638445, 60.441058909976213 ], [ 30.208433451595297, 60.443443208799529 ], [ 30.205023416228581, 60.445628994127858 ], [ 30.203276121765196, 60.446932416051986 ], [ 30.202694379233776, 60.447433459911892 ], [ 30.200375485232101, 60.450008708233895 ], [ 30.199312897661343, 60.451355034617492 ], [ 30.198247765484986, 60.452997811830834 ], [ 30.19750370259429, 60.454396454823552 ], [ 30.196778497721681, 60.456057420397102 ], [ 30.196205957142524, 60.458143951817988 ], [ 30.196004116605081, 60.46021555684603 ], [ 30.195986643223407, 60.474669701475094 ], [ 30.196001449749183, 60.497500456366879 ], [ 30.195499210963309, 60.500101721014666 ], [ 30.194746383914133, 60.502389705497897 ], [ 30.192958976293941, 60.506033914181991 ], [ 30.190805972170203, 60.508817070896896 ], [ 30.18908729370683, 60.510499297880422 ], [ 30.185428602626786, 60.513305163206972 ], [ 30.181420055647553, 60.515775325085102 ], [ 30.174566351206543, 60.51953270507579 ], [ 30.172009532463381, 60.521257789806313 ], [ 30.170173266578825, 60.522678694932694 ], [ 30.168102206196703, 60.524670643334566 ], [ 30.166949964903502, 60.525938769627679 ], [ 30.164507861860606, 60.529558419704451 ], [ 30.163618645719161, 60.531564007011283 ], [ 30.162799272938802, 60.535850932873004 ], [ 30.162178165551076, 60.539509789527628 ], [ 30.161125252558975, 60.54249089047709 ], [ 30.160166259340006, 60.544355836428203 ], [ 30.158129023094638, 60.547284444744491 ], [ 30.156263237483063, 60.549609817452442 ], [ 30.153995945109003, 60.551690457326529 ], [ 30.152511837861454, 60.552918436076922 ], [ 30.149954254837475, 60.554871197894606 ], [ 30.147179120161073, 60.556659646145526 ], [ 30.142778746824746, 60.559226466860117 ], [ 30.139343415266502, 60.560875057325106 ], [ 30.136908216845832, 60.561952069322182 ], [ 30.132241082692161, 60.56380743763772 ], [ 30.120288816778537, 60.568085126751996 ], [ 30.115692571051454, 60.569559885785416 ], [ 30.098004914503811, 60.574560801094783 ], [ 30.091533882715069, 60.576929297659184 ], [ 30.08748444997676, 60.57877999860068 ], [ 30.081989248765986, 60.581823816579941 ], [ 30.077060432427803, 60.585589191056059 ], [ 30.073525613473141, 60.588886033195188 ], [ 30.071384964589083, 60.591511167326082 ], [ 30.069795962582702, 60.594031233729886 ], [ 30.069007412689107, 60.595565099305709 ], [ 30.068091028820632, 60.59782619363861 ], [ 30.067430347422377, 60.601030256387268 ], [ 30.067154785256928, 60.60406571645553 ], [ 30.066990280935361, 60.605537271715427 ], [ 30.066376080122794, 60.607531191438468 ], [ 30.064323234024489, 60.611341923283874 ], [ 30.062784318066832, 60.613380194308561 ], [ 30.057058459006591, 60.620127782897846 ], [ 30.047161965511886, 60.631258407932457 ], [ 30.037300307580942, 60.642566035438747 ], [ 30.036016138547001, 60.644533596096828 ], [ 30.033114181924695, 60.650828027307455 ], [ 30.030971926175042, 60.655326777114283 ], [ 30.029086744390575, 60.657922507101652 ], [ 30.026867259196834, 60.660463356401884 ], [ 30.024592605631717, 60.662551372291155 ], [ 30.019235928086115, 60.66727614606814 ], [ 30.016024308776487, 60.670056048785341 ], [ 30.013774489375812, 60.671859332238135 ], [ 30.011567998084487, 60.674342036730735 ], [ 30.010224820634207, 60.676289114340484 ], [ 30.007684144644362, 60.678608531706004 ], [ 30.005299664412036, 60.680076034697166 ], [ 30.003080633848388, 60.681014866701105 ], [ 30.000567889730561, 60.681776045354141 ], [ 29.997744456453333, 60.682472180214589 ], [ 29.993676026120308, 60.682974924375159 ], [ 29.984180570231604, 60.683997057704339 ], [ 29.981414927556585, 60.68455249401093 ], [ 29.979271319722415, 60.685193328169937 ], [ 29.977911708997365, 60.685771700187118 ], [ 29.97656969807991, 60.686646361996495 ], [ 29.975463103780633, 60.687680840626456 ], [ 29.974914686298348, 60.688453758293313 ], [ 29.974328587912925, 60.690064491242204 ], [ 29.97418299096935, 60.691476678806254 ], [ 29.974089029202052, 60.692482556637927 ], [ 29.973887710488945, 60.69338135414408 ], [ 29.973513992178223, 60.694544851479719 ], [ 29.973174150764098, 60.695386438401187 ], [ 29.972492759058305, 60.697183568049695 ], [ 29.97225041755793, 60.698440403780744 ], [ 29.972309570198973, 60.700449210091953 ], [ 29.972041062963029, 60.701325196392688 ], [ 29.971230243456425, 60.702356274587153 ], [ 29.969909867006781, 60.703527815650695 ], [ 29.968958568599415, 60.704792230387824 ], [ 29.968378628455511, 60.70575997718403 ], [ 29.968146759084693, 60.706293719178554 ], [ 29.968178903005175, 60.706854098965671 ], [ 29.968381476253118, 60.707345033807805 ], [ 29.968694742197492, 60.707744329870145 ], [ 29.969336992381539, 60.708235152204928 ], [ 29.972887672885321, 60.710441852504445 ], [ 29.97552938777266, 60.711927514071704 ], [ 29.976771875055022, 60.712398342234316 ], [ 29.978739412249446, 60.712787418214219 ], [ 29.980651534288928, 60.712937791575648 ], [ 29.982354714328913, 60.713039682674861 ], [ 29.984324331932601, 60.713199652629484 ], [ 29.985824352646226, 60.713460776945979 ], [ 29.987642952620742, 60.713832174627406 ], [ 29.9891356156038, 60.714132082075466 ], [ 29.990760860820885, 60.71445686962781 ], [ 29.992169197185007, 60.714711549572179 ], [ 29.992936647086022, 60.714834151033351 ], [ 29.994229948548906, 60.714928573720051 ], [ 29.996562220800147, 60.71510287578662 ], [ 30.00066599939143, 60.715395953393362 ], [ 30.004311530596411, 60.715654582722927 ], [ 30.006856408024177, 60.715774799049413 ], [ 30.008609410211122, 60.715702656650819 ], [ 30.009330312666464, 60.715648595676846 ], [ 30.010149848620856, 60.715522532801764 ], [ 30.010781137617233, 60.71538642556726 ], [ 30.012209624484424, 60.715016125738984 ], [ 30.015985990832704, 60.71398578358874 ], [ 30.017119962986374, 60.713740831865167 ], [ 30.018304914626558, 60.713604711228058 ], [ 30.021889896116196, 60.713342211282594 ], [ 30.025389514015753, 60.713076642704458 ], [ 30.027353021528704, 60.712933295983952 ], [ 30.029603624113882, 60.712912975366422 ], [ 30.033510217102233, 60.713084434807506 ], [ 30.035486032271461, 60.713054785600676 ], [ 30.038153765425502, 60.712983995553095 ], [ 30.039546682434239, 60.713041286406231 ], [ 30.040500907601842, 60.713177981273951 ], [ 30.046934675104609, 60.714602538508956 ], [ 30.051413249632191, 60.715608635289321 ], [ 30.054921094879386, 60.716712263238939 ], [ 30.056476490905872, 60.717211846121415 ], [ 30.057944609655657, 60.717837767724411 ], [ 30.061160365938218, 60.719539350792722 ], [ 30.063798642513035, 60.720890624795992 ], [ 30.066139267679056, 60.72270000335434 ], [ 30.066707167074473, 60.723273948787764 ], [ 30.072939785506577, 60.729736866601002 ], [ 30.074579795098508, 60.73121296577375 ], [ 30.074824210540097, 60.731416459524773 ], [ 30.075095709131631, 60.731611651023215 ], [ 30.075392862845902, 60.731797610666113 ], [ 30.075714529212995, 60.731973594734811 ], [ 30.076059430984703, 60.732138676914559 ], [ 30.076425813351879, 60.732292189955594 ], [ 30.076812064233046, 60.732433559558181 ], [ 30.077216738748163, 60.732562035426156 ], [ 30.077637763470754, 60.732677123048738 ], [ 30.079904960928737, 60.733249335164203 ], [ 30.098219988923123, 60.737453256862558 ], [ 30.099039197170303, 60.737689716669081 ], [ 30.10024629444781, 60.738037953415159 ], [ 30.103270442653489, 60.73901579649015 ], [ 30.106924007734968, 60.74018330334232 ], [ 30.110049495430612, 60.741349472377941 ], [ 30.111383948149374, 60.742127021140142 ], [ 30.1169710581716, 60.74758597201096 ], [ 30.119116968673595, 60.749654064471081 ], [ 30.123145597247028, 60.753536569297644 ], [ 30.125428282691953, 60.755736111047852 ], [ 30.128672073632124, 60.758872312843309 ], [ 30.133562164302599, 60.763599561226883 ], [ 30.134655353975788, 60.76480590756141 ], [ 30.135275976143099, 60.765618421448671 ], [ 30.136199290733806, 60.766827322203099 ], [ 30.137481630799083, 60.768248407889594 ], [ 30.138950320505398, 60.769761931214433 ], [ 30.139079845332962, 60.769906076981464 ], [ 30.139845501904261, 60.770757409544963 ], [ 30.1403118993865, 60.771447141462517 ], [ 30.140468603291144, 60.771847324265515 ], [ 30.140614328846613, 60.772401320724931 ], [ 30.14065442861726, 60.773045943218953 ], [ 30.140521118848646, 60.774296862915783 ], [ 30.140431331026775, 60.774928566355364 ], [ 30.140295018049404, 60.77549074230442 ], [ 30.139199932723901, 60.777124283818594 ], [ 30.135750386058859, 60.780928466911675 ], [ 30.133053054044851, 60.783703095176826 ], [ 30.132026523342315, 60.785182834945417 ], [ 30.131531485836508, 60.786369877123754 ], [ 30.130213169598765, 60.793017505424125 ], [ 30.129360317236223, 60.796896103197177 ], [ 30.128731571766487, 60.79819659975918 ], [ 30.127839428378277, 60.799470079232378 ], [ 30.126133237727593, 60.801608737656167 ], [ 30.125738481849208, 60.802103389779496 ], [ 30.125548692762234, 60.802356491998907 ], [ 30.125328097665765, 60.802621689232616 ], [ 30.125064199956832, 60.802933475639044 ], [ 30.124852547254395, 60.803300005792927 ], [ 30.124738623049936, 60.803567576968234 ], [ 30.12467463447328, 60.803831187641599 ], [ 30.124660812780967, 60.804118688325509 ], [ 30.124713094703193, 60.804424851301654 ], [ 30.12483287283041, 60.804771353922781 ], [ 30.124896693151989, 60.804877994918193 ], [ 30.12525086196105, 60.805469976780131 ], [ 30.12565371734927, 60.805975780793027 ], [ 30.125759332724854, 60.806108467027194 ], [ 30.125918238867111, 60.806308045482993 ], [ 30.126232677780912, 60.806727968704038 ], [ 30.126424630136231, 60.807044396509838 ], [ 30.126564831896395, 60.807349476249335 ], [ 30.126616091095112, 60.80777211798268 ], [ 30.126589664412606, 60.808203696000554 ], [ 30.126503750446403, 60.808769275698445 ], [ 30.126403212319516, 60.809271306141518 ], [ 30.126345071381987, 60.809583008647103 ], [ 30.126332125836242, 60.809874390323721 ], [ 30.12635283043922, 60.810684956898939 ], [ 30.126381542050698, 60.811411349981 ], [ 30.126411314359004, 60.812090428404879 ], [ 30.126416851306985, 60.812194383533402 ], [ 30.126449027516237, 60.812858512706441 ], [ 30.12642151775988, 60.81361819458462 ], [ 30.126282383137635, 60.814379439370001 ], [ 30.125998199065336, 60.815362498463315 ], [ 30.125597490757098, 60.816619451037106 ], [ 30.125535418371562, 60.816917236174639 ], [ 30.125508110936106, 60.817324542513497 ], [ 30.125530164624656, 60.818280383114008 ], [ 30.125581622885285, 60.820507323922371 ], [ 30.125573919650897, 60.820829717016302 ], [ 30.125538933477557, 60.821074097752735 ], [ 30.125411136624841, 60.821431286660207 ], [ 30.125197244815418, 60.8218010938905 ], [ 30.124866614389802, 60.822188521850002 ], [ 30.124405455753031, 60.822581507487726 ], [ 30.123755880542127, 60.823053543190234 ], [ 30.123128306626437, 60.823601319950107 ], [ 30.122774221294037, 60.82393353794604 ], [ 30.122380051639492, 60.824357145466799 ], [ 30.122009742568039, 60.82482913960164 ], [ 30.121942755635231, 60.824936301261147 ], [ 30.121787202835296, 60.825167857332417 ], [ 30.121690553749563, 60.825324774443189 ], [ 30.121283737221056, 60.826011831712187 ], [ 30.120980732514692, 60.826489218478734 ], [ 30.120398740246952, 60.827660801836544 ], [ 30.120354025620394, 60.828591319407948 ], [ 30.121093722431105, 60.831072041584513 ], [ 30.121128019925042, 60.831201943816623 ], [ 30.121468683858637, 60.832482950983277 ], [ 30.121601923138247, 60.832839084570757 ], [ 30.121890504291393, 60.833818691994267 ], [ 30.122098348475593, 60.834555391051438 ], [ 30.122292472399412, 60.835147717940025 ], [ 30.122438224237335, 60.835496573159602 ], [ 30.1226423545145, 60.835898417384762 ], [ 30.122862622577941, 60.836232250853065 ], [ 30.123104153171898, 60.836532226546858 ], [ 30.123470037452897, 60.836845284486621 ], [ 30.123996426969342, 60.837235343866553 ], [ 30.124373023632799, 60.837476679509606 ], [ 30.124739771223439, 60.837673969131558 ], [ 30.125230331797166, 60.837905615414627 ], [ 30.125795271257196, 60.838145767792284 ], [ 30.126193078262734, 60.838296560287901 ], [ 30.126697023443043, 60.838453753874987 ], [ 30.127644164553001, 60.838675665025292 ], [ 30.128250847935927, 60.838797772620914 ], [ 30.128805568108646, 60.838891729773934 ], [ 30.12936413673555, 60.83897328134168 ], [ 30.12998536747957, 60.839045031272441 ], [ 30.130278860426657, 60.839074655896219 ], [ 30.130984903169931, 60.839107972057953 ], [ 30.131660842334433, 60.839123215898013 ], [ 30.132552151592702, 60.839128592400137 ], [ 30.133603803508873, 60.839133432409945 ], [ 30.135047952492616, 60.839154001574968 ], [ 30.136056558349331, 60.839193743781777 ], [ 30.137059571950669, 60.839287522662168 ], [ 30.138179927422307, 60.839450891966528 ], [ 30.138907578428995, 60.83959070785874 ], [ 30.1398444782563, 60.839819768381211 ], [ 30.140735492340024, 60.840103805314619 ], [ 30.141549149894377, 60.840400921023168 ], [ 30.142327190795594, 60.840724759762409 ], [ 30.142736947106954, 60.840952015591569 ], [ 30.14316074498506, 60.841200587299149 ], [ 30.143463451655386, 60.841411282215084 ], [ 30.143593798209043, 60.841501990675397 ], [ 30.14388343718808, 60.841721388993328 ], [ 30.144122883230999, 60.841902802299622 ], [ 30.144531277176441, 60.842268081211756 ], [ 30.144850103466403, 60.842641964413268 ], [ 30.144901330930516, 60.842707546075452 ], [ 30.145154402334626, 60.84303071809115 ], [ 30.145252598764582, 60.84336613786845 ], [ 30.145595118418221, 60.844536353720557 ], [ 30.145896431798661, 60.846197563042523 ], [ 30.145911918381358, 60.846355800712068 ], [ 30.145981327224632, 60.847065079665761 ], [ 30.14598669730427, 60.84717675377928 ], [ 30.146016204086472, 60.847795541723208 ], [ 30.146021644980923, 60.847911528825293 ], [ 30.146112756367145, 60.848250030557125 ], [ 30.146281438356407, 60.848595569195844 ], [ 30.14690148157128, 60.849343488426683 ], [ 30.147337795623152, 60.849793782969122 ], [ 30.147685972490326, 60.850158130723067 ], [ 30.149669542027492, 60.85221773298214 ], [ 30.152457476539571, 60.855043110683923 ], [ 30.152961202350212, 60.855606192822854 ], [ 30.153595345960625, 60.85631494295918 ], [ 30.154399808389538, 60.857250235698103 ], [ 30.154646712479597, 60.857537506286661 ], [ 30.155805402383056, 60.858980150790295 ], [ 30.15679261989175, 60.860244451499106 ], [ 30.157653620407178, 60.861509487512905 ], [ 30.158333220348847, 60.862746519269315 ], [ 30.158985456473292, 60.864086892496609 ], [ 30.159427632617369, 60.865376114689873 ], [ 30.159609953244832, 60.865842551888015 ], [ 30.159681791661026, 60.866087218564019 ], [ 30.160397469871839, 60.868089654561849 ], [ 30.161255912204794, 60.870608522799394 ], [ 30.161546030287976, 60.871321099486771 ], [ 30.161773528761334, 60.872018610402421 ], [ 30.162222386121122, 60.873315415289042 ], [ 30.162369741624843, 60.873764132607761 ], [ 30.162469309240095, 60.874218847105197 ], [ 30.162484311499259, 60.874511893477724 ], [ 30.162470551210472, 60.87508772094202 ], [ 30.162404930402669, 60.875373137285493 ], [ 30.162136637793385, 60.876323448885927 ], [ 30.161321161860879, 60.878495552697707 ], [ 30.161219698010484, 60.878732606166885 ], [ 30.160763395292264, 60.880039580854202 ], [ 30.160654146702701, 60.880528240531568 ], [ 30.160548804322616, 60.881000275753635 ], [ 30.160622657797433, 60.881865563279085 ], [ 30.160645007076276, 60.882062116545107 ], [ 30.160870598929876, 60.88360921257479 ], [ 30.1608761392133, 60.883695648418623 ], [ 30.160947535677241, 60.884828103553488 ], [ 30.160827775635358, 60.8857836152239 ], [ 30.160312858179196, 60.887902149775783 ], [ 30.160218335974196, 60.888200877368234 ], [ 30.159562674330935, 60.890682012552077 ], [ 30.159489059730458, 60.891297534074241 ], [ 30.159415593724532, 60.891913058693277 ], [ 30.159801710678927, 60.897705740603534 ], [ 30.159883745918176, 60.899434476698616 ], [ 30.1599530691397, 60.900786590635725 ], [ 30.159998560989727, 60.901675080072586 ], [ 30.160141229314529, 60.904631700680831 ], [ 30.160141194994665, 60.905811328657862 ], [ 30.159969646762786, 60.906979880490056 ], [ 30.159776568493317, 60.908044952084417 ], [ 30.159497513087313, 60.908973475607027 ], [ 30.159175624066577, 60.909849806024212 ], [ 30.158608385223943, 60.911019252291624 ], [ 30.158059837514958, 60.912041604140349 ], [ 30.156397312412651, 60.914657296689604 ], [ 30.154788822888726, 60.917329354920689 ], [ 30.153295437560551, 60.920021527039943 ], [ 30.151719621583943, 60.92282260135169 ], [ 30.151011456090298, 60.924067902082022 ], [ 30.150553252102505, 60.92525247328863 ], [ 30.150421180704811, 60.926193705199744 ], [ 30.150690078161375, 60.927182049989852 ], [ 30.151064782049641, 60.928039248162229 ], [ 30.151901740730423, 60.929018055811582 ], [ 30.153275044091863, 60.930523509878874 ], [ 30.154475794606149, 60.932075510312316 ], [ 30.155419867083317, 60.933347309551067 ], [ 30.156363988627717, 60.934680809344918 ], [ 30.157317728906648, 60.935939772775477 ], [ 30.158252322463976, 60.937192305937089 ], [ 30.158763574984576, 60.937737445465828 ], [ 30.159287358721137, 60.938222487202019 ], [ 30.160601665586878, 60.939282352691478 ], [ 30.161048479745165, 60.939657708208863 ], [ 30.162733678793895, 60.941073429149085 ], [ 30.164390221060806, 60.942569811166713 ], [ 30.165441713314372, 60.943653639365657 ], [ 30.166729006464553, 60.94512299230113 ], [ 30.167887921526876, 60.946425617554105 ], [ 30.168874919475815, 60.947509495431667 ], [ 30.169370025479331, 60.947929937332368 ], [ 30.169593807418977, 60.948119762505584 ], [ 30.169909582872755, 60.948407359738759 ], [ 30.171063888373297, 60.949155841793612 ], [ 30.172645328766038, 60.950088163488921 ], [ 30.174311770380246, 60.951018027320146 ], [ 30.176516613608964, 60.952207602801671 ], [ 30.178582974832327, 60.953240914716773 ], [ 30.179284644174626, 60.953608788026102 ], [ 30.182514598522495, 60.955169128362904 ], [ 30.183643484824746, 60.95584411810362 ], [ 30.18525516748473, 60.957017721113736 ], [ 30.18620414217656, 60.957757639575604 ], [ 30.186997400942843, 60.958339448526921 ], [ 30.188340911593261, 60.95932444591309 ], [ 30.188791083939744, 60.95965126697223 ], [ 30.189722641416076, 60.960296842879266 ], [ 30.190280204619324, 60.960746886674968 ], [ 30.190769428396592, 60.961132359155329 ], [ 30.1918251094637, 60.962059398642999 ], [ 30.192778830412951, 60.963106548640582 ], [ 30.193873252155107, 60.964273118349624 ], [ 30.194452564633551, 60.964999971167479 ], [ 30.194662476824245, 60.965708080464395 ], [ 30.194666574906506, 60.966370496230468 ], [ 30.194505852059208, 60.96684013941961 ], [ 30.194410564983741, 60.966966776641165 ], [ 30.194219070938381, 60.967285779768503 ], [ 30.193943591356938, 60.967679200312489 ], [ 30.192474796350101, 60.969528793010795 ], [ 30.191766093473294, 60.970431979183871 ], [ 30.191448711295401, 60.97078832445262 ], [ 30.191130982283457, 60.971402354789028 ], [ 30.190865632302341, 60.971914992336941 ], [ 30.190764380631048, 60.972110574379876 ], [ 30.190754295144746, 60.972129854966845 ], [ 30.190648285943162, 60.972341325654313 ], [ 30.190611654652798, 60.972414393639383 ], [ 30.190332700427817, 60.972999770124233 ], [ 30.189925139423476, 60.97356207462196 ], [ 30.189574072374558, 60.974040317548443 ], [ 30.18910962412204, 60.97450945769944 ], [ 30.188822118446602, 60.974946091153207 ], [ 30.188548133847743, 60.975369353619698 ], [ 30.188146735434749, 60.976180313616325 ], [ 30.187762043206867, 60.97696242988382 ], [ 30.187482295606799, 60.977536737091718 ], [ 30.187022982034524, 60.97842444904721 ], [ 30.186900346239458, 60.978661348480841 ], [ 30.186319209637773, 60.979738370235388 ], [ 30.185961474386868, 60.980555985160052 ], [ 30.185527480895292, 60.981342635417896 ], [ 30.184761376620902, 60.98258411056085 ], [ 30.18411338390187, 60.98371191302715 ], [ 30.183680067400452, 60.984617314457864 ], [ 30.183443933629786, 60.985449950290729 ], [ 30.183358137672204, 60.986344649995601 ], [ 30.183315257381555, 60.987572580378121 ], [ 30.183443956621353, 60.988769336307875 ], [ 30.183443976333091, 60.990413400355834 ], [ 30.183379639415094, 60.991547738593148 ], [ 30.183336705572824, 60.992609141164245 ], [ 30.183100741755769, 60.993311631166243 ], [ 30.182758979893684, 60.994108016790754 ], [ 30.182607313826047, 60.994461431583844 ], [ 30.182294921826472, 60.995444177735955 ], [ 30.182217585883787, 60.995843427232849 ], [ 30.182131174532266, 60.996391498175093 ], [ 30.182120501831719, 60.996718399107579 ], [ 30.182109155422918, 60.997066663079572 ], [ 30.182197819095293, 60.997358814461641 ], [ 30.182242693656111, 60.997506518221371 ], [ 30.182509750651956, 60.99816455206053 ], [ 30.182770329452246, 60.998942269439659 ], [ 30.182701770877234, 60.999168440059222 ], [ 30.182663134550747, 60.999296254569991 ], [ 30.182504956635412, 60.999509414354321 ], [ 30.182438182190189, 60.999607000137672 ], [ 30.181873324442531, 61.000432223771426 ], [ 30.181470072831335, 61.001205046236933 ], [ 30.181392662781054, 61.001480971118376 ], [ 30.18135858975706, 61.001601964620647 ], [ 30.181316450065211, 61.001751980908381 ], [ 30.181243458559656, 61.002012459274781 ], [ 30.18114650481451, 61.002312586043281 ], [ 30.181088732415226, 61.00250637695266 ], [ 30.181071292957988, 61.002565383221736 ], [ 30.180937959255917, 61.002986634716258 ], [ 30.180820298629399, 61.003186448588842 ], [ 30.180719008404214, 61.003358221645428 ], [ 30.180235200406113, 61.004015015720917 ], [ 30.179872493259307, 61.004522545968641 ], [ 30.179613602896399, 61.004884852822173 ], [ 30.179420238124276, 61.005127722379299 ], [ 30.179279185108243, 61.005314111634839 ], [ 30.179271693787502, 61.005319433911595 ], [ 30.178992870735687, 61.005517670778808 ], [ 30.178895474156143, 61.005586949779996 ], [ 30.177985497982355, 61.006101884833342 ], [ 30.177282296715692, 61.006473748915361 ], [ 30.176659609472996, 61.006803104205083 ], [ 30.175822931946207, 61.007146656975678 ], [ 30.174875201428691, 61.007535931545952 ], [ 30.174710144652114, 61.007598849833002 ], [ 30.174568706517359, 61.007651843763902 ], [ 30.174358275694754, 61.007730786745114 ], [ 30.17377939516906, 61.007947874220562 ], [ 30.173573224439867, 61.008025198749067 ], [ 30.17218087401125, 61.008507528547462 ], [ 30.171417727781822, 61.008767986832218 ], [ 30.171096433816007, 61.00886301218739 ], [ 30.170422917027832, 61.009001034408691 ], [ 30.170235738844283, 61.009032854480793 ], [ 30.16985363240509, 61.009082409038584 ], [ 30.169076291404938, 61.009152406993181 ], [ 30.167589138697537, 61.009226353158809 ], [ 30.165465551002558, 61.009364329701093 ], [ 30.164032844460571, 61.009623064454431 ], [ 30.161164809362177, 61.010437201375616 ], [ 30.159927544284979, 61.010799709437833 ], [ 30.158410921720623, 61.011266798862316 ], [ 30.154469887810265, 61.012639141557635 ], [ 30.153275269565317, 61.013036532948952 ], [ 30.152167243301353, 61.013407449448366 ], [ 30.150989159964325, 61.013791697457528 ], [ 30.149992572493083, 61.014127765430082 ], [ 30.149806377563223, 61.01419056689614 ], [ 30.149231194430662, 61.014368289474689 ], [ 30.148144175436517, 61.014725157146032 ], [ 30.147894759984272, 61.014806918543535 ], [ 30.147413778517702, 61.014978991335951 ], [ 30.144837181059824, 61.015775335586476 ], [ 30.144418440601001, 61.015910092844038 ], [ 30.143551842694812, 61.01616210042301 ], [ 30.143508272269138, 61.016174740476188 ], [ 30.14305246866126, 61.016307361200312 ], [ 30.142082108413923, 61.016553658197424 ], [ 30.141384953078081, 61.016739003050105 ], [ 30.140177789629323, 61.017070357448397 ], [ 30.139804971446502, 61.017172751040377 ], [ 30.138601780605029, 61.017634147729453 ], [ 30.138503285106516, 61.017671848620687 ], [ 30.138337590723992, 61.017735339339239 ], [ 30.137150792529813, 61.018190514568538 ], [ 30.136543292524031, 61.018438907090342 ], [ 30.135143432046956, 61.018955649780601 ], [ 30.134853353966744, 61.019062662230645 ], [ 30.1336717465535, 61.019491331301147 ], [ 30.13325664121632, 61.019672660140799 ], [ 30.132947804663932, 61.019833432384686 ], [ 30.132545417714073, 61.020100360164456 ], [ 30.132433532233364, 61.020174599017636 ], [ 30.132280224302306, 61.020288286897589 ], [ 30.131469619550732, 61.0208897392369 ], [ 30.131395446962614, 61.020943581537487 ], [ 30.131322750736352, 61.020996287522593 ], [ 30.13084502976529, 61.021353226318681 ], [ 30.130372666118227, 61.021777464250057 ], [ 30.130083552547188, 61.022037184579951 ], [ 30.13001641774207, 61.022133032908229 ], [ 30.129900352032394, 61.022298978747017 ], [ 30.129794096736166, 61.022521900662419 ], [ 30.129789025264259, 61.02255942806115 ], [ 30.129747076987758, 61.022873181040083 ], [ 30.129697067213542, 61.023247392145379 ], [ 30.129661428734323, 61.023406875733563 ], [ 30.129596317850602, 61.023769088581261 ], [ 30.129481146346599, 61.024075354818343 ], [ 30.129339423100852, 61.02434090549265 ], [ 30.128893321286196, 61.025095344050321 ], [ 30.12842757767795, 61.026237213786935 ], [ 30.128362829555417, 61.026395987535288 ], [ 30.128319854006694, 61.026501421561377 ], [ 30.128174948364432, 61.026857623520961 ], [ 30.128123104100958, 61.026983437858746 ], [ 30.127853268861184, 61.027599798064109 ], [ 30.127774165481473, 61.027709582475026 ], [ 30.127665485962243, 61.0279082893706 ], [ 30.127613887766554, 61.02796889814541 ], [ 30.127384092576623, 61.028475000677787 ], [ 30.127040687269538, 61.028981018453479 ], [ 30.126480081294744, 61.029695016845487 ], [ 30.126267995023937, 61.029983227957089 ], [ 30.12574584190569, 61.03066849155465 ], [ 30.125488202968107, 61.030946928396467 ], [ 30.125096495396601, 61.03137017466041 ], [ 30.124934993472618, 61.031544759488796 ], [ 30.124758866096808, 61.031725679222141 ], [ 30.124712837468273, 61.031773561218181 ], [ 30.12445874171938, 61.032037969808677 ], [ 30.124340203696196, 61.032159666551358 ], [ 30.12416764537884, 61.032328086616289 ], [ 30.124120751064353, 61.032373704428885 ], [ 30.124038872155232, 61.032446421146226 ], [ 30.123747266257663, 61.032704998779437 ], [ 30.123513624535136, 61.032853073379499 ], [ 30.123247417114683, 61.033021740917889 ], [ 30.12314198896112, 61.033079583413631 ], [ 30.122873419391702, 61.033227091726033 ], [ 30.122232646989929, 61.033497710019439 ], [ 30.121984923856417, 61.033602187538406 ], [ 30.121666083048691, 61.033768381880407 ], [ 30.12153746164666, 61.033841087878308 ], [ 30.121410247724555, 61.03394373453169 ], [ 30.121253961722832, 61.034129474807905 ], [ 30.121082792514599, 61.034393401759445 ], [ 30.120897079509689, 61.034679563458326 ], [ 30.120802260289402, 61.034825746107792 ], [ 30.120706539735131, 61.03497343643798 ], [ 30.120536665314081, 61.035207838986587 ], [ 30.119884775181784, 61.036234780966105 ], [ 30.119847345924249, 61.036292096747324 ], [ 30.118111381473522, 61.038686598173967 ], [ 30.11784915793951, 61.038975343559905 ], [ 30.117653467566292, 61.039190777952058 ], [ 30.117430250558893, 61.039436792241304 ], [ 30.11730190521974, 61.039578394120831 ], [ 30.116609892234585, 61.040342004992652 ], [ 30.115712705214161, 61.041172635308349 ], [ 30.114811342085616, 61.041842029899939 ], [ 30.114759904537173, 61.041880182239176 ], [ 30.114136292908199, 61.042307063820914 ], [ 30.114079114525019, 61.042346170996566 ], [ 30.113588800376434, 61.042699732109639 ], [ 30.113140562318794, 61.043089402203293 ], [ 30.113068587263726, 61.043185319365875 ], [ 30.112845864437258, 61.043482266716097 ], [ 30.112579343030465, 61.043876003124922 ], [ 30.11254397749239, 61.043938930306027 ], [ 30.112262367879499, 61.044434561076827 ], [ 30.112177242801017, 61.044700050381337 ], [ 30.112210882208398, 61.044948140979947 ], [ 30.112304327864916, 61.045277722823883 ], [ 30.11232867396981, 61.045339233202732 ], [ 30.112457179467071, 61.045663008178778 ], [ 30.112692952860513, 61.046256928384764 ], [ 30.112950468337861, 61.046905835310064 ], [ 30.113162269844608, 61.047439330010114 ], [ 30.11326103988965, 61.047772707464787 ], [ 30.113325522540791, 61.047980857707685 ], [ 30.113434457925369, 61.048264690916383 ], [ 30.113587182382229, 61.049133574486504 ], [ 30.113298369892426, 61.049783547709112 ], [ 30.112820393053585, 61.050327525139821 ], [ 30.112351793643747, 61.050672655666745 ], [ 30.111758455443766, 61.051113829666498 ], [ 30.111029893627933, 61.051489230883099 ], [ 30.110410035360538, 61.051733030989759 ], [ 30.109796807158602, 61.051940861800077 ], [ 30.108539491634676, 61.052243845701575 ], [ 30.086981224799022, 61.055535180706229 ], [ 30.067751541970924, 61.057708908591486 ], [ 30.065866080366188, 61.05795303312393 ], [ 30.061768458550727, 61.058790605171801 ], [ 30.058249690224823, 61.060258396554303 ], [ 30.056479759165345, 61.061478249652204 ], [ 30.054736936833621, 61.064025471586724 ], [ 30.051358104582238, 61.069762102406401 ], [ 30.049535529570676, 61.071955772564074 ], [ 30.047809758682835, 61.073106067820468 ], [ 30.044595640880825, 61.074437733676838 ], [ 30.039873036170505, 61.075487626690666 ], [ 30.029668446712048, 61.077601666129375 ], [ 30.025796713131538, 61.078713990717468 ], [ 30.023310475579709, 61.079486048306109 ], [ 30.018226629799454, 61.081712046018943 ], [ 30.005943062203194, 61.08834061635369 ], [ 29.998620906129883, 61.091909576638798 ], [ 29.993460749015377, 61.093534124206954 ], [ 29.989377701967275, 61.094355636744439 ], [ 29.983656005763574, 61.095682193221776 ], [ 29.980937815163674, 61.096391374742936 ], [ 29.977714782921847, 61.097454627013732 ], [ 29.976086727558958, 61.098075997302843 ], [ 29.974732890659361, 61.098674745868138 ], [ 29.974297418837811, 61.098883363297432 ], [ 29.97321464795375, 61.099441278997929 ], [ 29.972711167747626, 61.099690227459149 ], [ 29.972182540552865, 61.099987566650107 ], [ 29.970437953140042, 61.101059441942262 ], [ 29.969830424926542, 61.101491361772567 ], [ 29.96871142218432, 61.102299500177502 ], [ 29.967587452301522, 61.103251512878572 ], [ 29.967148936443586, 61.103675987031416 ], [ 29.966778861467709, 61.104061843516298 ], [ 29.966144457369769, 61.104742597295484 ], [ 29.965730583843563, 61.105198611464125 ], [ 29.965178012818029, 61.106010461825917 ], [ 29.965062142125952, 61.106217787060842 ], [ 29.964419585491612, 61.107330513578738 ], [ 29.962512690348927, 61.110326630610622 ], [ 29.961861818536864, 61.111064936158996 ], [ 29.960833341338361, 61.111957784167757 ], [ 29.96058413032857, 61.112119708023961 ], [ 29.959591916909851, 61.112698245846723 ], [ 29.958122050180283, 61.113383789500062 ], [ 29.957420552676172, 61.113648529135816 ], [ 29.955335194479904, 61.114298893957994 ], [ 29.953744846622502, 61.114761328441851 ], [ 29.950479716171049, 61.115694837640724 ], [ 29.949199702889686, 61.116054902452554 ], [ 29.94657608209544, 61.116912525159528 ], [ 29.944391859669548, 61.117852347710659 ], [ 29.940256114546571, 61.119625953281471 ], [ 29.938883042259494, 61.120219798505076 ], [ 29.93761267142926, 61.120805897016957 ], [ 29.936098759782173, 61.12163663735403 ], [ 29.934601732600562, 61.122728429398862 ], [ 29.933562361931102, 61.123410369585123 ], [ 29.932120184034979, 61.12415610080987 ], [ 29.930464936987519, 61.124736992452917 ], [ 29.929229198794243, 61.125098601235294 ], [ 29.92822951430766, 61.125316447380385 ], [ 29.926673626989764, 61.125601857534903 ], [ 29.925089858598767, 61.125860205967257 ], [ 29.924351622578065, 61.126002317000918 ], [ 29.922104654315834, 61.126523560582314 ], [ 29.921070172688676, 61.126849167040923 ], [ 29.920045863441601, 61.127199072117328 ], [ 29.91901497170393, 61.127575409379666 ], [ 29.918183984241534, 61.12800821906815 ], [ 29.917388638670513, 61.128497890777922 ], [ 29.914557760828242, 61.130771395389722 ], [ 29.914181378853073, 61.131059601966591 ], [ 29.913446395776365, 61.13162159632305 ], [ 29.912065319489955, 61.132423048391928 ], [ 29.910351230222833, 61.133084915613189 ], [ 29.908563008135658, 61.133621999270112 ], [ 29.906451208272266, 61.134156506337213 ], [ 29.895611033800026, 61.136744223250744 ], [ 29.894057027351405, 61.13720259821028 ], [ 29.892575338310024, 61.137736998394111 ], [ 29.891293836389444, 61.138293773166708 ], [ 29.889707049996773, 61.139334350521921 ], [ 29.887088481931801, 61.141147421640227 ], [ 29.886141854498018, 61.141869784475048 ], [ 29.885813678552552, 61.142187325052511 ], [ 29.885483845601211, 61.142527823568116 ], [ 29.88519813249874, 61.142851371566316 ], [ 29.884899979290228, 61.143296353850019 ], [ 29.884625635550755, 61.143776469266321 ], [ 29.884438948791754, 61.144171198269639 ], [ 29.884272935388456, 61.144642221115419 ], [ 29.88321182110651, 61.150461114111373 ], [ 29.883022638251649, 61.15099547197805 ], [ 29.882775052224311, 61.151549863231693 ], [ 29.882400174277766, 61.152179113534785 ], [ 29.881941425688666, 61.152713543577583 ], [ 29.881772432808297, 61.152875385831074 ], [ 29.881016009268901, 61.153539223091748 ], [ 29.879934147735479, 61.154248549229976 ], [ 29.878856914239837, 61.154857812150603 ], [ 29.876750406558127, 61.155951388023674 ], [ 29.87304452517338, 61.157930984664091 ], [ 29.871748744587592, 61.158530111266238 ], [ 29.870509736932352, 61.159001541368831 ], [ 29.869615616390114, 61.159277743908206 ], [ 29.869058164305503, 61.159431029406214 ], [ 29.868763817996999, 61.15951207078573 ], [ 29.866320125924645, 61.160096245480858 ], [ 29.86350670079695, 61.160765768332269 ], [ 29.862149517838752, 61.161184976936454 ], [ 29.860403963137816, 61.161841837449657 ], [ 29.858390113441303, 61.162564760254497 ], [ 29.85719788313218, 61.162895404887344 ], [ 29.856952249558084, 61.162965605672397 ], [ 29.855468310954407, 61.163300506195441 ], [ 29.853426093077015, 61.163635071286478 ], [ 29.852443005986157, 61.163820789575425 ], [ 29.851493985398232, 61.164046191408765 ], [ 29.850368878553169, 61.164366841671253 ], [ 29.849311840432069, 61.164712155477119 ], [ 29.848129736667474, 61.16515920244445 ], [ 29.84749398438694, 61.165398613958878 ], [ 29.847383101067923, 61.165441485086063 ], [ 29.846997596326709, 61.165577130563086 ], [ 29.846701311019849, 61.16569482214598 ], [ 29.846181184627984, 61.165906649511854 ], [ 29.845981019679318, 61.165984898195767 ], [ 29.845890471625889, 61.166019169193099 ], [ 29.84548436234379, 61.166164391406113 ], [ 29.844943940822265, 61.166379603786815 ], [ 29.843859922804214, 61.166804738021931 ], [ 29.84281761194443, 61.167260392522323 ], [ 29.841979395004024, 61.167672024949994 ], [ 29.840707708738474, 61.168297663235911 ], [ 29.839901397874126, 61.168688828158835 ], [ 29.839204836844811, 61.169057669189911 ], [ 29.838270914608287, 61.169670246609925 ], [ 29.837582361840902, 61.170119488158313 ], [ 29.836641142713741, 61.170755241355344 ], [ 29.835671505290762, 61.171377208201719 ], [ 29.834313264769609, 61.172209808298007 ], [ 29.832573667185127, 61.173284193010872 ], [ 29.831225879751663, 61.174188247296101 ], [ 29.830441360340842, 61.174694228416762 ], [ 29.829630668302848, 61.17516725198486 ], [ 29.827630062641134, 61.176490229895798 ], [ 29.826198548144671, 61.17739092766589 ], [ 29.82447807002816, 61.178661413116942 ], [ 29.823575116686268, 61.179414765298255 ], [ 29.822806365574493, 61.180061755940848 ], [ 29.821503256968022, 61.181163866639451 ], [ 29.820265559535635, 61.182153593826975 ], [ 29.819528556157021, 61.182670066468269 ], [ 29.818611350217054, 61.183291537055368 ], [ 29.817522610675699, 61.183937984306048 ], [ 29.816485425020719, 61.184508109512642 ], [ 29.814442798323281, 61.185545685958985 ], [ 29.813099449532302, 61.186237311930896 ], [ 29.811312245330029, 61.187287686774688 ], [ 29.809721696561812, 61.188329021070416 ], [ 29.808501153395454, 61.189103272683141 ], [ 29.806970937078201, 61.190074491966072 ], [ 29.805802231603781, 61.190811495120776 ], [ 29.803323669178241, 61.192249709584814 ], [ 29.80237320086092, 61.192805612709392 ] ] } },
{ "type": "Feature", "properties": { }, "geometry": { "type": "LineString", "coordinates": [ [ 30.048216286777041, 60.630252519572053 ], [ 30.047689620941508, 60.630857498693288 ], [ 30.037512554298576, 60.642556986888025 ], [ 30.036477051180224, 60.643818141678672 ], [ 30.033891123903437, 60.649337368389048 ], [ 30.032744510015252, 60.651728629773409 ], [ 30.031228710692442, 60.654750110628889 ], [ 30.031162949931336, 60.654876211812194 ], [ 30.031095360514371, 60.65500230041026 ], [ 30.031018271879407, 60.655140889262697 ], [ 30.03094120814826, 60.655278580706103 ], [ 30.030860461859032, 60.65541714435571 ], [ 30.030781568615829, 60.655554823145927 ], [ 30.030698992763167, 60.655693374135488 ], [ 30.030614613592526, 60.655831015153396 ], [ 30.030530259280322, 60.655967758753683 ], [ 30.030444050462702, 60.65610538709798 ], [ 30.030357866493105, 60.656242118022313 ], [ 30.030268025357664, 60.656378823764882 ], [ 30.030178183456218, 60.656515529442757 ], [ 30.030086512558096, 60.65665222249234 ], [ 30.029993038239038, 60.656788005550105 ], [ 30.029899563128559, 60.656923788538158 ], [ 30.029804258973069, 60.657059558889046 ], [ 30.029707125749649, 60.657195316598923 ], [ 30.029608189045558, 60.657330164303978 ], [ 30.029509225896774, 60.657465909291076 ], [ 30.02940848485861, 60.657599846908354 ], [ 30.02930588906916, 60.657734669230727 ], [ 30.029201489740636, 60.657868581534615 ], [ 30.029097063915859, 60.658003391112018 ], [ 30.028990860156245, 60.658136393305931 ], [ 30.028882801563597, 60.658270280190237 ], [ 30.028774767704256, 60.65840326962347 ], [ 30.028663076276622, 60.658536233798635 ], [ 30.028551383924182, 60.658669197876016 ], [ 30.028437887939514, 60.658801251910155 ], [ 30.028324391021588, 60.658933305843419 ], [ 30.028209064803974, 60.659065347086475 ], [ 30.028091909264386, 60.659197375634498 ], [ 30.027972950038329, 60.65932849412367 ], [ 30.027908757970891, 60.659398957317386 ], [ 30.027844539960384, 60.659470317837965 ], [ 30.027778518934792, 60.659540768372082 ], [ 30.02771249761977, 60.659611218872257 ], [ 30.027648304416331, 60.659681681935687 ], [ 30.027580454121232, 60.65975211977085 ], [ 30.027514457608781, 60.659821672810452 ], [ 30.027446606724844, 60.659892110575058 ], [ 30.027380583960294, 60.659962560904717 ], [ 30.027312758162353, 60.660032101240027 ], [ 30.027243077967402, 60.660102526295518 ], [ 30.027175251576566, 60.660172066558459 ], [ 30.027105596459705, 60.66024159418096 ], [ 30.027037769478053, 60.660311134371476 ], [ 30.026966285322196, 60.660380649313211 ], [ 30.026896629301362, 60.660450176822891 ], [ 30.026826972979318, 60.660519704295055 ], [ 30.026755487903852, 60.660589219120062 ], [ 30.026684028214333, 60.660657836547045 ], [ 30.026612542522717, 60.660727351293048 ], [ 30.026541082220984, 60.660795968640976 ], [ 30.026467793146882, 60.660864573336049 ], [ 30.026396306528021, 60.660934087962431 ], [ 30.026323016830126, 60.661002692575472 ], [ 30.026249726819529, 60.661071297147075 ], [ 30.026176436496229, 60.661139901677117 ], [ 30.026101343085269, 60.661207596188937 ], [ 30.026026223644099, 60.661276188015577 ], [ 30.025951103882491, 60.661344779798625 ], [ 30.025876009518782, 60.661412474179969 ], [ 30.025800889118475, 60.661481065876053 ], [ 30.025725794120373, 60.661548760170326 ], [ 30.025583225950712, 60.661673430834263 ], [ 30.025440630945141, 60.66179899869973 ], [ 30.02520055782372, 60.662007363928332 ], [ 30.014642962998817, 60.671190313565454 ], [ 30.014509714832172, 60.671306062412675 ], [ 30.014395199127062, 60.671406683903434 ], [ 30.01429003643959, 60.671500190367539 ], [ 30.014192345743623, 60.671588363752939 ], [ 30.014098416887723, 60.671672973216843 ], [ 30.014010079011307, 60.671754031552382 ], [ 30.01392550310306, 60.671831525984786 ], [ 30.013842755874116, 60.671909033149184 ], [ 30.013790081751573, 60.671958926905866 ], [ 30.01373926262556, 60.672007936076071 ], [ 30.013688443344503, 60.672056945226331 ], [ 30.013637597838301, 60.672106851710161 ], [ 30.013586778245706, 60.672155860820411 ], [ 30.013535932425086, 60.672205767264273 ], [ 30.013486915553187, 60.672255686480227 ], [ 30.013436095495443, 60.672304695531146 ], [ 30.013387078317489, 60.672354614709135 ], [ 30.013338060987184, 60.672404533868502 ], [ 30.013290872622392, 60.672454465803966 ], [ 30.013241828908651, 60.67250528228022 ], [ 30.013194640246248, 60.672555214180363 ], [ 30.013147451437153, 60.672605146063262 ], [ 30.013100236395626, 60.672655975282225 ], [ 30.013053047291702, 60.672705907130378 ], [ 30.013019001130033, 60.672744262957465 ], [ 30.012409238557765, 60.673391606153132 ], [ 30.011879911842918, 60.67416606269704 ], [ 30.011452736649687, 60.674950208499872 ], [ 30.011199015595103, 60.67524371938034 ], [ 30.011149990449631, 60.67529363770025 ], [ 30.010461191351883, 60.676013118490751 ], [ 30.009417755381218, 60.677096300182086 ], [ 30.00831442191711, 60.678223032020156 ], [ 30.007782632567384, 60.678637543493323 ], [ 30.007713551502647, 60.678684626873618 ], [ 30.007663184844034, 60.678717481323382 ], [ 30.006255068542995, 60.679500090518353 ], [ 30.005057637779963, 60.680209676288619 ], [ 30.004585584896372, 60.680456757515842 ], [ 30.00445919921826, 60.680523180523629 ] ] } },
{ "type": "Feature", "properties": { }, "geometry": { "type": "LineString", "coordinates": [ [ 30.176717386351278, 60.616546702833453 ], [ 30.175601774481386, 60.617602915940466 ], [ 30.171164770176471, 60.621802694072166 ], [ 30.170152502073677, 60.622800227486358 ], [ 30.169985142338312, 60.622998501869155 ], [ 30.169738778402721, 60.623366844673441 ], [ 30.169517376178952, 60.623835855281946 ], [ 30.16933772000089, 60.624391271381761 ], [ 30.169270750637597, 60.625650105561654 ], [ 30.169197103309614, 60.629602366316654 ], [ 30.169125938405301, 60.630354074846757 ], [ 30.169019243523699, 60.630837216667167 ], [ 30.168773763521816, 60.631770104284861 ], [ 30.168531829761083, 60.63248042657353 ], [ 30.168504232380716, 60.632563734948583 ], [ 30.168409239224307, 60.632864747529517 ], [ 30.167907361615885, 60.634197327778828 ], [ 30.167300054690852, 60.635806623653096 ], [ 30.166794103647522, 60.637152638513911 ], [ 30.166546976357917, 60.637772276885464 ], [ 30.166432677504599, 60.638039069102128 ], [ 30.16606610948125, 60.638684932736673 ], [ 30.164018955729052, 60.642074531095055 ], [ 30.163883687421119, 60.642375303763288 ], [ 30.163534474747731, 60.643129862494206 ], [ 30.162600422921056, 60.645528829634188 ], [ 30.162315049569333, 60.646286453235646 ], [ 30.161998985484157, 60.647027740118844 ], [ 30.161291118104252, 60.648690266979159 ], [ 30.161057251739479, 60.649058667233412 ], [ 30.160900227036741, 60.649274941594257 ], [ 30.160738682607718, 60.649451698200771 ], [ 30.155342243945725, 60.654858744785876 ], [ 30.154790745167912, 60.655275509353999 ], [ 30.154350728796551, 60.655545740961735 ], [ 30.153814184818273, 60.655800139185885 ], [ 30.15346450259629, 60.655965895250425 ], [ 30.144460173357931, 60.659361187843913 ], [ 30.143932259907093, 60.659557259944378 ], [ 30.141586118505089, 60.660428069074491 ], [ 30.141162232437573, 60.660558341908519 ], [ 30.140867352178457, 60.660649004708738 ], [ 30.140278803588515, 60.660781869536031 ], [ 30.139935202493252, 60.660846207479075 ], [ 30.139549679296611, 60.660904905633572 ], [ 30.138452879239942, 60.661031094578043 ], [ 30.136359240431329, 60.661234689460876 ], [ 30.131968344643923, 60.66166297538625 ], [ 30.126290273258075, 60.66221603784868 ], [ 30.123875625978574, 60.662450671102697 ], [ 30.121363496756121, 60.662705300684628 ], [ 30.118647077519427, 60.663007978706595 ], [ 30.116343631831317, 60.663252142322598 ], [ 30.115859685063811, 60.663294901745765 ], [ 30.115461915915624, 60.663329221387244 ], [ 30.114276406551269, 60.66341337390849 ], [ 30.113067537817585, 60.663481214495953 ], [ 30.111070394327928, 60.663548594697303 ], [ 30.11034948126645, 60.663560230862849 ], [ 30.108343206220553, 60.663556608686804 ], [ 30.099034889601462, 60.663445711822881 ], [ 30.095061784709781, 60.663399756565205 ], [ 30.089297032251096, 60.663326919309206 ], [ 30.086426552707998, 60.663290484316015 ], [ 30.085907316666606, 60.6632835440126 ], [ 30.085417339003385, 60.663276790641682 ], [ 30.076778004588384, 60.663118402883107 ], [ 30.073875912988544, 60.663034821007834 ], [ 30.073729697015995, 60.663031171504919 ], [ 30.070731237116188, 60.662994459713467 ], [ 30.069697851947605, 60.662995746763215 ], [ 30.068902592308174, 60.663050649925694 ], [ 30.068059724537299, 60.663174344587574 ], [ 30.067362010385214, 60.663340277375724 ], [ 30.066464460070275, 60.663590153305258 ], [ 30.064466290972167, 60.664156756625921 ], [ 30.062316837977146, 60.664768101525254 ], [ 30.060339060482551, 60.665319520998644 ], [ 30.059024705639594, 60.665689539021749 ], [ 30.058119644454337, 60.665875584845779 ], [ 30.056886213300618, 60.666029816100497 ], [ 30.054580713866148, 60.666256751025585 ], [ 30.05203839239276, 60.666513471954069 ], [ 30.049847914879678, 60.666745584712686 ], [ 30.049025597333692, 60.666847757669757 ], [ 30.046753425578792, 60.667121454279091 ], [ 30.042958097075861, 60.667568797113724 ], [ 30.042855277104547, 60.667582461070943 ] ] } },
{ "type": "Feature", "properties": { }, "geometry": { "type": "LineString", "coordinates": [ [ 30.025955552445243, 60.668783582506279 ], [ 30.023321438563478, 60.669672786427149 ], [ 30.021702054005523, 60.670259327988468 ], [ 30.01987628321308, 60.670895576285488 ], [ 30.018801597749217, 60.671240838496956 ], [ 30.017176687750066, 60.67163341987785 ], [ 30.016287162468068, 60.671837243687428 ], [ 30.015427047631867, 60.672035881686227 ], [ 30.014440427392699, 60.672243503330037 ], [ 30.013875534194199, 60.672418165151598 ], [ 30.013727588691818, 60.672472778053042 ], [ 30.013100236395626, 60.672655975282225 ] ] } },
{ "type": "Feature", "properties": { }, "geometry": { "type": "LineString", "coordinates": [ [ 30.025955552445243, 60.668783582506279 ], [ 30.027721327509692, 60.668189920700044 ], [ 30.02793359990136, 60.668123170021374 ], [ 30.028151204072447, 60.668061840925027 ], [ 30.02837596897626, 60.668005945973682 ], [ 30.028607869040439, 60.667956382489486 ], [ 30.028843246632661, 60.667913125272094 ], [ 30.02908210187751, 60.667876174303544 ], [ 30.029153709640564, 60.667866793910164 ], [ 30.029663979038006, 60.66780567972652 ], [ 30.030175896140065, 60.667750857666633 ], [ 30.030693093362132, 60.667703250184331 ], [ 30.031210110039353, 60.667661922212076 ], [ 30.031730604181817, 60.667626898837646 ], [ 30.032252721684383, 60.667599064844872 ], [ 30.032776488425359, 60.66757752285649 ], [ 30.033300050339317, 60.667563157692179 ], [ 30.033825262130382, 60.667555084509637 ], [ 30.034350295254345, 60.667553290783417 ], [ 30.034875124543571, 60.667558673875973 ], [ 30.038658417174261, 60.667735263285913 ], [ 30.039064044493507, 60.667751486497558 ], [ 30.039469875005466, 60.667760529595611 ], [ 30.039875883103758, 60.667763289938513 ], [ 30.040282068551409, 60.667759767524061 ], [ 30.040688456423538, 60.667749064989302 ], [ 30.041093166981224, 60.667732964639249 ], [ 30.041496250604048, 60.667709671766168 ], [ 30.041897681746448, 60.667680083745672 ], [ 30.042693756810824, 60.667602009926235 ], [ 30.042855277104547, 60.667582461070943 ] ] } },
{ "type": "Feature", "properties": { }, "geometry": { "type": "LineString", "coordinates": [ [ 30.013264080016093, 60.672666735830305 ], [ 30.013891200016122, 60.672483531107417 ], [ 30.01403916001615, 60.672428957410403 ], [ 30.01460436001609, 60.672254215160493 ], [ 30.015590760016106, 60.672046674444573 ], [ 30.016450800016088, 60.67184794898759 ], [ 30.017340360016089, 60.671644196812714 ], [ 30.0189654000161, 60.671251588920398 ], [ 30.020040000016134, 60.670906322779111 ], [ 30.02186592001614, 60.670270004155007 ], [ 30.023485200016118, 60.669683578279354 ], [ 30.026119320016132, 60.668794352523506 ], [ 30.027885120016112, 60.668200581164058 ], [ 30.028097160016131, 60.668133831902068 ], [ 30.02831496001609, 60.668072549432679 ], [ 30.028539600016163, 60.668016645610692 ], [ 30.028771440016111, 60.667967090406599 ], [ 30.029006880016087, 60.667923795672912 ], [ 30.029245920016095, 60.667886849611783 ], [ 30.029317560016093, 60.667877502868855 ], [ 30.029827680016151, 60.667816396265586 ], [ 30.030339600016095, 60.667761550124609 ], [ 30.030856920016117, 60.667713934428058 ], [ 30.031373880016108, 60.667672667434118 ], [ 30.031894080016105, 60.667637660989641 ], [ 30.032416440016096, 60.667609796890765 ], [ 30.032940240016117, 60.667588193379807 ], [ 30.033463680016109, 60.667573820423662 ], [ 30.03398892001616, 60.667565796255154 ], [ 30.034513800016093, 60.667563944523664 ], [ 30.035038680016122, 60.667569323362414 ], [ 30.038822280016163, 60.667745942765151 ], [ 30.039227640016083, 60.667762079187511 ], [ 30.039633720016162, 60.667771161432597 ], [ 30.040039440016123, 60.66777389492335 ], [ 30.04044588001614, 60.667770367838457 ], [ 30.040851960016127, 60.667759786581541 ], [ 30.041256960016117, 60.66774365015803 ], [ 30.041659800016106, 60.667720371368929 ], [ 30.042061560016098, 60.667690743794815 ], [ 30.042857520016174, 60.667612706750297 ], [ 30.043019160016154, 60.66759313132642 ], [ 30.043121760016106, 60.667579463793686 ], [ 30.046917240016143, 60.667132047292291 ], [ 30.049189200016116, 60.666858427081408 ], [ 30.050011800016147, 60.666756226734876 ], [ 30.052202040016102, 60.66652413639104 ], [ 30.054744360016162, 60.666267353635646 ], [ 30.05704980001612, 60.666040462498181 ], [ 30.058283520016108, 60.665886143865798 ], [ 30.059188560016128, 60.665700166885458 ], [ 30.060502560016108, 60.665330149746083 ], [ 30.062480760016133, 60.664778643477071 ], [ 30.064629960016109, 60.664167248848109 ], [ 30.066628320016097, 60.663600730611364 ], [ 30.067525800016117, 60.663350803301789 ], [ 30.068223480016147, 60.663184918931776 ], [ 30.069066240016141, 60.663061188566118 ], [ 30.069861480016154, 60.663006246134444 ], [ 30.070895040016119, 60.663005011471959 ], [ 30.073893480016167, 60.663041698564989 ], [ 30.074039640016128, 60.663045314357944 ], [ 30.076941600016109, 60.663128918433159 ], [ 30.085580880016188, 60.663287306993141 ], [ 30.086071200016136, 60.663294009387208 ], [ 30.086590320016136, 60.663300976347927 ], [ 30.09522564001616, 60.663410242788345 ], [ 30.099198600016145, 60.663456189259904 ], [ 30.108507120016153, 60.663567042569113 ], [ 30.110513040016134, 60.663570658303115 ], [ 30.111234120016125, 60.663559017402065 ], [ 30.1132314000162, 60.663491641195044 ], [ 30.114440280016201, 60.663423735712897 ], [ 30.115625760016147, 60.663339603267552 ], [ 30.116023560016167, 60.663305297626621 ], [ 30.116507400016214, 60.66326252576097 ], [ 30.118810680016171, 60.663018328186034 ], [ 30.121527240016182, 60.662715658199218 ], [ 30.124039320016159, 60.662460961670462 ], [ 30.126454200016187, 60.662226370980143 ], [ 30.132132120016141, 60.661673312254628 ], [ 30.136523040016193, 60.661244951999045 ], [ 30.138616800016166, 60.661041397300771 ], [ 30.13971336001622, 60.660915189213817 ], [ 30.140098920016218, 60.660856450690211 ], [ 30.140442360016145, 60.660792243893233 ], [ 30.141031320016168, 60.660659331888851 ], [ 30.141326160016202, 60.660568665654729 ], [ 30.141749880016214, 60.660438310446708 ], [ 30.144096000016216, 60.659567615850051 ], [ 30.144624120016147, 60.659371459361331 ], [ 30.153628080016212, 60.655976104647067 ], [ 30.15397800001622, 60.655810446917243 ], [ 30.154514400016211, 60.655555960406346 ], [ 30.154954680016157, 60.655285770274162 ], [ 30.15550584001619, 60.654868969102665 ], [ 30.16090224001622, 60.649461885535274 ], [ 30.161063880016204, 60.649285165837625 ], [ 30.16122084001616, 60.649068918897818 ], [ 30.161454840016201, 60.648700475236325 ], [ 30.162162600016163, 60.647038014925428 ], [ 30.162478680016168, 60.646296665145336 ], [ 30.162764160016149, 60.645538974281656 ], [ 30.163698000016218, 60.643140046518276 ], [ 30.164047200016171, 60.642385546558614 ], [ 30.164182560016226, 60.642084800598489 ], [ 30.166229520016191, 60.638695125446574 ], [ 30.166596000016227, 60.63804925610151 ], [ 30.166710480016175, 60.637782449505266 ], [ 30.166957440016208, 60.637162775383473 ], [ 30.167463600016209, 60.635816767908274 ], [ 30.16807092001622, 60.634207487045785 ], [ 30.168572760016222, 60.63287495017002 ], [ 30.168667800016173, 60.632573850644405 ], [ 30.168695160016192, 60.632490520346295 ], [ 30.168695160016192, 60.63249025552507 ] ] } },
{ "type": "Feature", "properties": { }, "geometry": { "type": "LineString", "coordinates": [ [ 30.368378222982951, 60.091509220001221 ], [ 30.369210961251326, 60.092017240773743 ], [ 30.369977224188677, 60.092425953970441 ], [ 30.371139644166327, 60.093000069876055 ], [ 30.373126717574802, 60.093857776285859 ], [ 30.373974727203009, 60.094201390052945 ], [ 30.375728238637613, 60.094911716851676 ], [ 30.377957857172795, 60.09578979576559 ], [ 30.379803895081665, 60.096710262123437 ], [ 30.380173102663434, 60.096919359761927 ], [ 30.382406314459757, 60.098453627396069 ], [ 30.383587599058377, 60.099685960684418 ], [ 30.384525440214993, 60.101107258094153 ], [ 30.385417467292125, 60.102824241505061 ], [ 30.387479100869186, 60.108116885889366 ], [ 30.387593186910262, 60.109140286651879 ], [ 30.38753569473208, 60.11024920352164 ], [ 30.387343455261277, 60.111233906159548 ], [ 30.386721821084667, 60.113373273387417 ], [ 30.386573599062789, 60.114497848084177 ], [ 30.386553836126538, 60.115896395875687 ], [ 30.386430766932612, 60.117064880286449 ], [ 30.38613072962772, 60.118153838019737 ], [ 30.385239600865869, 60.120554108259086 ], [ 30.384680848759153, 60.125248524311715 ], [ 30.38502131025183, 60.128211623150733 ], [ 30.385085090637002, 60.130545528905344 ], [ 30.385004242261434, 60.131855487705572 ], [ 30.384458964883969, 60.133543983050522 ], [ 30.383356732030354, 60.135114477931083 ], [ 30.381811629741669, 60.136726273112579 ], [ 30.380233289787473, 60.138019883693914 ], [ 30.377137695318396, 60.139753235860155 ], [ 30.363879460040081, 60.14609797297409 ], [ 30.362912872794364, 60.146744086115987 ], [ 30.362098999146948, 60.1473931377854 ], [ 30.360938375799872, 60.148544720220023 ], [ 30.359262119479702, 60.150624969495787 ], [ 30.355486500340547, 60.15518764318761 ], [ 30.354636694081773, 60.156273149293348 ], [ 30.353870431144415, 60.157740595352706 ], [ 30.353596444982756, 60.158780512587882 ], [ 30.353437443177476, 60.159803813743068 ], [ 30.353617106234296, 60.161648160641143 ], [ 30.355765876393907, 60.169560428921372 ], [ 30.357346911293963, 60.175354489167155 ], [ 30.357927222967504, 60.177978380782818 ], [ 30.358007173027787, 60.181140067706679 ], [ 30.357938901066195, 60.182058238243627 ], [ 30.356196169415004, 60.191387280014354 ], [ 30.355777554492605, 60.193745415414327 ], [ 30.355747011772941, 60.194907162031996 ], [ 30.355963505756417, 60.195915229000562 ], [ 30.35664712368763, 60.19738867367186 ], [ 30.360243978085247, 60.202736158125653 ], [ 30.360993173032202, 60.204347674690503 ], [ 30.361209667015672, 60.205929741717263 ], [ 30.361026410697715, 60.20773186517193 ], [ 30.359458850526924, 60.218910852369838 ], [ 30.358145513581544, 60.231024418377054 ], [ 30.357668508165681, 60.234493088523408 ], [ 30.356855532833549, 60.236282672404819 ], [ 30.355363431146621, 60.238201207895742 ], [ 30.353412290349517, 60.2398730956834 ], [ 30.350989534028248, 60.241464239455333 ], [ 30.346908487692492, 60.244301620824785 ], [ 30.340911334855708, 60.249289927720021 ], [ 30.329639274670576, 60.259423085560634 ], [ 30.317079928683302, 60.2704262616273 ], [ 30.280574192167254, 60.29759019831009 ], [ 30.277445360032662, 60.300009464624551 ], [ 30.276577587468207, 60.301227308769896 ], [ 30.276120344988584, 60.302691038360095 ], [ 30.276259583857627, 60.304475961837255 ], [ 30.277224374472773, 60.310564830911339 ], [ 30.277563937650168, 60.31570750953211 ], [ 30.277775041741936, 60.316487391577645 ], [ 30.278044536327172, 60.317120278571117 ], [ 30.278536813102868, 60.317837449669163 ], [ 30.279823200589728, 60.319089191781735 ], [ 30.281133842589259, 60.319925794940382 ], [ 30.283302375685125, 60.320939582634537 ], [ 30.287020502646101, 60.322413504049791 ], [ 30.289451343804917, 60.323829452075593 ], [ 30.29120934681594, 60.325519071472563 ], [ 30.292567599525533, 60.327856224528048 ], [ 30.292525378707179, 60.330450137752656 ], [ 30.291547113362778, 60.332540077446247 ], [ 30.289155798076443, 60.33502887065837 ], [ 30.286415936459886, 60.33753916894814 ], [ 30.284096486396287, 60.340147693497208 ], [ 30.283057135612562, 60.342027339608968 ], [ 30.282104023096107, 60.344726088238097 ], [ 30.282039344395653, 60.347093643379083 ], [ 30.282678046562662, 60.351212599297732 ], [ 30.283045457513872, 60.353427360732077 ], [ 30.28308498338637, 60.354796819538102 ], [ 30.282959219246589, 60.355569769661606 ], [ 30.282431908174814, 60.356745066618288 ], [ 30.280647854020547, 60.359133252203605 ], [ 30.280128627786326, 60.360202287661231 ], [ 30.279928303477977, 60.36114103564185 ], [ 30.280072033923432, 60.362718378799272 ], [ 30.280686481577767, 60.365285712836389 ], [ 30.280805957510555, 60.366428590290219 ], [ 30.280629887714866, 60.367397983690445 ], [ 30.280478072431855, 60.368124710018094 ], [ 30.279480044151192, 60.369860757286908 ], [ 30.278507168698496, 60.371038336995284 ], [ 30.277774143426651, 60.371733184545711 ], [ 30.274366833553987, 60.374742805626305 ], [ 30.273739809485669, 60.375631001935673 ], [ 30.273386771579016, 60.376547547894226 ], [ 30.273375991795604, 60.377231621349019 ], [ 30.275791561594602, 60.386196158316835 ], [ 30.27728725654266, 60.390827786425106 ], [ 30.278118198180472, 60.394030515547932 ], [ 30.278461354619004, 60.396134222422155 ], [ 30.279488128988753, 60.402147081529051 ], [ 30.279598621768702, 60.404858024757786 ], [ 30.279269838374709, 60.407631291448681 ], [ 30.278677848602474, 60.410156673662172 ], [ 30.277395054376758, 60.412624376694097 ], [ 30.27555799962073, 60.415367133553652 ], [ 30.272140808279936, 60.418718668929507 ], [ 30.269294945459848, 60.421276092753644 ], [ 30.265674734864845, 60.423644341860268 ], [ 30.263180113320846, 60.424971213160426 ], [ 30.260132129561828, 60.426453869920131 ], [ 30.257409335935659, 60.427549735970985 ], [ 30.253271695737009, 60.429004213003147 ], [ 30.250034167453038, 60.429974936475404 ], [ 30.238959736630417, 60.432863218183549 ], [ 30.230411368386733, 60.435132446679411 ], [ 30.223999193888687, 60.436804867951402 ], [ 30.220643087987224, 60.437818260269708 ], [ 30.21746574682729, 60.438987533469536 ], [ 30.212744201693955, 60.44112524948131 ], [ 30.208596680027174, 60.443509511965594 ], [ 30.205186675208658, 60.445695316234328 ], [ 30.203439451981044, 60.446998735144433 ], [ 30.202857343676939, 60.447499804426869 ], [ 30.200538791928626, 60.450075034157258 ], [ 30.199476084947506, 60.451421338372278 ], [ 30.198410683020544, 60.453064126947751 ], [ 30.197666877965293, 60.45446275530032 ], [ 30.196941039215726, 60.456123772483636 ], [ 30.196368812379738, 60.458210266720627 ], [ 30.196167589756097, 60.460281922835748 ], [ 30.196149623450413, 60.474736032498761 ], [ 30.196164894810245, 60.497566788134783 ], [ 30.195662736566423, 60.500168083422771 ], [ 30.19490994835833, 60.50245605451488 ], [ 30.193122300942935, 60.506100196891808 ], [ 30.190969039206895, 60.508883449098128 ], [ 30.189250562068377, 60.510565605585754 ], [ 30.185591723916161, 60.513371511305699 ], [ 30.181583441118416, 60.515841639207849 ], [ 30.174730193815872, 60.519598997582086 ], [ 30.172172690201982, 60.521324096573096 ], [ 30.17033653376124, 60.522745069175976 ], [ 30.168265917031345, 60.524737022369202 ], [ 30.167113378521822, 60.526005135732909 ], [ 30.164671757579587, 60.529624753797137 ], [ 30.163782425448304, 60.531630381079047 ], [ 30.16296316190919, 60.535917339100969 ], [ 30.162341527732575, 60.539576142349951 ], [ 30.16128870221959, 60.54255726035678 ], [ 30.160330199811433, 60.544422230211133 ], [ 30.15829282074705, 60.547350780634353 ], [ 30.156427019901933, 60.549676231366995 ], [ 30.154159672124816, 60.551756888624304 ], [ 30.152675655275452, 60.552984815518833 ], [ 30.150118151661559, 60.554937593168596 ], [ 30.147343255748915, 60.556725986581604 ], [ 30.142942409172019, 60.55929281780606 ], [ 30.139507251525547, 60.56094149460759 ], [ 30.137071918790294, 60.5620185199666 ], [ 30.132405170889296, 60.563873847563535 ], [ 30.120453086034086, 60.568151591311427 ], [ 30.115856406725246, 60.569626346254594 ], [ 30.098168578780928, 60.574627211166771 ], [ 30.091698013789419, 60.576995802054874 ], [ 30.087648408488612, 60.578846475231089 ], [ 30.082152515580365, 60.581890336843557 ], [ 30.07722435793168, 60.585655649843879 ], [ 30.073689487288675, 60.58895252490175 ], [ 30.071548801966618, 60.591577714143376 ], [ 30.069959682229015, 60.594097760350401 ], [ 30.069170961409551, 60.595631622499255 ], [ 30.068254679819752, 60.59789269802998 ], [ 30.067594418085918, 60.601096778558315 ], [ 30.067318635293699, 60.604132194517568 ], [ 30.067154243596704, 60.605603764515784 ], [ 30.066539795942369, 60.60759771748895 ], [ 30.06448714551815, 60.611408437266974 ], [ 30.062948331436459, 60.613446729057308 ], [ 30.057222469815486, 60.620194271333553 ], [ 30.047325730330336, 60.631324917485337 ], [ 30.037464025141272, 60.642632552913284 ], [ 30.036180332600264, 60.644600217418677 ], [ 30.033277875917275, 60.650894571646504 ], [ 30.031136292279932, 60.655393282872424 ], [ 30.029250728498564, 60.657989079573206 ], [ 30.027031889746787, 60.660529955329991 ], [ 30.024756457132117, 60.662617959329793 ], [ 30.019400701408198, 60.667342724469393 ], [ 30.016188325952182, 60.670122678534362 ], [ 30.013938944480746, 60.671925907524383 ], [ 30.011732682142952, 60.674408619720793 ], [ 30.010388802477912, 60.676355734272391 ], [ 30.007848366854418, 60.678675162072828 ], [ 30.005464238090362, 60.680142672626978 ], [ 30.003244501023307, 60.681081474762905 ], [ 30.000731913173627, 60.681842675297965 ], [ 29.997908508235636, 60.682538758839662 ], [ 29.993840038313856, 60.683041601101507 ], [ 29.984344845760717, 60.684063667997115 ], [ 29.981578933000911, 60.684619178106978 ], [ 29.979435552733005, 60.685259960080558 ], [ 29.978075503392848, 60.685838363818966 ], [ 29.976733420358372, 60.686713008742046 ], [ 29.975627594243619, 60.687747492949349 ], [ 29.975078723605019, 60.688520409759384 ], [ 29.974493022039773, 60.690131095521345 ], [ 29.974347494963752, 60.691543292651602 ], [ 29.974253171858916, 60.692549171554418 ], [ 29.974051949235278, 60.693447949958909 ], [ 29.973678250077079, 60.694611487708706 ], [ 29.97333868689968, 60.695453137821055 ], [ 29.972656865599038, 60.697250243416569 ], [ 29.97241521878761, 60.69850702330708 ], [ 29.972473609281074, 60.700515808291144 ], [ 29.972205013011123, 60.701391856512025 ], [ 29.971394732624844, 60.702422967392145 ], [ 29.970074209157193, 60.703594488313186 ], [ 29.969122893271308, 60.704858844290648 ], [ 29.968543479913052, 60.705826638179609 ], [ 29.968310816254466, 60.706360323299322 ], [ 29.968343155604693, 60.706920722696218 ], [ 29.968546174858901, 60.707411712443744 ], [ 29.968858788577776, 60.707811012424266 ], [ 29.969501084005927, 60.70830181277023 ], [ 29.973052124324045, 60.710508497760827 ], [ 29.97569406957464, 60.711994112204984 ], [ 29.976936439612579, 60.712464941628923 ], [ 29.978903750084804, 60.712854071623944 ], [ 29.980816263324694, 60.713004449000032 ], [ 29.982519469103384, 60.713106355419193 ], [ 29.984488576206171, 60.713266223484247 ], [ 29.985988762730656, 60.713527424570884 ], [ 29.987806952865711, 60.713898788746057 ], [ 29.989299952867917, 60.714198698108625 ], [ 29.990925005216891, 60.714523519860734 ], [ 29.992333563582388, 60.714778163405299 ], [ 29.993101623150313, 60.714900804640976 ], [ 29.99439429884416, 60.714995191056083 ], [ 29.996726325321735, 60.715169506392783 ], [ 30.000830727854879, 60.715462549126961 ], [ 30.004476091277834, 60.715721139873331 ], [ 30.007021018477744, 60.715841404733226 ], [ 30.008773631597059, 60.715769210718975 ], [ 30.00949497877021, 60.715715163967943 ], [ 30.010314242309327, 60.715589142409975 ], [ 30.010945757954069, 60.715453057906181 ], [ 30.012374079255817, 60.715082722344114 ], [ 30.016150596710254, 60.714052369055018 ], [ 30.017284270598807, 60.713807387240962 ], [ 30.018469148458564, 60.713671295191304 ], [ 30.022054324757484, 60.713408776964947 ], [ 30.025554161104413, 60.713143224458015 ], [ 30.0275178783155, 60.712999878803764 ], [ 30.029768158102218, 60.712979532633625 ], [ 30.033674931272856, 60.713151002545445 ], [ 30.035650326582633, 60.713121296393524 ], [ 30.038318322976465, 60.713050502480023 ], [ 30.039710711666849, 60.713107849516931 ], [ 30.040665620813872, 60.713244471279154 ], [ 30.047099354878736, 60.71466905581439 ], [ 30.051577456570072, 60.715675178101748 ], [ 30.055085377754555, 60.716778813682104 ], [ 30.056641259826655, 60.717278352635667 ], [ 30.058109107000906, 60.717904248296513 ], [ 30.061325075718052, 60.719605814403103 ], [ 30.06396342770751, 60.720957143769859 ], [ 30.066303539022648, 60.722766486451917 ], [ 30.066872172597492, 60.723340437775228 ], [ 30.073104684038718, 60.729803348601841 ], [ 30.074744109432231, 60.731279462897504 ], [ 30.074989349504794, 60.731482939903266 ], [ 30.0752606407206, 60.731678114995141 ], [ 30.075557983079644, 60.731864066038106 ], [ 30.075879579951355, 60.732040046583705 ], [ 30.076224533020461, 60.732205134519248 ], [ 30.076591045656379, 60.73235862732917 ], [ 30.076977321228554, 60.732500042086933 ], [ 30.077381563106403, 60.732628500605003 ], [ 30.077802872974658, 60.732743607784109 ], [ 30.08006932243649, 60.733315799842906 ], [ 30.098385072764405, 60.737519686865348 ], [ 30.099204336303526, 60.737756188832208 ], [ 30.100410773730093, 60.738104439856464 ], [ 30.10343540129173, 60.739082209828616 ], [ 30.107088849552238, 60.740249672426323 ], [ 30.110214088425689, 60.741415907121471 ], [ 30.111548984937887, 60.742193417282806 ], [ 30.117135607689836, 60.747652405262301 ], [ 30.119281682903591, 60.749720492656344 ], [ 30.123310626952872, 60.753602943232963 ], [ 30.125593246089821, 60.755802567674387 ], [ 30.128837062580768, 60.758938702708569 ], [ 30.133727490987518, 60.763665957029161 ], [ 30.134820740688291, 60.764872274643253 ], [ 30.135441476549616, 60.765684753010881 ], [ 30.136364046346415, 60.766893670784128 ], [ 30.137646840572131, 60.768314779664927 ], [ 30.139115586061664, 60.769828340072443 ], [ 30.139244943462582, 60.769972484956249 ], [ 30.140010308084655, 60.770823742470299 ], [ 30.140476533717109, 60.771513557678283 ], [ 30.140633738891832, 60.7719137279162 ], [ 30.140779265967858, 60.772467720560194 ], [ 30.140819690155642, 60.773112278732881 ], [ 30.140686739493592, 60.774363241654918 ], [ 30.140596009649897, 60.774994954774044 ], [ 30.140460364041996, 60.775557051877058 ], [ 30.139365317710649, 60.777190656417588 ], [ 30.135915787019631, 60.780994841125967 ], [ 30.133218146221427, 60.783769448724492 ], [ 30.132192270166957, 60.785249220135405 ], [ 30.13169729844541, 60.786436223728664 ], [ 30.130378571608322, 60.793083911198735 ], [ 30.129526070403696, 60.796962472492858 ], [ 30.128896351389521, 60.798262950144562 ], [ 30.128004324312393, 60.799536465948393 ], [ 30.126298423587851, 60.801675181860965 ], [ 30.125904063178119, 60.802169806956265 ], [ 30.125713620337891, 60.80242287921407 ], [ 30.125493533093277, 60.802688044207855 ], [ 30.125229428399749, 60.802999832661428 ], [ 30.125017425992699, 60.803366437660571 ], [ 30.124904238266897, 60.803633961131254 ], [ 30.124839559566436, 60.803897582400694 ], [ 30.124826084837174, 60.80418512692863 ], [ 30.124878187123656, 60.80449120432997 ], [ 30.124998561371733, 60.804837767178007 ], [ 30.125062341756905, 60.804944333732792 ], [ 30.125416277978843, 60.805536402637884 ], [ 30.125818723226132, 60.806042185215652 ], [ 30.125924724429659, 60.806174862541639 ], [ 30.126083726234945, 60.806374403297077 ], [ 30.126398136584388, 60.806794337442234 ], [ 30.126589477739905, 60.807110774161337 ], [ 30.126730513239512, 60.807415859662051 ], [ 30.126781717210708, 60.807838496641814 ], [ 30.126754767752185, 60.808270066070314 ], [ 30.126669427800195, 60.808835654190169 ], [ 30.126568816488366, 60.809337704401933 ], [ 30.126510425994901, 60.809649340475559 ], [ 30.12649695126564, 60.809940820197902 ], [ 30.126518510832462, 60.810751324036708 ], [ 30.126547256921551, 60.811477737090897 ], [ 30.126576901325929, 60.812156820470882 ], [ 30.126582291217627, 60.812260777967062 ], [ 30.126614630567857, 60.812924906383003 ], [ 30.12658678279405, 60.813684563025042 ], [ 30.126447543925014, 60.8144458224359 ], [ 30.126163676295235, 60.815428888272585 ], [ 30.125763027678513, 60.816685864920451 ], [ 30.125701043923915, 60.816983675647215 ], [ 30.125674094465388, 60.817390899625025 ], [ 30.125695654032207, 60.818346762762161 ], [ 30.125746858003396, 60.820573699665651 ], [ 30.125739671481128, 60.820896131691221 ], [ 30.125704637185049, 60.821140428065803 ], [ 30.125576178099418, 60.821497715818893 ], [ 30.125362379061798, 60.821867481229958 ], [ 30.125031799037245, 60.822254935437989 ], [ 30.124570963296488, 60.822647903020737 ], [ 30.123921481346073, 60.823119913201253 ], [ 30.123293558962477, 60.823667721814971 ], [ 30.122939622740528, 60.823999975934697 ], [ 30.122545262330799, 60.824423532529345 ], [ 30.122175156433748, 60.824895516511774 ], [ 30.122108681102716, 60.825002629368647 ], [ 30.121952374243278, 60.825234195104017 ], [ 30.121856254507879, 60.825391184158377 ], [ 30.121449317684171, 60.826078204738735 ], [ 30.121146585433426, 60.826555637911476 ], [ 30.120564477129314, 60.827727230380795 ], [ 30.120519561365111, 60.828657695394199 ], [ 30.121259773159224, 60.831138423650309 ], [ 30.121293909140025, 60.831268326229576 ], [ 30.121634370632702, 60.832549329170156 ], [ 30.121767321294747, 60.832905482564946 ], [ 30.122055680500949, 60.833885091897471 ], [ 30.122264089646873, 60.834621792981601 ], [ 30.122458125748246, 60.835214144729321 ], [ 30.122603652824264, 60.835563001547307 ], [ 30.122807570393764, 60.835964823500341 ], [ 30.123027657638374, 60.836298657138308 ], [ 30.123269304449803, 60.836598561621422 ], [ 30.12363581708572, 60.836911727013749 ], [ 30.124162229842216, 60.837301756781969 ], [ 30.124538623946258, 60.837543082582442 ], [ 30.124905136582182, 60.837740326659862 ], [ 30.125395616727314, 60.837971975274272 ], [ 30.125960657041023, 60.838212114148476 ], [ 30.12635861071189, 60.838362998880072 ], [ 30.126862565586276, 60.83852014236048 ], [ 30.127809389895742, 60.838742067909926 ], [ 30.128416651027806, 60.83886414819149 ], [ 30.12897091155811, 60.838958082719685 ], [ 30.12952966366483, 60.839039673344061 ], [ 30.13015129784144, 60.839111415142703 ], [ 30.130444148624065, 60.839141048529328 ], [ 30.131150224437377, 60.839174358699225 ], [ 30.131826655846325, 60.839189547424823 ], [ 30.132717784608168, 60.839194975094479 ], [ 30.133769711805876, 60.839199789961945 ], [ 30.135213304467456, 60.839220318797821 ], [ 30.136222112531517, 60.839260150829823 ], [ 30.137224632388598, 60.839353909109271 ], [ 30.138345729863175, 60.839517219442691 ], [ 30.139073365243309, 60.839657111522712 ], [ 30.140010308084655, 60.839886120014533 ], [ 30.140901436846498, 60.840170189812952 ], [ 30.141715310493911, 60.84046725671562 ], [ 30.142493251529956, 60.840791107705343 ], [ 30.14290288329952, 60.841018357312777 ], [ 30.143325989798338, 60.841266920663394 ], [ 30.14362872204908, 60.841477666205748 ], [ 30.14375897776528, 60.841568354202636 ], [ 30.144049133602056, 60.841787763818182 ], [ 30.144288983782914, 60.841969137795246 ], [ 30.144696818921901, 60.842334421161404 ], [ 30.145015720847763, 60.842708322397513 ], [ 30.145066924818956, 60.842773841103259 ], [ 30.145320249729082, 60.843097099765849 ], [ 30.145418166095055, 60.843432434501452 ], [ 30.145760424218302, 60.844602752299714 ], [ 30.146062258153762, 60.846263951418187 ], [ 30.146077529513594, 60.846422106341826 ], [ 30.146146699790474, 60.847131430737775 ], [ 30.146152089682172, 60.847243107744887 ], [ 30.14618173408655, 60.847861919073054 ], [ 30.146187123978258, 60.847977838199405 ], [ 30.146278752137238, 60.848316359900295 ], [ 30.146446737095367, 60.84866192314491 ], [ 30.147067472956692, 60.849409835761044 ], [ 30.147503155869494, 60.849860141426809 ], [ 30.147851702199731, 60.850224459489773 ], [ 30.149835182347061, 60.852284095502192 ], [ 30.152623552988974, 60.855109447050488 ], [ 30.153126609548085, 60.855672501177068 ], [ 30.15376171845395, 60.85638122653075 ], [ 30.154565710633239, 60.857316544937234 ], [ 30.154812747336372, 60.857603828306964 ], [ 30.155971574052888, 60.859046418101478 ], [ 30.156958822550131, 60.860310823331538 ], [ 30.157819408592321, 60.861575834626706 ], [ 30.158498534947118, 60.862812846495679 ], [ 30.15915161015867, 60.864153205720108 ], [ 30.159593581278461, 60.865442425572155 ], [ 30.159775939281129, 60.865908905911724 ], [ 30.159847804503865, 60.866153514527142 ], [ 30.160563761785308, 60.868155928373405 ], [ 30.161421652881639, 60.870674872106932 ], [ 30.161711808718408, 60.871387418739459 ], [ 30.161939082485297, 60.872084951288485 ], [ 30.162388240127353, 60.873381721393642 ], [ 30.162535563833949, 60.873830464954075 ], [ 30.162635276830486, 60.874285192323434 ], [ 30.16265054819031, 60.874578225702074 ], [ 30.162636175145764, 60.875154009654906 ], [ 30.162570598130028, 60.875439427450047 ], [ 30.162302900175362, 60.876389796096809 ], [ 30.161487229897379, 60.878561892345402 ], [ 30.161385720270278, 60.878798928382459 ], [ 30.160929376105937, 60.880105873783855 ], [ 30.160819781641283, 60.880594565637658 ], [ 30.160714678753038, 60.881066594908255 ], [ 30.160788340606338, 60.881931905488543 ], [ 30.160810798488441, 60.882128482247452 ], [ 30.161036275624756, 60.88367552574185 ], [ 30.161042563831742, 60.883761941505689 ], [ 30.161113530739186, 60.884894416602286 ], [ 30.160994054806402, 60.885849923497119 ], [ 30.160479320148603, 60.887968493310602 ], [ 30.160384098728482, 60.888267170052018 ], [ 30.159728328571074, 60.890748386506601 ], [ 30.159655565033063, 60.891363864386086 ], [ 30.159581903179763, 60.891979330391443 ], [ 30.159967280436653, 60.897772056066358 ], [ 30.160049925442788, 60.899500786677251 ], [ 30.160119095719665, 60.900852930532565 ], [ 30.160164909799157, 60.901741426029822 ], [ 30.160307741929334, 60.904698035659749 ], [ 30.160306843614048, 60.90587764123444 ], [ 30.160136163710067, 60.907046152484163 ], [ 30.15994302592398, 60.908111280965954 ], [ 30.159663649870616, 60.909039799721945 ], [ 30.159342052998905, 60.909916100251642 ], [ 30.15877431773934, 60.911085598986581 ], [ 30.158226345416026, 60.912107881652723 ], [ 30.15656356382512, 60.914723619551431 ], [ 30.154954681151263, 60.917395688258708 ], [ 30.153461681149057, 60.920087878840555 ], [ 30.151886036140709, 60.922888940734993 ], [ 30.151177265381545, 60.924134272850992 ], [ 30.150720022901918, 60.925318790591263 ], [ 30.150587072239876, 60.926260078416966 ], [ 30.150856566825112, 60.92724835050219 ], [ 30.15123116429859, 60.92810559932132 ], [ 30.152067495828099, 60.92908438609885 ], [ 30.153441019897524, 60.930589783867006 ], [ 30.154642067432388, 60.932141853470611 ], [ 30.155586196795998, 60.933413620385508 ], [ 30.156530326159611, 60.934747131722816 ], [ 30.157484336991342, 60.936006139318913 ], [ 30.158418584886828, 60.937258595196838 ], [ 30.158929726283493, 60.937803793692794 ], [ 30.159453444094133, 60.938288809160184 ], [ 30.160767679354802, 60.939348661152685 ], [ 30.16121504036629, 60.939724001486404 ], [ 30.162900279839302, 60.941139756572028 ], [ 30.164556773223218, 60.94263612035887 ], [ 30.16560780210564, 60.943719997752346 ], [ 30.166895087907776, 60.945189322827595 ], [ 30.168053914624291, 60.946491891133576 ], [ 30.169041163121541, 60.947575768115094 ], [ 30.169536134843092, 60.947996204381923 ], [ 30.169760713664118, 60.948186048861196 ], [ 30.17007602232885, 60.948473648875854 ], [ 30.171230357468943, 60.949222103408502 ], [ 30.172811392368992, 60.950154440787919 ], [ 30.174477767221031, 60.951084308232488 ], [ 30.176683131243546, 60.95227388653862 ], [ 30.178749256397019, 60.953307234716995 ], [ 30.179450840633923, 60.953675083216737 ], [ 30.182681182395616, 60.955235448052896 ], [ 30.18381036470775, 60.955910432492267 ], [ 30.185421942327462, 60.957083999954705 ], [ 30.186370563267491, 60.957823879064648 ], [ 30.187163775663372, 60.958405748797965 ], [ 30.188507655328412, 60.959390668694859 ], [ 30.188957711285752, 60.95971754407482 ], [ 30.189889264235386, 60.960363086919877 ], [ 30.190447118026825, 60.960813136431717 ], [ 30.190935801541389, 60.961198645149786 ], [ 30.191992220315516, 60.962125660901428 ], [ 30.192945332831957, 60.963172859697792 ], [ 30.194039480848019, 60.96433935766521 ], [ 30.194618894206279, 60.965066206316649 ], [ 30.194829099982762, 60.965774334772192 ], [ 30.194833591559181, 60.966436801219359 ], [ 30.194672793123324, 60.966906426856788 ], [ 30.194576673387921, 60.967032987425583 ], [ 30.194386230547693, 60.967352024199236 ], [ 30.194110447755463, 60.96774547522805 ], [ 30.192641702265931, 60.969595043993486 ], [ 30.191932931506756, 60.970498231978624 ], [ 30.191614927896179, 60.970854591626633 ], [ 30.191297822600884, 60.971468654227174 ], [ 30.191032819592067, 60.971981272119109 ], [ 30.190931309964967, 60.972176814487753 ], [ 30.190920530181554, 60.972196124558351 ], [ 30.190815427293312, 60.972407575602318 ], [ 30.190778596366663, 60.972480674306503 ], [ 30.190499220313306, 60.973066024535612 ], [ 30.190091385174316, 60.973628306290003 ], [ 30.189741042213509, 60.974106586656418 ], [ 30.189276613211614, 60.974575750345146 ], [ 30.188989152320698, 60.975012348796056 ], [ 30.188715166159039, 60.975435647868814 ], [ 30.188313619227046, 60.976246534028441 ], [ 30.187929140285441, 60.977028634945619 ], [ 30.187648865916792, 60.97760300597281 ], [ 30.187189826806609, 60.978490669684611 ], [ 30.18706675761268, 60.978727573385754 ], [ 30.186486445939146, 60.979804643650596 ], [ 30.186128018140778, 60.980622216501949 ], [ 30.185694131858554, 60.981408872472734 ], [ 30.184927868921193, 60.982650391427931 ], [ 30.184280183601345, 60.983778179006336 ], [ 30.183847195634399, 60.984683578453733 ], [ 30.183610938714676, 60.98551623210939 ], [ 30.183524700447403, 60.986410951006064 ], [ 30.183482479629046, 60.987638812015732 ], [ 30.183610938714676, 60.988835606249559 ], [ 30.183610938714676, 60.990479676209063 ], [ 30.183546260014218, 60.991614025297437 ], [ 30.183503140880585, 60.992675456027065 ], [ 30.183267782276143, 60.993377916700922 ], [ 30.182925524152893, 60.994174275568078 ], [ 30.182773708869874, 60.994527669210562 ], [ 30.182461993466283, 60.995510468798827 ], [ 30.182384738351857, 60.995909669361325 ], [ 30.182298500084581, 60.996457739822851 ], [ 30.182287720301169, 60.99678466982553 ], [ 30.182276042202471, 60.997132894924484 ], [ 30.182364975415602, 60.997425104885259 ], [ 30.182408992864524, 60.997572755042974 ], [ 30.182676690819196, 60.998230769878305 ], [ 30.18293720225159, 60.999008540816597 ], [ 30.182868930289995, 60.999234751949153 ], [ 30.182829404417493, 60.999362490407897 ], [ 30.182672199242774, 60.999575677042635 ], [ 30.182604825596467, 60.999673232859926 ], [ 30.18203978528275, 61.000498525663119 ], [ 30.18163644172018, 61.00127131998179 ], [ 30.181559186605746, 61.001547248071873 ], [ 30.181525948940237, 61.001668183601922 ], [ 30.181483728121883, 61.001818296311015 ], [ 30.181410066268583, 61.002078759992237 ], [ 30.181313048217895, 61.002378850175582 ], [ 30.181255556039716, 61.002572637859785 ], [ 30.181238488049317, 61.002631644886065 ], [ 30.181104639071982, 61.003052921384636 ], [ 30.180986959769765, 61.00325271440456 ], [ 30.180885450142657, 61.003424462238229 ], [ 30.180402156519801, 61.004081310748283 ], [ 30.180039237145021, 61.004588787027615 ], [ 30.17978052234319, 61.004951122044389 ], [ 30.179587384557102, 61.005193968232597 ], [ 30.179446349057496, 61.005380423378426 ], [ 30.179438264219939, 61.005385735722911 ], [ 30.179159786481861, 61.005583990041977 ], [ 30.179062768431177, 61.005653224182019 ], [ 30.178152775048368, 61.006168208233035 ], [ 30.177449394180901, 61.006540060974878 ], [ 30.176826861689005, 61.006869412623701 ], [ 30.175989631844207, 61.007212911781153 ], [ 30.175041909219456, 61.007602168598439 ], [ 30.174877517522464, 61.007665084940221 ], [ 30.174735583707577, 61.007718117441527 ], [ 30.174525377931086, 61.007797100000943 ], [ 30.17394596457283, 61.008014148635482 ], [ 30.173740250372774, 61.008091432394878 ], [ 30.172347861682386, 61.008573809422252 ], [ 30.171584293690884, 61.008834217694762 ], [ 30.171263595134459, 61.008929306891048 ], [ 30.170589858671363, 61.009067325043794 ], [ 30.170403009092269, 61.009099195396317 ], [ 30.170020326781227, 61.009148742410886 ], [ 30.169243284060467, 61.009218708933346 ], [ 30.167755673949966, 61.009292680838854 ], [ 30.165632056618307, 61.009430610335386 ], [ 30.164200142055421, 61.009689357139941 ], [ 30.16133182135323, 61.010503461926334 ], [ 30.160094841206991, 61.010866034203644 ], [ 30.158577586692118, 61.01133308806596 ], [ 30.154636677540683, 61.012705432617885 ], [ 30.153441918212803, 61.013102849874656 ], [ 30.152334295467487, 61.013473750745433 ], [ 30.15115570581472, 61.013857968133664 ], [ 30.150159474164631, 61.014194078352787 ], [ 30.149973522900826, 61.014256851036464 ], [ 30.149397702803704, 61.014434633747044 ], [ 30.148310741309917, 61.014791458577164 ], [ 30.148061907976214, 61.014873209510583 ], [ 30.147580410983924, 61.01504528626652 ], [ 30.145004042749072, 61.015841667804871 ], [ 30.144585427826673, 61.015976391210579 ], [ 30.143718553577497, 61.016228381208769 ], [ 30.143675434443857, 61.016241048125984 ], [ 30.143219090279523, 61.016373680457235 ], [ 30.142248909772679, 61.016620008610055 ], [ 30.141551817112202, 61.016805351982008 ], [ 30.140344481370342, 61.017136686473144 ], [ 30.139971680527434, 61.017239106957916 ], [ 30.138768836361994, 61.017700452081726 ], [ 30.138670021680745, 61.01773814636762 ], [ 30.138504731668466, 61.017801651997438 ], [ 30.137317158862857, 61.018256808230831 ], [ 30.1367098977308, 61.018505211007053 ], [ 30.135310322518137, 61.01902194522976 ], [ 30.135020166681368, 61.019128973276089 ], [ 30.133838882082753, 61.019557691192979 ], [ 30.133423860421484, 61.019739013190431 ], [ 30.133114839963749, 61.019899747354557 ], [ 30.132712394716467, 61.020166721824722 ], [ 30.132600105305947, 61.02024092936054 ], [ 30.13244739170765, 61.020354655880702 ], [ 30.131636213006086, 61.020956141834326 ], [ 30.131562551152793, 61.021009935536398 ], [ 30.131489787614775, 61.021062597567408 ], [ 30.131011883883627, 61.021419521971552 ], [ 30.130539370044175, 61.021843813299746 ], [ 30.130250112522692, 61.022103503428887 ], [ 30.130183637191671, 61.022199423294374 ], [ 30.130066856204731, 61.022365280417553 ], [ 30.129960855001205, 61.022588278762271 ], [ 30.129956363424782, 61.022625749641811 ], [ 30.129914142606435, 61.022939528440979 ], [ 30.129863836950523, 61.023313708866496 ], [ 30.129828802654444, 61.023473206392261 ], [ 30.129763225638701, 61.023835412938837 ], [ 30.129648241282332, 61.024141694666596 ], [ 30.129506307467441, 61.024407284399324 ], [ 30.129059844771234, 61.025161698555614 ], [ 30.128594517454054, 61.026303555724425 ], [ 30.128529838753604, 61.026462298467173 ], [ 30.128486719619964, 61.026567734888296 ], [ 30.128342090859221, 61.026923988168804 ], [ 30.128289988572739, 61.027049831170999 ], [ 30.128020493987503, 61.027666158775915 ], [ 30.127941442242506, 61.027775942505883 ], [ 30.127831847777845, 61.027974622677917 ], [ 30.127780643806648, 61.028035235982451 ], [ 30.127550675093918, 61.028541372134889 ], [ 30.127207518655382, 61.029047413189232 ], [ 30.126646969918085, 61.029761339410875 ], [ 30.126434967511038, 61.030049594317234 ], [ 30.125913046330961, 61.030734825541224 ], [ 30.125655229844423, 61.031013282155307 ], [ 30.125263564380546, 61.031436531527035 ], [ 30.125101867629404, 61.031611085441241 ], [ 30.124925797833711, 61.031792077518332 ], [ 30.124879983754223, 61.031839935827605 ], [ 30.124625760528819, 61.032104329931116 ], [ 30.124507182911316, 61.032226019219678 ], [ 30.124334706376764, 61.03239447784329 ], [ 30.124287993981987, 61.032440072895412 ], [ 30.124205348975856, 61.032512772504184 ], [ 30.123914294823795, 61.032771331162948 ], [ 30.123680732849923, 61.032919426069938 ], [ 30.123413933210543, 61.033088098539721 ], [ 30.123308830322301, 61.03314591770711 ], [ 30.12304023405235, 61.033293401787652 ], [ 30.122399735254771, 61.033564092023525 ], [ 30.12215180023636, 61.033668504226092 ], [ 30.12183289831049, 61.03383477994911 ], [ 30.12170443922486, 61.033907476361023 ], [ 30.121576878454523, 61.034010060242309 ], [ 30.121421469910363, 61.034195824102305 ], [ 30.1212498916911, 61.034459763528112 ], [ 30.121063940427288, 61.034745974574975 ], [ 30.120969617322451, 61.034892146114998 ], [ 30.120873497587048, 61.035039796087858 ], [ 30.120703715998356, 61.035274190095478 ], [ 30.120051539102079, 61.036301144308254 ], [ 30.120013809860151, 61.03635847910359 ], [ 30.118278264731231, 61.038752919017085 ], [ 30.11801595666827, 61.039041701177702 ], [ 30.117820123936326, 61.039257144266891 ], [ 30.117597341745874, 61.039503164304314 ], [ 30.117468882660237, 61.039644746752586 ], [ 30.11677628157619, 61.040408367637816 ], [ 30.115879762922635, 61.04123903891945 ], [ 30.114978752692661, 61.041908370680332 ], [ 30.114926650406179, 61.041946558134285 ], [ 30.114303219599002, 61.042373402012025 ], [ 30.114246625736104, 61.042412545752256 ], [ 30.113756145590973, 61.042766098523167 ], [ 30.11330698794891, 61.043155745730537 ], [ 30.11323602104147, 61.043251688933637 ], [ 30.113013238851007, 61.043548693500078 ], [ 30.112746439211623, 61.043942419235727 ], [ 30.112710506600258, 61.044005307042397 ], [ 30.112429333916324, 61.044500924699243 ], [ 30.112343993964334, 61.044766430970974 ], [ 30.112378129945135, 61.04501453924447 ], [ 30.112471554734686, 61.045344100570674 ], [ 30.112495809247353, 61.045405593951649 ], [ 30.112624268332983, 61.045729323758266 ], [ 30.112859626937425, 61.046323283685638 ], [ 30.113117443423963, 61.046972199799512 ], [ 30.11332944583102, 61.047505734399863 ], [ 30.113428260512272, 61.047839096557901 ], [ 30.113492040897444, 61.048047261313805 ], [ 30.113601635362105, 61.048331045031169 ], [ 30.113754348960402, 61.049199948361085 ], [ 30.113465091438922, 61.049849936138493 ], [ 30.112987187707763, 61.050393857998955 ], [ 30.112519165444741, 61.050739060259758 ], [ 30.111925379041939, 61.051180177968803 ], [ 30.11119684534652, 61.051555590609297 ], [ 30.110577007800476, 61.051799384692231 ], [ 30.109963458461422, 61.052007262560018 ], [ 30.108706715378936, 61.052310272219849 ], [ 30.087148046875352, 61.055601538321476 ], [ 30.067918709903495, 61.05777538382668 ], [ 30.066033146122127, 61.058019477834868 ], [ 30.061935031795972, 61.058857077668385 ], [ 30.058416330828077, 61.060324823643718 ], [ 30.056646649718363, 61.061544698540651 ], [ 30.054903918067172, 61.064091922668915 ], [ 30.051525354283594, 61.069828598771387 ], [ 30.049702672572113, 61.07202228187068 ], [ 30.047977008911321, 61.073172489255306 ], [ 30.044762836824745, 61.074504228694451 ], [ 30.040040393376124, 61.075554156042358 ], [ 30.029835531748528, 61.077668199581687 ], [ 30.025963792873977, 61.078780536718043 ], [ 30.023477256167535, 61.079552554955001 ], [ 30.018393689974694, 61.081778534653033 ], [ 30.00611012677965, 61.088407153712531 ], [ 29.998787958898788, 61.091976109020045 ], [ 29.993628035906809, 61.093600683721832 ], [ 29.989545192940479, 61.094422188603986 ], [ 29.98382292458064, 61.095748735652528 ], [ 29.981104622530896, 61.096457990629787 ], [ 29.977881467291475, 61.097521213727596 ], [ 29.976253719996652, 61.09814259741713 ], [ 29.974899958863485, 61.098741305900937 ], [ 29.974464275950684, 61.098949917761146 ], [ 29.97338180603332, 61.099507888029329 ], [ 29.972877851158934, 61.099756783356682 ], [ 29.972349641771871, 61.100054126698211 ], [ 29.970605113490112, 61.101125998241145 ], [ 29.969997852358038, 61.101557992576694 ], [ 29.968878551514031, 61.102366050552838 ], [ 29.967754759093594, 61.103318120735146 ], [ 29.967316381234944, 61.103742575396964 ], [ 29.966946275337886, 61.104128390973202 ], [ 29.966311166432014, 61.104809199867148 ], [ 29.965897941401323, 61.105265191252094 ], [ 29.965345477501589, 61.106077061017515 ], [ 29.965229594829935, 61.10628436573915 ], [ 29.964586401086503, 61.107397086198873 ], [ 29.962680176053606, 61.110393285026632 ], [ 29.962028897472614, 61.111131549189615 ], [ 29.961000326472302, 61.112024378348522 ], [ 29.960751493138602, 61.112186293967191 ], [ 29.959758854749648, 61.112764817642969 ], [ 29.958289210944827, 61.113450387690129 ], [ 29.957587626707934, 61.113715142721638 ], [ 29.955502636933485, 61.114365542815442 ], [ 29.953911720565319, 61.114827948834083 ], [ 29.95064634450754, 61.115761419051687 ], [ 29.949367143542954, 61.116121573582348 ], [ 29.94674316459804, 61.116979202156998 ], [ 29.94455936014235, 61.117918943697227 ], [ 29.94042351657426, 61.119692609104995 ], [ 29.939049992504838, 61.120286440880982 ], [ 29.937779774693094, 61.120872582293991 ], [ 29.936266113439356, 61.121703313913194 ], [ 29.93476862186073, 61.122795058497395 ], [ 29.933729271077006, 61.123476983850118 ], [ 29.932287475045985, 61.124222707624035 ], [ 29.930631879977355, 61.12480361381521 ], [ 29.929396696461694, 61.125165226972278 ], [ 29.928396871550468, 61.125383121193821 ], [ 29.926840989478375, 61.125668511332456 ], [ 29.92525725963247, 61.125926917537925 ], [ 29.924518844468924, 61.126069024867732 ], [ 29.92227215794334, 61.126590253118572 ], [ 29.921237298736038, 61.126915842900559 ], [ 29.920213219312139, 61.127265720213096 ], [ 29.919181953365968, 61.127642053051694 ], [ 29.918351011728159, 61.128074899674949 ], [ 29.917556002701712, 61.128564561383342 ], [ 29.914724512926171, 61.130838098890969 ], [ 29.914349017137408, 61.131126258888415 ], [ 29.913613296919717, 61.131688258737789 ], [ 29.912232586328024, 61.132489691913257 ], [ 29.910518600765926, 61.13315163201861 ], [ 29.908730055035239, 61.133688659389016 ], [ 29.906618115802274, 61.134223162342096 ], [ 29.895778145268803, 61.136810939434682 ], [ 29.894224059827273, 61.137269331237292 ], [ 29.892742737923761, 61.137803686870456 ], [ 29.891460842013323, 61.138360451278487 ], [ 29.88987441722157, 61.139401062733818 ], [ 29.887255828168364, 61.14121419173749 ], [ 29.886309003858901, 61.141936474623115 ], [ 29.885981118780197, 61.142254102168799 ], [ 29.885650538755637, 61.142594531529838 ], [ 29.885365772810577, 61.142918048746189 ], [ 29.885067532136247, 61.143363085439717 ], [ 29.884792647659303, 61.14384323246027 ], [ 29.884605798080209, 61.144237879663471 ], [ 29.884440508067936, 61.144708996037764 ], [ 29.883378699402101, 61.150527811196753 ], [ 29.883190053192433, 61.151062202538206 ], [ 29.882942118174022, 61.151616566020458 ], [ 29.882567520700544, 61.152245858629762 ], [ 29.882108481590361, 61.152780307565862 ], [ 29.88193959831694, 61.152942101083987 ], [ 29.881183216847713, 61.153605952919186 ], [ 29.880101645245635, 61.154315253877272 ], [ 29.879023666904693, 61.154924556934787 ], [ 29.876918015878712, 61.156018100518558 ], [ 29.873211567016437, 61.157997719747762 ], [ 29.871916196376738, 61.158596854991536 ], [ 29.870677419599936, 61.159068277076202 ], [ 29.869782697576952, 61.159344479738941 ], [ 29.869225742100799, 61.159497789806323 ], [ 29.868931094687611, 61.159578821112525 ], [ 29.866487677114801, 61.160162977007523 ], [ 29.863674153644943, 61.160832569893131 ], [ 29.862316799250635, 61.161251746092326 ], [ 29.860571372653595, 61.161908620478279 ], [ 29.858557349786597, 61.162631513130279 ], [ 29.857365285404569, 61.162962190701322 ], [ 29.857119147016721, 61.163032337921763 ], [ 29.855635130167354, 61.163367257336709 ], [ 29.853593259526548, 61.163701869910241 ], [ 29.852610502605724, 61.16388756687553 ], [ 29.85166098335041, 61.164112949357886 ], [ 29.850536292614692, 61.164433646531037 ], [ 29.849478975525283, 61.164778949082859 ], [ 29.848296792611382, 61.165225973798634 ], [ 29.847660785390222, 61.165465383732901 ], [ 29.847550292610283, 61.165508274571536 ], [ 29.847164915353392, 61.165643965204225 ], [ 29.846868471309634, 61.165761589274631 ], [ 29.846348346760127, 61.165973398142867 ], [ 29.846148920767053, 61.166051683449659 ], [ 29.846058190923358, 61.166085995487471 ], [ 29.845651254099653, 61.166231214708958 ], [ 29.845111366613896, 61.166446399599288 ], [ 29.844027100065958, 61.166871522992871 ], [ 29.842985054336385, 61.167327182365462 ], [ 29.842146926176301, 61.167738777743047 ], [ 29.840874911733984, 61.168364456543991 ], [ 29.840069122924131, 61.168755591545846 ], [ 29.839372030263657, 61.169124499015275 ], [ 29.838438680683453, 61.169737068220805 ], [ 29.837749672860536, 61.170186318506254 ], [ 29.836808238442774, 61.1708220415588 ], [ 29.835838956251216, 61.171443977344218 ], [ 29.83448070354163, 61.172276584529733 ], [ 29.832740666836287, 61.173350988690146 ], [ 29.831393193910106, 61.174255053778793 ], [ 29.830608964667071, 61.174761020924571 ], [ 29.829797785965507, 61.17523406384332 ], [ 29.827797237827777, 61.176557047774423 ], [ 29.826365323264884, 61.177457729562867 ], [ 29.824645049495796, 61.178728220105661 ], [ 29.823742242635259, 61.1794816037009 ], [ 29.822974183067334, 61.18012857162244 ], [ 29.821670727590078, 61.181230681648024 ], [ 29.820432849128562, 61.182220430303857 ], [ 29.819696230595586, 61.182736878227587 ], [ 29.818779050690502, 61.183358319228454 ], [ 29.817690292566152, 61.184004774603295 ], [ 29.816652738412991, 61.184574969280391 ], [ 29.814609969456903, 61.185612498824725 ], [ 29.813266988107145, 61.186304195076985 ], [ 29.811479340691747, 61.187354482737049 ], [ 29.809889322638853, 61.188395817119243 ], [ 29.808668512167731, 61.189170139250521 ], [ 29.80713778292359, 61.190141326860868 ], [ 29.805969973054236, 61.190878377412169 ], [ 29.803490622870072, 61.192316584994217 ], [ 29.802540205299472, 61.19287247463258 ] ] } },
{ "type": "Feature", "properties": { }, "geometry": { "type": "LineString", "coordinates": [ [ 30.265066575417492, 60.423967928578861 ], [ 30.262792939433393, 60.423943675205287 ], [ 30.262147949059393, 60.423936669657074 ], [ 30.261074462294868, 60.423951833563315 ], [ 30.260875036301794, 60.423963317335549 ], [ 30.26001894183603, 60.424012090068203 ], [ 30.259048761329179, 60.424126084960768 ], [ 30.258349872038139, 60.424240079453696 ], [ 30.257652779377658, 60.424376242713592 ], [ 30.25502071559519, 60.424875798705834 ], [ 30.253116287192853, 60.425238921924311 ], [ 30.251244198140753, 60.425610686732469 ], [ 30.25072856516767, 60.425692354711231 ], [ 30.248602252890155, 60.426035428919668 ], [ 30.248265384658609, 60.426114613018605 ], [ 30.247941991156328, 60.426188698302738 ], [ 30.247306882250452, 60.426389361725391 ], [ 30.246007020034334, 60.426863571556105 ], [ 30.240133834706761, 60.429102363919263 ], [ 30.239648744453334, 60.429311742683616 ], [ 30.239221146378096, 60.429590010870527 ], [ 30.238974109674963, 60.429774162189219 ], [ 30.238757615691494, 60.429986196467091 ], [ 30.238663292586658, 60.430104514805421 ], [ 30.238284203536757, 60.430578049831624 ], [ 30.237389481513773, 60.431743505320313 ], [ 30.237015782355581, 60.432316620495527 ], [ 30.236677117493468, 60.432910204499272 ], [ 30.236572014605226, 60.433093228849458 ], [ 30.236348334099478, 60.433550940356589 ], [ 30.236139026638281, 60.434007803240029 ], [ 30.235903668033842, 60.434657470970876 ], [ 30.235606325674798, 60.435608789459948 ], [ 30.235505714362976, 60.436102012070698 ], [ 30.235442832293089, 60.436494306630109 ], [ 30.235353899079961, 60.437461615371845 ], [ 30.23545630702235, 60.439155366790722 ], [ 30.235431154194394, 60.439931324263263 ], [ 30.235215558526203, 60.440788583053205 ], [ 30.234841859368018, 60.442134119984615 ], [ 30.234822994747049, 60.442331538708366 ], [ 30.234757417731306, 60.44299526451325 ], [ 30.234819401485915, 60.443252455725677 ], [ 30.234903843122616, 60.443347107251391 ], [ 30.235117642160237, 60.443580810259 ], [ 30.235359288971665, 60.443707542700118 ], [ 30.236333062739654, 60.444188146619474 ], [ 30.238232101250283, 60.444930396734819 ], [ 30.239958663226357, 60.445659780200486 ], [ 30.241609766718572, 60.446446482179134 ], [ 30.24281171256872, 60.447139809813727 ], [ 30.243279734831749, 60.447443180307815 ], [ 30.244246322077462, 60.448002549612575 ], [ 30.246477737243215, 60.449251115768817 ], [ 30.246845148194417, 60.449435687354885 ], [ 30.24722693219017, 60.449684232648863 ], [ 30.247429951444378, 60.449916295147759 ], [ 30.247459595848753, 60.450113622283773 ], [ 30.247377849157903, 60.450426578713916 ], [ 30.247360781167501, 60.450493210044705 ], [ 30.24680472400663, 60.451495720396807 ], [ 30.246593619914862, 60.451808619209856 ], [ 30.24554438766301, 60.453111084059991 ], [ 30.245368317867324, 60.453393002502729 ], [ 30.24520392617033, 60.454021595624489 ], [ 30.244664936999857, 60.455691804563777 ], [ 30.244415205350876, 60.456236680296442 ], [ 30.244367594640813, 60.456340507299224 ], [ 30.244307407516779, 60.456427679202186 ], [ 30.244025336517566, 60.456833991087443 ], [ 30.243739672257217, 60.45710427227084 ], [ 30.243450414735729, 60.457377873203107 ], [ 30.241964601255798, 60.458625281750187 ], [ 30.241672648788459, 60.458892491928502 ], [ 30.241441781760436, 60.459236057295492 ], [ 30.241328594034638, 60.459686269912261 ], [ 30.241185761904461, 60.460362839376252 ], [ 30.241053709557704, 60.460721225920352 ], [ 30.24098453928082, 60.460840406728259 ], [ 30.240715943010869, 60.461149406733398 ], [ 30.239910154201016, 60.461863678418986 ], [ 30.239653236029756, 60.462430549524655 ], [ 30.239600235427996, 60.462949936486247 ], [ 30.239747559134585, 60.463373216543161 ], [ 30.239943391866529, 60.463936784249185 ], [ 30.240114970085795, 60.46457717411856 ], [ 30.240337752276254, 60.465403803507122 ], [ 30.240838113889513, 60.467169824654974 ], [ 30.240970166236274, 60.467689135796292 ], [ 30.240653959256267, 60.468662866070758 ], [ 30.24051561870251, 60.469132828477555 ], [ 30.240299124719041, 60.469867867208563 ], [ 30.240210191505909, 60.470170848330433 ], [ 30.239732287774761, 60.471778996262699 ], [ 30.239562506186061, 60.472251127200813 ], [ 30.239241807629629, 60.472743660830091 ], [ 30.238652512803245, 60.473597220509184 ], [ 30.238348882237215, 60.47401363260699 ], [ 30.238145862983, 60.474424682685026 ], [ 30.237836842525265, 60.475232601158581 ], [ 30.237479313042183, 60.476361262788004 ], [ 30.237279887049112, 60.476869670060537 ], [ 30.236967273330233, 60.477540525280482 ], [ 30.236724728203527, 60.477835953922458 ], [ 30.236021347336063, 60.478691858457836 ], [ 30.235176032653705, 60.480189637065116 ], [ 30.234911029644888, 60.480508544587117 ], [ 30.234567873206359, 60.480845286281856 ], [ 30.234070206538952, 60.481224868943677 ], [ 30.233676744444512, 60.481525088418842 ], [ 30.233524030846208, 60.481641802803139 ], [ 30.233268909305519, 60.481856065773208 ], [ 30.233171891254834, 60.481948834428444 ], [ 30.233038042277503, 60.482077895723201 ], [ 30.232765852746411, 60.482437768658514 ], [ 30.232621223985671, 60.482692213365873 ], [ 30.23232208499606, 60.483423183092398 ], [ 30.231987911710366, 60.484460303323807 ], [ 30.231979826872809, 60.484939551957282 ], [ 30.231995996547923, 60.485219291099433 ], [ 30.232228660206509, 60.486132575470378 ], [ 30.232255609665032, 60.486396815524294 ], [ 30.232205304009121, 60.486961045579498 ], [ 30.232139726993378, 60.487441098058142 ], [ 30.232041810627411, 60.488157225086361 ], [ 30.232013064538318, 60.488287013950114 ], [ 30.231955572360139, 60.48854805039543 ], [ 30.231940301000304, 60.488620754357612 ], [ 30.231752553105924, 60.489479339095311 ], [ 30.231372565740745, 60.490033736551219 ], [ 30.230675473080264, 60.490551177425402 ], [ 30.22975290328348, 60.491019849428973 ], [ 30.228650670429861, 60.491506036377366 ], [ 30.225585618680441, 60.492845136656726 ], [ 30.223837497137552, 60.493595787351111 ], [ 30.220760767289441, 60.494916971772369 ], [ 30.219181529019959, 60.495739510408313 ], [ 30.218876101823358, 60.495920543971529 ], [ 30.218582352725448, 60.496107239304948 ], [ 30.218030787141, 60.496485316182401 ], [ 30.217632833470134, 60.496783182444958 ], [ 30.217163014576538, 60.497174169235571 ], [ 30.216809078354594, 60.497532636009197 ], [ 30.216477600014755, 60.497893708863486 ], [ 30.216261106031279, 60.498151748296038 ], [ 30.216053595200652, 60.498413943983579 ], [ 30.215711337077401, 60.498938594416586 ], [ 30.215377163791707, 60.49962730687254 ], [ 30.214921717942662, 60.500757862401365 ], [ 30.214002741407004, 60.502125729678554 ], [ 30.21383026487246, 60.502349676838541 ], [ 30.213047832259988, 60.502981789538616 ], [ 30.207175545247697, 60.507728366976863 ], [ 30.205970006136415, 60.508762410416495 ], [ 30.204904604209446, 60.509992322808195 ], [ 30.204045814797826, 60.511287280067101 ], [ 30.203572402643097, 60.512395275589292 ], [ 30.203179838863935, 60.51337734793772 ], [ 30.203157380981832, 60.513415816622398 ], [ 30.202732477852443, 60.514069556193846 ], [ 30.202017418886285, 60.515006832566151 ], [ 30.201301461604846, 60.515697414312932 ], [ 30.200853202278068, 60.516150646178851 ], [ 30.200423807572257, 60.516599008328242 ], [ 30.199803071710932, 60.517379747603748 ], [ 30.19883917941107, 60.518546378146048 ], [ 30.19853375221447, 60.518974326671596 ], [ 30.197891456786326, 60.519677334796619 ], [ 30.197639030191485, 60.519932548346773 ], [ 30.197578843067451, 60.519993113193372 ], [ 30.197229398421928, 60.520386251447746 ], [ 30.196620340659294, 60.520848170642324 ], [ 30.196076859912399, 60.521232810932055 ], [ 30.194828201667477, 60.522125719331413 ], [ 30.193241776875716, 60.523331829346787 ], [ 30.192285969413419, 60.523880564699063 ], [ 30.19202635629631, 60.524010387386795 ], [ 30.190915140289849, 60.524565476277722 ], [ 30.190406693839041, 60.524832408851985 ], [ 30.19019109817085, 60.524941276398863 ], [ 30.189562277471968, 60.525255677454616 ], [ 30.189335902020368, 60.525368963632694 ], [ 30.187921953763166, 60.526093048757325 ], [ 30.1871053851699, 60.526514179331954 ], [ 30.186508903821245, 60.526894111494293 ], [ 30.185357263627004, 60.527981994031549 ], [ 30.184864088536028, 60.528447473192088 ], [ 30.184678137272211, 60.52866142694959 ], [ 30.184463439919305, 60.529022639205067 ], [ 30.184373608390896, 60.529398652772031 ], [ 30.184374506706181, 60.529605882642187 ], [ 30.184400557849418, 60.529764585619027 ], [ 30.184583814167379, 60.530035010870982 ], [ 30.184804799727271, 60.530372519983572 ], [ 30.18492158071421, 60.530495510841305 ], [ 30.185232397802515, 60.530880257521609 ], [ 30.186018423676121, 60.531793935227249 ], [ 30.186696651715629, 60.532612489006119 ], [ 30.186761330416079, 60.532681337967347 ], [ 30.18732187915337, 60.53324838623022 ], [ 30.187514118624179, 60.533478967697185 ], [ 30.187590475423328, 60.533577686818937 ], [ 30.187891411043505, 60.533977818761606 ], [ 30.1879821408872, 60.534119134195201 ], [ 30.188060294316919, 60.534245336575026 ], [ 30.188539096363357, 60.535007754633263 ], [ 30.188831947145978, 60.535447283532619 ], [ 30.189160730539967, 60.535878808764117 ], [ 30.189375427892873, 60.536110078469001 ], [ 30.190265658339435, 60.53704711479309 ], [ 30.192162900219493, 60.538688442607111 ], [ 30.193337896611126, 60.539761393361495 ], [ 30.193690934517779, 60.54030123518195 ], [ 30.193864309367616, 60.54071546566739 ], [ 30.193907428501255, 60.540876941665452 ], [ 30.193989175192112, 60.541272874752146 ], [ 30.194192194446316, 60.543410396793085 ], [ 30.194215550643705, 60.543662419383033 ], [ 30.194212855697856, 60.544838130733581 ], [ 30.193977497093421, 60.545460138310006 ], [ 30.193923598176369, 60.545557584049583 ], [ 30.193679256419088, 60.546008454510201 ], [ 30.193306455576174, 60.546597399279158 ], [ 30.19288245076207, 60.547635237606201 ], [ 30.19246473415496, 60.548337181905005 ], [ 30.191911371939941, 60.549028113084034 ], [ 30.191344534995658, 60.549626543052661 ], [ 30.190739968809442, 60.550370755594322 ], [ 30.190651035596318, 60.550554045669926 ], [ 30.190609713093249, 60.550783841374624 ], [ 30.190490237160461, 60.551798977380621 ], [ 30.190390524163924, 60.55238587354512 ], [ 30.190358184813697, 60.552576218347568 ], [ 30.190296201059095, 60.553332949308803 ], [ 30.190360879759552, 60.553727670111073 ], [ 30.190563000698479, 60.554744303512564 ], [ 30.190681578315978, 60.555788371877426 ], [ 30.190726494080181, 60.556291294951322 ], [ 30.19055401754564, 60.557000028302348 ], [ 30.190182115018011, 60.557644056946756 ], [ 30.189390699252705, 60.558497060539516 ], [ 30.188769065076087, 60.559081097595325 ], [ 30.188362128252386, 60.559775110829236 ], [ 30.188252533787722, 60.560628499736872 ], [ 30.188248940526588, 60.561148345952276 ], [ 30.188210312969368, 60.561394711462285 ], [ 30.188131261224363, 60.56168187061246 ], [ 30.187912970610324, 60.562078211394443 ], [ 30.18771534124782, 60.562354062064614 ], [ 30.187674018744751, 60.562394061982431 ], [ 30.187119758214447, 60.562936528388022 ], [ 30.186915840644954, 60.563135640899901 ], [ 30.186120831618506, 60.563826962383494 ], [ 30.185609690221842, 60.564567404761576 ], [ 30.185532435107408, 60.565348753511458 ], [ 30.185735454361623, 60.566266579093089 ], [ 30.185946558453388, 60.567146680088769 ], [ 30.185876489861222, 60.568652997884499 ], [ 30.185711199848949, 60.569110520733886 ], [ 30.185492010919624, 60.569430186980306 ], [ 30.18503387012472, 60.56999244231028 ], [ 30.184587407428516, 60.570404924398353 ], [ 30.184360133661635, 60.570566870180457 ], [ 30.184021468799518, 60.570769334371001 ], [ 30.182806048220105, 60.571417590842586 ], [ 30.182683877341464, 60.571482870391769 ], [ 30.181172911033574, 60.57210657254037 ], [ 30.178036892376713, 60.573549767251414 ], [ 30.177856331004609, 60.573639713765424 ], [ 30.175890817162951, 60.574619443707164 ], [ 30.175102096343494, 60.575058169848845 ], [ 30.174753550013261, 60.575288144526624 ], [ 30.174455309338931, 60.575526590924419 ], [ 30.174288222696081, 60.575698749630426 ], [ 30.174171441709149, 60.575833174888331 ], [ 30.174086101757158, 60.575979515078366 ], [ 30.174012439903859, 60.576127972905219 ], [ 30.173993575282893, 60.576164513549934 ], [ 30.173965727509085, 60.576315794909895 ], [ 30.173956744356243, 60.576621135730917 ], [ 30.173972914031353, 60.576789669918753 ], [ 30.174045677569374, 60.577010850399517 ], [ 30.174307985632332, 60.577394867662186 ], [ 30.174801160723316, 60.577811844695418 ], [ 30.175403930278961, 60.578205516560629 ], [ 30.17575696818562, 60.5784608866093 ], [ 30.176225888763931, 60.579020954997347 ], [ 30.176647198632182, 60.579810338402808 ], [ 30.176984965179013, 60.580314873543891 ], [ 30.1773191384647, 60.580688173291207 ], [ 30.177772787683182, 60.581140495610114 ], [ 30.17829021728684, 60.581574147234392 ], [ 30.17879327384594, 60.581952462487315 ], [ 30.179279262414653, 60.58226480970572 ], [ 30.180084152909224, 60.582724478365542 ], [ 30.180772262416859, 60.583118090379557 ], [ 30.181663391178702, 60.583753039412535 ], [ 30.182422467593785, 60.584505952518327 ], [ 30.18255811320169, 60.584662445058477 ], [ 30.182908456162497, 60.585070945695172 ], [ 30.183060271445509, 60.585246538938044 ], [ 30.183381868317227, 60.585608884489822 ], [ 30.183745686007299, 60.586024123170887 ], [ 30.183768143889402, 60.586046226142713 ], [ 30.184555966393571, 60.586828379255557 ], [ 30.18549290923491, 60.587619468886679 ], [ 30.185736352676901, 60.58781957637666 ], [ 30.186115441726802, 60.588124896725567 ], [ 30.186174730535551, 60.588173687717472 ], [ 30.186940993472906, 60.588809419664607 ], [ 30.187046994676432, 60.588935452886112 ], [ 30.187468304544687, 60.589520616441284 ], [ 30.187557237757812, 60.589764074883377 ], [ 30.188970287699728, 60.593634989576451 ], [ 30.189361054848327, 60.594685344413293 ], [ 30.189630549433563, 60.595121945704328 ], [ 30.189837161948905, 60.595475888776548 ], [ 30.191867354491013, 60.597966391573948 ], [ 30.192524921278995, 60.598962009705822 ], [ 30.192920180004005, 60.600033667290994 ], [ 30.193010011532415, 60.600596095789641 ], [ 30.193027079522814, 60.600918008272572 ], [ 30.192940841255538, 60.601483772707361 ], [ 30.19277285629741, 60.601929806813231 ], [ 30.19226261321603, 60.602783582245273 ], [ 30.191492757017542, 60.603691261605469 ], [ 30.189795839445843, 60.605204959139002 ], [ 30.189502988663218, 60.605459498507194 ], [ 30.189282901418608, 60.605650500920632 ], [ 30.188672945340691, 60.606180733921697 ], [ 30.186232222713734, 60.608303562750429 ], [ 30.185571960979907, 60.608878103224072 ], [ 30.185276415251433, 60.609138432998066 ], [ 30.185193770245295, 60.609210690119326 ], [ 30.18425053919697, 60.610040246710795 ], [ 30.18151606747211, 60.612444813139227 ], [ 30.180424614401904, 60.613417151185345 ], [ 30.177802432087564, 60.615753278765446 ], [ 30.176132463974383, 60.617339442905376 ], [ 30.175686899593458, 60.617763000373984 ], [ 30.175571915237089, 60.617891873572184 ], [ 30.175492863492089, 60.617979537023267 ], [ 30.175066163732129, 60.618376069024578 ], [ 30.174520886354667, 60.618883439531139 ], [ 30.173311753982247, 60.620008423190306 ], [ 30.17092852353348, 60.62225012019119 ], [ 30.169900850848446, 60.623404290785771 ], [ 30.169532541581958, 60.624127813194022 ], [ 30.169489422448319, 60.624488753105929 ], [ 30.169409472388026, 60.628651013633906 ], [ 30.169347488633424, 60.630083047552006 ], [ 30.169256758789729, 60.630776461668461 ], [ 30.1691902834587, 60.631228699387187 ], [ 30.168759990437614, 60.632575153929352 ], [ 30.168713278042837, 60.63270299876617 ], [ 30.168203933276743, 60.634015075124374 ], [ 30.167794301507179, 60.635030593672461 ], [ 30.167549061434617, 60.635730641014035 ], [ 30.167504145670414, 60.635860103175318 ], [ 30.166793578280675, 60.637805496965527 ], [ 30.166215063237704, 60.638857321804814 ], [ 30.165340104150967, 60.640317310553201 ], [ 30.165184695606815, 60.640572718103016 ], [ 30.164216311730538, 60.642205182146064 ], [ 30.164098632428313, 60.642429834365743 ], [ 30.164012394161041, 60.642634843013425 ], [ 30.16376445914262, 60.643194239138303 ], [ 30.163339556013238, 60.644180183098563 ], [ 30.163170672739817, 60.644668299630979 ], [ 30.162559818346615, 60.646343270518912 ], [ 30.162259781041723, 60.647074644816257 ], [ 30.162062151679216, 60.647502567482725 ], [ 30.161992981402342, 60.647663950712925 ], [ 30.161927404386599, 60.647794333681865 ], [ 30.16150699283363, 60.648842265981983 ], [ 30.160922189583669, 60.64958939064941 ], [ 30.160444285852517, 60.650066241572262 ], [ 30.159340256368335, 60.651169223990905 ], [ 30.15877431773934, 60.651744762316291 ], [ 30.156282391141193, 60.654275476751486 ], [ 30.155497263582873, 60.655045235548485 ], [ 30.154422878503063, 60.65575946369011 ], [ 30.153281119776945, 60.656279716798785 ], [ 30.149049156473463, 60.657786545665765 ], [ 30.144045540340915, 60.659661025138661 ], [ 30.143648484985334, 60.659809714617843 ], [ 30.141904855018858, 60.660463007031268 ], [ 30.140948149241272, 60.660755007992428 ], [ 30.139191942860819, 60.661046258047222 ], [ 30.132821090865839, 60.661655951159801 ], [ 30.130887916374416, 60.66184089909877 ], [ 30.12215180023636, 60.662683450720188 ], [ 30.116225614307019, 60.663317011427168 ], [ 30.116159138975998, 60.66332207282062 ], [ 30.113203681691239, 60.663541032341179 ], [ 30.110878841735943, 60.66362676724129 ], [ 30.10384682969185, 60.663562202016884 ], [ 30.099466644366483, 60.663488746263347 ], [ 30.098841416928735, 60.663483156753358 ], [ 30.097262178659253, 60.663469072944388 ], [ 30.095439496947773, 60.663447991231337 ], [ 30.089938214147828, 60.663377528035952 ], [ 30.089232138334513, 60.663368461554896 ], [ 30.088756031233928, 60.663362343879349 ], [ 30.088198177442489, 60.663355301949217 ], [ 30.085464604032914, 60.663320180299678 ], [ 30.077424682240046, 60.663146464008641 ], [ 30.074018270682661, 60.663077584601623 ], [ 30.071580243001559, 60.663015526990513 ], [ 30.070426806176751, 60.663003511566885 ], [ 30.069551847090022, 60.663040129986818 ], [ 30.068822415079318, 60.663131983941057 ], [ 30.068216950577817, 60.663228062808798 ], [ 30.068090288122757, 60.663257771058483 ], [ 30.067374330841314, 60.66342541309745 ], [ 30.065707955989271, 60.663887183400064 ], [ 30.061517315188855, 60.665124318434614 ], [ 30.060327945752682, 60.66546191469191 ], [ 30.059813211094884, 60.66559160951018 ], [ 30.059314646112195, 60.665719323408432 ], [ 30.058340872344214, 60.665906668482492 ], [ 30.057569219515148, 60.666005467595099 ], [ 30.054876968608642, 60.666289936932642 ], [ 30.04906037714397, 60.666920346178472 ], [ 30.046747215287365, 60.667232311675292 ], [ 30.045986342241711, 60.667325781916979 ], [ 30.042499082308765, 60.667712950018647 ], [ 30.042062501080679, 60.667756340015885 ], [ 30.041252220694407, 60.667778034992573 ], [ 30.040883911427912, 60.667789872610598 ], [ 30.040113156914138, 60.667800258026553 ], [ 30.038900431280577, 60.667765449267506 ], [ 30.037481991446956, 60.667685182149974 ], [ 30.035258661118757, 60.667575650656325 ], [ 30.034858012502042, 60.667570545925152 ], [ 30.03385549264496, 60.667573362328653 ], [ 30.033432386146142, 60.667586784248208 ], [ 30.033017364484881, 60.6676030225631 ], [ 30.03263647880441, 60.667624717643108 ], [ 30.032241220079399, 60.667651341402845 ], [ 30.031337514903576, 60.667734821048896 ], [ 30.030524539571452, 60.667832162355452 ], [ 30.030096941496208, 60.667893462584189 ], [ 30.029168083492429, 60.668054039586245 ], [ 30.028295819351548, 60.668237366584783 ], [ 30.027480149073565, 60.668441991022377 ], [ 30.027133399373902, 60.668544038723617 ], [ 30.026217117784093, 60.668810135714189 ], [ 30.025555059419698, 60.669023161337769 ], [ 30.025343057012648, 60.669096164423827 ], [ 30.024983730898995, 60.669220388101131 ], [ 30.024496844015005, 60.669388043101137 ], [ 30.024177043773857, 60.669506809198779 ], [ 30.022714586491308, 60.670039865123854 ], [ 30.02210552872868, 60.670256798845074 ], [ 30.021619540159968, 60.67042031222126 ], [ 30.020488561217263, 60.670810831254109 ], [ 30.019915436065997, 60.670990710427382 ], [ 30.019521075656264, 60.671121439009923 ], [ 30.017210608745515, 60.671870071027413 ], [ 30.013230173721581, 60.672723844044313 ] ] } },
{ "type": "Feature", "properties": { }, "geometry": { "type": "LineString", "coordinates": [ [ 30.280177136811673, 60.36864893604352 ], [ 30.279480044151192, 60.369860757286908 ], [ 30.278507168698496, 60.371038336995284 ], [ 30.277774143426651, 60.371733184545711 ], [ 30.274366833553987, 60.374742805626305 ], [ 30.273739809485669, 60.375631001935673 ], [ 30.273386771579016, 60.376547547894226 ], [ 30.273375991795604, 60.377231621349019 ], [ 30.275791561594602, 60.386196158316835 ], [ 30.27728725654266, 60.390827786425106 ], [ 30.278118198180472, 60.394030515547932 ], [ 30.278461354619004, 60.396134222422155 ], [ 30.279488128988753, 60.402147081529051 ], [ 30.279598621768702, 60.404858024757786 ], [ 30.279269838374709, 60.407631291448681 ], [ 30.278677848602474, 60.410156673662172 ], [ 30.277395054376758, 60.412624376694097 ], [ 30.27555799962073, 60.415367133553652 ], [ 30.272140808279936, 60.418718668929507 ], [ 30.269294945459848, 60.421276092753644 ], [ 30.265674734864845, 60.423644341860268 ], [ 30.263180113320846, 60.424971213160426 ], [ 30.260132129561828, 60.426453869920131 ], [ 30.257409335935659, 60.427549735970985 ], [ 30.253271695737009, 60.429004213003147 ], [ 30.250034167453038, 60.429974936475404 ], [ 30.238959736630417, 60.432863218183549 ], [ 30.230411368386733, 60.435132446679411 ], [ 30.223999193888687, 60.436804867951402 ], [ 30.220643087987224, 60.437818260269708 ], [ 30.21746574682729, 60.438987533469536 ], [ 30.212744201693955, 60.44112524948131 ], [ 30.208596680027174, 60.443509511965594 ], [ 30.205186675208658, 60.445695316234328 ], [ 30.203439451981044, 60.446998735144433 ], [ 30.202857343676939, 60.447499804426869 ], [ 30.200538791928626, 60.450075034157258 ], [ 30.199476084947506, 60.451421338372278 ], [ 30.198410683020544, 60.453064126947751 ], [ 30.197666877965293, 60.45446275530032 ], [ 30.196941039215726, 60.456123772483636 ], [ 30.196368812379738, 60.458210266720627 ], [ 30.196167589756097, 60.460281922835748 ], [ 30.196149623450413, 60.474736032498761 ], [ 30.196164894810245, 60.497566788134783 ], [ 30.195662736566423, 60.500168083422771 ], [ 30.19490994835833, 60.50245605451488 ], [ 30.193122300942935, 60.506100196891808 ], [ 30.190969039206895, 60.508883449098128 ], [ 30.189250562068377, 60.510565605585754 ], [ 30.185591723916161, 60.513371511305699 ], [ 30.181583441118416, 60.515841639207849 ], [ 30.174730193815872, 60.519598997582086 ], [ 30.172172690201982, 60.521324096573096 ], [ 30.17033653376124, 60.522745069175976 ], [ 30.168265917031345, 60.524737022369202 ], [ 30.167113378521822, 60.526005135732909 ], [ 30.164671757579587, 60.529624753797137 ], [ 30.163782425448304, 60.531630381079047 ], [ 30.16296316190919, 60.535917339100969 ], [ 30.162341527732575, 60.539576142349951 ], [ 30.16128870221959, 60.54255726035678 ], [ 30.160330199811433, 60.544422230211133 ], [ 30.15829282074705, 60.547350780634353 ], [ 30.156427019901933, 60.549676231366995 ], [ 30.154159672124816, 60.551756888624304 ], [ 30.152675655275452, 60.552984815518833 ], [ 30.150118151661559, 60.554937593168596 ], [ 30.147343255748915, 60.556725986581604 ], [ 30.142942409172019, 60.55929281780606 ], [ 30.139507251525547, 60.56094149460759 ], [ 30.137071918790294, 60.5620185199666 ], [ 30.132405170889296, 60.563873847563535 ], [ 30.120453086034086, 60.568151591311427 ], [ 30.115856406725246, 60.569626346254594 ], [ 30.098168578780928, 60.574627211166771 ], [ 30.091698013789419, 60.576995802054874 ], [ 30.087648408488612, 60.578846475231089 ], [ 30.082152515580365, 60.581890336843557 ], [ 30.07722435793168, 60.585655649843879 ], [ 30.073689487288675, 60.58895252490175 ], [ 30.071548801966618, 60.591577714143376 ], [ 30.069959682229015, 60.594097760350401 ], [ 30.069170961409551, 60.595631622499255 ], [ 30.068254679819752, 60.59789269802998 ], [ 30.067594418085918, 60.601096778558315 ], [ 30.067318635293699, 60.604132194517568 ], [ 30.067154243596704, 60.605603764515784 ], [ 30.066539795942369, 60.60759771748895 ], [ 30.06448714551815, 60.611408437266974 ], [ 30.062948331436459, 60.613446729057308 ], [ 30.057222469815486, 60.620194271333553 ], [ 30.047325730330336, 60.631324917485337 ], [ 30.037464025141272, 60.642632552913284 ], [ 30.036180332600264, 60.644600217418677 ], [ 30.033277875917275, 60.650894571646504 ], [ 30.031136292279932, 60.655393282872424 ], [ 30.029250728498564, 60.657989079573206 ], [ 30.027031889746787, 60.660529955329991 ], [ 30.024756457132117, 60.662617959329793 ], [ 30.019400701408198, 60.667342724469393 ], [ 30.016188325952182, 60.670122678534362 ], [ 30.013938944480746, 60.671925907524383 ], [ 30.011732682142952, 60.674408619720793 ], [ 30.010388802477912, 60.676355734272391 ], [ 30.007848366854418, 60.678675162072828 ], [ 30.005464238090362, 60.680142672626978 ], [ 30.003244501023307, 60.681081474762905 ], [ 30.000731913173627, 60.681842675297965 ], [ 29.997908508235636, 60.682538758839662 ], [ 29.993840038313856, 60.683041601101507 ], [ 29.984344845760717, 60.684063667997115 ], [ 29.981578933000911, 60.684619178106978 ], [ 29.979435552733005, 60.685259960080558 ], [ 29.978075503392848, 60.685838363818966 ], [ 29.976733420358372, 60.686713008742046 ], [ 29.975627594243619, 60.687747492949349 ], [ 29.975078723605019, 60.688520409759384 ], [ 29.974493022039773, 60.690131095521345 ], [ 29.974347494963752, 60.691543292651602 ], [ 29.974253171858916, 60.692549171554418 ], [ 29.974051949235278, 60.693447949958909 ], [ 29.973678250077079, 60.694611487708706 ], [ 29.97333868689968, 60.695453137821055 ], [ 29.972656865599038, 60.697250243416569 ], [ 29.97241521878761, 60.69850702330708 ], [ 29.972473609281074, 60.700515808291144 ], [ 29.972205013011123, 60.701391856512025 ], [ 29.971394732624844, 60.702422967392145 ], [ 29.970074209157193, 60.703594488313186 ], [ 29.969122893271308, 60.704858844290648 ], [ 29.968543479913052, 60.705826638179609 ], [ 29.968310816254466, 60.706360323299322 ], [ 29.968343155604693, 60.706920722696218 ], [ 29.968546174858901, 60.707411712443744 ], [ 29.968858788577776, 60.707811012424266 ], [ 29.969501084005927, 60.70830181277023 ], [ 29.973052124324045, 60.710508497760827 ], [ 29.97569406957464, 60.711994112204984 ], [ 29.976936439612579, 60.712464941628923 ], [ 29.978903750084804, 60.712854071623944 ], [ 29.980816263324694, 60.713004449000032 ], [ 29.982519469103384, 60.713106355419193 ], [ 29.984488576206171, 60.713266223484247 ], [ 29.985988762730656, 60.713527424570884 ], [ 29.987806952865711, 60.713898788746057 ], [ 29.989299952867917, 60.714198698108625 ], [ 29.990925005216891, 60.714523519860734 ], [ 29.992333563582388, 60.714778163405299 ], [ 29.993101623150313, 60.714900804640976 ], [ 29.99439429884416, 60.714995191056083 ], [ 29.996726325321735, 60.715169506392783 ], [ 30.000830727854879, 60.715462549126961 ], [ 30.004476091277834, 60.715721139873331 ], [ 30.007021018477744, 60.715841404733226 ], [ 30.008773631597059, 60.715769210718975 ], [ 30.00949497877021, 60.715715163967943 ], [ 30.010314242309327, 60.715589142409975 ], [ 30.010945757954069, 60.715453057906181 ], [ 30.012374079255817, 60.715082722344114 ], [ 30.016150596710254, 60.714052369055018 ], [ 30.017284270598807, 60.713807387240962 ], [ 30.018469148458564, 60.713671295191304 ], [ 30.022054324757484, 60.713408776964947 ], [ 30.025554161104413, 60.713143224458015 ], [ 30.0275178783155, 60.712999878803764 ], [ 30.029768158102218, 60.712979532633625 ], [ 30.033674931272856, 60.713151002545445 ], [ 30.035650326582633, 60.713121296393524 ], [ 30.038318322976465, 60.713050502480023 ], [ 30.039710711666849, 60.713107849516931 ], [ 30.040665620813872, 60.713244471279154 ], [ 30.047099354878736, 60.71466905581439 ], [ 30.051577456570072, 60.715675178101748 ], [ 30.055085377754555, 60.716778813682104 ], [ 30.056641259826655, 60.717278352635667 ], [ 30.058109107000906, 60.717904248296513 ], [ 30.061325075718052, 60.719605814403103 ], [ 30.06396342770751, 60.720957143769859 ], [ 30.066303539022648, 60.722766486451917 ], [ 30.066872172597492, 60.723340437775228 ], [ 30.073104684038718, 60.729803348601841 ], [ 30.074744109432231, 60.731279462897504 ], [ 30.074989349504794, 60.731482939903266 ], [ 30.0752606407206, 60.731678114995141 ], [ 30.075557983079644, 60.731864066038106 ], [ 30.075879579951355, 60.732040046583705 ], [ 30.076224533020461, 60.732205134519248 ], [ 30.076591045656379, 60.73235862732917 ], [ 30.076977321228554, 60.732500042086933 ], [ 30.077381563106403, 60.732628500605003 ], [ 30.077802872974658, 60.732743607784109 ], [ 30.08006932243649, 60.733315799842906 ], [ 30.098385072764405, 60.737519686865348 ], [ 30.099204336303526, 60.737756188832208 ], [ 30.100410773730093, 60.738104439856464 ], [ 30.10343540129173, 60.739082209828616 ], [ 30.107088849552238, 60.740249672426323 ], [ 30.110214088425689, 60.741415907121471 ], [ 30.111548984937887, 60.742193417282806 ], [ 30.117135607689836, 60.747652405262301 ], [ 30.119281682903591, 60.749720492656344 ], [ 30.123310626952872, 60.753602943232963 ], [ 30.125593246089821, 60.755802567674387 ], [ 30.128837062580768, 60.758938702708569 ], [ 30.133727490987518, 60.763665957029161 ], [ 30.134820740688291, 60.764872274643253 ], [ 30.135441476549616, 60.765684753010881 ], [ 30.136364046346415, 60.766893670784128 ], [ 30.137646840572131, 60.768314779664927 ], [ 30.139115586061664, 60.769828340072443 ], [ 30.139244943462582, 60.769972484956249 ], [ 30.140010308084655, 60.770823742470299 ], [ 30.140476533717109, 60.771513557678283 ], [ 30.140633738891832, 60.7719137279162 ], [ 30.140779265967858, 60.772467720560194 ], [ 30.140819690155642, 60.773112278732881 ], [ 30.140686739493592, 60.774363241654918 ], [ 30.140596009649897, 60.774994954774044 ], [ 30.140460364041996, 60.775557051877058 ], [ 30.139365317710649, 60.777190656417588 ], [ 30.135915787019631, 60.780994841125967 ], [ 30.133218146221427, 60.783769448724492 ], [ 30.132192270166957, 60.785249220135405 ], [ 30.13169729844541, 60.786436223728664 ], [ 30.130378571608322, 60.793083911198735 ], [ 30.129526070403696, 60.796962472492858 ], [ 30.128896351389521, 60.798262950144562 ], [ 30.128004324312393, 60.799536465948393 ], [ 30.126298423587851, 60.801675181860965 ], [ 30.125904063178119, 60.802169806956265 ], [ 30.125713620337891, 60.80242287921407 ], [ 30.125493533093277, 60.802688044207855 ], [ 30.125229428399749, 60.802999832661428 ], [ 30.125017425992699, 60.803366437660571 ], [ 30.124904238266897, 60.803633961131254 ], [ 30.124839559566436, 60.803897582400694 ], [ 30.124826084837174, 60.80418512692863 ], [ 30.124878187123656, 60.80449120432997 ], [ 30.124998561371733, 60.804837767178007 ], [ 30.125062341756905, 60.804944333732792 ], [ 30.125416277978843, 60.805536402637884 ], [ 30.125818723226132, 60.806042185215652 ], [ 30.125924724429659, 60.806174862541639 ], [ 30.126083726234945, 60.806374403297077 ], [ 30.126398136584388, 60.806794337442234 ], [ 30.126589477739905, 60.807110774161337 ], [ 30.126730513239512, 60.807415859662051 ], [ 30.126781717210708, 60.807838496641814 ], [ 30.126754767752185, 60.808270066070314 ], [ 30.126669427800195, 60.808835654190169 ], [ 30.126568816488366, 60.809337704401933 ], [ 30.126510425994901, 60.809649340475559 ], [ 30.12649695126564, 60.809940820197902 ], [ 30.126518510832462, 60.810751324036708 ], [ 30.126547256921551, 60.811477737090897 ], [ 30.126576901325929, 60.812156820470882 ], [ 30.126582291217627, 60.812260777967062 ], [ 30.126614630567857, 60.812924906383003 ], [ 30.12658678279405, 60.813684563025042 ], [ 30.126447543925014, 60.8144458224359 ], [ 30.126163676295235, 60.815428888272585 ], [ 30.125763027678513, 60.816685864920451 ], [ 30.125701043923915, 60.816983675647215 ], [ 30.125674094465388, 60.817390899625025 ], [ 30.125695654032207, 60.818346762762161 ], [ 30.125746858003396, 60.820573699665651 ], [ 30.125739671481128, 60.820896131691221 ], [ 30.125704637185049, 60.821140428065803 ], [ 30.125576178099418, 60.821497715818893 ], [ 30.125362379061798, 60.821867481229958 ], [ 30.125031799037245, 60.822254935437989 ], [ 30.124570963296488, 60.822647903020737 ], [ 30.123921481346073, 60.823119913201253 ], [ 30.123293558962477, 60.823667721814971 ], [ 30.122939622740528, 60.823999975934697 ], [ 30.122545262330799, 60.824423532529345 ], [ 30.122175156433748, 60.824895516511774 ], [ 30.122108681102716, 60.825002629368647 ], [ 30.121952374243278, 60.825234195104017 ], [ 30.121856254507879, 60.825391184158377 ], [ 30.121449317684171, 60.826078204738735 ], [ 30.121146585433426, 60.826555637911476 ], [ 30.120564477129314, 60.827727230380795 ], [ 30.120519561365111, 60.828657695394199 ], [ 30.121259773159224, 60.831138423650309 ], [ 30.121293909140025, 60.831268326229576 ], [ 30.121634370632702, 60.832549329170156 ], [ 30.121767321294747, 60.832905482564946 ], [ 30.122055680500949, 60.833885091897471 ], [ 30.122264089646873, 60.834621792981601 ], [ 30.122458125748246, 60.835214144729321 ], [ 30.122603652824264, 60.835563001547307 ], [ 30.122807570393764, 60.835964823500341 ], [ 30.123027657638374, 60.836298657138308 ], [ 30.123269304449803, 60.836598561621422 ], [ 30.12363581708572, 60.836911727013749 ], [ 30.124162229842216, 60.837301756781969 ], [ 30.124538623946258, 60.837543082582442 ], [ 30.124905136582182, 60.837740326659862 ], [ 30.125395616727314, 60.837971975274272 ], [ 30.125960657041023, 60.838212114148476 ], [ 30.12635861071189, 60.838362998880072 ], [ 30.126862565586276, 60.83852014236048 ], [ 30.127809389895742, 60.838742067909926 ], [ 30.128416651027806, 60.83886414819149 ], [ 30.12897091155811, 60.838958082719685 ], [ 30.12952966366483, 60.839039673344061 ], [ 30.13015129784144, 60.839111415142703 ], [ 30.130444148624065, 60.839141048529328 ], [ 30.131150224437377, 60.839174358699225 ], [ 30.131826655846325, 60.839189547424823 ], [ 30.132717784608168, 60.839194975094479 ], [ 30.133769711805876, 60.839199789961945 ], [ 30.135213304467456, 60.839220318797821 ], [ 30.136222112531517, 60.839260150829823 ], [ 30.137224632388598, 60.839353909109271 ], [ 30.138345729863175, 60.839517219442691 ], [ 30.139073365243309, 60.839657111522712 ], [ 30.140010308084655, 60.839886120014533 ], [ 30.140901436846498, 60.840170189812952 ], [ 30.141715310493911, 60.84046725671562 ], [ 30.142493251529956, 60.840791107705343 ], [ 30.14290288329952, 60.841018357312777 ], [ 30.143325989798338, 60.841266920663394 ], [ 30.14362872204908, 60.841477666205748 ], [ 30.14375897776528, 60.841568354202636 ], [ 30.144049133602056, 60.841787763818182 ], [ 30.144288983782914, 60.841969137795246 ], [ 30.144696818921901, 60.842334421161404 ], [ 30.145015720847763, 60.842708322397513 ], [ 30.145066924818956, 60.842773841103259 ], [ 30.145320249729082, 60.843097099765849 ], [ 30.145418166095055, 60.843432434501452 ], [ 30.145760424218302, 60.844602752299714 ], [ 30.146062258153762, 60.846263951418187 ], [ 30.146077529513594, 60.846422106341826 ], [ 30.146146699790474, 60.847131430737775 ], [ 30.146152089682172, 60.847243107744887 ], [ 30.14618173408655, 60.847861919073054 ], [ 30.146187123978258, 60.847977838199405 ], [ 30.146278752137238, 60.848316359900295 ], [ 30.146446737095367, 60.84866192314491 ], [ 30.147067472956692, 60.849409835761044 ], [ 30.147503155869494, 60.849860141426809 ], [ 30.147851702199731, 60.850224459489773 ], [ 30.149835182347061, 60.852284095502192 ], [ 30.152623552988974, 60.855109447050488 ], [ 30.153126609548085, 60.855672501177068 ], [ 30.15376171845395, 60.85638122653075 ], [ 30.154565710633239, 60.857316544937234 ], [ 30.154812747336372, 60.857603828306964 ], [ 30.155971574052888, 60.859046418101478 ], [ 30.156958822550131, 60.860310823331538 ], [ 30.157819408592321, 60.861575834626706 ], [ 30.158498534947118, 60.862812846495679 ], [ 30.15915161015867, 60.864153205720108 ], [ 30.159593581278461, 60.865442425572155 ], [ 30.159775939281129, 60.865908905911724 ], [ 30.159847804503865, 60.866153514527142 ], [ 30.160563761785308, 60.868155928373405 ], [ 30.161421652881639, 60.870674872106932 ], [ 30.161711808718408, 60.871387418739459 ], [ 30.161939082485297, 60.872084951288485 ], [ 30.162388240127353, 60.873381721393642 ], [ 30.162535563833949, 60.873830464954075 ], [ 30.162635276830486, 60.874285192323434 ], [ 30.16265054819031, 60.874578225702074 ], [ 30.162636175145764, 60.875154009654906 ], [ 30.162570598130028, 60.875439427450047 ], [ 30.162302900175362, 60.876389796096809 ], [ 30.161487229897379, 60.878561892345402 ], [ 30.161385720270278, 60.878798928382459 ], [ 30.160929376105937, 60.880105873783855 ], [ 30.160819781641283, 60.880594565637658 ], [ 30.160714678753038, 60.881066594908255 ], [ 30.160788340606338, 60.881931905488543 ], [ 30.160810798488441, 60.882128482247452 ], [ 30.161036275624756, 60.88367552574185 ], [ 30.161042563831742, 60.883761941505689 ], [ 30.161113530739186, 60.884894416602286 ], [ 30.160994054806402, 60.885849923497119 ], [ 30.160479320148603, 60.887968493310602 ], [ 30.160384098728482, 60.888267170052018 ], [ 30.159728328571074, 60.890748386506601 ], [ 30.159655565033063, 60.891363864386086 ], [ 30.159581903179763, 60.891979330391443 ], [ 30.159967280436653, 60.897772056066358 ], [ 30.160049925442788, 60.899500786677251 ], [ 30.160119095719665, 60.900852930532565 ], [ 30.160164909799157, 60.901741426029822 ], [ 30.160307741929334, 60.904698035659749 ], [ 30.160306843614048, 60.90587764123444 ], [ 30.160136163710067, 60.907046152484163 ], [ 30.15994302592398, 60.908111280965954 ], [ 30.159663649870616, 60.909039799721945 ], [ 30.159342052998905, 60.909916100251642 ], [ 30.15877431773934, 60.911085598986581 ], [ 30.158226345416026, 60.912107881652723 ], [ 30.15656356382512, 60.914723619551431 ], [ 30.154954681151263, 60.917395688258708 ], [ 30.153461681149057, 60.920087878840555 ], [ 30.151886036140709, 60.922888940734993 ], [ 30.151177265381545, 60.924134272850992 ], [ 30.150720022901918, 60.925318790591263 ], [ 30.150587072239876, 60.926260078416966 ], [ 30.150856566825112, 60.92724835050219 ], [ 30.15123116429859, 60.92810559932132 ], [ 30.152067495828099, 60.92908438609885 ], [ 30.153441019897524, 60.930589783867006 ], [ 30.154642067432388, 60.932141853470611 ], [ 30.155586196795998, 60.933413620385508 ], [ 30.156530326159611, 60.934747131722816 ], [ 30.157484336991342, 60.936006139318913 ], [ 30.158418584886828, 60.937258595196838 ], [ 30.158929726283493, 60.937803793692794 ], [ 30.159453444094133, 60.938288809160184 ], [ 30.160767679354802, 60.939348661152685 ], [ 30.16121504036629, 60.939724001486404 ], [ 30.162900279839302, 60.941139756572028 ], [ 30.164556773223218, 60.94263612035887 ], [ 30.16560780210564, 60.943719997752346 ], [ 30.166895087907776, 60.945189322827595 ], [ 30.168053914624291, 60.946491891133576 ], [ 30.169041163121541, 60.947575768115094 ], [ 30.169536134843092, 60.947996204381923 ], [ 30.169760713664118, 60.948186048861196 ], [ 30.17007602232885, 60.948473648875854 ], [ 30.171230357468943, 60.949222103408502 ], [ 30.172811392368992, 60.950154440787919 ], [ 30.174477767221031, 60.951084308232488 ], [ 30.176683131243546, 60.95227388653862 ], [ 30.178749256397019, 60.953307234716995 ], [ 30.179450840633923, 60.953675083216737 ], [ 30.182681182395616, 60.955235448052896 ], [ 30.18381036470775, 60.955910432492267 ], [ 30.185421942327462, 60.957083999954705 ], [ 30.186370563267491, 60.957823879064648 ], [ 30.187163775663372, 60.958405748797965 ], [ 30.188507655328412, 60.959390668694859 ], [ 30.188957711285752, 60.95971754407482 ], [ 30.189889264235386, 60.960363086919877 ], [ 30.190447118026825, 60.960813136431717 ], [ 30.190935801541389, 60.961198645149786 ], [ 30.191992220315516, 60.962125660901428 ], [ 30.192945332831957, 60.963172859697792 ], [ 30.194039480848019, 60.96433935766521 ], [ 30.194618894206279, 60.965066206316649 ], [ 30.194829099982762, 60.965774334772192 ], [ 30.194833591559181, 60.966436801219359 ], [ 30.194672793123324, 60.966906426856788 ], [ 30.194576673387921, 60.967032987425583 ], [ 30.194386230547693, 60.967352024199236 ], [ 30.194110447755463, 60.96774547522805 ], [ 30.192641702265931, 60.969595043993486 ], [ 30.191932931506756, 60.970498231978624 ], [ 30.191614927896179, 60.970854591626633 ], [ 30.191297822600884, 60.971468654227174 ], [ 30.191032819592067, 60.971981272119109 ], [ 30.190931309964967, 60.972176814487753 ], [ 30.190920530181554, 60.972196124558351 ], [ 30.190815427293312, 60.972407575602318 ], [ 30.190778596366663, 60.972480674306503 ], [ 30.190499220313306, 60.973066024535612 ], [ 30.190091385174316, 60.973628306290003 ], [ 30.189741042213509, 60.974106586656418 ], [ 30.189276613211614, 60.974575750345146 ], [ 30.188989152320698, 60.975012348796056 ], [ 30.188715166159039, 60.975435647868814 ], [ 30.188313619227046, 60.976246534028441 ], [ 30.187929140285441, 60.977028634945619 ], [ 30.187648865916792, 60.97760300597281 ], [ 30.187189826806609, 60.978490669684611 ], [ 30.18706675761268, 60.978727573385754 ], [ 30.186486445939146, 60.979804643650596 ], [ 30.186128018140778, 60.980622216501949 ], [ 30.185694131858554, 60.981408872472734 ], [ 30.184927868921193, 60.982650391427931 ], [ 30.184280183601345, 60.983778179006336 ], [ 30.183847195634399, 60.984683578453733 ], [ 30.183610938714676, 60.98551623210939 ], [ 30.183524700447403, 60.986410951006064 ], [ 30.183482479629046, 60.987638812015732 ], [ 30.183610938714676, 60.988835606249559 ], [ 30.183610938714676, 60.990479676209063 ], [ 30.183546260014218, 60.991614025297437 ], [ 30.183503140880585, 60.992675456027065 ], [ 30.183267782276143, 60.993377916700922 ], [ 30.182925524152893, 60.994174275568078 ], [ 30.182773708869874, 60.994527669210562 ], [ 30.182461993466283, 60.995510468798827 ], [ 30.182384738351857, 60.995909669361325 ], [ 30.182298500084581, 60.996457739822851 ], [ 30.182287720301169, 60.99678466982553 ], [ 30.182276042202471, 60.997132894924484 ], [ 30.182364975415602, 60.997425104885259 ], [ 30.182408992864524, 60.997572755042974 ], [ 30.182676690819196, 60.998230769878305 ], [ 30.18293720225159, 60.999008540816597 ], [ 30.182868930289995, 60.999234751949153 ], [ 30.182829404417493, 60.999362490407897 ], [ 30.182672199242774, 60.999575677042635 ], [ 30.182604825596467, 60.999673232859926 ], [ 30.18203978528275, 61.000498525663119 ], [ 30.18163644172018, 61.00127131998179 ], [ 30.181559186605746, 61.001547248071873 ], [ 30.181525948940237, 61.001668183601922 ], [ 30.181483728121883, 61.001818296311015 ], [ 30.181410066268583, 61.002078759992237 ], [ 30.181313048217895, 61.002378850175582 ], [ 30.181255556039716, 61.002572637859785 ], [ 30.181238488049317, 61.002631644886065 ], [ 30.181104639071982, 61.003052921384636 ], [ 30.180986959769765, 61.00325271440456 ], [ 30.180885450142657, 61.003424462238229 ], [ 30.180402156519801, 61.004081310748283 ], [ 30.180039237145021, 61.004588787027615 ], [ 30.17978052234319, 61.004951122044389 ], [ 30.179587384557102, 61.005193968232597 ], [ 30.179446349057496, 61.005380423378426 ], [ 30.179438264219939, 61.005385735722911 ], [ 30.179159786481861, 61.005583990041977 ], [ 30.179062768431177, 61.005653224182019 ], [ 30.178152775048368, 61.006168208233035 ], [ 30.177449394180901, 61.006540060974878 ], [ 30.176826861689005, 61.006869412623701 ], [ 30.175989631844207, 61.007212911781153 ], [ 30.175041909219456, 61.007602168598439 ], [ 30.174877517522464, 61.007665084940221 ], [ 30.174735583707577, 61.007718117441527 ], [ 30.174525377931086, 61.007797100000943 ], [ 30.17394596457283, 61.008014148635482 ], [ 30.173740250372774, 61.008091432394878 ], [ 30.172347861682386, 61.008573809422252 ], [ 30.171584293690884, 61.008834217694762 ], [ 30.171263595134459, 61.008929306891048 ], [ 30.170589858671363, 61.009067325043794 ], [ 30.170403009092269, 61.009099195396317 ], [ 30.170020326781227, 61.009148742410886 ], [ 30.169243284060467, 61.009218708933346 ], [ 30.167755673949966, 61.009292680838854 ], [ 30.165632056618307, 61.009430610335386 ], [ 30.164200142055421, 61.009689357139941 ], [ 30.16133182135323, 61.010503461926334 ], [ 30.160094841206991, 61.010866034203644 ], [ 30.158577586692118, 61.01133308806596 ], [ 30.154636677540683, 61.012705432617885 ], [ 30.153441918212803, 61.013102849874656 ], [ 30.152334295467487, 61.013473750745433 ], [ 30.15115570581472, 61.013857968133664 ], [ 30.150159474164631, 61.014194078352787 ], [ 30.149973522900826, 61.014256851036464 ], [ 30.149397702803704, 61.014434633747044 ], [ 30.148310741309917, 61.014791458577164 ], [ 30.148061907976214, 61.014873209510583 ], [ 30.147580410983924, 61.01504528626652 ], [ 30.145004042749072, 61.015841667804871 ], [ 30.144585427826673, 61.015976391210579 ], [ 30.143718553577497, 61.016228381208769 ], [ 30.143675434443857, 61.016241048125984 ], [ 30.143219090279523, 61.016373680457235 ], [ 30.142248909772679, 61.016620008610055 ], [ 30.141551817112202, 61.016805351982008 ], [ 30.140344481370342, 61.017136686473144 ], [ 30.139971680527434, 61.017239106957916 ], [ 30.138768836361994, 61.017700452081726 ], [ 30.138670021680745, 61.01773814636762 ], [ 30.138504731668466, 61.017801651997438 ], [ 30.137317158862857, 61.018256808230831 ], [ 30.1367098977308, 61.018505211007053 ], [ 30.135310322518137, 61.01902194522976 ], [ 30.135020166681368, 61.019128973276089 ], [ 30.133838882082753, 61.019557691192979 ], [ 30.133423860421484, 61.019739013190431 ], [ 30.133114839963749, 61.019899747354557 ], [ 30.132712394716467, 61.020166721824722 ], [ 30.132600105305947, 61.02024092936054 ], [ 30.13244739170765, 61.020354655880702 ], [ 30.131636213006086, 61.020956141834326 ], [ 30.131562551152793, 61.021009935536398 ], [ 30.131489787614775, 61.021062597567408 ], [ 30.131011883883627, 61.021419521971552 ], [ 30.130539370044175, 61.021843813299746 ], [ 30.130250112522692, 61.022103503428887 ], [ 30.130183637191671, 61.022199423294374 ], [ 30.130066856204731, 61.022365280417553 ], [ 30.129960855001205, 61.022588278762271 ], [ 30.129956363424782, 61.022625749641811 ], [ 30.129914142606435, 61.022939528440979 ], [ 30.129863836950523, 61.023313708866496 ], [ 30.129828802654444, 61.023473206392261 ], [ 30.129763225638701, 61.023835412938837 ], [ 30.129648241282332, 61.024141694666596 ], [ 30.129506307467441, 61.024407284399324 ], [ 30.129059844771234, 61.025161698555614 ], [ 30.128594517454054, 61.026303555724425 ], [ 30.128529838753604, 61.026462298467173 ], [ 30.128486719619964, 61.026567734888296 ], [ 30.128342090859221, 61.026923988168804 ], [ 30.128289988572739, 61.027049831170999 ], [ 30.128020493987503, 61.027666158775915 ], [ 30.127941442242506, 61.027775942505883 ], [ 30.127831847777845, 61.027974622677917 ], [ 30.127780643806648, 61.028035235982451 ], [ 30.127550675093918, 61.028541372134889 ], [ 30.127207518655382, 61.029047413189232 ], [ 30.126646969918085, 61.029761339410875 ], [ 30.126434967511038, 61.030049594317234 ], [ 30.125913046330961, 61.030734825541224 ], [ 30.125655229844423, 61.031013282155307 ], [ 30.125263564380546, 61.031436531527035 ], [ 30.125101867629404, 61.031611085441241 ], [ 30.124925797833711, 61.031792077518332 ], [ 30.124879983754223, 61.031839935827605 ], [ 30.124625760528819, 61.032104329931116 ], [ 30.124507182911316, 61.032226019219678 ], [ 30.124334706376764, 61.03239447784329 ], [ 30.124287993981987, 61.032440072895412 ], [ 30.124205348975856, 61.032512772504184 ], [ 30.123914294823795, 61.032771331162948 ], [ 30.123680732849923, 61.032919426069938 ], [ 30.123413933210543, 61.033088098539721 ], [ 30.123308830322301, 61.03314591770711 ], [ 30.12304023405235, 61.033293401787652 ], [ 30.122399735254771, 61.033564092023525 ], [ 30.12215180023636, 61.033668504226092 ], [ 30.12183289831049, 61.03383477994911 ], [ 30.12170443922486, 61.033907476361023 ], [ 30.121576878454523, 61.034010060242309 ], [ 30.121421469910363, 61.034195824102305 ], [ 30.1212498916911, 61.034459763528112 ], [ 30.121063940427288, 61.034745974574975 ], [ 30.120969617322451, 61.034892146114998 ], [ 30.120873497587048, 61.035039796087858 ], [ 30.120703715998356, 61.035274190095478 ], [ 30.120051539102079, 61.036301144308254 ], [ 30.120013809860151, 61.03635847910359 ], [ 30.118278264731231, 61.038752919017085 ], [ 30.11801595666827, 61.039041701177702 ], [ 30.117820123936326, 61.039257144266891 ], [ 30.117597341745874, 61.039503164304314 ], [ 30.117468882660237, 61.039644746752586 ], [ 30.11677628157619, 61.040408367637816 ], [ 30.115879762922635, 61.04123903891945 ], [ 30.114978752692661, 61.041908370680332 ], [ 30.114926650406179, 61.041946558134285 ], [ 30.114303219599002, 61.042373402012025 ], [ 30.114246625736104, 61.042412545752256 ], [ 30.113756145590973, 61.042766098523167 ], [ 30.11330698794891, 61.043155745730537 ], [ 30.11323602104147, 61.043251688933637 ], [ 30.113013238851007, 61.043548693500078 ], [ 30.112746439211623, 61.043942419235727 ], [ 30.112710506600258, 61.044005307042397 ], [ 30.112429333916324, 61.044500924699243 ], [ 30.112343993964334, 61.044766430970974 ], [ 30.112378129945135, 61.04501453924447 ], [ 30.112471554734686, 61.045344100570674 ], [ 30.112495809247353, 61.045405593951649 ], [ 30.112624268332983, 61.045729323758266 ], [ 30.112859626937425, 61.046323283685638 ], [ 30.113117443423963, 61.046972199799512 ], [ 30.11332944583102, 61.047505734399863 ], [ 30.113428260512272, 61.047839096557901 ], [ 30.113492040897444, 61.048047261313805 ], [ 30.113601635362105, 61.048331045031169 ], [ 30.113754348960402, 61.049199948361085 ], [ 30.113465091438922, 61.049849936138493 ], [ 30.112987187707763, 61.050393857998955 ], [ 30.112519165444741, 61.050739060259758 ], [ 30.111925379041939, 61.051180177968803 ], [ 30.11119684534652, 61.051555590609297 ], [ 30.110577007800476, 61.051799384692231 ], [ 30.109963458461422, 61.052007262560018 ], [ 30.108706715378936, 61.052310272219849 ], [ 30.087148046875352, 61.055601538321476 ], [ 30.067918709903495, 61.05777538382668 ], [ 30.066033146122127, 61.058019477834868 ], [ 30.061935031795972, 61.058857077668385 ], [ 30.058416330828077, 61.060324823643718 ], [ 30.056646649718363, 61.061544698540651 ], [ 30.054903918067172, 61.064091922668915 ], [ 30.051525354283594, 61.069828598771387 ], [ 30.049702672572113, 61.07202228187068 ], [ 30.047977008911321, 61.073172489255306 ], [ 30.044762836824745, 61.074504228694451 ], [ 30.040040393376124, 61.075554156042358 ], [ 30.029835531748528, 61.077668199581687 ], [ 30.025963792873977, 61.078780536718043 ], [ 30.023477256167535, 61.079552554955001 ], [ 30.018393689974694, 61.081778534653033 ], [ 30.00611012677965, 61.088407153712531 ], [ 29.998787958898788, 61.091976109020045 ], [ 29.993628035906809, 61.093600683721832 ], [ 29.989545192940479, 61.094422188603986 ], [ 29.98382292458064, 61.095748735652528 ], [ 29.981104622530896, 61.096457990629787 ], [ 29.977881467291475, 61.097521213727596 ], [ 29.976253719996652, 61.09814259741713 ], [ 29.974899958863485, 61.098741305900937 ], [ 29.974464275950684, 61.098949917761146 ], [ 29.97338180603332, 61.099507888029329 ], [ 29.972877851158934, 61.099756783356682 ], [ 29.972349641771871, 61.100054126698211 ], [ 29.970605113490112, 61.101125998241145 ], [ 29.969997852358038, 61.101557992576694 ], [ 29.968878551514031, 61.102366050552838 ], [ 29.967754759093594, 61.103318120735146 ], [ 29.967316381234944, 61.103742575396964 ], [ 29.966946275337886, 61.104128390973202 ], [ 29.966311166432014, 61.104809199867148 ], [ 29.965897941401323, 61.105265191252094 ], [ 29.965345477501589, 61.106077061017515 ], [ 29.965229594829935, 61.10628436573915 ], [ 29.964586401086503, 61.107397086198873 ], [ 29.962680176053606, 61.110393285026632 ], [ 29.962028897472614, 61.111131549189615 ], [ 29.961000326472302, 61.112024378348522 ], [ 29.960751493138602, 61.112186293967191 ], [ 29.959758854749648, 61.112764817642969 ], [ 29.958289210944827, 61.113450387690129 ], [ 29.957587626707934, 61.113715142721638 ], [ 29.955502636933485, 61.114365542815442 ], [ 29.953911720565319, 61.114827948834083 ], [ 29.95064634450754, 61.115761419051687 ], [ 29.949367143542954, 61.116121573582348 ], [ 29.94674316459804, 61.116979202156998 ], [ 29.94455936014235, 61.117918943697227 ], [ 29.94042351657426, 61.119692609104995 ], [ 29.939049992504838, 61.120286440880982 ], [ 29.937779774693094, 61.120872582293991 ], [ 29.936266113439356, 61.121703313913194 ], [ 29.93476862186073, 61.122795058497395 ], [ 29.933729271077006, 61.123476983850118 ], [ 29.932287475045985, 61.124222707624035 ], [ 29.930631879977355, 61.12480361381521 ], [ 29.929396696461694, 61.125165226972278 ], [ 29.928396871550468, 61.125383121193821 ], [ 29.926840989478375, 61.125668511332456 ], [ 29.92525725963247, 61.125926917537925 ], [ 29.924518844468924, 61.126069024867732 ], [ 29.92227215794334, 61.126590253118572 ], [ 29.921237298736038, 61.126915842900559 ], [ 29.920213219312139, 61.127265720213096 ], [ 29.919181953365968, 61.127642053051694 ], [ 29.918351011728159, 61.128074899674949 ], [ 29.917556002701712, 61.128564561383342 ], [ 29.914724512926171, 61.130838098890969 ], [ 29.914349017137408, 61.131126258888415 ], [ 29.913613296919717, 61.131688258737789 ], [ 29.912232586328024, 61.132489691913257 ], [ 29.910518600765926, 61.13315163201861 ], [ 29.908730055035239, 61.133688659389016 ], [ 29.906618115802274, 61.134223162342096 ], [ 29.895778145268803, 61.136810939434682 ], [ 29.894224059827273, 61.137269331237292 ], [ 29.892742737923761, 61.137803686870456 ], [ 29.891460842013323, 61.138360451278487 ], [ 29.88987441722157, 61.139401062733818 ], [ 29.887255828168364, 61.14121419173749 ], [ 29.886309003858901, 61.141936474623115 ], [ 29.885981118780197, 61.142254102168799 ], [ 29.885650538755637, 61.142594531529838 ], [ 29.885365772810577, 61.142918048746189 ], [ 29.885067532136247, 61.143363085439717 ], [ 29.884792647659303, 61.14384323246027 ], [ 29.884605798080209, 61.144237879663471 ], [ 29.884440508067936, 61.144708996037764 ], [ 29.883378699402101, 61.150527811196753 ], [ 29.883190053192433, 61.151062202538206 ], [ 29.882942118174022, 61.151616566020458 ], [ 29.882567520700544, 61.152245858629762 ], [ 29.882108481590361, 61.152780307565862 ], [ 29.88193959831694, 61.152942101083987 ], [ 29.881183216847713, 61.153605952919186 ], [ 29.880101645245635, 61.154315253877272 ], [ 29.879023666904693, 61.154924556934787 ], [ 29.876918015878712, 61.156018100518558 ], [ 29.873211567016437, 61.157997719747762 ], [ 29.871916196376738, 61.158596854991536 ], [ 29.870677419599936, 61.159068277076202 ], [ 29.869782697576952, 61.159344479738941 ], [ 29.869225742100799, 61.159497789806323 ], [ 29.868931094687611, 61.159578821112525 ], [ 29.866487677114801, 61.160162977007523 ], [ 29.863674153644943, 61.160832569893131 ], [ 29.862316799250635, 61.161251746092326 ], [ 29.860571372653595, 61.161908620478279 ], [ 29.858557349786597, 61.162631513130279 ], [ 29.857365285404569, 61.162962190701322 ], [ 29.857119147016721, 61.163032337921763 ], [ 29.855635130167354, 61.163367257336709 ], [ 29.853593259526548, 61.163701869910241 ], [ 29.852610502605724, 61.16388756687553 ], [ 29.85166098335041, 61.164112949357886 ], [ 29.850536292614692, 61.164433646531037 ], [ 29.849478975525283, 61.164778949082859 ], [ 29.848296792611382, 61.165225973798634 ], [ 29.847660785390222, 61.165465383732901 ], [ 29.847550292610283, 61.165508274571536 ], [ 29.847164915353392, 61.165643965204225 ], [ 29.846868471309634, 61.165761589274631 ], [ 29.846348346760127, 61.165973398142867 ], [ 29.846148920767053, 61.166051683449659 ], [ 29.846058190923358, 61.166085995487471 ], [ 29.845651254099653, 61.166231214708958 ], [ 29.845111366613896, 61.166446399599288 ], [ 29.844027100065958, 61.166871522992871 ], [ 29.842985054336385, 61.167327182365462 ], [ 29.842146926176301, 61.167738777743047 ], [ 29.840874911733984, 61.168364456543991 ], [ 29.840069122924131, 61.168755591545846 ], [ 29.839372030263657, 61.169124499015275 ], [ 29.838438680683453, 61.169737068220805 ], [ 29.837749672860536, 61.170186318506254 ], [ 29.836808238442774, 61.1708220415588 ], [ 29.835838956251216, 61.171443977344218 ], [ 29.83448070354163, 61.172276584529733 ], [ 29.832740666836287, 61.173350988690146 ], [ 29.831393193910106, 61.174255053778793 ], [ 29.830608964667071, 61.174761020924571 ], [ 29.829797785965507, 61.17523406384332 ], [ 29.827797237827777, 61.176557047774423 ], [ 29.826365323264884, 61.177457729562867 ], [ 29.824645049495796, 61.178728220105661 ], [ 29.823742242635259, 61.1794816037009 ], [ 29.822974183067334, 61.18012857162244 ], [ 29.821670727590078, 61.181230681648024 ], [ 29.820432849128562, 61.182220430303857 ], [ 29.819696230595586, 61.182736878227587 ], [ 29.818779050690502, 61.183358319228454 ], [ 29.817690292566152, 61.184004774603295 ], [ 29.816652738412991, 61.184574969280391 ], [ 29.814609969456903, 61.185612498824725 ], [ 29.813266988107145, 61.186304195076985 ], [ 29.811479340691747, 61.187354482737049 ], [ 29.809889322638853, 61.188395817119243 ], [ 29.808668512167731, 61.189170139250521 ], [ 29.80713778292359, 61.190141326860868 ], [ 29.805969973054236, 61.190878377412169 ], [ 29.803490622870072, 61.192316584994217 ], [ 29.802540205299472, 61.19287247463258 ] ] } },
{ "type": "Feature", "properties": { }, "geometry": { "type": "LineString", "coordinates": [ [ 30.047928480016147, 60.630781318988241 ], [ 30.047852880016084, 60.630868008274703 ], [ 30.037675680016104, 60.642567598867458 ], [ 30.03664032001608, 60.643828788077037 ], [ 30.034054440016103, 60.649347983934049 ], [ 30.032907840016133, 60.65173930367618 ], [ 30.031392240016103, 60.654760732233846 ], [ 30.031326360016131, 60.654886876226861 ], [ 30.031259040016135, 60.655013019725892 ], [ 30.031181640016115, 60.655151512369244 ], [ 30.031104600016118, 60.65528921051537 ], [ 30.031023960016096, 60.655427878393091 ], [ 30.030945120016131, 60.655565487147292 ], [ 30.030862680016142, 60.655704065625535 ], [ 30.030778080016152, 60.655841761409626 ], [ 30.030693840016099, 60.65597839809206 ], [ 30.030607440016144, 60.656116092703478 ], [ 30.030521400016124, 60.656252816430886 ], [ 30.030431400016138, 60.656389451369655 ], [ 30.030341760016093, 60.656526173936747 ], [ 30.030249960016132, 60.656662895923525 ], [ 30.030156720016148, 60.656798647051041 ], [ 30.030063120016127, 60.656934485813181 ], [ 30.029967720016149, 60.657070235796056 ], [ 30.0298705200161, 60.65720598520678 ], [ 30.029771880016117, 60.657340851988522 ], [ 30.029672880016108, 60.657476600258718 ], [ 30.029572080016123, 60.657610583857803 ], [ 30.029469480016083, 60.657745360740812 ], [ 30.029365080016156, 60.657879255017718 ], [ 30.029260680016147, 60.658014118980276 ], [ 30.029154480016079, 60.6581470419016 ], [ 30.029046480016135, 60.658280934508667 ], [ 30.028938480016095, 60.658414032734349 ], [ 30.028826520016082, 60.65854686580284 ], [ 30.028714920016107, 60.658679874727582 ], [ 30.02860152001616, 60.658812001086368 ], [ 30.028488120016121, 60.65894395050055 ], [ 30.028372560016091, 60.659076075776028 ], [ 30.02825556001612, 60.659208112308903 ], [ 30.028136400016141, 60.659339178098101 ], [ 30.02807232001614, 60.659409649994373 ], [ 30.028008240016138, 60.659481003734776 ], [ 30.027942000016147, 60.659551475320768 ], [ 30.027876120016082, 60.659621946752551 ], [ 30.027811680016143, 60.659692418030097 ], [ 30.027744000016121, 60.659762800954397 ], [ 30.027678120016144, 60.659832389935104 ], [ 30.027610080016093, 60.659902772553522 ], [ 30.02754420001612, 60.659973243216612 ], [ 30.027476160016153, 60.660042831742587 ], [ 30.02740668001616, 60.660113302099177 ], [ 30.027339000016127, 60.66018271392673 ], [ 30.027269160016104, 60.660252302000089 ], [ 30.027201480016078, 60.660321801725615 ], [ 30.027129840016073, 60.660391389498436 ], [ 30.027060000016142, 60.660460888923744 ], [ 30.026990520016145, 60.660530476396062 ], [ 30.026918880016147, 60.660599887324445 ], [ 30.02684760001609, 60.660668504334083 ], [ 30.026775960016092, 60.660738091357807 ], [ 30.026704680016124, 60.660806708072968 ], [ 30.026631600016103, 60.660875324641921 ], [ 30.026559960016108, 60.660944823022881 ], [ 30.026486520016142, 60.661013351101971 ], [ 30.026413440016118, 60.66108196723065 ], [ 30.026340000016152, 60.661150583213129 ], [ 30.026265120016156, 60.661218317098694 ], [ 30.026189880016133, 60.661286932790645 ], [ 30.026114640016104, 60.661355548336466 ], [ 30.026039760016111, 60.661423105401937 ], [ 30.025964520016089, 60.661491720657558 ], [ 30.025889280016148, 60.66155945382561 ], [ 30.025746720016134, 60.661684160093202 ], [ 30.025604160016108, 60.661809659618932 ], [ 30.0253640400161, 60.662018060070046 ], [ 30.014806680016115, 60.671201068850635 ], [ 30.014673480016146, 60.671316832872229 ], [ 30.01455900001611, 60.671417431733467 ], [ 30.014453880016127, 60.671510888763699 ], [ 30.014355960016115, 60.671599143691253 ], [ 30.014262360016104, 60.671683783554322 ], [ 30.014173800016142, 60.671764808381404 ], [ 30.014089200016155, 60.671842218199778 ], [ 30.014006400016132, 60.671919804163529 ], [ 30.013953840016097, 60.671969705945948 ], [ 30.013903080016117, 60.672018725996118 ], [ 30.013852320016145, 60.672067745971646 ], [ 30.013801560016077, 60.672117647524715 ], [ 30.013750440016075, 60.6721666673496 ], [ 30.013699680016099, 60.67221648058441 ], [ 30.013650720016088, 60.672266381906908 ], [ 30.013599960016116, 60.67231540150528 ], [ 30.013550640016081, 60.672365390838969 ], [ 30.01350168001607, 60.672415291930619 ], [ 30.013454520016126, 60.672465192944905 ], [ 30.013405560016114, 60.672516063687304 ], [ 30.013358400016077, 60.672565964545377 ], [ 30.013311240016129, 60.672615953489938 ], [ 30.013264080016093, 60.672666735830305 ], [ 30.013216920016145, 60.672716636454837 ], [ 30.013182720016104, 60.672754987588895 ], [ 30.012572880016151, 60.673402365469457 ], [ 30.012043680016131, 60.674176856694821 ], [ 30.011616360016088, 60.674961026603512 ], [ 30.011362920016154, 60.675254501356143 ], [ 30.01131396001615, 60.675304397968915 ], [ 30.010624920016109, 60.676023835053819 ], [ 30.009581640016066, 60.677107059575697 ], [ 30.008478240016071, 60.678233793011707 ], [ 30.007946520016116, 60.678648352584375 ], [ 30.007877400016149, 60.678695423225264 ], [ 30.00782700001611, 60.678728302115218 ], [ 30.006419040016088, 60.679510862669495 ], [ 30.005555760016108, 60.680022363862214 ] ] } },
{ "type": "Feature", "properties": { }, "geometry": { "type": "LineString", "coordinates": [ [ 30.048505560016171, 60.714936818472431 ], [ 30.040663320016161, 60.713228291288615 ], [ 30.040306560016116, 60.713166918569449 ], [ 30.039895800016101, 60.713112766072882 ], [ 30.039170760016145, 60.713058965697307 ], [ 30.038106600016171, 60.713045405522983 ], [ 30.034613160016139, 60.713149308011481 ], [ 30.033707400016144, 60.713155735866259 ], [ 30.030377760016101, 60.712976283766153 ], [ 30.029193360016148, 60.712947226167898 ], [ 30.027278520016157, 60.71299072450217 ], [ 30.019513680016082, 60.713559631505156 ], [ 30.017982240016082, 60.713689947741706 ], [ 30.017610000016113, 60.713723231128192 ], [ 30.016675080016125, 60.713877584583749 ], [ 30.010490640016144, 60.715504458373893 ], [ 30.010016880016128, 60.715596378643028 ], [ 30.009502800016101, 60.715662325110905 ], [ 30.008244600016063, 60.715793249139367 ], [ 30.007257120016149, 60.715843347029278 ], [ 30.006358920016151, 60.715806984245262 ], [ 30.005674560016143, 60.715773614971397 ], [ 29.994563160016053, 60.714972125667423 ], [ 29.993940720016138, 60.714928806111061 ], [ 29.992779360016119, 60.7148079160647 ], [ 29.991157920016132, 60.714544034318038 ], [ 29.984609880016084, 60.713240706702443 ], [ 29.980467720016119, 60.712922571215515 ], [ 29.979549000016128, 60.712870707700262 ], [ 29.978762760016053, 60.712788729715164 ], [ 29.978223120016072, 60.712705606818545 ], [ 29.977224120016089, 60.71249198703233 ], [ 29.976575040016129, 60.712314556493119 ], [ 29.976133320016071, 60.712170145802588 ], [ 29.975700960016063, 60.711998965460623 ], [ 29.974934520016095, 60.711620850918358 ], [ 29.972425320016079, 60.710107115405222 ], [ 29.969562960016052, 60.708361784093086 ], [ 29.968948440016071, 60.70791061915854 ], [ 29.968625520016047, 60.707607402469392 ], [ 29.968427880016055, 60.707295992517679 ], [ 29.968358400016054, 60.707102856945326 ], [ 29.968275600016124, 60.706683379746352 ], [ 29.968308000016108, 60.70598999298241 ], [ 29.968647480016067, 60.705370573613436 ], [ 29.969471880016066, 60.704218191077537 ], [ 29.970074160016118, 60.703295656362343 ], [ 29.971176840016131, 60.702372126267647 ], [ 29.971757880016131, 60.701842306612733 ], [ 29.972105280016113, 60.701369205074691 ], [ 29.972306520016048, 60.701019681537346 ], [ 29.972377080016042, 60.700805279382386 ], [ 29.972438280016075, 60.700467024924308 ], [ 29.972430720016078, 60.699510996402871 ], [ 29.972203560016066, 60.697557361109951 ], [ 29.973979080016129, 60.693671232334751 ], [ 29.974393800016113, 60.690683501122081 ], [ 29.974701240016113, 60.689496402499252 ], [ 29.975045400016104, 60.688494225236568 ], [ 29.976063120016104, 60.68734300023123 ], [ 29.977070040016102, 60.686366048105661 ], [ 29.979319680016118, 60.685244358385027 ], [ 29.980566360016105, 60.684812522092187 ], [ 29.98435032001608, 60.683728675597166 ], [ 29.99893176001606, 60.682125841369341 ], [ 30.000030840016141, 60.681946832986142 ], [ 30.000637800016126, 60.681812774357184 ], [ 30.002557320016148, 60.681260845308614 ], [ 30.004326000016093, 60.680662808657019 ], [ 30.005246520016133, 60.680206495249834 ] ] } }
]
}
