{
"type": "FeatureCollection",
"name": "Рекреация, пляжи, озелененные зоны Лосево АГО",
"crs": { "type": "name", "properties": { "name": "urn:ogc:def:crs:OGC:1.3:CRS84" } },
"features": [
{ "type": "Feature", "properties": { }, "geometry": { "type": "MultiPolygon", "coordinates": [ [ [ [ 30.03915924001609, 60.668080308946074 ], [ 30.035130840016105, 60.668844523673613 ], [ 30.034753920016101, 60.668908361719915 ], [ 30.034405080016086, 60.668956240171561 ], [ 30.034162440016143, 60.668984984843142 ], [ 30.033871560016163, 60.668997417346475 ], [ 30.033511200016086, 60.668996711956382 ], [ 30.033235440016096, 60.668983133193265 ], [ 30.032941680016151, 60.668951655129526 ], [ 30.032606520016099, 60.668897251792778 ], [ 30.032266320016074, 60.668827770574175 ], [ 30.033027000016112, 60.668141679576799 ], [ 30.033219240016109, 60.66796753128952 ], [ 30.033379800016093, 60.66782997552076 ], [ 30.033379800016093, 60.667829005574163 ], [ 30.034064880016157, 60.667794263830849 ], [ 30.03552576001616, 60.667810488406012 ], [ 30.036978000016163, 60.667891346628664 ], [ 30.038411520016147, 60.668033046426608 ], [ 30.039168960016088, 60.668050769879514 ], [ 30.039161400016091, 60.668074577487523 ], [ 30.039160320016091, 60.668075811955589 ], [ 30.039160320016091, 60.668077310952469 ], [ 30.03915924001609, 60.668080308946074 ] ] ] ] } },
{ "type": "Feature", "properties": { }, "geometry": { "type": "MultiPolygon", "coordinates": [ [ [ [ 30.02437080001615, 60.671841072042092 ], [ 30.024992880016125, 60.671643403314079 ], [ 30.024699480016114, 60.671418842407654 ], [ 30.02449968001612, 60.671302549748141 ], [ 30.024543240016129, 60.671193310089443 ], [ 30.024668520016071, 60.671028083299134 ], [ 30.025014840016151, 60.670694805762714 ], [ 30.02515812001614, 60.670539715912632 ], [ 30.026557800016111, 60.669966785132971 ], [ 30.025445760016122, 60.669321013440545 ], [ 30.025427400016127, 60.669312813361728 ], [ 30.025571760016124, 60.669322776898099 ], [ 30.025991520016074, 60.669611982627906 ], [ 30.026706120016158, 60.669891486916278 ], [ 30.027542400016152, 60.670075059074932 ], [ 30.028070160016139, 60.670106536040244 ], [ 30.028978440016161, 60.670099835064242 ], [ 30.027988080016094, 60.670994491195863 ], [ 30.027648960016165, 60.671280243374987 ], [ 30.027287520016092, 60.671561320180508 ], [ 30.027037680016093, 60.671736507023198 ], [ 30.026776320016122, 60.671909665099349 ], [ 30.0265045200161, 60.672076562506113 ], [ 30.026220120016117, 60.67224063777136 ], [ 30.025926360016079, 60.672400127649482 ], [ 30.025497600016102, 60.672616217981485 ], [ 30.025121040016128, 60.672795807251582 ], [ 30.02437080001615, 60.671841072042092 ] ], [ [ 30.026792880016146, 60.670895566215719 ], [ 30.026498400016134, 60.671079308984915 ], [ 30.026053080016133, 60.671359946708392 ], [ 30.02669424001607, 60.67165151463275 ], [ 30.027195000016079, 60.671343547587355 ], [ 30.027196800016135, 60.671341784240475 ], [ 30.027429720016087, 60.671138646037093 ], [ 30.027892320016075, 60.670758640140001 ], [ 30.028451040016115, 60.670278733011543 ], [ 30.028036680016157, 60.67012425835172 ], [ 30.027494880016082, 60.67046336099903 ], [ 30.027264840016105, 60.670380922176541 ], [ 30.026898720016099, 60.6701970872506 ], [ 30.026346480016151, 60.670444669006478 ], [ 30.0267010800161, 60.670639082832658 ], [ 30.026969640016127, 60.670786413344764 ], [ 30.026792880016146, 60.670895566215719 ] ] ] ] } },
{ "type": "Feature", "properties": { }, "geometry": { "type": "MultiPolygon", "coordinates": [ [ [ [ 30.011260320016113, 60.671985752085703 ], [ 30.012012000016114, 60.671129123902354 ], [ 30.012381000016092, 60.671158042969523 ], [ 30.013672680016107, 60.671248767557323 ], [ 30.014072280016102, 60.671269134266403 ], [ 30.013773840016125, 60.671485320357867 ], [ 30.013774560016092, 60.671485144023947 ], [ 30.013773840016125, 60.671485496691737 ], [ 30.013763040016126, 60.67148726003073 ], [ 30.013149600016149, 60.671463454946412 ], [ 30.012971400016145, 60.671400415471396 ], [ 30.01290660001608, 60.671409055854312 ], [ 30.012877440016094, 60.671412582540512 ], [ 30.012579000016117, 60.671462749610313 ], [ 30.012667200016136, 60.671578248190791 ], [ 30.01263120001612, 60.671588828192711 ], [ 30.012199200016148, 60.671724957240592 ], [ 30.012124320016152, 60.671716405108796 ], [ 30.01204908001613, 60.6717343910328 ], [ 30.011761800016085, 60.671829434130991 ], [ 30.011508360016144, 60.671968912455341 ], [ 30.011260320016113, 60.671985752085703 ] ] ] ] } },
{ "type": "Feature", "properties": { }, "geometry": { "type": "MultiPolygon", "coordinates": [ [ [ [ 30.017657880016117, 60.671289324627587 ], [ 30.017447280016128, 60.671340373562948 ], [ 30.017350440016109, 60.671363385232738 ], [ 30.017188800016125, 60.67140103264169 ], [ 30.017073960016152, 60.671427394618505 ], [ 30.017062080016064, 60.671429951464582 ], [ 30.017056320016131, 60.671431009469813 ], [ 30.017050200016069, 60.671432067474989 ], [ 30.017046600016133, 60.671433037313058 ], [ 30.017040840016108, 60.671434271652373 ], [ 30.017031120016114, 60.671436211328313 ], [ 30.01702212001609, 60.671437710168739 ], [ 30.01701636001615, 60.671438768173701 ], [ 30.017013480016093, 60.671439032674968 ], [ 30.017010240016091, 60.671439826178627 ], [ 30.017006280016119, 60.67144035518109 ], [ 30.016999800016126, 60.67144141318596 ], [ 30.016993680016071, 60.671442294856703 ], [ 30.01699224001613, 60.671442471190815 ], [ 30.016987560016098, 60.671442383023738 ], [ 30.016983960016073, 60.671443264694446 ], [ 30.016980360016134, 60.671443264694446 ], [ 30.016977480016077, 60.671443970030985 ], [ 30.01697568001611, 60.671444058198006 ], [ 30.016974240016079, 60.671444146365083 ], [ 30.016973880016142, 60.671444146365083 ], [ 30.016973160016079, 60.671443970030985 ], [ 30.016973160016079, 60.671444146365083 ], [ 30.016972800016141, 60.671444146365083 ], [ 30.016971000016085, 60.671444146365083 ], [ 30.016971000016085, 60.671443176527376 ], [ 30.016967400016142, 60.671442294856703 ], [ 30.016965960016112, 60.67144141318596 ], [ 30.016962360016088, 60.671439561677431 ], [ 30.016958400016115, 60.671437710168739 ], [ 30.016944000016093, 60.671429510629082 ], [ 30.016938600016093, 60.671426777448715 ], [ 30.016931760016071, 60.671423162596938 ], [ 30.016926000016134, 60.671419547744698 ], [ 30.016919160016105, 60.671415051220684 ], [ 30.016910160016078, 60.671408703185691 ], [ 30.01675392001609, 60.67129725970058 ], [ 30.016757880016151, 60.671291881484642 ], [ 30.016853280016132, 60.671287913947758 ], [ 30.017288880016139, 60.671151077708764 ], [ 30.018071160016067, 60.670033706936501 ], [ 30.018501360016078, 60.669883904182107 ], [ 30.018892320016068, 60.670164111474172 ], [ 30.018665160016152, 60.670238880030972 ], [ 30.018711960016159, 60.670272384752465 ], [ 30.018318120016104, 60.670417777205635 ], [ 30.017982960016138, 60.670743034233524 ], [ 30.018380760016075, 60.671031169186108 ], [ 30.018432240016104, 60.671085392580707 ], [ 30.01809492001615, 60.67117735172247 ], [ 30.017676600016138, 60.67128482808539 ], [ 30.017657880016117, 60.671289324627587 ] ] ] ] } },
{ "type": "Feature", "properties": { }, "geometry": { "type": "MultiPolygon", "coordinates": [ [ [ [ 30.008449080016092, 60.668029960252227 ], [ 30.009813120016076, 60.667649564948555 ], [ 30.009945600016071, 60.66869885959126 ], [ 30.008604600016106, 60.668787827623014 ], [ 30.00846276001614, 60.668097767844294 ], [ 30.008449080016092, 60.668029960252227 ] ] ] ] } },
{ "type": "Feature", "properties": { }, "geometry": { "type": "MultiPolygon", "coordinates": [ [ [ [ 30.029767560016118, 60.668635197479013 ], [ 30.030253560016156, 60.668699300464162 ], [ 30.030478920016112, 60.668743035027219 ], [ 30.03000156001616, 60.669175175167524 ], [ 30.030014160016123, 60.669101109528036 ], [ 30.030024960016121, 60.669039211684357 ], [ 30.030028560016145, 60.66898542571213 ], [ 30.02947236001614, 60.668661209022062 ], [ 30.029118480016159, 60.668631846838025 ], [ 30.028699440016087, 60.668766313076944 ], [ 30.028678200016124, 60.668805638834748 ], [ 30.028693680016154, 60.668844347325226 ], [ 30.028737960016127, 60.668956769214823 ], [ 30.028777560016078, 60.669105165507965 ], [ 30.028810320016092, 60.669229313515302 ], [ 30.029038560016104, 60.669249681501995 ], [ 30.029038200016078, 60.669264053709995 ], [ 30.02902812001614, 60.669552113728187 ], [ 30.029525280016117, 60.669605634237342 ], [ 30.028454280016113, 60.66971690723517 ], [ 30.027551040016149, 60.669647868645519 ], [ 30.026729880016141, 60.669451861727765 ], [ 30.02610600001611, 60.669131705711692 ], [ 30.026774880016092, 60.668902101364623 ], [ 30.027789720016127, 60.668617650697428 ], [ 30.028433760016124, 60.668582028056129 ], [ 30.029057640016156, 60.668582028056129 ], [ 30.029059440016123, 60.668582028056129 ], [ 30.029447520016152, 60.668603807249923 ], [ 30.029767560016118, 60.668635197479013 ] ] ] ] } },
{ "type": "Feature", "properties": { }, "geometry": { "type": "MultiPolygon", "coordinates": [ [ [ [ 30.008604600016106, 60.668787827623014 ], [ 30.009945600016071, 60.66869885959126 ], [ 30.011593320016075, 60.668589170222532 ], [ 30.011434920016089, 60.668062144627761 ], [ 30.010529520016124, 60.667449754210281 ], [ 30.011104440016062, 60.667289358020419 ], [ 30.014227800016116, 60.66694722384041 ], [ 30.013224120016115, 60.666429518532972 ], [ 30.013252200016094, 60.666398214334194 ], [ 30.01405428001614, 60.666490010504106 ], [ 30.015255960016081, 60.665137291176663 ], [ 30.016284840016105, 60.665276004841367 ], [ 30.013850880016115, 60.668153142468967 ], [ 30.013660440016086, 60.668022024373819 ], [ 30.01352760001615, 60.66806329092001 ], [ 30.013765560016061, 60.668261687038139 ], [ 30.013389360016127, 60.668736774639783 ], [ 30.013557840016134, 60.66877363155119 ], [ 30.013889400016065, 60.668845758112134 ], [ 30.013459560016088, 60.66935936862027 ], [ 30.01209444001611, 60.670989289265989 ], [ 30.012012000016114, 60.671129123902354 ], [ 30.011260320016113, 60.671985840251295 ], [ 30.009443400016131, 60.672109183662513 ], [ 30.009386160016064, 60.672113062932972 ], [ 30.009094560016109, 60.671292763159478 ], [ 30.008916000016079, 60.669656950358622 ], [ 30.008604600016106, 60.668787827623014 ] ] ] ] } },
{ "type": "Feature", "properties": { }, "geometry": { "type": "MultiPolygon", "coordinates": [ [ [ [ 30.011260320016113, 60.671985752085703 ], [ 30.011017680016074, 60.672274140409442 ], [ 30.00960828001611, 60.672428428424205 ], [ 30.009401640016087, 60.672429750889727 ], [ 30.009266640016062, 60.67212126229856 ], [ 30.009386160016064, 60.672113062932972 ], [ 30.009443400016131, 60.672109183662513 ], [ 30.011260320016113, 60.671985752085703 ] ] ] ] } },
{ "type": "Feature", "properties": { }, "geometry": { "type": "MultiPolygon", "coordinates": [ [ [ [ 30.017255040016124, 60.664225981332912 ], [ 30.016890720016089, 60.664263548902191 ], [ 30.014838000016098, 60.663974912438476 ], [ 30.014847720016096, 60.663892280624943 ], [ 30.014977320016122, 60.663003688619298 ], [ 30.015029160016102, 60.662884984416557 ], [ 30.015074520016075, 60.662783124220638 ], [ 30.015199080016135, 60.662648544801058 ], [ 30.016243440016098, 60.66293454744298 ], [ 30.017328120016156, 60.663059072005481 ], [ 30.018262680016097, 60.663115337195173 ], [ 30.018310560016108, 60.663226279867423 ], [ 30.017551320016103, 60.664261873354256 ], [ 30.017255040016124, 60.664225981332912 ] ] ] ] } },
{ "type": "Feature", "properties": { }, "geometry": { "type": "MultiPolygon", "coordinates": [ [ [ [ 30.028144320016082, 60.691087502945855 ], [ 30.027423600016117, 60.69101736471621 ], [ 30.026823120016136, 60.690841137333805 ], [ 30.02621364001612, 60.690603669408823 ], [ 30.02566140001608, 60.690594946063925 ], [ 30.024947880016089, 60.690737515182157 ], [ 30.023851680016154, 60.691249278480115 ], [ 30.023903520016134, 60.690334125769652 ], [ 30.0242844000161, 60.690203098019701 ], [ 30.026138040016161, 60.689971705410507 ], [ 30.029246280016128, 60.690357564436646 ], [ 30.028542480016124, 60.691104068233997 ], [ 30.028144320016082, 60.691087502945855 ] ] ] ] } },
{ "type": "Feature", "properties": { }, "geometry": { "type": "MultiPolygon", "coordinates": [ [ [ [ 30.004858800016137, 60.679221834016538 ], [ 30.004713360016147, 60.678969383566319 ], [ 30.004645320016088, 60.67866342577463 ], [ 30.004735680016108, 60.678211050699048 ], [ 30.005204760016095, 60.677763253052056 ], [ 30.005916480016118, 60.67728821050882 ], [ 30.006811800016141, 60.676804522021172 ], [ 30.007294200016066, 60.676484703588635 ], [ 30.007463760016076, 60.676515028295249 ], [ 30.007802160016126, 60.676565892637271 ], [ 30.008472840016079, 60.676664888344504 ], [ 30.008352600016099, 60.676834493817253 ], [ 30.009533040016088, 60.676770583336051 ], [ 30.0095701200161, 60.676837931756751 ], [ 30.00918708001613, 60.677218042190511 ], [ 30.008397600016146, 60.678007515100056 ], [ 30.008381760016093, 60.678018533734075 ], [ 30.00789432001611, 60.678354732481942 ], [ 30.006575280016076, 60.677795868445415 ], [ 30.006008280016072, 60.677977720694741 ], [ 30.005650440016119, 60.678258827166751 ], [ 30.005533800016089, 60.67836125544337 ], [ 30.005297280016112, 60.678634160860803 ], [ 30.005465400016089, 60.678762855764958 ], [ 30.006169200016092, 60.678733679088658 ], [ 30.006864720016122, 60.678986660266375 ], [ 30.006256680016136, 60.679341271301311 ], [ 30.006046800016112, 60.679357930784001 ], [ 30.005822520016068, 60.679479747480187 ], [ 30.005790120016083, 60.679497464631332 ], [ 30.005751240016103, 60.679481422236194 ], [ 30.005673480016142, 60.679523996267257 ], [ 30.005607600016088, 60.679559959380065 ], [ 30.004858800016137, 60.679221834016538 ] ] ] ] } },
{ "type": "Feature", "properties": { }, "geometry": { "type": "MultiPolygon", "coordinates": [ [ [ [ 30.023859240016151, 60.690349105370835 ], [ 30.021797880016074, 60.691057368197569 ], [ 30.021700680016121, 60.690426646724198 ], [ 30.020389200016083, 60.690387876070879 ], [ 30.021492240016137, 60.689406522404994 ], [ 30.023125560016116, 60.689637654728216 ], [ 30.02393412001615, 60.689522132832963 ], [ 30.023922600016096, 60.69030566450823 ], [ 30.023859240016151, 60.690349105370835 ] ] ] ] } },
{ "type": "Feature", "properties": { }, "geometry": { "type": "MultiPolygon", "coordinates": [ [ [ [ 30.018313080016132, 60.690722623876127 ], [ 30.018463920016121, 60.690501191985405 ], [ 30.019236480016147, 60.690001136246003 ], [ 30.019729320016129, 60.689714052275427 ], [ 30.01978584001613, 60.689524952594326 ], [ 30.019891320016139, 60.68937479995877 ], [ 30.021496200016099, 60.689385902818501 ], [ 30.021492240016137, 60.689406522404994 ], [ 30.020389200016083, 60.690387876070879 ], [ 30.020634720016091, 60.691202754880415 ], [ 30.021797880016074, 60.691057368197569 ], [ 30.023859240016151, 60.690349105370835 ], [ 30.023922600016096, 60.69030566450823 ], [ 30.023903520016134, 60.690334125769652 ], [ 30.023851680016154, 60.691248397351963 ], [ 30.023430120016148, 60.691445417007195 ], [ 30.023055720016082, 60.691610538990865 ], [ 30.022168680016115, 60.691905007361576 ], [ 30.021363720016105, 60.692020168256192 ], [ 30.020505120016146, 60.692278331578976 ], [ 30.020051160016155, 60.692337541441454 ], [ 30.019510440016081, 60.692246435744813 ], [ 30.018956040016132, 60.691686931852288 ], [ 30.01833036001613, 60.690964144148474 ], [ 30.018313080016132, 60.690722623876127 ] ] ] ] } },
{ "type": "Feature", "properties": { }, "geometry": { "type": "MultiPolygon", "coordinates": [ [ [ [ 30.026680920016137, 60.684612024700186 ], [ 30.026715120016096, 60.684630884727852 ], [ 30.029828400016118, 60.686380060167053 ], [ 30.029541840016137, 60.686421215054274 ], [ 30.029421960016101, 60.686446419091993 ], [ 30.029189760016124, 60.686305681607777 ], [ 30.028101480016133, 60.685645696550999 ], [ 30.027463560016098, 60.685298469707746 ], [ 30.027474720016126, 60.685292300669055 ], [ 30.026833920016127, 60.684979969506003 ], [ 30.026357640016084, 60.684750654458774 ], [ 30.026680920016137, 60.684612024700186 ] ] ] ] } },
{ "type": "Feature", "properties": { }, "geometry": { "type": "MultiPolygon", "coordinates": [ [ [ [ 30.031458840016128, 60.678785333246815 ], [ 30.031469280016093, 60.678774050434349 ], [ 30.031745760016143, 60.67837324358522 ], [ 30.032544240016161, 60.678008132143667 ], [ 30.032775720016076, 60.678005663969152 ], [ 30.035010240016103, 60.678172089025281 ], [ 30.032666280016102, 60.678632309765938 ], [ 30.031904160016129, 60.678729359880556 ], [ 30.031458840016128, 60.678785333246815 ] ] ] ] } },
{ "type": "Feature", "properties": { }, "geometry": { "type": "MultiPolygon", "coordinates": [ [ [ [ 30.007802160016126, 60.676565892637271 ], [ 30.007922400016096, 60.676467161085426 ], [ 30.007931760016064, 60.676457287913607 ], [ 30.008507400016153, 60.675982931330154 ], [ 30.008950560016064, 60.676096474296948 ], [ 30.009123000016128, 60.6761408158903 ], [ 30.008867400016101, 60.676437894174363 ], [ 30.008657160016142, 60.676682342587213 ], [ 30.008472840016079, 60.676664888344504 ], [ 30.007802160016126, 60.676565892637271 ] ] ] ] } },
{ "type": "Feature", "properties": { }, "geometry": { "type": "MultiPolygon", "coordinates": [ [ [ [ 30.024818280016149, 60.689396300731296 ], [ 30.025105200016075, 60.689355237768048 ], [ 30.025974240016087, 60.689231079262044 ], [ 30.026104920016113, 60.689212221931093 ], [ 30.02665824001615, 60.689132474684868 ], [ 30.026985840016113, 60.688875431662737 ], [ 30.028830120016114, 60.687428656174156 ], [ 30.028402800016078, 60.687205879749094 ], [ 30.02862384001612, 60.687088939133147 ], [ 30.028395240016078, 60.686893479038631 ], [ 30.028300200016126, 60.686767196028633 ], [ 30.028539240016126, 60.686719432192938 ], [ 30.02960124001611, 60.686514099766811 ], [ 30.02982660001615, 60.686490570173376 ], [ 30.030364440016079, 60.686550936324281 ], [ 30.031656480016125, 60.686836021652425 ], [ 30.032407080016132, 60.687005926019012 ], [ 30.030386400016098, 60.689149129098446 ], [ 30.029246280016128, 60.690357564436646 ], [ 30.026138040016161, 60.689971705410507 ], [ 30.0242844000161, 60.690203098019701 ], [ 30.023903520016134, 60.690334125769652 ], [ 30.023922600016096, 60.69030566450823 ], [ 30.02393412001615, 60.689522132832963 ], [ 30.024818280016149, 60.689396300731296 ] ] ] ] } },
{ "type": "Feature", "properties": { }, "geometry": { "type": "MultiPolygon", "coordinates": [ [ [ [ 30.040509240016078, 60.67890503659153 ], [ 30.040392960016163, 60.679080888635752 ], [ 30.038974560016086, 60.680521428876567 ], [ 30.038688720016161, 60.680811856119561 ], [ 30.036426120016156, 60.683109356121818 ], [ 30.036364920016123, 60.683171667586059 ], [ 30.036363480016089, 60.683171667586059 ], [ 30.034947960016158, 60.684569809925215 ], [ 30.034664640016082, 60.68487668099371 ], [ 30.03391044001614, 60.685655038135089 ], [ 30.032906040016076, 60.686671844537059 ], [ 30.032700120016109, 60.686880084074332 ], [ 30.032392680016109, 60.686906873997366 ], [ 30.03173028001612, 60.686756621015782 ], [ 30.030420600016139, 60.686468098073647 ], [ 30.030024600016088, 60.686409318036603 ], [ 30.029828400016118, 60.686380060167053 ], [ 30.026715120016096, 60.684630884727852 ], [ 30.026680920016137, 60.684612024700186 ], [ 30.027411720016126, 60.684262671533844 ], [ 30.028024440016136, 60.68395456074969 ], [ 30.028359600016095, 60.683659402657597 ], [ 30.028654800016081, 60.683170257426937 ], [ 30.029344200016137, 60.682451420779778 ], [ 30.029684040016129, 60.681880993610953 ], [ 30.029806440016099, 60.681629709830986 ], [ 30.029837400016149, 60.681458807534987 ], [ 30.030155280016114, 60.681258906224699 ], [ 30.031112160016114, 60.681008146431729 ], [ 30.031482600016115, 60.680844732847135 ], [ 30.031513560016077, 60.680580484097327 ], [ 30.031438320016143, 60.680504681853975 ], [ 30.03129252001612, 60.680358012820228 ], [ 30.030843240016154, 60.680321257314581 ], [ 30.03060456001608, 60.680315792463674 ], [ 30.029927400016135, 60.680300367476157 ], [ 30.029634000016124, 60.680289173337727 ], [ 30.029604480016108, 60.680195653651118 ], [ 30.029906160016086, 60.679923378482627 ], [ 30.030244920016166, 60.679653128335758 ], [ 30.030580080016126, 60.679554846979187 ], [ 30.03087816001608, 60.679397948765455 ], [ 30.030884280016135, 60.679394775535272 ], [ 30.031458840016128, 60.678785333246815 ], [ 30.031904880016096, 60.678729271733431 ], [ 30.032666280016102, 60.678632309765938 ], [ 30.035010240016103, 60.678172089025281 ], [ 30.035723400016153, 60.678225154460769 ], [ 30.035810160016148, 60.678070541635762 ], [ 30.035832480016104, 60.678030169407499 ], [ 30.036495600016149, 60.678007779547301 ], [ 30.0366025200161, 60.678036692434731 ], [ 30.036847680016162, 60.678103244866513 ], [ 30.039630120016138, 60.678005575820094 ], [ 30.040511040016142, 60.67873173985241 ], [ 30.040509240016078, 60.67890503659153 ] ] ] ] } },
{ "type": "Feature", "properties": { }, "geometry": { "type": "MultiPolygon", "coordinates": [ [ [ [ 30.020634720016091, 60.691202754880415 ], [ 30.020389200016083, 60.690387876070879 ], [ 30.021700680016121, 60.690426646724198 ], [ 30.021797880016074, 60.691057368197569 ], [ 30.020634720016091, 60.691202754880415 ] ] ] ] } },
{ "type": "Feature", "properties": { }, "geometry": { "type": "MultiPolygon", "coordinates": [ [ [ [ 30.006628560016079, 60.67998181779523 ], [ 30.006657360016128, 60.67996401276703 ], [ 30.006684720016146, 60.679947970604488 ], [ 30.006787320016098, 60.679887327632073 ], [ 30.006940680016111, 60.679799007284693 ], [ 30.006981000016125, 60.679694379972688 ], [ 30.006931680016088, 60.679556698020981 ], [ 30.007185480016144, 60.679388429073953 ], [ 30.007254600016118, 60.679342593482772 ], [ 30.007468800016131, 60.679214077188639 ], [ 30.007729800016069, 60.679048891568385 ], [ 30.007865880016094, 60.67896550512215 ], [ 30.008109960016068, 60.678808339594283 ], [ 30.008210040016085, 60.678756156590893 ], [ 30.008264040016144, 60.678762062441812 ], [ 30.008412720016135, 60.678722484405235 ], [ 30.008493720016098, 60.678555885900252 ], [ 30.00857688001615, 60.678470558924545 ], [ 30.008654640016115, 60.678390696901459 ], [ 30.009049920016103, 60.678088964753684 ], [ 30.009064680016067, 60.678088876604811 ], [ 30.00914856001609, 60.678088171413869 ], [ 30.00933396001615, 60.67794871960507 ], [ 30.00956292001613, 60.677761401907098 ], [ 30.00977604001606, 60.677572143812746 ], [ 30.009981960016116, 60.677381826795816 ], [ 30.010087440016125, 60.677286800091885 ], [ 30.010278600016122, 60.677091809353257 ], [ 30.010461480016069, 60.676895142542747 ], [ 30.01068792001611, 60.67662980352496 ], [ 30.010800240016149, 60.676496780582816 ], [ 30.010945680016139, 60.676312716121927 ], [ 30.011071680016141, 60.676151658855069 ], [ 30.011116680016091, 60.676094182284487 ], [ 30.011228280016066, 60.675941763090329 ], [ 30.011349600016125, 60.67576942010129 ], [ 30.011506560016088, 60.675779646104921 ], [ 30.011722560016068, 60.675453029470077 ], [ 30.015810000016089, 60.676860675039826 ], [ 30.016112400016123, 60.67696513526117 ], [ 30.016467360016108, 60.677088812198889 ], [ 30.016071360016145, 60.677279659855095 ], [ 30.016200240016115, 60.677346830908732 ], [ 30.015596160016106, 60.677631733346765 ], [ 30.014772480016074, 60.678020296715182 ], [ 30.014431920016108, 60.677744124549235 ], [ 30.014396280016129, 60.677714241750181 ], [ 30.013097400016139, 60.677268112061427 ], [ 30.011136120016079, 60.677322589402898 ], [ 30.01045608001607, 60.677860834684466 ], [ 30.01038012001608, 60.67808376397025 ], [ 30.010970880016067, 60.678094165536244 ], [ 30.011063760016111, 60.678231324854544 ], [ 30.01116924001612, 60.67838373320572 ], [ 30.011890320016111, 60.678817859457432 ], [ 30.012414840016106, 60.678773962287366 ], [ 30.013452360016128, 60.678690486981495 ], [ 30.01346460001615, 60.678693660281141 ], [ 30.013328880016157, 60.678769114202659 ], [ 30.012584760016146, 60.67922165772498 ], [ 30.011988240016127, 60.679612405514142 ], [ 30.011524200016108, 60.679889266798639 ], [ 30.011439240016088, 60.679945238147418 ], [ 30.010747680016113, 60.679661590214295 ], [ 30.010161960016084, 60.679420513948926 ], [ 30.009695400016128, 60.679227916073501 ], [ 30.007783440016105, 60.680285206909772 ], [ 30.007423080016125, 60.680435490115471 ], [ 30.00711492001615, 60.680205790105305 ], [ 30.006802440016088, 60.680040874006259 ], [ 30.006628560016079, 60.67998181779523 ] ] ] ] } },
{ "type": "Feature", "properties": { }, "geometry": { "type": "MultiPolygon", "coordinates": [ [ [ [ 30.030386400016098, 60.689149129098446 ], [ 30.032407080016132, 60.687005926019012 ], [ 30.032591760016135, 60.68698979924266 ], [ 30.033077760016084, 60.687707388903569 ], [ 30.033591120016141, 60.687996253217932 ], [ 30.034547640016108, 60.688342922219576 ], [ 30.034904040016119, 60.68842795865627 ], [ 30.035585880016097, 60.68890653776679 ], [ 30.035750400016138, 60.6893147915792 ], [ 30.034716480016151, 60.689332855787477 ], [ 30.033476640016104, 60.68947419685226 ], [ 30.033425520016099, 60.68933875969725 ], [ 30.033109440016101, 60.689365547572777 ], [ 30.033081720016149, 60.689348364563074 ], [ 30.032390520016111, 60.689418594549892 ], [ 30.032087760016132, 60.689451638719014 ], [ 30.031771680016135, 60.689478250265189 ], [ 30.031599240016153, 60.689677748042655 ], [ 30.030386400016098, 60.689149129098446 ] ] ] ] } },
{ "type": "Feature", "properties": { }, "geometry": { "type": "MultiPolygon", "coordinates": [ [ [ [ 30.057774840016165, 60.68690475900425 ], [ 30.057636600016142, 60.687339915908026 ], [ 30.057740280016095, 60.687565158846382 ], [ 30.057478920016131, 60.687583488405799 ], [ 30.057382440016145, 60.68739578617361 ], [ 30.057599880016159, 60.686630778095925 ], [ 30.057687720016148, 60.68662681244966 ], [ 30.057862680016154, 60.686619057406752 ], [ 30.057774840016165, 60.68690475900425 ] ] ] ] } },
{ "type": "Feature", "properties": { }, "geometry": { "type": "MultiPolygon", "coordinates": [ [ [ [ 30.026357640016084, 60.684750654458774 ], [ 30.026833920016127, 60.684979969506003 ], [ 30.027474720016126, 60.685292300669055 ], [ 30.027463560016098, 60.685298469707746 ], [ 30.026711520016153, 60.685674778832229 ], [ 30.025265040016091, 60.686337847712004 ], [ 30.024588240016076, 60.686188649592893 ], [ 30.022516080016096, 60.687474920863274 ], [ 30.021846840016085, 60.687890330729068 ], [ 30.021571440016128, 60.689066826250922 ], [ 30.021496200016099, 60.689385902818501 ], [ 30.01989168001608, 60.68937479995877 ], [ 30.019974480016103, 60.689258131582022 ], [ 30.019950720016116, 60.688795242983893 ], [ 30.020268600016081, 60.688429721067067 ], [ 30.020752080016088, 60.688050271790566 ], [ 30.02099508001616, 60.687580844719996 ], [ 30.021447240016094, 60.687142077988739 ], [ 30.021870240016138, 60.686895417782985 ], [ 30.022580160016098, 60.686738555360755 ], [ 30.022889400016073, 60.6866216130461 ], [ 30.023831160016076, 60.686063685721464 ], [ 30.024434520016122, 60.685678656467758 ], [ 30.025004040016153, 60.685315214235452 ], [ 30.025004760016124, 60.685314861719142 ], [ 30.025508040016149, 60.685114808105766 ], [ 30.026357640016084, 60.684750654458774 ] ] ] ] } },
{ "type": "Feature", "properties": { }, "geometry": { "type": "MultiPolygon", "coordinates": [ [ [ [ 30.028395240016078, 60.686893479038631 ], [ 30.02862384001612, 60.687088939133147 ], [ 30.028402800016078, 60.687205879749094 ], [ 30.028830120016114, 60.687428656174156 ], [ 30.026985840016113, 60.688875431662737 ], [ 30.02665824001615, 60.689132474684868 ], [ 30.026104920016113, 60.689212221931093 ], [ 30.025974240016087, 60.689231079262044 ], [ 30.025105200016075, 60.689355237768048 ], [ 30.024818280016149, 60.689396300731296 ], [ 30.023125560016116, 60.689637654728216 ], [ 30.021492240016137, 60.689406522404994 ], [ 30.021496200016099, 60.689385902818501 ], [ 30.021571440016128, 60.689066826250922 ], [ 30.021846840016085, 60.687890330729068 ], [ 30.022516080016096, 60.687474920863274 ], [ 30.024588240016076, 60.686188649592893 ], [ 30.025265040016091, 60.686337847712004 ], [ 30.026711520016153, 60.685674778832229 ], [ 30.027786840016159, 60.686084219310558 ], [ 30.028254120016083, 60.686705772780407 ], [ 30.028395240016078, 60.686893479038631 ] ] ] ] } },
{ "type": "Feature", "properties": { }, "geometry": { "type": "MultiPolygon", "coordinates": [ [ [ [ 30.009498840016136, 60.676699708667776 ], [ 30.009533040016088, 60.676770583336051 ], [ 30.008352600016099, 60.676834493817253 ], [ 30.008472840016079, 60.676664888344504 ], [ 30.008656800016116, 60.676682342587213 ], [ 30.008610360016128, 60.676732589596703 ], [ 30.008710080016112, 60.676743432362173 ], [ 30.008792160016078, 60.676747399226635 ], [ 30.009498840016136, 60.676699708667776 ] ] ] ] } },
{ "type": "Feature", "properties": { }, "geometry": { "type": "MultiPolygon", "coordinates": [ [ [ [ 30.029246280016128, 60.690357564436646 ], [ 30.030386400016098, 60.689149129098446 ], [ 30.031599240016153, 60.689677748042655 ], [ 30.031715520016157, 60.689842614750958 ], [ 30.031750440016083, 60.689892224396758 ], [ 30.031854480016154, 60.690040171713868 ], [ 30.031934400016112, 60.690153400737508 ], [ 30.029246280016128, 60.690357564436646 ] ] ] ] } },
{ "type": "Feature", "properties": { }, "geometry": { "type": "MultiPolygon", "coordinates": [ [ [ [ 30.056658120016156, 60.686954285056459 ], [ 30.056756760016139, 60.686958515036018 ], [ 30.056757840016139, 60.686913747724013 ], [ 30.056761800016105, 60.68671317530147 ], [ 30.056762160016138, 60.686635536870753 ], [ 30.056776560016161, 60.686635624996214 ], [ 30.057390720016112, 60.686640119393978 ], [ 30.057599880016159, 60.686630778095925 ], [ 30.057382440016145, 60.68739578617361 ], [ 30.057478920016131, 60.687583488405799 ], [ 30.056163840016151, 60.687642530665507 ], [ 30.056034240016125, 60.687639886984549 ], [ 30.05607780001613, 60.68705677377995 ], [ 30.056071680016164, 60.686929433915196 ], [ 30.056191920016136, 60.686934633269011 ], [ 30.056204880016125, 60.68693525014146 ], [ 30.056658120016156, 60.686954285056459 ] ] ] ] } },
{ "type": "Feature", "properties": { }, "geometry": { "type": "MultiPolygon", "coordinates": [ [ [ [ 30.032728920016158, 60.690875854204471 ], [ 30.03282288001612, 60.690877792708868 ], [ 30.033342000016109, 60.690889071277418 ], [ 30.033622800016158, 60.690895063015319 ], [ 30.033815760016129, 60.691125655963795 ], [ 30.033860400016135, 60.691273245156736 ], [ 30.033345960016078, 60.691253067330912 ], [ 30.030523920016154, 60.691186101530057 ], [ 30.028542480016124, 60.691104068233997 ], [ 30.029246280016128, 60.690357564436646 ], [ 30.031934400016112, 60.690153400737508 ], [ 30.032001000016145, 60.690247948869761 ], [ 30.032168040016124, 60.690485243191098 ], [ 30.032438760016149, 60.690869510007559 ], [ 30.032728920016158, 60.690875854204471 ] ] ] ] } },
{ "type": "Feature", "properties": { }, "geometry": { "type": "MultiPolygon", "coordinates": [ [ [ [ 30.036274200016166, 60.677946956620076 ], [ 30.036495600016149, 60.678007779547301 ], [ 30.035832480016104, 60.678030169407499 ], [ 30.035931120016087, 60.677854223472075 ], [ 30.036274200016166, 60.677946956620076 ] ] ] ] } },
{ "type": "Feature", "properties": { }, "geometry": { "type": "MultiPolygon", "coordinates": [ [ [ [ 30.009286800016113, 60.673483562293654 ], [ 30.009328560016062, 60.673319052554177 ], [ 30.009401640016087, 60.672429750889727 ], [ 30.00960828001611, 60.672428428424205 ], [ 30.011017680016074, 60.672274140409442 ], [ 30.011260320016113, 60.671985752085703 ], [ 30.011508360016144, 60.671968912455341 ], [ 30.011502960016145, 60.671971910086512 ], [ 30.011414040016071, 60.672062456049829 ], [ 30.011117760016091, 60.672380731465481 ], [ 30.011036760016125, 60.672445355978546 ], [ 30.010874040016141, 60.672575398091105 ], [ 30.010642920016075, 60.672819435023996 ], [ 30.010389840016071, 60.673243674016462 ], [ 30.010496040016143, 60.673259014224413 ], [ 30.01077288001613, 60.673572517102656 ], [ 30.010798800016119, 60.673601874780502 ], [ 30.010744080016082, 60.673603814325837 ], [ 30.010626720016077, 60.673607957899577 ], [ 30.010404600016123, 60.673616068723256 ], [ 30.010333320016066, 60.673607605255043 ], [ 30.009812040016076, 60.673545804237371 ], [ 30.009295800016144, 60.673484708392863 ], [ 30.009286800016113, 60.673483562293654 ] ] ] ] } },
{ "type": "Feature", "properties": { }, "geometry": { "type": "MultiPolygon", "coordinates": [ [ [ [ 30.028101480016133, 60.685645696550999 ], [ 30.029189760016124, 60.686305681607777 ], [ 30.029421960016101, 60.686446419091993 ], [ 30.028245480016089, 60.686695902749697 ], [ 30.027786840016159, 60.686084219310558 ], [ 30.026711520016153, 60.685674778832229 ], [ 30.027463560016098, 60.685298469707746 ], [ 30.028101480016133, 60.685645696550999 ] ] ] ] } },
{ "type": "Feature", "properties": { }, "geometry": { "type": "MultiPolygon", "coordinates": [ [ [ [ 30.03270264001614, 60.673494582476572 ], [ 30.032677440016123, 60.673486207137898 ], [ 30.03256368001615, 60.673400866720513 ], [ 30.032600400016126, 60.67328819586421 ], [ 30.032691480016119, 60.673326193669659 ], [ 30.032796960016128, 60.673370450917872 ], [ 30.032937000016119, 60.673333334783564 ], [ 30.033276120016144, 60.673043016370279 ], [ 30.0331756800161, 60.673008721067475 ], [ 30.03326568001609, 60.672805417056644 ], [ 30.033295920016162, 60.672737619379816 ], [ 30.032404200016163, 60.672537134907103 ], [ 30.032334000016107, 60.67242684146553 ], [ 30.032497440016151, 60.672253245347129 ], [ 30.0325338000161, 60.67222900000472 ], [ 30.033829440016092, 60.671367969931261 ], [ 30.033846000016112, 60.671237570270222 ], [ 30.033877680016122, 60.6710052477262 ], [ 30.033975960016082, 60.670645695527206 ], [ 30.034078920016153, 60.6706422569262 ], [ 30.034710360016092, 60.671089889150828 ], [ 30.035000160016164, 60.671248062216549 ], [ 30.035336400016124, 60.671467598795694 ], [ 30.035773800016102, 60.671911340249316 ], [ 30.036690720016118, 60.672860783584049 ], [ 30.037402800016078, 60.673624091383779 ], [ 30.037675320016167, 60.673888926219732 ], [ 30.038133240016123, 60.674259991071104 ], [ 30.038564160016101, 60.674610334429133 ], [ 30.038984280016084, 60.674956883203961 ], [ 30.039387120016166, 60.675335693508124 ], [ 30.039528600016098, 60.675503631022671 ], [ 30.039683040016111, 60.6757434143016 ], [ 30.039886080016103, 60.676135262175158 ], [ 30.039944760016105, 60.676389674235764 ], [ 30.03997824001609, 60.676631213970687 ], [ 30.039892200016165, 60.676878481785053 ], [ 30.039543720016088, 60.677367017457811 ], [ 30.039518520016159, 60.677613662567786 ], [ 30.039584760016158, 60.677799041833268 ], [ 30.039667920016115, 60.677897328552248 ], [ 30.036495600016149, 60.678007779547301 ], [ 30.036274200016166, 60.677946956620076 ], [ 30.035931120016087, 60.677854223472075 ], [ 30.035832480016104, 60.678030169407499 ], [ 30.035773800016102, 60.6780324612821 ], [ 30.035010240016103, 60.678172089025281 ], [ 30.032775720016076, 60.678005663969152 ], [ 30.032544240016161, 60.678008132143667 ], [ 30.032826480016144, 60.677706396408972 ], [ 30.032686800016087, 60.677300992409641 ], [ 30.032697600016085, 60.677219188156741 ], [ 30.03272676001616, 60.676962402550835 ], [ 30.032747280016153, 60.676782483918039 ], [ 30.032839800016077, 60.676154391634256 ], [ 30.032867520016126, 60.675963889923835 ], [ 30.032873280016151, 60.675923074278842 ], [ 30.032940960016091, 60.6759637136145 ], [ 30.033093600016137, 60.676080518360749 ], [ 30.033195840016145, 60.676162061045559 ], [ 30.033429840016098, 60.67631262796818 ], [ 30.033570240016122, 60.676402809107365 ], [ 30.033772200016116, 60.676476593487862 ], [ 30.033951840016151, 60.676483381289756 ], [ 30.03413436001615, 60.676484703588635 ], [ 30.034269720016123, 60.676483822056049 ], [ 30.034338840016087, 60.676437629714229 ], [ 30.034413360016142, 60.676335019007759 ], [ 30.034730880016088, 60.676031063723698 ], [ 30.034721880016146, 60.675899977713776 ], [ 30.034741680016079, 60.675875029878718 ], [ 30.03479784001614, 60.675887988650601 ], [ 30.034954080016124, 60.67578008688087 ], [ 30.035003760016107, 60.675695105167016 ], [ 30.035037240016088, 60.67563798040343 ], [ 30.035169720016082, 60.675482032808759 ], [ 30.034929600016081, 60.675404896212129 ], [ 30.034577520016157, 60.675300430926541 ], [ 30.034487880016108, 60.675265344619547 ], [ 30.034607760016144, 60.675193849538935 ], [ 30.03463080001616, 60.675179479978283 ], [ 30.034802160016138, 60.675076512632032 ], [ 30.034953000016127, 60.674985093573419 ], [ 30.035086920016159, 60.674904253167362 ], [ 30.035106360016144, 60.674903724221821 ], [ 30.035207520016154, 60.674841044115169 ], [ 30.034569240016104, 60.674602664648106 ], [ 30.034525680016088, 60.674624087135435 ], [ 30.034436760016103, 60.674597375142874 ], [ 30.034332720016121, 60.674653267537614 ], [ 30.034329120016096, 60.674655030703043 ], [ 30.0343161600161, 60.674652474113117 ], [ 30.034200240016126, 60.674634842452875 ], [ 30.034003680016124, 60.674762142822829 ], [ 30.033711720016147, 60.674912716294614 ], [ 30.033768600016089, 60.674932110952916 ], [ 30.03371892001611, 60.674962701594687 ], [ 30.032921520016099, 60.674698140068188 ], [ 30.033106920016166, 60.674556205130692 ], [ 30.033264960016115, 60.674455175284564 ], [ 30.033500760016121, 60.674283353290896 ], [ 30.033441720016096, 60.674199337379797 ], [ 30.033463320016082, 60.674123784584097 ], [ 30.033475560016104, 60.674078558613388 ], [ 30.033540360016168, 60.673982023434036 ], [ 30.033669240016131, 60.673814430622294 ], [ 30.033492840016098, 60.673758095967251 ], [ 30.033329760016088, 60.673688184435122 ], [ 30.033194760016148, 60.673648159353377 ], [ 30.033298440016104, 60.673577718615086 ], [ 30.033127440016152, 60.673468663000328 ], [ 30.033056880016154, 60.673513096375451 ], [ 30.032866080016095, 60.673380236874877 ], [ 30.03270264001614, 60.673494582476572 ] ] ] ] } },
{ "type": "Feature", "properties": { }, "geometry": { "type": "MultiPolygon", "coordinates": [ [ [ [ 30.010843080016098, 60.665083498685618 ], [ 30.010729320016118, 60.664870444264494 ], [ 30.010912560016092, 60.664838962179573 ], [ 30.011398560016129, 60.66471744280674 ], [ 30.011715360016105, 60.664475549105262 ], [ 30.011892480016112, 60.66406601001917 ], [ 30.011841720016136, 60.663735746992444 ], [ 30.011535720016074, 60.663625952525699 ], [ 30.011080680016075, 60.663469858542996 ], [ 30.010811760016114, 60.662933930110384 ], [ 30.010899600016103, 60.662695109696656 ], [ 30.011231520016064, 60.662469604452696 ], [ 30.01168188001612, 60.662375239255468 ], [ 30.01226292001612, 60.662372152538737 ], [ 30.012870240016127, 60.661996276421192 ], [ 30.013319160016071, 60.662010299095598 ], [ 30.013766280016124, 60.662095581518734 ], [ 30.013903440016151, 60.662147791536015 ], [ 30.014537040016091, 60.662467046894925 ], [ 30.015199080016135, 60.662648544801058 ], [ 30.015074520016075, 60.662783124220638 ], [ 30.015029160016102, 60.662884984416557 ], [ 30.01485024001612, 60.662820164329183 ], [ 30.014421480016146, 60.662663713675961 ], [ 30.014007480016133, 60.662496591084448 ], [ 30.013882920016073, 60.662435562460146 ], [ 30.013477920016083, 60.662213671284995 ], [ 30.012461640016113, 60.662639196537413 ], [ 30.011251320016083, 60.662933224587377 ], [ 30.011587920016076, 60.663430085322481 ], [ 30.01218660001609, 60.663606639243419 ], [ 30.012268320016116, 60.663630450137688 ], [ 30.012652800016113, 60.664226334080269 ], [ 30.012417720016074, 60.664472638962145 ], [ 30.012287400016074, 60.66444212653694 ], [ 30.011887440016142, 60.664788079304934 ], [ 30.011358960016096, 60.665019917609023 ], [ 30.010843440016124, 60.665083410501133 ], [ 30.010843080016098, 60.665083498685618 ] ] ] ] } },
{ "type": "Feature", "properties": { }, "geometry": { "type": "MultiPolygon", "coordinates": [ [ [ [ 30.055898520016125, 60.687649756725683 ], [ 30.056034240016125, 60.687639886984549 ], [ 30.056163840016151, 60.687642530665507 ], [ 30.057478920016131, 60.687583488405799 ], [ 30.057390720016112, 60.687795775666842 ], [ 30.057390000016142, 60.687808553394184 ], [ 30.056854680016155, 60.687809610861066 ], [ 30.054828600016119, 60.688151875809439 ], [ 30.05151588001613, 60.68963888836943 ], [ 30.049735320016097, 60.689552357137003 ], [ 30.04863300001611, 60.689832305099124 ], [ 30.047596200016152, 60.690094539318167 ], [ 30.047363640016144, 60.689951967350034 ], [ 30.048472800016157, 60.689670610555147 ], [ 30.048476400016096, 60.689669729383773 ], [ 30.049663680016106, 60.689368984173591 ], [ 30.050236080016102, 60.689396124495502 ], [ 30.051393120016126, 60.689452343660882 ], [ 30.054905640016116, 60.687935801657183 ], [ 30.054945960016124, 60.687931571806118 ], [ 30.055950360016098, 60.687817982472538 ], [ 30.055898520016125, 60.687649756725683 ] ] ] ] } },
{ "type": "Feature", "properties": { }, "geometry": { "type": "MultiPolygon", "coordinates": [ [ [ [ 30.040081560016105, 60.689367926757981 ], [ 30.040137360016136, 60.690304519008009 ], [ 30.040623360016092, 60.690203626713775 ], [ 30.04171668001614, 60.690057530586159 ], [ 30.042117000016102, 60.690038938088065 ], [ 30.042048600016102, 60.690162212317937 ], [ 30.04176060001609, 60.690185298647314 ], [ 30.040760160016085, 60.69037025303119 ], [ 30.039783840016096, 60.690587280092195 ], [ 30.039611760016147, 60.690625609932546 ], [ 30.03953400001609, 60.690642968488888 ], [ 30.039483960016085, 60.690202481209923 ], [ 30.03957504001616, 60.689579056717257 ], [ 30.039559920016174, 60.689496402499252 ], [ 30.040081560016105, 60.689367926757981 ] ] ] ] } },
{ "type": "Feature", "properties": { }, "geometry": { "type": "MultiPolygon", "coordinates": [ [ [ [ 30.035673360016148, 60.683960906310482 ], [ 30.037860720016131, 60.683689456203112 ], [ 30.036299040016154, 60.683317089911483 ], [ 30.036233880016152, 60.683301401958936 ], [ 30.036426120016156, 60.683109356121818 ], [ 30.036485880016151, 60.683124515357584 ], [ 30.038408280016146, 60.683616922231487 ], [ 30.038980320016115, 60.683572326537146 ], [ 30.039734520016147, 60.683565804632032 ], [ 30.039749640016137, 60.683816280093531 ], [ 30.039887520016137, 60.686122113882547 ], [ 30.039904800016124, 60.686414781852676 ], [ 30.040081560016105, 60.689367926757981 ], [ 30.039559920016174, 60.689496402499252 ], [ 30.039521040016101, 60.689280249260001 ], [ 30.039408000016088, 60.689316201468976 ], [ 30.039149160016155, 60.68939832744271 ], [ 30.038981040016083, 60.686597378526827 ], [ 30.038820120016162, 60.683913050175377 ], [ 30.035319120016137, 60.684325509555222 ], [ 30.03517944001608, 60.684341637667153 ], [ 30.035548440016147, 60.68397615327779 ], [ 30.035673360016148, 60.683960906310482 ] ] ] ] } },
{ "type": "Feature", "properties": { }, "geometry": { "type": "MultiPolygon", "coordinates": [ [ [ [ 30.034466280016119, 60.674656000444024 ], [ 30.034423800016111, 60.67467363209262 ], [ 30.034329120016096, 60.674655030703043 ], [ 30.034332720016121, 60.674653267537614 ], [ 30.034436760016103, 60.674597375142874 ], [ 30.034525680016088, 60.674624087135435 ], [ 30.03447744001614, 60.674648859623566 ], [ 30.034466280016119, 60.674656000444024 ] ] ] ] } },
{ "type": "Feature", "properties": { }, "geometry": { "type": "MultiPolygon", "coordinates": [ [ [ [ 30.039630120016138, 60.678005752118253 ], [ 30.036847680016162, 60.678103509312969 ], [ 30.0366025200161, 60.678036692434731 ], [ 30.036495600016149, 60.678007779547301 ], [ 30.039667920016115, 60.677897328552248 ], [ 30.03974928001611, 60.677997554251611 ], [ 30.039630120016138, 60.678005752118253 ] ] ] ] } },
{ "type": "Feature", "properties": { }, "geometry": { "type": "MultiPolygon", "coordinates": [ [ [ [ 30.057859080016129, 60.687801679858737 ], [ 30.057554160016153, 60.687791457675125 ], [ 30.057390000016142, 60.687808553394184 ], [ 30.057390720016112, 60.687795775666842 ], [ 30.057478920016131, 60.687583488405799 ], [ 30.057740280016095, 60.687565158846382 ], [ 30.057636600016142, 60.687339915908026 ], [ 30.057876360016124, 60.687338241561065 ], [ 30.057876360016124, 60.687338417808078 ], [ 30.057855840016131, 60.687394199952891 ], [ 30.057862680016154, 60.687651519179155 ], [ 30.057859080016129, 60.687801679858737 ] ] ] ] } },
{ "type": "Feature", "properties": { }, "geometry": { "type": "MultiPolygon", "coordinates": [ [ [ [ 30.035773800016102, 60.6780324612821 ], [ 30.035832480016104, 60.678030169407499 ], [ 30.035810160016148, 60.678070541635762 ], [ 30.035723400016153, 60.678225154460769 ], [ 30.035010240016103, 60.678172089025281 ], [ 30.035773800016102, 60.6780324612821 ] ] ] ] } },
{ "type": "Feature", "properties": { }, "geometry": { "type": "MultiPolygon", "coordinates": [ [ [ [ 30.037860720016131, 60.683689456203112 ], [ 30.035673360016148, 60.683960906310482 ], [ 30.035548440016147, 60.68397615327779 ], [ 30.036233880016152, 60.683301401958936 ], [ 30.036299040016154, 60.683317089911483 ], [ 30.037860720016131, 60.683689456203112 ] ] ] ] } },
{ "type": "Feature", "properties": { }, "geometry": { "type": "MultiPolygon", "coordinates": [ [ [ [ 30.007294200016066, 60.676484703588635 ], [ 30.007662120016132, 60.676240606290385 ], [ 30.007902240016133, 60.676035735911896 ], [ 30.008517480016085, 60.675317445126957 ], [ 30.008822400016061, 60.674825704661203 ], [ 30.00906360001607, 60.674101744645277 ], [ 30.009206520016122, 60.673800324927633 ], [ 30.009285000016146, 60.673489821758068 ], [ 30.009295800016144, 60.673484708392863 ], [ 30.009812040016076, 60.673545804237371 ], [ 30.009727080016145, 60.67368130788271 ], [ 30.009425760016104, 60.674162045882035 ], [ 30.00984012001615, 60.674522175916017 ], [ 30.010164840016149, 60.674547830068256 ], [ 30.010039200016088, 60.674656441235356 ], [ 30.010006800016104, 60.674695759798006 ], [ 30.009965040016148, 60.674750153335793 ], [ 30.009909960016088, 60.674818828351867 ], [ 30.009824280016097, 60.674925939926517 ], [ 30.009774960016063, 60.674986680405965 ], [ 30.009652920016123, 60.675102518970597 ], [ 30.009603240016144, 60.675167578803539 ], [ 30.009540600016084, 60.675250710620915 ], [ 30.009477600016083, 60.675333754067147 ], [ 30.009460320016089, 60.675373071802397 ], [ 30.009440520016074, 60.675420499858603 ], [ 30.009413160016141, 60.67548141571671 ], [ 30.009395520016128, 60.67552346610433 ], [ 30.009251160016131, 60.675709121875954 ], [ 30.009020760016121, 60.676007173845065 ], [ 30.008950560016064, 60.676096474296948 ], [ 30.008507400016153, 60.675982931330154 ], [ 30.007931760016064, 60.676457287913607 ], [ 30.007920600016128, 60.676468042618502 ], [ 30.007802160016126, 60.676565892637271 ], [ 30.007463760016076, 60.676515028295249 ], [ 30.007294200016066, 60.676484703588635 ] ] ] ] } },
{ "type": "Feature", "properties": { }, "geometry": { "type": "MultiPolygon", "coordinates": [ [ [ [ 30.013948080016068, 60.6745412181753 ], [ 30.014030520016153, 60.67442405520702 ], [ 30.014034480016118, 60.674417795924285 ], [ 30.014530200016154, 60.674669929447212 ], [ 30.014824320016135, 60.674820062561324 ], [ 30.014935200016147, 60.674721237495703 ], [ 30.015632160016114, 60.674974691002582 ], [ 30.015060840016119, 60.675427552351664 ], [ 30.015002880016084, 60.67579604296602 ], [ 30.015193680016143, 60.676028859861084 ], [ 30.015510120016085, 60.67621962564894 ], [ 30.016000080016092, 60.676422202867755 ], [ 30.01677084001615, 60.676661009622613 ], [ 30.016112400016123, 60.67696513526117 ], [ 30.015810000016089, 60.676860675039826 ], [ 30.011722560016068, 60.675453029470077 ], [ 30.011774040016107, 60.675375363866181 ], [ 30.011954040016079, 60.675089912510821 ], [ 30.011844960016138, 60.675069460062019 ], [ 30.011917320016103, 60.674959087139968 ], [ 30.012038640016076, 60.674773427041863 ], [ 30.012215040016105, 60.674800755993388 ], [ 30.012284880016132, 60.674684740026287 ], [ 30.012429600016063, 60.674752092811936 ], [ 30.012509160016087, 60.674850565151893 ], [ 30.012613200016069, 60.674915889966769 ], [ 30.012622920016067, 60.675023706476516 ], [ 30.012727320016079, 60.675079157345401 ], [ 30.012748560016124, 60.675099962416233 ], [ 30.012796800016073, 60.675140602791224 ], [ 30.01282956001609, 60.675156999977894 ], [ 30.012868440016071, 60.675200373141003 ], [ 30.012887880016148, 60.675222059700694 ], [ 30.013017480016092, 60.675224792558808 ], [ 30.013108560016079, 60.675184064133283 ], [ 30.013198920016091, 60.675154178957108 ], [ 30.013311960016097, 60.675113803070303 ], [ 30.013421760016112, 60.675105604466999 ], [ 30.01346568001615, 60.675106750508441 ], [ 30.013572240016067, 60.675152327662111 ], [ 30.013724160016146, 60.675155148683011 ], [ 30.013818120016097, 60.675060820661677 ], [ 30.013613280016138, 60.674939075395535 ], [ 30.013621200016072, 60.674852945410606 ], [ 30.013682760016138, 60.674812833619448 ], [ 30.013747920016133, 60.674831082286673 ], [ 30.013892640016159, 60.674759321767432 ], [ 30.014049240016082, 60.674567842055957 ], [ 30.013948080016068, 60.6745412181753 ] ] ] ] } },
{ "type": "Feature", "properties": { }, "geometry": { "type": "MultiPolygon", "coordinates": [ [ [ [ 30.016607760016132, 60.672800568072795 ], [ 30.016734120016071, 60.672673259944638 ], [ 30.016798200016073, 60.672426665136811 ], [ 30.016749240016154, 60.672160672123262 ], [ 30.016713960016116, 60.672089434642068 ], [ 30.016826280016151, 60.67206986194013 ], [ 30.017207880016088, 60.67200506034218 ], [ 30.017586240016119, 60.671943520744712 ], [ 30.017943720016131, 60.671886477488385 ], [ 30.018167280016119, 60.671853062612797 ], [ 30.017776680016148, 60.671998095264691 ], [ 30.017721960016111, 60.672427634944889 ], [ 30.018459960016159, 60.672842092983522 ], [ 30.018479040016118, 60.672983242014212 ], [ 30.017795040016143, 60.672952649491059 ], [ 30.016607760016132, 60.672800568072795 ] ] ] ] } },
{ "type": "Feature", "properties": { }, "geometry": { "type": "MultiPolygon", "coordinates": [ [ [ [ 30.084529680016114, 60.684294751548876 ], [ 30.086177400016119, 60.684519046364635 ], [ 30.086720640016129, 60.684375392104698 ], [ 30.088262520016183, 60.684345956121973 ], [ 30.089048400016143, 60.684195514915345 ], [ 30.089837880016127, 60.684095925446059 ], [ 30.090015000016134, 60.684522219089551 ], [ 30.089799360016176, 60.684564874582549 ], [ 30.089529720016152, 60.684601448978881 ], [ 30.088435680016133, 60.684537818315654 ], [ 30.087199800016144, 60.68462136658443 ], [ 30.086689680016175, 60.684647012686703 ], [ 30.086267760016138, 60.684652300540307 ], [ 30.085457400016129, 60.684684380166843 ], [ 30.084937200016132, 60.684674156992621 ], [ 30.084399000016184, 60.6846231292038 ], [ 30.084529680016114, 60.684294751548876 ] ] ] ] } },
{ "type": "Feature", "properties": { }, "geometry": { "type": "MultiPolygon", "coordinates": [ [ [ [ 30.084257520016155, 60.682415108350391 ], [ 30.084628320016193, 60.682375358532418 ], [ 30.084308640016165, 60.681961111387118 ], [ 30.084735960016111, 60.681926032341366 ], [ 30.085038720016179, 60.682266773413481 ], [ 30.085873200016117, 60.682232399801109 ], [ 30.085999920016178, 60.682314543859974 ], [ 30.086003520016114, 60.682470458347737 ], [ 30.085871400016142, 60.682571374897172 ], [ 30.08590524001616, 60.682669558904443 ], [ 30.086176320016119, 60.682715125348182 ], [ 30.086290440016125, 60.682561239188175 ], [ 30.086508600016113, 60.682566615521182 ], [ 30.086495640016118, 60.682735220393781 ], [ 30.086672400016187, 60.682717416889112 ], [ 30.086726040016128, 60.682890339621707 ], [ 30.08681568001618, 60.683237944994069 ], [ 30.086638200016139, 60.683115437443981 ], [ 30.086538480016163, 60.683113674742053 ], [ 30.086441280016114, 60.683342825187928 ], [ 30.086097120016131, 60.683172284530656 ], [ 30.085777080016157, 60.683204277497993 ], [ 30.085658640016153, 60.683324228808743 ], [ 30.085417800016177, 60.683188060681069 ], [ 30.085295760016145, 60.683269937896164 ], [ 30.085395840016158, 60.683453521895622 ], [ 30.085400160016157, 60.683616040894279 ], [ 30.085335000016158, 60.683682493654018 ], [ 30.084812280016134, 60.683536015372809 ], [ 30.084748920016111, 60.683540069533954 ], [ 30.084829200016188, 60.683003505677526 ], [ 30.084586920016182, 60.682753640841248 ], [ 30.084474600016151, 60.68263800608738 ], [ 30.084271560016152, 60.68243026791329 ], [ 30.084257520016155, 60.682415108350391 ] ] ] ] } },
{ "type": "Feature", "properties": { }, "geometry": { "type": "MultiPolygon", "coordinates": [ [ [ [ 30.069941760016142, 60.676567038626736 ], [ 30.070466280016134, 60.676723950642796 ], [ 30.070071000016146, 60.676776842161189 ], [ 30.069825480016146, 60.676833788598827 ], [ 30.06978228001616, 60.676754098818925 ], [ 30.069834840016103, 60.676722187590677 ], [ 30.069941760016142, 60.676567038626736 ] ] ] ] } },
{ "type": "Feature", "properties": { }, "geometry": { "type": "MultiPolygon", "coordinates": [ [ [ [ 30.057411960016161, 60.677846818912627 ], [ 30.05986680001617, 60.674090460190797 ], [ 30.062135160016119, 60.674800050730447 ], [ 30.065992200016126, 60.675952077193884 ], [ 30.065191200016169, 60.67643754156083 ], [ 30.065085000016101, 60.676847892964126 ], [ 30.065228640016127, 60.677207904795189 ], [ 30.064683240016112, 60.677224036474939 ], [ 30.064612680016115, 60.677389672216144 ], [ 30.06493848001611, 60.677383677962609 ], [ 30.065196240016139, 60.678796351614523 ], [ 30.065387400016139, 60.679436115648528 ], [ 30.0623522400161, 60.679515798787413 ], [ 30.059881200016104, 60.678681143375201 ], [ 30.057411960016161, 60.677846818912627 ] ] ] ] } },
{ "type": "Feature", "properties": { }, "geometry": { "type": "MultiPolygon", "coordinates": [ [ [ [ 30.0707373600161, 60.686526966129001 ], [ 30.068638560016161, 60.686520092319718 ], [ 30.068552160016111, 60.686602401683217 ], [ 30.068335080016126, 60.686646905052243 ], [ 30.068207280016157, 60.686619498034233 ], [ 30.068130600016104, 60.686532077422136 ], [ 30.068018280016155, 60.686501585902789 ], [ 30.067804440016165, 60.686443599060766 ], [ 30.067356600016133, 60.685569906239976 ], [ 30.067532640016143, 60.685556158210908 ], [ 30.067251120016127, 60.685135782948294 ], [ 30.067501320016163, 60.685087047263771 ], [ 30.068364600016146, 60.684964634884366 ], [ 30.068404920016153, 60.685022007483035 ], [ 30.068513280016134, 60.685064397924158 ], [ 30.069187200016177, 60.685004205243679 ], [ 30.069196560016135, 60.684780354462866 ], [ 30.069351720016122, 60.68474060756693 ], [ 30.069860040016124, 60.68595617057759 ], [ 30.069942120016176, 60.685993448409981 ], [ 30.070080720016144, 60.68621429444584 ], [ 30.07018872001618, 60.686475236271697 ], [ 30.0707373600161, 60.686526966129001 ] ] ] ] } },
{ "type": "Feature", "properties": { }, "geometry": { "type": "MultiPolygon", "coordinates": [ [ [ [ 30.064915800016124, 60.686775391661229 ], [ 30.064689360016168, 60.686483872608015 ], [ 30.06449424001611, 60.68623227226869 ], [ 30.064362480016172, 60.686061130037793 ], [ 30.064470480016123, 60.686029228038251 ], [ 30.065033520016151, 60.686040243925653 ], [ 30.065044680016179, 60.686038569510998 ], [ 30.065352840016157, 60.685986838868395 ], [ 30.065519880016133, 60.685805296261655 ], [ 30.06555876001612, 60.68576696067727 ], [ 30.065972760016137, 60.685739817293374 ], [ 30.066003000016117, 60.685778064782276 ], [ 30.066595200016138, 60.685653187444139 ], [ 30.067071120016152, 60.685592290838805 ], [ 30.067356600016133, 60.685569906239976 ], [ 30.067804440016165, 60.686443599060766 ], [ 30.067703640016092, 60.686416279995619 ], [ 30.067216200016119, 60.686407379262945 ], [ 30.066892200016177, 60.686362875562615 ], [ 30.065663160016129, 60.686619409908737 ], [ 30.064915800016124, 60.686775391661229 ] ] ] ] } },
{ "type": "Feature", "properties": { }, "geometry": { "type": "MultiPolygon", "coordinates": [ [ [ [ 30.083322600016182, 60.681213954700809 ], [ 30.086103960016153, 60.680856191216172 ], [ 30.086595720016135, 60.680925734614441 ], [ 30.088061640016189, 60.680925293908977 ], [ 30.088292400016144, 60.68119068565202 ], [ 30.088658880016176, 60.681718994681894 ], [ 30.089153880016152, 60.682434322213759 ], [ 30.089013840016158, 60.682439257883246 ], [ 30.089333160016157, 60.682985261644021 ], [ 30.089694600016134, 60.683159945636653 ], [ 30.08979900001615, 60.683291619018334 ], [ 30.089946600016138, 60.683793365459579 ], [ 30.089969280016128, 60.684079356548679 ], [ 30.089837880016127, 60.684095925446059 ], [ 30.089048400016143, 60.684195514915345 ], [ 30.088262520016183, 60.684345956121973 ], [ 30.086720640016129, 60.684375392104698 ], [ 30.086177400016119, 60.684519046364635 ], [ 30.084529680016114, 60.684294751548876 ], [ 30.084812280016134, 60.683536015372809 ], [ 30.085335000016158, 60.683682493654018 ], [ 30.085400160016157, 60.683616040894279 ], [ 30.085395840016158, 60.683453521895622 ], [ 30.085295760016145, 60.683269937896164 ], [ 30.085417800016177, 60.683188060681069 ], [ 30.085658640016153, 60.683324228808743 ], [ 30.085777080016157, 60.683204277497993 ], [ 30.086097120016131, 60.683172284530656 ], [ 30.086441280016114, 60.683342825187928 ], [ 30.086538480016163, 60.683113674742053 ], [ 30.086638200016139, 60.683115437443981 ], [ 30.08681568001618, 60.683237944994069 ], [ 30.088443960016189, 60.683187355601873 ], [ 30.088348920016145, 60.682601958278084 ], [ 30.088281600016145, 60.682379765388241 ], [ 30.086590680016165, 60.682453712339452 ], [ 30.086672400016187, 60.682717416889112 ], [ 30.086495640016118, 60.682735220393781 ], [ 30.086508600016113, 60.682566615521182 ], [ 30.086290440016125, 60.682561239188175 ], [ 30.086176320016119, 60.682715125348182 ], [ 30.08590524001616, 60.682669558904443 ], [ 30.085871400016142, 60.682571374897172 ], [ 30.086003520016114, 60.682470458347737 ], [ 30.085999920016178, 60.682314543859974 ], [ 30.085873200016117, 60.682232399801109 ], [ 30.085038720016179, 60.682266773413481 ], [ 30.084735960016111, 60.681926032341366 ], [ 30.084308640016165, 60.681961111387118 ], [ 30.084628320016193, 60.682375358532418 ], [ 30.084257520016155, 60.682415108350391 ], [ 30.084256440016155, 60.682415196487405 ], [ 30.084026760016119, 60.682439698567975 ], [ 30.083322600016182, 60.681213954700809 ] ] ] ] } },
{ "type": "Feature", "properties": { }, "geometry": { "type": "MultiPolygon", "coordinates": [ [ [ [ 30.098081520016191, 60.682887783685906 ], [ 30.097509840016166, 60.682999803990413 ], [ 30.096644760016119, 60.683234684007765 ], [ 30.096156600016172, 60.68359418372313 ], [ 30.096009720016148, 60.683705143966506 ], [ 30.095952840016121, 60.683819717287193 ], [ 30.095648280016171, 60.684102711640904 ], [ 30.095517240016115, 60.684220280036378 ], [ 30.095407080016162, 60.684318194616544 ], [ 30.094852680016132, 60.684310703412564 ], [ 30.094083360016192, 60.684232001599469 ], [ 30.093744960016139, 60.684163522933588 ], [ 30.093167160016144, 60.684161936553501 ], [ 30.091956480016179, 60.684352654132375 ], [ 30.091839840016142, 60.684138228975073 ], [ 30.091609080016191, 60.683566157167476 ], [ 30.092415480016136, 60.683528259584797 ], [ 30.093866280016115, 60.683410071720594 ], [ 30.094753680016115, 60.683134827159265 ], [ 30.094698240016111, 60.682743152645159 ], [ 30.094502400016175, 60.682667443632766 ], [ 30.09329784001617, 60.682410172677201 ], [ 30.092966280016149, 60.682009587392379 ], [ 30.092647680016121, 60.681813655743859 ], [ 30.092349600016171, 60.681177200172854 ], [ 30.09196620001617, 60.680813090099235 ], [ 30.093020640016153, 60.680314470322159 ], [ 30.094086240016161, 60.680149907352934 ], [ 30.094156800016155, 60.680038141557127 ], [ 30.093343560016184, 60.679793366056664 ], [ 30.091897080016121, 60.679616195735633 ], [ 30.09144600001618, 60.679721087735061 ], [ 30.090693600016117, 60.679463969511545 ], [ 30.090108600016151, 60.679171238309834 ], [ 30.089557440016112, 60.678980137431708 ], [ 30.089313720016168, 60.678440059764753 ], [ 30.08981556001617, 60.678417229449884 ], [ 30.092256000016157, 60.677894331472892 ], [ 30.093804720016145, 60.677963969421455 ], [ 30.094503120016142, 60.677882783899733 ], [ 30.095228880016158, 60.679870051415548 ], [ 30.095992440016161, 60.681960758834059 ], [ 30.096817560016127, 60.681969572658744 ], [ 30.098017080016159, 60.682080362228966 ], [ 30.098449440016168, 60.682272502345299 ], [ 30.098778120016132, 60.682499896046401 ], [ 30.098832840016168, 60.682713891441459 ], [ 30.098864520016186, 60.682833844580394 ], [ 30.098081520016191, 60.682887783685906 ] ] ] ] } },
{ "type": "Feature", "properties": { }, "geometry": { "type": "MultiPolygon", "coordinates": [ [ [ [ 30.072743280016169, 60.685888841238985 ], [ 30.072860640016177, 60.68608589372279 ], [ 30.072538080016177, 60.686198696032555 ], [ 30.072535920016183, 60.686228747206194 ], [ 30.072516480016098, 60.686235356698063 ], [ 30.072441960016132, 60.686236590469754 ], [ 30.072324960016161, 60.686249985701991 ], [ 30.072175920016139, 60.686310792936055 ], [ 30.072284280016113, 60.686399888545417 ], [ 30.072288960016145, 60.686434522083637 ], [ 30.072202200016157, 60.686461047999892 ], [ 30.07174176001617, 60.686530050530116 ], [ 30.0707373600161, 60.686526966129001 ], [ 30.07018872001618, 60.686475236271697 ], [ 30.070080720016144, 60.68621429444584 ], [ 30.070170720016129, 60.686136831064793 ], [ 30.072232800016167, 60.686021120342716 ], [ 30.072743280016169, 60.685888841238985 ] ] ] ] } },
{ "type": "Feature", "properties": { }, "geometry": { "type": "MultiPolygon", "coordinates": [ [ [ [ 30.06881244001617, 60.677467068507646 ], [ 30.068911800016121, 60.677306369621576 ], [ 30.068921160016174, 60.677262646691972 ], [ 30.069136440016109, 60.676669472287948 ], [ 30.069782640016101, 60.676754186971458 ], [ 30.069825480016146, 60.676833788598827 ], [ 30.06881244001617, 60.677467068507646 ] ] ] ] } },
{ "type": "Feature", "properties": { }, "geometry": { "type": "MultiPolygon", "coordinates": [ [ [ [ 30.068921160016174, 60.677262646691972 ], [ 30.068911800016121, 60.677306369621576 ], [ 30.06881244001617, 60.677467068507646 ], [ 30.068613360016144, 60.67766011767182 ], [ 30.068615880016175, 60.677800275928433 ], [ 30.068584200016158, 60.677853782724547 ], [ 30.068551800016174, 60.678349531741482 ], [ 30.068523720016092, 60.678480607774397 ], [ 30.06849096001617, 60.678547864468982 ], [ 30.068106840016117, 60.67935669674857 ], [ 30.067589520016178, 60.680004029994777 ], [ 30.067532280016117, 60.680026154035438 ], [ 30.067466400016148, 60.680029239059806 ], [ 30.067001280016129, 60.679993540902423 ], [ 30.066813720016157, 60.680005175861808 ], [ 30.066837480016144, 60.679952113361502 ], [ 30.067215120016119, 60.679314034350654 ], [ 30.067032960016139, 60.679213283876564 ], [ 30.065196240016139, 60.678796351614523 ], [ 30.06493848001611, 60.677383677962609 ], [ 30.064612680016115, 60.677389672216144 ], [ 30.064683240016112, 60.677224036474939 ], [ 30.065228640016127, 60.677207904795189 ], [ 30.065085000016101, 60.676847892964126 ], [ 30.065191200016169, 60.67643754156083 ], [ 30.065992200016126, 60.675952165348605 ], [ 30.067488720016105, 60.676399106660867 ], [ 30.067491240016135, 60.676397079130474 ], [ 30.067494480016133, 60.676394434525427 ], [ 30.067637040016155, 60.676271371996194 ], [ 30.066234840016158, 60.675815348936894 ], [ 30.066368400016156, 60.675713617800163 ], [ 30.066708960016118, 60.675528050210339 ], [ 30.067050600016159, 60.675295406005539 ], [ 30.067525800016117, 60.67541591573724 ], [ 30.068479080016182, 60.675610211384488 ], [ 30.069191520016176, 60.675826192011371 ], [ 30.068997120016174, 60.675918931003132 ], [ 30.068753040016102, 60.676105289727943 ], [ 30.068520480016101, 60.676281509686511 ], [ 30.068332920016129, 60.67644485829117 ], [ 30.068898120016158, 60.67658405215758 ], [ 30.068892360016132, 60.676592162231266 ], [ 30.069141840016105, 60.676653516635803 ], [ 30.069136440016109, 60.676669472287948 ], [ 30.068921160016174, 60.677262646691972 ] ] ] ] } },
{ "type": "Feature", "properties": { }, "geometry": { "type": "MultiPolygon", "coordinates": [ [ [ [ 30.070080720016144, 60.68621429444584 ], [ 30.069942120016176, 60.685993448409981 ], [ 30.070789560016106, 60.685855000261668 ], [ 30.071187360016125, 60.685811905840566 ], [ 30.071970000016179, 60.685726686232556 ], [ 30.072596400016153, 60.685658739516768 ], [ 30.072743280016169, 60.685888841238985 ], [ 30.072232800016167, 60.686021120342716 ], [ 30.070170720016129, 60.686136831064793 ], [ 30.070080720016144, 60.68621429444584 ] ] ] ] } },
{ "type": "Feature", "properties": { }, "geometry": { "type": "MultiPolygon", "coordinates": [ [ [ [ 30.069860040016124, 60.68595617057759 ], [ 30.070789560016106, 60.685855000261668 ], [ 30.069942120016176, 60.685993448409981 ], [ 30.069860040016124, 60.68595617057759 ] ] ] ] } },
{ "type": "Feature", "properties": { }, "geometry": { "type": "MultiPolygon", "coordinates": [ [ [ [ 30.068898120016158, 60.67658405215758 ], [ 30.068332920016129, 60.67644485829117 ], [ 30.068520480016101, 60.676281509686511 ], [ 30.068831880016162, 60.676364374165928 ], [ 30.069134640016141, 60.676291382912304 ], [ 30.068898120016158, 60.67658405215758 ] ] ] ] } },
{ "type": "Feature", "properties": { }, "geometry": { "type": "MultiPolygon", "coordinates": [ [ [ [ 30.078899640016171, 60.684087729130859 ], [ 30.077715240016129, 60.681935463143844 ], [ 30.077715240016129, 60.681935375005509 ], [ 30.078321120016113, 60.681857460628898 ], [ 30.078323280016114, 60.681939076815091 ], [ 30.07826208001617, 60.682233016763675 ], [ 30.078254880016114, 60.682268271749585 ], [ 30.078378720016115, 60.682535503286623 ], [ 30.078405720016104, 60.682594642947521 ], [ 30.078486360016125, 60.682811810606026 ], [ 30.078585000016108, 60.683077539330455 ], [ 30.078605880016127, 60.683133416998558 ], [ 30.078775440016141, 60.683333394797941 ], [ 30.078998640016181, 60.683596475201455 ], [ 30.079021320016174, 60.683671917627166 ], [ 30.079079280016121, 60.683866251565576 ], [ 30.079136520016178, 60.684058821680011 ], [ 30.078899640016171, 60.684087729130859 ] ] ] ] } },
{ "type": "Feature", "properties": { }, "geometry": { "type": "MultiPolygon", "coordinates": [ [ [ [ 30.082156560016127, 60.68441126166406 ], [ 30.081648600016159, 60.684487230967271 ], [ 30.080772720016128, 60.684697159129996 ], [ 30.080085840016181, 60.684811288265877 ], [ 30.079434600016125, 60.684919512277084 ], [ 30.078773280016144, 60.685000063137096 ], [ 30.07786356001618, 60.685119743364062 ], [ 30.076992720016115, 60.685221885414798 ], [ 30.077035560016153, 60.685059727046706 ], [ 30.077284680016188, 60.684780530723955 ], [ 30.07755684001615, 60.684535350641966 ], [ 30.077564760016173, 60.684515697376952 ], [ 30.077568720016139, 60.684504064048497 ], [ 30.077687520016173, 60.684307442534987 ], [ 30.077687520016173, 60.684308323853315 ], [ 30.077827920016109, 60.684256237900641 ], [ 30.077812080016145, 60.684231913467436 ], [ 30.077758800016142, 60.684042164630974 ], [ 30.077403120016097, 60.684002152425045 ], [ 30.077225280016123, 60.683878942720725 ], [ 30.076815240016163, 60.683473352077691 ], [ 30.076781760016178, 60.683418356342649 ], [ 30.076359480016109, 60.682996454844542 ], [ 30.076348680016121, 60.682930793888268 ], [ 30.076572960016158, 60.682684630211142 ], [ 30.076333560016124, 60.682546608506946 ], [ 30.076114320016135, 60.682537089746901 ], [ 30.076029720016148, 60.682284577167486 ], [ 30.075987240016133, 60.682157482826341 ], [ 30.077661960016126, 60.681942161656067 ], [ 30.077715240016129, 60.681935375005509 ], [ 30.077715240016129, 60.681935463143844 ], [ 30.078899640016171, 60.684087729130859 ], [ 30.078367560016183, 60.684152594535817 ], [ 30.078494640016178, 60.68450397591721 ], [ 30.078630720016115, 60.684719015551842 ], [ 30.078810720016183, 60.684800536349115 ], [ 30.079471680016141, 60.684724215262939 ], [ 30.079617120016131, 60.684699186137522 ], [ 30.080567880016162, 60.684537906446856 ], [ 30.081572280016136, 60.68441134979561 ], [ 30.081685320016142, 60.68441134979561 ], [ 30.082156560016127, 60.68441126166406 ] ] ] ] } },
{ "type": "Feature", "properties": { }, "geometry": { "type": "MultiPolygon", "coordinates": [ [ [ [ 30.098505240016117, 60.682311459054695 ], [ 30.100703400016183, 60.682431413693884 ], [ 30.101888160016163, 60.682407440429223 ], [ 30.102445080016135, 60.682526689616942 ], [ 30.103282800016164, 60.682531977819032 ], [ 30.103933320016154, 60.682367426190361 ], [ 30.105231480016172, 60.681501819647501 ], [ 30.105858600016113, 60.681858253875788 ], [ 30.105938880016197, 60.681877644348631 ], [ 30.104831160016122, 60.682564235832942 ], [ 30.104658720016143, 60.682658894408291 ], [ 30.104381520016123, 60.682789424072617 ], [ 30.104106840016129, 60.682900034548595 ], [ 30.103840440016199, 60.682984027747651 ], [ 30.103646400016142, 60.683025715791281 ], [ 30.103513200016174, 60.683040610660584 ], [ 30.103142760016166, 60.683056298740318 ], [ 30.102658560016184, 60.683052861465065 ], [ 30.102309720016176, 60.683027742904066 ], [ 30.101625000016135, 60.682947187106045 ], [ 30.10096260001615, 60.682968868445691 ], [ 30.100628880016124, 60.68296313963787 ], [ 30.100080600016145, 60.682927268464027 ], [ 30.099268440016171, 60.682846271735244 ], [ 30.098864520016186, 60.682833844580394 ], [ 30.098832840016168, 60.682713891441459 ], [ 30.098778120016132, 60.682499896046401 ], [ 30.098505240016117, 60.682311459054695 ] ] ] ] } },
{ "type": "Feature", "properties": { }, "geometry": { "type": "MultiPolygon", "coordinates": [ [ [ [ 30.07174176001617, 60.686530050530116 ], [ 30.072202200016157, 60.686461047999892 ], [ 30.072288960016145, 60.686434522083637 ], [ 30.072284280016113, 60.686399888545417 ], [ 30.072175920016139, 60.686310792936055 ], [ 30.072324960016161, 60.686249985701991 ], [ 30.072441960016132, 60.686236590469754 ], [ 30.072516480016098, 60.686235356698063 ], [ 30.072535920016183, 60.686228747206194 ], [ 30.072538080016177, 60.686198696032555 ], [ 30.072860640016177, 60.68608589372279 ], [ 30.072743280016169, 60.685888841238985 ], [ 30.073012560016167, 60.685819749205749 ], [ 30.073454280016136, 60.68572747938402 ], [ 30.073951440016113, 60.685907436135857 ], [ 30.073376160016139, 60.686203807377879 ], [ 30.073014360016135, 60.686335027671262 ], [ 30.072539160016174, 60.686407203010781 ], [ 30.072084840016153, 60.686498942128068 ], [ 30.07174176001617, 60.686530050530116 ] ] ] ] } },
{ "type": "Feature", "properties": { }, "geometry": { "type": "MultiPolygon", "coordinates": [ [ [ [ 30.073454280016136, 60.68572747938402 ], [ 30.073012560016167, 60.685819749205749 ], [ 30.072743280016169, 60.685888841238985 ], [ 30.072596400016153, 60.685658739516768 ], [ 30.07304280001615, 60.685557568265459 ], [ 30.073675320016179, 60.685477283187197 ], [ 30.073365000016118, 60.685010726857271 ], [ 30.07321092001613, 60.68469530838393 ], [ 30.07329624001618, 60.684673187553528 ], [ 30.073411080016154, 60.684633704917978 ], [ 30.073670280016124, 60.685020333015395 ], [ 30.073915800016124, 60.685412949225771 ], [ 30.074378040016175, 60.685279433813065 ], [ 30.074176800016151, 60.684951415377085 ], [ 30.074101560016128, 60.684825124743647 ], [ 30.073877640016114, 60.684463788022768 ], [ 30.074433120016153, 60.684290256823452 ], [ 30.074613120016128, 60.684307090007685 ], [ 30.074640840016176, 60.684293870230213 ], [ 30.075258600016152, 60.684361114775122 ], [ 30.075794280016172, 60.684385174715786 ], [ 30.075820560016094, 60.684385791637098 ], [ 30.075852600016141, 60.684481149904386 ], [ 30.075995520016107, 60.684480356722169 ], [ 30.076056360016103, 60.684535526904398 ], [ 30.076203240016131, 60.684795953563849 ], [ 30.076253280016136, 60.684890253052629 ], [ 30.076414560016179, 60.685027030885394 ], [ 30.076456320016128, 60.685108022124382 ], [ 30.077035560016153, 60.685059727046706 ], [ 30.076992720016115, 60.685221885414798 ], [ 30.076668360016143, 60.685229464535929 ], [ 30.074658840016134, 60.685728977558995 ], [ 30.07408068001611, 60.685840811716282 ], [ 30.073951440016113, 60.685907436135857 ], [ 30.073454280016136, 60.68572747938402 ] ] ] ] } },
{ "type": "Feature", "properties": { }, "geometry": { "type": "MultiPolygon", "coordinates": [ [ [ [ 30.057859080016129, 60.687801679858737 ], [ 30.057862680016154, 60.687651519179155 ], [ 30.057855840016131, 60.687394199952891 ], [ 30.057876360016124, 60.687338417808078 ], [ 30.057876360016124, 60.687338241561065 ], [ 30.058279200016109, 60.687335333484469 ], [ 30.05895636001615, 60.687331279801562 ], [ 30.059447760016099, 60.687304490231952 ], [ 30.059955720016159, 60.68727673127939 ], [ 30.059791200016114, 60.686982661158737 ], [ 30.059704440016127, 60.68699684920054 ], [ 30.059646120016158, 60.686892862165401 ], [ 30.059854920016175, 60.6868588459945 ], [ 30.059890200016131, 60.686922383942616 ], [ 30.060083880016151, 60.687267390166184 ], [ 30.061072080016142, 60.687144633586541 ], [ 30.061416600016159, 60.68710171714126 ], [ 30.061693800016176, 60.687052367564668 ], [ 30.061475640016102, 60.686756180390169 ], [ 30.061390680016167, 60.686772836034102 ], [ 30.06137268001612, 60.686748161002996 ], [ 30.061316160016116, 60.686671403910253 ], [ 30.061506960016178, 60.686634214988892 ], [ 30.061557360016117, 60.686682067076447 ], [ 30.061820880016175, 60.687038972666514 ], [ 30.062406960016137, 60.686915774591839 ], [ 30.062711520016176, 60.68685981536774 ], [ 30.06301032001609, 60.686804032296308 ], [ 30.063404160016148, 60.686731240970737 ], [ 30.064516560016159, 60.686430997043253 ], [ 30.064361040016149, 60.686230245357805 ], [ 30.064161600016178, 60.68597247412665 ], [ 30.063998520016163, 60.685761849262597 ], [ 30.064261320016165, 60.685853149582179 ], [ 30.064357800016147, 60.68588469924628 ], [ 30.064470480016123, 60.686029228038251 ], [ 30.064362480016172, 60.686061130037793 ], [ 30.06449424001611, 60.68623227226869 ], [ 30.064689360016168, 60.686483872608015 ], [ 30.064821480016136, 60.686654131336034 ], [ 30.064915800016124, 60.686775391661229 ], [ 30.064437000016138, 60.686898237774592 ], [ 30.064400280016155, 60.686907667119719 ], [ 30.064213440016157, 60.686899295271395 ], [ 30.063642480016092, 60.687128154383331 ], [ 30.063289680016112, 60.687223063903211 ], [ 30.063259440016125, 60.687271355733429 ], [ 30.063039120016139, 60.687292505417297 ], [ 30.062875320016154, 60.68736608858395 ], [ 30.062731680016139, 60.687379571469329 ], [ 30.062444400016094, 60.687314976941117 ], [ 30.062235240016129, 60.687400016095133 ], [ 30.062089800016139, 60.687418081378723 ], [ 30.061979280016164, 60.687308015176583 ], [ 30.061159200016156, 60.687424690626266 ], [ 30.061079280016102, 60.687440288445096 ], [ 30.060651960016155, 60.68752012800951 ], [ 30.060272520016131, 60.687615476986792 ], [ 30.059547120016141, 60.687849089599098 ], [ 30.059523720016092, 60.687848560866321 ], [ 30.058857360016134, 60.687834901933201 ], [ 30.057956280016171, 60.687804940382158 ], [ 30.057859080016129, 60.687801679858737 ] ] ] ] } },
{ "type": "Feature", "properties": { }, "geometry": { "type": "MultiPolygon", "coordinates": [ [ [ [ 30.067414560016168, 60.649238493324333 ], [ 30.070585440016114, 60.647555679075438 ], [ 30.071478240016109, 60.647081161275054 ], [ 30.07158732001615, 60.647079484833093 ], [ 30.071630880016155, 60.647084337691147 ], [ 30.07183392001615, 60.647088661145887 ], [ 30.072052440016169, 60.647126072240212 ], [ 30.072263040016161, 60.647150336488039 ], [ 30.072499920016167, 60.647202835434513 ], [ 30.072699360016131, 60.647254010795798 ], [ 30.07285848001618, 60.647314979956299 ], [ 30.072923280016148, 60.64737647839933 ], [ 30.073089600016157, 60.647467622934741 ], [ 30.073122000016141, 60.647482357796676 ], [ 30.073132440016106, 60.647491092831402 ], [ 30.073239360016146, 60.647584001690817 ], [ 30.073343760016161, 60.647705321023196 ], [ 30.073412160016154, 60.647806611286818 ], [ 30.073455000016104, 60.647873755615336 ], [ 30.073531680016156, 60.647975045349469 ], [ 30.07354176001618, 60.64800901439633 ], [ 30.07323432001618, 60.648421228131632 ], [ 30.070596600016135, 60.648784116552143 ], [ 30.070219680016134, 60.648838024500336 ], [ 30.067414560016168, 60.649238493324333 ] ] ] ] } },
{ "type": "Feature", "properties": { }, "geometry": { "type": "MultiPolygon", "coordinates": [ [ [ [ 30.07354176001618, 60.64800901439633 ], [ 30.073561200016176, 60.648075011299269 ], [ 30.073547160016179, 60.648231621056041 ], [ 30.073557240016118, 60.648286765155376 ], [ 30.073550040016151, 60.648377818885656 ], [ 30.07323432001618, 60.648421228131632 ], [ 30.07354176001618, 60.64800901439633 ] ] ] ] } },
{ "type": "Feature", "properties": { }, "geometry": { "type": "MultiPolygon", "coordinates": [ [ [ [ 30.035986200016147, 60.64625792954746 ], [ 30.036098160016152, 60.646033632755788 ], [ 30.036438360016088, 60.645979808352472 ], [ 30.037028400016109, 60.646193958355774 ], [ 30.036791520016102, 60.646683224448708 ], [ 30.036514680016111, 60.646653930457092 ], [ 30.035986200016147, 60.64625792954746 ] ] ] ] } },
{ "type": "Feature", "properties": { }, "geometry": { "type": "MultiPolygon", "coordinates": [ [ [ [ 30.043735560016113, 60.64873779623003 ], [ 30.043704600016159, 60.648574924625827 ], [ 30.043600200016147, 60.648460402278971 ], [ 30.043555200016115, 60.648421051671392 ], [ 30.043028880016152, 60.64787869658538 ], [ 30.042615960016136, 60.647663322527826 ], [ 30.042586080016086, 60.64758126648605 ], [ 30.042582120016121, 60.647525503551321 ], [ 30.042724320016116, 60.64726415762501 ], [ 30.042887760016153, 60.647043750128638 ], [ 30.042897840016092, 60.646924192989665 ], [ 30.04274988001616, 60.64685925254232 ], [ 30.042018360016115, 60.646696194972606 ], [ 30.041721000016139, 60.646538342459237 ], [ 30.041646120016146, 60.64644675411764 ], [ 30.041702640016151, 60.646392048047588 ], [ 30.041872560016095, 60.646366371456921 ], [ 30.042289440016173, 60.646413930486737 ], [ 30.042223560016108, 60.646315988808801 ], [ 30.042150120016142, 60.64607536866572 ], [ 30.042091080016114, 60.645914248342983 ], [ 30.042083160016084, 60.645810481487374 ], [ 30.042024120016148, 60.645791157520712 ], [ 30.041833320016085, 60.645814716875769 ], [ 30.041494560016094, 60.64597433767036 ], [ 30.041448840016088, 60.645989161451936 ], [ 30.041373960016092, 60.645977337721931 ], [ 30.041396640016078, 60.645894306779297 ], [ 30.041628840016152, 60.645659860125356 ], [ 30.041904240016112, 60.644986511380196 ], [ 30.041982000016166, 60.644569400467859 ], [ 30.042028440016146, 60.64423981990798 ], [ 30.043061280016136, 60.644657199807455 ], [ 30.043063080016104, 60.644657817490412 ], [ 30.043059120016135, 60.644660376462497 ], [ 30.042867600016109, 60.644783559844214 ], [ 30.042457920016091, 60.645056926440553 ], [ 30.042304560016163, 60.645227316131653 ], [ 30.042239760016106, 60.645431941400695 ], [ 30.042320040016094, 60.645843658681599 ], [ 30.042330840016092, 60.645899159815833 ], [ 30.042360360016108, 60.646049515349482 ], [ 30.042514800016129, 60.646410224590831 ], [ 30.042539640016113, 60.64644190116357 ], [ 30.042552960016135, 60.646458489439922 ], [ 30.042664200016084, 60.646596930625996 ], [ 30.042974160016115, 60.646716400744381 ], [ 30.043692000016108, 60.64685360554072 ], [ 30.044277360016103, 60.64687725235332 ], [ 30.044442240016082, 60.646938839865982 ], [ 30.044564280016111, 60.647038014925428 ], [ 30.044634480016079, 60.647673469228152 ], [ 30.044714400016133, 60.647830080936593 ], [ 30.044908800016135, 60.647998603107823 ], [ 30.04505892001615, 60.648224033220579 ], [ 30.045170520016129, 60.648577395057167 ], [ 30.045555000016126, 60.648817555371856 ], [ 30.045764160016084, 60.648899431807706 ], [ 30.043735560016113, 60.64873779623003 ] ], [ [ 30.044953080016107, 60.648682123526214 ], [ 30.044945160016084, 60.64856010203377 ], [ 30.044743560016119, 60.648359114070587 ], [ 30.044402280016101, 60.648133331979317 ], [ 30.044308680016083, 60.647911871650201 ], [ 30.044155680016097, 60.647458799660853 ], [ 30.044047320016119, 60.647188365145205 ], [ 30.04399656001614, 60.647142660164356 ], [ 30.043829520016157, 60.647109396073802 ], [ 30.043714680016102, 60.647119719415933 ], [ 30.043653480016157, 60.647172836046998 ], [ 30.043765800016104, 60.647286657104452 ], [ 30.044007720016165, 60.647674439781916 ], [ 30.044127960016141, 60.64797566296879 ], [ 30.044265840016134, 60.648310410916281 ], [ 30.044550960016089, 60.648469666428504 ], [ 30.044702160016111, 60.648591864722697 ], [ 30.044905920016159, 60.648684064572947 ], [ 30.044953080016107, 60.648682123526214 ] ] ] ] } },
{ "type": "Feature", "properties": { }, "geometry": { "type": "MultiPolygon", "coordinates": [ [ [ [ 30.042492840016109, 60.646029573869505 ], [ 30.042450360016094, 60.645680860685573 ], [ 30.042483120016112, 60.645458501118192 ], [ 30.042515880016126, 60.645236140016529 ], [ 30.042593640016086, 60.645141812561853 ], [ 30.042671760016077, 60.645047484831089 ], [ 30.043259640016096, 60.644720379887787 ], [ 30.043377360016134, 60.644786207046373 ], [ 30.0433899600161, 60.644793266251128 ], [ 30.043049760016082, 60.644980687571334 ], [ 30.042867600016109, 60.645081104007211 ], [ 30.04280028001611, 60.645144900930028 ], [ 30.042698400016125, 60.64524064019691 ], [ 30.042689400016101, 60.645352350355132 ], [ 30.042755640016097, 60.645453648015334 ], [ 30.042943560016099, 60.645489825673948 ], [ 30.042981000016145, 60.645493619913843 ], [ 30.043182960016139, 60.645513473487355 ], [ 30.043257480016106, 60.645498825963195 ], [ 30.043283760016124, 60.645493708151946 ], [ 30.043325880016098, 60.645485413766529 ], [ 30.043406160016094, 60.645443059424657 ], [ 30.043660320016091, 60.645442794709815 ], [ 30.043736640016114, 60.645475001662653 ], [ 30.043770840016162, 60.645489472721358 ], [ 30.043807200016111, 60.645646447995759 ], [ 30.043711080016159, 60.645731597276637 ], [ 30.043607400016118, 60.645891571431108 ], [ 30.043602720016089, 60.645942307690412 ], [ 30.043598400016091, 60.645991367371245 ], [ 30.04360380001609, 60.646069545053635 ], [ 30.04360416001612, 60.646073162752167 ], [ 30.043798560016114, 60.646164222737845 ], [ 30.043936080016081, 60.646192105395187 ], [ 30.044333880016101, 60.646288635674424 ], [ 30.044465280016102, 60.646343606627397 ], [ 30.044554920016147, 60.646381018586737 ], [ 30.044813760016083, 60.646513107161788 ], [ 30.045077640016174, 60.646654989276527 ], [ 30.045152520016167, 60.646813194156593 ], [ 30.045138480016089, 60.646950839711451 ], [ 30.045003840016086, 60.647034662036965 ], [ 30.044935080016153, 60.647194453255537 ], [ 30.044923560016091, 60.647220835053595 ], [ 30.044918520016132, 60.64725789306123 ], [ 30.0449138400161, 60.647294951026289 ], [ 30.044896920016136, 60.647419888994314 ], [ 30.044880000016086, 60.64754491471043 ], [ 30.0449876400161, 60.647772200867131 ], [ 30.045130200016114, 60.647869961655687 ], [ 30.045166920016097, 60.647895107658954 ], [ 30.0452277600161, 60.647925459299898 ], [ 30.045349440016103, 60.647986162496018 ], [ 30.045558240016124, 60.648078452310521 ], [ 30.045815640016123, 60.648034248522215 ], [ 30.046007520016094, 60.647971869021184 ], [ 30.046185360016157, 60.647913900974856 ], [ 30.046186080016131, 60.647913724511866 ], [ 30.046248360016158, 60.647893431259341 ], [ 30.046330080016087, 60.647858403310778 ], [ 30.046349160016142, 60.647850109533984 ], [ 30.046594320016116, 60.647745113664712 ], [ 30.04685064001611, 60.647617882917601 ], [ 30.046860000016171, 60.647613118372234 ], [ 30.047044680016178, 60.647548532243363 ], [ 30.047492880016144, 60.647514650943613 ], [ 30.048099120016154, 60.647572531475738 ], [ 30.048573960016171, 60.647753760396292 ], [ 30.048690600016112, 60.647798229264893 ], [ 30.049062120016121, 60.647795582310167 ], [ 30.049079400016108, 60.647795494078309 ], [ 30.049173000016125, 60.647794788223671 ], [ 30.049246440016091, 60.647794347064519 ], [ 30.049568640016147, 60.647792141268638 ], [ 30.050021880016175, 60.647783671011091 ], [ 30.050040600016107, 60.647783318083668 ], [ 30.050305920016125, 60.647815081538333 ], [ 30.050551440016132, 60.647894490038048 ], [ 30.050428680016136, 60.648090363500607 ], [ 30.050315640016123, 60.648125479427939 ], [ 30.050227080016167, 60.648142772684643 ], [ 30.050134560016151, 60.648141537452311 ], [ 30.050134560016151, 60.648141537452311 ], [ 30.049579800016176, 60.648251296481526 ], [ 30.0484699200161, 60.648470636958287 ], [ 30.048174000016147, 60.648584541661087 ], [ 30.048026040016129, 60.648641449746734 ], [ 30.047451120016099, 60.648765853118803 ], [ 30.047120640016161, 60.648815702562203 ], [ 30.046789800016111, 60.648865640157346 ], [ 30.046443120016093, 60.648890167781744 ], [ 30.046334040016145, 60.648885756339872 ], [ 30.046092480016114, 60.648875962936806 ], [ 30.045848400016137, 60.648817908288009 ], [ 30.045787920016167, 60.648803615182139 ], [ 30.04574940001612, 60.648794439357737 ], [ 30.045327120016147, 60.648601040604788 ], [ 30.045218760016166, 60.648228532983701 ], [ 30.045069360016118, 60.647993220999744 ], [ 30.044778840016164, 60.647650705322107 ], [ 30.044737080016127, 60.647354331914698 ], [ 30.044716920016164, 60.646997074368485 ], [ 30.044523600016163, 60.64688086996123 ], [ 30.044193480016165, 60.646776047402852 ], [ 30.043610640016119, 60.646735459451975 ], [ 30.043568160016104, 60.646732459470989 ], [ 30.043567440016137, 60.646732459470989 ], [ 30.043557360016113, 60.646731665358345 ], [ 30.043550160016142, 60.646731224184599 ], [ 30.043392120016097, 60.646720283074636 ], [ 30.043341000016092, 60.64671666544875 ], [ 30.043255320016105, 60.646689577359034 ], [ 30.043207080016156, 60.646674312725125 ], [ 30.04310772001611, 60.646642901085848 ], [ 30.042866520016108, 60.646566489498426 ], [ 30.042745920016106, 60.646436607031021 ], [ 30.042669240016139, 60.646353841979092 ], [ 30.042492840016109, 60.646029573869505 ] ] ] ] } },
{ "type": "Feature", "properties": { }, "geometry": { "type": "MultiPolygon", "coordinates": [ [ [ [ 30.036791520016102, 60.646683224448708 ], [ 30.037028400016109, 60.646193958355774 ], [ 30.037549320016165, 60.646382959772154 ], [ 30.037746240016101, 60.646601960026885 ], [ 30.03835572001611, 60.646581665948204 ], [ 30.038856120016082, 60.647138248483223 ], [ 30.037626360016155, 60.646915369567012 ], [ 30.037478040016101, 60.646888546347263 ], [ 30.037284720016107, 60.646735371217289 ], [ 30.037038120016099, 60.646709341960957 ], [ 30.036791520016102, 60.646683224448708 ] ] ] ] } },
{ "type": "Feature", "properties": { }, "geometry": { "type": "MultiPolygon", "coordinates": [ [ [ [ 30.044953080016107, 60.648682123526214 ], [ 30.044905920016159, 60.648684064572947 ], [ 30.044702160016111, 60.648591864722697 ], [ 30.044550960016089, 60.648469666428504 ], [ 30.044265840016134, 60.648310410916281 ], [ 30.044127960016141, 60.64797566296879 ], [ 30.044007720016165, 60.647674439781916 ], [ 30.043765800016104, 60.647286657104452 ], [ 30.043653480016157, 60.647172836046998 ], [ 30.043714680016102, 60.647119719415933 ], [ 30.043829520016157, 60.647109396073802 ], [ 30.04399656001614, 60.647142660164356 ], [ 30.044047320016119, 60.647188365145205 ], [ 30.044155680016097, 60.647458799660853 ], [ 30.044308680016083, 60.647911871650201 ], [ 30.044402280016101, 60.648133331979317 ], [ 30.044743560016119, 60.648359114070587 ], [ 30.044945160016084, 60.64856010203377 ], [ 30.044953080016107, 60.648682123526214 ] ] ] ] } },
{ "type": "Feature", "properties": { }, "geometry": { "type": "MultiPolygon", "coordinates": [ [ [ [ 30.037495320016095, 60.645300466064384 ], [ 30.037172040016127, 60.644955980491673 ], [ 30.037760640016124, 60.644834915527603 ], [ 30.03888492001613, 60.64460469671355 ], [ 30.040941240016153, 60.644183168773445 ], [ 30.041741160016102, 60.644117075657306 ], [ 30.042028440016146, 60.64423981990798 ], [ 30.041982360016107, 60.644569753430474 ], [ 30.041587440016137, 60.644834474327887 ], [ 30.041291880016136, 60.645538797805663 ], [ 30.041275680016138, 60.645850188231776 ], [ 30.041286480016137, 60.646250605955409 ], [ 30.041694720016121, 60.646671577443186 ], [ 30.042071280016096, 60.64686613482418 ], [ 30.042686880016159, 60.647018426993036 ], [ 30.042630000016125, 60.647092631665053 ], [ 30.042582120016121, 60.647525503551321 ], [ 30.039501600016106, 60.647460387850323 ], [ 30.039478560016089, 60.647459946686602 ], [ 30.039420960016084, 60.647458623195334 ], [ 30.038856120016082, 60.647138248483223 ], [ 30.03835572001611, 60.646581665948204 ], [ 30.038627520016128, 60.646572665961394 ], [ 30.038710680016091, 60.646569842435632 ], [ 30.03994764001617, 60.646528813048548 ], [ 30.039849000016098, 60.646093368914613 ], [ 30.039579360016162, 60.645449147864703 ], [ 30.038544720016109, 60.645624300322076 ], [ 30.037901040016145, 60.645733185551251 ], [ 30.037495320016095, 60.645300466064384 ] ] ] ] } },
{ "type": "Feature", "properties": { }, "geometry": { "type": "MultiPolygon", "coordinates": [ [ [ [ 30.045284280016102, 60.65146996374807 ], [ 30.045148920016143, 60.653754385402671 ], [ 30.045056040016092, 60.6539524286163 ], [ 30.044871000016151, 60.654023000514002 ], [ 30.044641320016108, 60.654018413345362 ], [ 30.044315880016139, 60.653960279747558 ], [ 30.044145600016162, 60.653869418223756 ], [ 30.04386444001609, 60.653600978263604 ], [ 30.04333092001616, 60.653051388324187 ], [ 30.042238680016105, 60.651915304148716 ], [ 30.041578080016084, 60.651325015059165 ], [ 30.04224336001613, 60.651302430177324 ], [ 30.042449280016093, 60.651281962614512 ], [ 30.042888120016094, 60.651217030949837 ], [ 30.043267920016152, 60.651237586776297 ], [ 30.043446840016134, 60.651241821451364 ], [ 30.043874520016107, 60.651275610609616 ], [ 30.044107440016148, 60.651243233009623 ], [ 30.045155040016102, 60.651216413392596 ], [ 30.045245760016151, 60.651318839507141 ], [ 30.045284280016102, 60.65146996374807 ] ] ] ] } },
{ "type": "Feature", "properties": { }, "geometry": { "type": "MultiPolygon", "coordinates": [ [ [ [ 30.178564200016211, 60.675684879136568 ], [ 30.17815704001622, 60.675723843821537 ], [ 30.176439840016222, 60.675583852833249 ], [ 30.176056440016225, 60.675581120005624 ], [ 30.175885440016192, 60.675579709513826 ], [ 30.175410240016234, 60.675598045901971 ], [ 30.171409200016171, 60.677181194947003 ], [ 30.170871000016216, 60.676943185420008 ], [ 30.170694240016154, 60.676828499460257 ], [ 30.170466360016167, 60.676657130900239 ], [ 30.170356200016219, 60.67658581521723 ], [ 30.170055240016207, 60.676276044149517 ], [ 30.170039400016158, 60.67622279919221 ], [ 30.169812960016209, 60.675983195794068 ], [ 30.169692360016207, 60.675615059945066 ], [ 30.169529280016196, 60.675279625985297 ], [ 30.169266120016168, 60.674900197918085 ], [ 30.169254960016236, 60.674854179618784 ], [ 30.168533520016211, 60.675500369252546 ], [ 30.168533160016182, 60.675500633720389 ], [ 30.168448920016225, 60.675568778200571 ], [ 30.168275760016186, 60.675560138934216 ], [ 30.168189720016166, 60.675553791716652 ], [ 30.168013320016215, 60.675511476900894 ], [ 30.167792640016202, 60.675343539427239 ], [ 30.167790480016205, 60.675342746019794 ], [ 30.167705880016214, 60.675277510227808 ], [ 30.166873560016185, 60.674644099075728 ], [ 30.166803360016218, 60.674642512226299 ], [ 30.166803360016218, 60.674642512226299 ], [ 30.165850440016193, 60.674621530543014 ], [ 30.165841800016196, 60.67446831094567 ], [ 30.165834240016199, 60.674327785541387 ], [ 30.165824520016201, 60.674150673288992 ], [ 30.164635080016193, 60.673394783562266 ], [ 30.16451340001619, 60.673317641963287 ], [ 30.163434120016223, 60.672718135235648 ], [ 30.163330800016215, 60.672723336886143 ], [ 30.163264200016183, 60.67267899058448 ], [ 30.163224240016202, 60.672664355409914 ], [ 30.16306656001619, 60.672637024644359 ], [ 30.162634920016156, 60.672560410213379 ], [ 30.162218040016167, 60.672482208644119 ], [ 30.162217680016223, 60.672482120479877 ], [ 30.161558880016177, 60.672497990035879 ], [ 30.161531520016165, 60.672412470669535 ], [ 30.161347920016162, 60.671846979162041 ], [ 30.161225520016192, 60.671619069345688 ], [ 30.160980360016215, 60.671167124256598 ], [ 30.160530360016185, 60.670565196900071 ], [ 30.160638360016225, 60.670571016084686 ], [ 30.161872800016184, 60.670579127673612 ], [ 30.162718800016169, 60.670541920151102 ], [ 30.164042520016146, 60.670319908494982 ], [ 30.164342760016186, 60.670268681600753 ], [ 30.164510880016163, 60.670240555267888 ], [ 30.164685120016202, 60.670215162193927 ], [ 30.164761800016162, 60.670223185702113 ], [ 30.165508440016204, 60.670359496865146 ], [ 30.166116480016182, 60.670482405659584 ], [ 30.167179560016162, 60.670696480975892 ], [ 30.167393760016179, 60.670724518741416 ], [ 30.168803520016173, 60.670936564573267 ], [ 30.168803880016206, 60.670936564573267 ], [ 30.168894600016159, 60.670881988253569 ], [ 30.168999720016231, 60.670818859471069 ], [ 30.169628280016205, 60.670886573020645 ], [ 30.169804320016212, 60.670903765891424 ], [ 30.17050524001624, 60.671084246396127 ], [ 30.170521080016204, 60.671400768140167 ], [ 30.170534400016223, 60.671653806961579 ], [ 30.170532600016166, 60.671692512027512 ], [ 30.170522160016201, 60.671743560323485 ], [ 30.170522160016201, 60.671743560323485 ], [ 30.172872240016172, 60.671596586858605 ], [ 30.173144040016194, 60.671587858359352 ], [ 30.174213240016226, 60.671579218024441 ], [ 30.174262560016174, 60.671596146025365 ], [ 30.174103800016155, 60.672053815842304 ], [ 30.174211440016169, 60.672192587874349 ], [ 30.174283440016193, 60.67228286872259 ], [ 30.175119360016158, 60.672888731301335 ], [ 30.175460280016235, 60.672768741087964 ], [ 30.177024120016213, 60.672652100650176 ], [ 30.178119960016211, 60.673664998105259 ], [ 30.177812520016204, 60.673874820557721 ], [ 30.178525320016231, 60.674178443567214 ], [ 30.180469320016208, 60.675006603963531 ], [ 30.181073400016224, 60.675192615343775 ], [ 30.181227840016238, 60.675240219979209 ], [ 30.181541760016241, 60.675458847771111 ], [ 30.181191840016229, 60.675631809512417 ], [ 30.180393000016185, 60.675516325476373 ], [ 30.179849760016175, 60.675437866620051 ], [ 30.179772720016178, 60.675271339267674 ], [ 30.179772360016234, 60.675271339267674 ], [ 30.179371680016157, 60.675319737194734 ], [ 30.178488240016215, 60.675420147233879 ], [ 30.178564200016211, 60.675684879136568 ] ] ], [ [ [ 30.188105280016231, 60.674268278049098 ], [ 30.190239360016211, 60.673629910015435 ], [ 30.192972480016234, 60.674098130093874 ], [ 30.197184840016167, 60.67468861898638 ], [ 30.198170160016183, 60.675871239216576 ], [ 30.195001800016176, 60.675169959038861 ], [ 30.188105280016231, 60.674268278049098 ] ] ] ] } },
{ "type": "Feature", "properties": { }, "geometry": { "type": "MultiPolygon", "coordinates": [ [ [ [ 30.159432360016197, 60.674260784505243 ], [ 30.158621640016161, 60.674291728422162 ], [ 30.157878960016177, 60.672675023218552 ], [ 30.159483120016169, 60.672543394555511 ], [ 30.159432360016197, 60.674260784505243 ] ] ] ] } },
{ "type": "Feature", "properties": { }, "geometry": { "type": "MultiPolygon", "coordinates": [ [ [ [ 30.042582120016121, 60.647525503551321 ], [ 30.042630000016125, 60.647092631665053 ], [ 30.042686880016159, 60.647018426993036 ], [ 30.042071280016096, 60.64686613482418 ], [ 30.041694720016121, 60.646671577443186 ], [ 30.041286480016137, 60.646250605955409 ], [ 30.041275680016138, 60.645850188231776 ], [ 30.041291880016136, 60.645538797805663 ], [ 30.041587440016137, 60.644834474327887 ], [ 30.041982000016166, 60.644570106393154 ], [ 30.041904240016112, 60.644986511380196 ], [ 30.041628840016152, 60.645659860125356 ], [ 30.041396640016078, 60.645894306779297 ], [ 30.041373960016092, 60.645977337721931 ], [ 30.041448840016088, 60.645989161451936 ], [ 30.041494560016094, 60.64597433767036 ], [ 30.041833320016085, 60.645814716875769 ], [ 30.042024120016148, 60.645791157520712 ], [ 30.042083160016084, 60.645810481487374 ], [ 30.042091080016114, 60.645914248342983 ], [ 30.042150120016142, 60.64607536866572 ], [ 30.042223560016108, 60.646315988808801 ], [ 30.042289440016173, 60.646413930486737 ], [ 30.041872560016095, 60.646366371456921 ], [ 30.041702640016151, 60.646392048047588 ], [ 30.041646120016146, 60.64644675411764 ], [ 30.041721000016139, 60.646538342459237 ], [ 30.042018360016115, 60.646696194972606 ], [ 30.04274988001616, 60.64685925254232 ], [ 30.042897840016092, 60.646924192989665 ], [ 30.042887760016153, 60.647043750128638 ], [ 30.042724320016116, 60.64726415762501 ], [ 30.042582120016121, 60.647525503551321 ] ] ] ] } },
{ "type": "Feature", "properties": { }, "geometry": { "type": "MultiPolygon", "coordinates": [ [ [ [ 30.068876880016113, 60.638711982480835 ], [ 30.066257880016177, 60.639414586418631 ], [ 30.066272280016115, 60.639144613924969 ], [ 30.066650280016116, 60.638930593587496 ], [ 30.066874200016127, 60.638803769319033 ], [ 30.067276680016178, 60.63858674597909 ], [ 30.067324200016156, 60.638571477506872 ], [ 30.067392960016182, 60.638527966734351 ], [ 30.0674322000161, 60.638503166450263 ], [ 30.068357400016172, 60.638004685520386 ], [ 30.068403840016153, 60.638030368773656 ], [ 30.068666280016121, 60.638174494691526 ], [ 30.068800920016116, 60.638206532392232 ], [ 30.068876880016113, 60.638711805967453 ], [ 30.068876880016113, 60.638711982480835 ] ] ] ] } },
{ "type": "Feature", "properties": { }, "geometry": { "type": "MultiPolygon", "coordinates": [ [ [ [ 30.068357400016172, 60.638004685520386 ], [ 30.0674322000161, 60.638503166450263 ], [ 30.067652520016178, 60.638363631400303 ], [ 30.067911000016178, 60.638013423124328 ], [ 30.068126640016136, 60.637969999857198 ], [ 30.068357400016172, 60.638004685520386 ] ] ] ] } },
{ "type": "Feature", "properties": { }, "geometry": { "type": "MultiPolygon", "coordinates": [ [ [ [ 30.06954684001618, 60.639275320079577 ], [ 30.069546480016154, 60.639264199927666 ], [ 30.069534600016159, 60.639241165315177 ], [ 30.069545040016123, 60.639242665654407 ], [ 30.070200600016172, 60.639338510711028 ], [ 30.071385000016125, 60.638805710960838 ], [ 30.071199240016121, 60.639011171308162 ], [ 30.070732320016134, 60.639217512898973 ], [ 30.070397160016167, 60.63930038453482 ], [ 30.070074600016177, 60.639383432467291 ], [ 30.069879480016112, 60.639366311019437 ], [ 30.069713160016107, 60.639320771454074 ], [ 30.06954684001618, 60.639275320079577 ] ] ] ] } },
{ "type": "Feature", "properties": { }, "geometry": { "type": "MultiPolygon", "coordinates": [ [ [ [ 30.068876880016113, 60.638711805967453 ], [ 30.068800920016116, 60.638206532392232 ], [ 30.068924760016117, 60.63823583406306 ], [ 30.069093960016094, 60.638369279889737 ], [ 30.069119520016145, 60.638446063944372 ], [ 30.069135360016109, 60.638492487318516 ], [ 30.069386640016138, 60.638631492269155 ], [ 30.069510840016171, 60.638633169150637 ], [ 30.069534600016159, 60.639241165315177 ], [ 30.069546480016154, 60.639264199927666 ], [ 30.06954684001618, 60.639275320079577 ], [ 30.068878680016169, 60.638711541197331 ], [ 30.068876880016113, 60.638711805967453 ] ] ] ] } },
{ "type": "Feature", "properties": { }, "geometry": { "type": "MultiPolygon", "coordinates": [ [ [ [ 30.066779160016171, 60.63874754991167 ], [ 30.067276680016178, 60.63858674597909 ], [ 30.066874200016127, 60.638803769319033 ], [ 30.066779160016171, 60.63874754991167 ] ] ] ] } },
{ "type": "Feature", "properties": { }, "geometry": { "type": "MultiPolygon", "coordinates": [ [ [ [ 30.069816480016115, 60.638637140711644 ], [ 30.070193040016175, 60.638485956277549 ], [ 30.070414800016103, 60.638297526349248 ], [ 30.070511640016122, 60.638215005167254 ], [ 30.070528200016142, 60.638091708419452 ], [ 30.070536120016165, 60.63803010399797 ], [ 30.070409400016107, 60.637938756250797 ], [ 30.070175040016128, 60.637770181467708 ], [ 30.070188000016117, 60.637630378465815 ], [ 30.070200240016145, 60.63749278135861 ], [ 30.070470960016163, 60.637253948808237 ], [ 30.07056456001618, 60.636974249458802 ], [ 30.070785240016107, 60.636800462177987 ], [ 30.070851840016132, 60.63674794628416 ], [ 30.070881720016178, 60.63685156579762 ], [ 30.071155320016171, 60.636870453816179 ], [ 30.071311560016159, 60.637028441948921 ], [ 30.071553840016165, 60.637432587955793 ], [ 30.071491200016101, 60.637743791932351 ], [ 30.071434680016097, 60.637983944733918 ], [ 30.07143540001616, 60.638022072467294 ], [ 30.07141200001611, 60.638138044045718 ], [ 30.071438640016154, 60.638154195305454 ], [ 30.071440080016096, 60.638209356650833 ], [ 30.071591640016141, 60.638418615872247 ], [ 30.071587680016179, 60.638605368209888 ], [ 30.071483280016167, 60.638744725700228 ], [ 30.071385000016125, 60.638805710960838 ], [ 30.070200600016172, 60.639338510711028 ], [ 30.069545040016123, 60.639242665654407 ], [ 30.069534600016159, 60.639241165315177 ], [ 30.069510840016171, 60.638633169150637 ], [ 30.069816480016115, 60.638637140711644 ] ] ] ] } },
{ "type": "Feature", "properties": { }, "geometry": { "type": "MultiPolygon", "coordinates": [ [ [ [ 30.136191480016173, 60.635175342475932 ], [ 30.138043680016203, 60.635049209566262 ], [ 30.138082200016154, 60.635186817103801 ], [ 30.138940080016138, 60.635155217734081 ], [ 30.139288920016146, 60.634874617502561 ], [ 30.139311960016169, 60.635014608989749 ], [ 30.139174800016146, 60.635165280106563 ], [ 30.138223320016145, 60.635240571267822 ], [ 30.138372000016222, 60.635615700458771 ], [ 30.138377760016159, 60.635632117777782 ], [ 30.138381720016213, 60.635643592243113 ], [ 30.13811352001613, 60.63566186311408 ], [ 30.138102720016143, 60.635623732589018 ], [ 30.138102360016198, 60.635623820854185 ], [ 30.137939280016187, 60.635085045838487 ], [ 30.136404960016133, 60.635200851450847 ], [ 30.136561560016144, 60.635734769964643 ], [ 30.136365360016182, 60.635743772978337 ], [ 30.136191480016173, 60.635175342475932 ] ] ] ] } },
{ "type": "Feature", "properties": { }, "geometry": { "type": "MultiPolygon", "coordinates": [ [ [ [ 30.136191480016173, 60.635175342475932 ], [ 30.136133520016141, 60.634987687597103 ], [ 30.136136040016172, 60.63488388555804 ], [ 30.136144320016136, 60.634865967315108 ], [ 30.136383360016143, 60.634847960794872 ], [ 30.137145120016175, 60.634809476237649 ], [ 30.137528520016172, 60.634789704337152 ], [ 30.138165000016173, 60.634741245476178 ], [ 30.138806880016162, 60.634714147319983 ], [ 30.139080480016158, 60.634702760791519 ], [ 30.139259760016166, 60.634698965281132 ], [ 30.139288920016146, 60.634874617502561 ], [ 30.138940080016138, 60.635155217734081 ], [ 30.138082200016154, 60.635186817103801 ], [ 30.138043680016203, 60.635049209566262 ], [ 30.136191480016173, 60.635175342475932 ] ] ] ] } },
{ "type": "Feature", "properties": { }, "geometry": { "type": "MultiPolygon", "coordinates": [ [ [ [ 30.141052560016217, 60.635618613209552 ], [ 30.140919360016159, 60.635504662673071 ], [ 30.1408916400162, 60.635445171682981 ], [ 30.14067024001622, 60.634848490398561 ], [ 30.140672040016181, 60.634777346893166 ], [ 30.140705880016196, 60.63473268352049 ], [ 30.140962560016135, 60.634548115448688 ], [ 30.143371680016138, 60.634415448219244 ], [ 30.143718720016185, 60.634401325261834 ], [ 30.143751840016144, 60.634524547857026 ], [ 30.143291040016205, 60.634574684136311 ], [ 30.143413800016209, 60.634772933519166 ], [ 30.143809800016172, 60.634741245476178 ], [ 30.143810160016201, 60.63474274602487 ], [ 30.143836440016219, 60.634840105005956 ], [ 30.143864520016205, 60.635186993636523 ], [ 30.142022040016183, 60.635241277397441 ], [ 30.141738000016218, 60.635492305503163 ], [ 30.141587880016203, 60.635625409626954 ], [ 30.141052560016217, 60.635618613209552 ] ] ] ] } },
{ "type": "Feature", "properties": { }, "geometry": { "type": "MultiPolygon", "coordinates": [ [ [ [ 30.141669960016163, 60.636032044617025 ], [ 30.141457200016177, 60.636064525766834 ], [ 30.141027720016137, 60.636130194078412 ], [ 30.141000360016214, 60.636111217362334 ], [ 30.141066600016206, 60.635657538126239 ], [ 30.141052560016217, 60.635618613209552 ], [ 30.141587880016203, 60.635625409626954 ], [ 30.141750240016158, 60.635692491072575 ], [ 30.141765720016178, 60.635698934414606 ], [ 30.141851040016135, 60.635734152110658 ], [ 30.141844200016202, 60.635775548300664 ], [ 30.141818640016151, 60.635920037357558 ], [ 30.141627120016214, 60.635922508759101 ], [ 30.141669960016163, 60.636032044617025 ] ] ] ] } },
{ "type": "Feature", "properties": { }, "geometry": { "type": "MultiPolygon", "coordinates": [ [ [ [ 29.958263640016057, 60.649601284313391 ], [ 29.960165160016121, 60.649551965447564 ], [ 29.960199720016099, 60.649996979457825 ], [ 29.960058240016082, 60.650004478649976 ], [ 29.959898040016121, 60.649751093213979 ], [ 29.95836372001607, 60.650015771547821 ], [ 29.958263640016057, 60.649601284313391 ] ] ] ] } },
{ "type": "Feature", "properties": { }, "geometry": { "type": "MultiPolygon", "coordinates": [ [ [ [ 29.958263640016057, 60.649601284313391 ], [ 29.958167520016101, 60.649203907977849 ], [ 29.960130240016106, 60.649104033758675 ], [ 29.960165160016121, 60.649551965447564 ], [ 29.958263640016057, 60.649601284313391 ] ] ] ] } },
{ "type": "Feature", "properties": { }, "geometry": { "type": "MultiPolygon", "coordinates": [ [ [ [ 29.95836372001607, 60.650015771547821 ], [ 29.959898040016121, 60.649751093213979 ], [ 29.960058240016082, 60.650004478649976 ], [ 29.958382440016091, 60.650093410113293 ], [ 29.95836372001607, 60.650015771547821 ] ] ] ] } },
{ "type": "Feature", "properties": { }, "geometry": { "type": "MultiPolygon", "coordinates": [ [ [ [ 30.015001440016142, 60.633566294406315 ], [ 30.014261280016104, 60.63451210204321 ], [ 30.013984800016139, 60.634921222554453 ], [ 30.013650720016088, 60.635149656947895 ], [ 30.013580160016097, 60.635194937607238 ], [ 30.013517520016123, 60.635215150590582 ], [ 30.013461720016085, 60.635230950249984 ], [ 30.013341840016146, 60.635264667932901 ], [ 30.01304268001611, 60.635269346037951 ], [ 30.013039080016082, 60.635226360405568 ], [ 30.013035120016113, 60.634891300000476 ], [ 30.012307920016156, 60.634890682130333 ], [ 30.012485040016067, 60.634146934431563 ], [ 30.012998760016067, 60.633576357274798 ], [ 30.015001440016142, 60.633566294406315 ] ] ] ] } },
{ "type": "Feature", "properties": { }, "geometry": { "type": "MultiPolygon", "coordinates": [ [ [ [ 30.006575280016076, 60.639206745748531 ], [ 30.006697680016135, 60.639270289535141 ], [ 30.006649080016068, 60.639327214070903 ], [ 30.006284760016129, 60.639383255957554 ], [ 30.005580960016125, 60.639474246592734 ], [ 30.004942320016124, 60.639558176621129 ], [ 30.00484836001608, 60.639521551030953 ], [ 30.004779600016146, 60.639116283891795 ], [ 30.005565120016072, 60.639080452100806 ], [ 30.005635680016074, 60.639115930869423 ], [ 30.005722800016084, 60.639138083016086 ], [ 30.005895960016126, 60.63916491268732 ], [ 30.006191160016105, 60.639182916796265 ], [ 30.006375120016141, 60.639167560351034 ], [ 30.006507600016139, 60.639184858415256 ], [ 30.006575280016076, 60.639206745748531 ] ] ] ] } },
{ "type": "Feature", "properties": { }, "geometry": { "type": "MultiPolygon", "coordinates": [ [ [ [ 29.951393400016034, 60.645116223214096 ], [ 29.9495412000161, 60.647969575006094 ], [ 29.949386400016056, 60.648155389697678 ], [ 29.944329840016099, 60.648207798775907 ], [ 29.944793880016036, 60.645571181138365 ], [ 29.945718360016052, 60.645498649486939 ], [ 29.947131000016103, 60.645307348679182 ], [ 29.948861520016028, 60.645298260097789 ], [ 29.951393400016034, 60.645116223214096 ] ] ] ] } },
{ "type": "Feature", "properties": { }, "geometry": { "type": "MultiPolygon", "coordinates": [ [ [ [ 30.012994800016099, 60.661744131817954 ], [ 30.012990120016074, 60.661566773938141 ], [ 30.013284600016085, 60.661447888049672 ], [ 30.013010640016152, 60.661261268069559 ], [ 30.014079120016124, 60.661037604891654 ], [ 30.014566560016107, 60.661573300302109 ], [ 30.015382680016138, 60.661933571179645 ], [ 30.017521080016117, 60.662675707664995 ], [ 30.017514600016121, 60.662904386322076 ], [ 30.016872720016124, 60.662854205915146 ], [ 30.016390680016144, 60.662768308165298 ], [ 30.015772560016135, 60.662689024515231 ], [ 30.01540680001607, 60.66260727131462 ], [ 30.01511016001615, 60.662507174071116 ], [ 30.015030600016125, 60.662468457961332 ], [ 30.014881560016111, 60.662395611578475 ], [ 30.014121600016139, 60.662053249010171 ], [ 30.013982280016116, 60.661999451366874 ], [ 30.013874280016076, 60.661935070462512 ], [ 30.013372800016107, 60.661765651056683 ], [ 30.013205400016091, 60.66174827691836 ], [ 30.012994800016099, 60.661744131817954 ] ] ] ] } },
{ "type": "Feature", "properties": { }, "geometry": { "type": "MultiPolygon", "coordinates": [ [ [ [ 29.999341800016108, 60.629456144478304 ], [ 29.999436120016092, 60.629426305134125 ], [ 29.999504520016089, 60.629394435271479 ], [ 29.99957688001615, 60.629360888013665 ], [ 29.999663640016131, 60.629390197725058 ], [ 29.999750400016126, 60.629420478513346 ], [ 29.999837880016081, 60.629430895804227 ], [ 29.999474280016102, 60.629433720831692 ], [ 29.999341800016108, 60.629456144478304 ] ] ] ] } },
{ "type": "Feature", "properties": { }, "geometry": { "type": "MultiPolygon", "coordinates": [ [ [ [ 30.018200040016133, 60.655129018381679 ], [ 30.017594520016086, 60.655168184373395 ], [ 30.017698200016124, 60.655573955359117 ], [ 30.018302280016144, 60.655521646473382 ], [ 30.018520080016099, 60.656438583352511 ], [ 30.018686760016141, 60.657394392797578 ], [ 30.019133160016139, 60.658111319471708 ], [ 30.015617400016147, 60.658317185968578 ], [ 30.015935280016123, 60.656757630688823 ], [ 30.016057680016093, 60.656316944069538 ], [ 30.016117080016151, 60.655974516877336 ], [ 30.016166040016067, 60.655851817324667 ], [ 30.016585800016113, 60.65575787378549 ], [ 30.016536480016075, 60.655254896298267 ], [ 30.017048040016075, 60.655131929369176 ], [ 30.018118680016137, 60.654918368041777 ], [ 30.018145320016099, 60.654987879277733 ], [ 30.018200040016133, 60.655129018381679 ] ] ] ] } },
{ "type": "Feature", "properties": { }, "geometry": { "type": "MultiPolygon", "coordinates": [ [ [ [ 29.960481960016086, 60.650675164047314 ], [ 29.958798960016043, 60.650975829842906 ], [ 29.958191640016121, 60.650045503611466 ], [ 29.95836372001607, 60.650015771547821 ], [ 29.958382440016091, 60.650093410113293 ], [ 29.960058240016082, 60.650004478649976 ], [ 29.960199720016099, 60.649996979457825 ], [ 29.960481960016086, 60.650675164047314 ] ] ] ] } },
{ "type": "Feature", "properties": { }, "geometry": { "type": "MultiPolygon", "coordinates": [ [ [ [ 30.06843480001611, 60.63281633705563 ], [ 30.068813160016138, 60.632785706364636 ], [ 30.068814240016138, 60.633281619853143 ], [ 30.068670240016178, 60.633817423824631 ], [ 30.068202240016095, 60.634123101738759 ], [ 30.067160400016171, 60.63375854761285 ], [ 30.066773760016176, 60.63323854329871 ], [ 30.066939720016158, 60.632937182351064 ], [ 30.06843480001611, 60.63281633705563 ] ] ] ] } },
{ "type": "Feature", "properties": { }, "geometry": { "type": "MultiPolygon", "coordinates": [ [ [ [ 30.014079120016124, 60.661037604891654 ], [ 30.014724960016093, 60.660902577197533 ], [ 30.015558360016115, 60.661008235754885 ], [ 30.017552760016134, 60.661576651677656 ], [ 30.017521080016117, 60.662675707664995 ], [ 30.015382680016138, 60.661933571179645 ], [ 30.014566560016107, 60.661573300302109 ], [ 30.014079120016124, 60.661037604891654 ] ] ] ] } },
{ "type": "Feature", "properties": { }, "geometry": { "type": "MultiPolygon", "coordinates": [ [ [ [ 29.994347880016122, 60.631086054634949 ], [ 29.992403520016119, 60.630765605426653 ], [ 29.992470840016114, 60.629439017757484 ], [ 29.992642920016063, 60.62940476428858 ], [ 29.992960440016095, 60.629417830049029 ], [ 29.992960440016095, 60.629417830049029 ], [ 29.993105520016059, 60.629415269866662 ], [ 29.993682960016109, 60.629356120768939 ], [ 29.994163200016125, 60.629330783734197 ], [ 29.994580440016136, 60.629396200915679 ], [ 29.994694560016143, 60.629402822080507 ], [ 29.994694920016087, 60.629402822080507 ], [ 29.995043040016125, 60.629382428888505 ], [ 29.995333560016082, 60.62942268556678 ], [ 29.995333560016082, 60.62942268556678 ], [ 29.995455240016085, 60.629415446430983 ], [ 29.995572240016056, 60.629444579528624 ], [ 29.995628760016061, 60.629448552221746 ], [ 29.995778160016105, 60.629433455985357 ], [ 29.995860240016071, 60.629462324220675 ], [ 29.995979760016073, 60.629469475063928 ], [ 29.996873280016128, 60.629620348659309 ], [ 29.997091800016062, 60.629642154205392 ], [ 29.997307800016138, 60.629724785614691 ], [ 29.997484920016145, 60.629764688740771 ], [ 29.997615960016113, 60.629775900450937 ], [ 29.997615960016113, 60.629775900450937 ], [ 29.997864720016111, 60.629775900450937 ], [ 29.998114560016116, 60.629759744993351 ], [ 29.998511280016135, 60.629771044986391 ], [ 29.99851164001608, 60.629771044986391 ], [ 29.998686600016086, 60.629753477026703 ], [ 29.998824120016142, 60.629715869201448 ], [ 29.998975680016098, 60.629674376948977 ], [ 29.998975680016098, 60.629674288667516 ], [ 29.999137680016116, 60.629570469520708 ], [ 29.999205720016082, 60.629499137804352 ], [ 29.999335680016134, 60.629457821837036 ], [ 29.99933964001611, 60.629456585888505 ], [ 29.999341800016108, 60.629456144478304 ], [ 29.999474280016102, 60.629433720831692 ], [ 29.999837160016114, 60.629430895804227 ], [ 30.000123720016095, 60.629467091449698 ], [ 30.000209760016112, 60.629464972681326 ], [ 30.000477960016106, 60.62935735672135 ], [ 30.000810600016134, 60.629340847924603 ], [ 30.001347360016144, 60.629448817067896 ], [ 30.001470480016089, 60.629462235938639 ], [ 30.001676760016082, 60.629434956781097 ], [ 30.001859640016118, 60.629360888013665 ], [ 30.00190032001607, 60.630064048892983 ], [ 30.001615200016104, 60.630311497843643 ], [ 30.0003714000161, 60.629991658901538 ], [ 30.0003714000161, 60.629991658901538 ], [ 29.999549880016069, 60.630926978043114 ], [ 29.999529000016139, 60.630926978043114 ], [ 29.998343880016126, 60.630930862275541 ], [ 29.998343880016126, 60.630930950553555 ], [ 29.998343880016126, 60.630930950553555 ], [ 29.998324800016075, 60.631249014636097 ], [ 29.998324440016138, 60.631253869878108 ], [ 29.99740896001606, 60.631254576095081 ], [ 29.997410040016057, 60.630933510615634 ], [ 29.997410040016057, 60.630908174820291 ], [ 29.997152640016061, 60.630908527932547 ], [ 29.997101160016115, 60.630908527932547 ], [ 29.997015840016061, 60.63099971904596 ], [ 29.996589960016149, 60.631455141085105 ], [ 29.994347880016122, 60.631086054634949 ] ] ] ] } },
{ "type": "Feature", "properties": { }, "geometry": { "type": "MultiPolygon", "coordinates": [ [ [ [ 29.963978280016082, 60.651055142330065 ], [ 29.965157280016125, 60.651109664037797 ], [ 29.966262480016084, 60.651160744971563 ], [ 29.966907240016052, 60.651630879848824 ], [ 29.967107400016076, 60.651777679801029 ], [ 29.967338520016053, 60.652034578107816 ], [ 29.967497280016072, 60.652211106285712 ], [ 29.967581160016092, 60.652516786225029 ], [ 29.968299720016052, 60.652734333298277 ], [ 29.969203680016072, 60.653008338186567 ], [ 29.969277840016105, 60.653261521571913 ], [ 29.969434800016053, 60.653797434543314 ], [ 29.969483040016094, 60.653963631915396 ], [ 29.969677440016092, 60.654629294960365 ], [ 29.96981964001608, 60.655113052051568 ], [ 29.970009360016054, 60.655761402186265 ], [ 29.970178560016123, 60.65633996647815 ], [ 29.969318520016053, 60.656624525618085 ], [ 29.969058240016082, 60.656710616170649 ], [ 29.968130160016134, 60.657017929340171 ], [ 29.967349680016085, 60.656546373544224 ], [ 29.966816880016122, 60.656224413226873 ], [ 29.966735880016067, 60.656175721961759 ], [ 29.9659096800161, 60.65567610298887 ], [ 29.965867200016088, 60.655650433796318 ], [ 29.965711680016074, 60.655556489669806 ], [ 29.965154040016127, 60.65521925887213 ], [ 29.964562200016051, 60.654861823892745 ], [ 29.964984120016087, 60.654315607595414 ], [ 29.965119120016119, 60.654141649168572 ], [ 29.965259880016077, 60.653960456177458 ], [ 29.965553280016088, 60.653580247513105 ], [ 29.96580240001612, 60.653259933668373 ], [ 29.966151960016109, 60.652807819062062 ], [ 29.966067000016089, 60.652781971147483 ], [ 29.965481280016064, 60.652603681724457 ], [ 29.964967920016097, 60.65244779897121 ], [ 29.963808720016075, 60.652095538222632 ], [ 29.963517120016128, 60.652006259404537 ], [ 29.963588040016056, 60.651859460493888 ], [ 29.963590560016094, 60.651854343692897 ], [ 29.963661120016084, 60.651707808753343 ], [ 29.963682720016074, 60.65166281595306 ], [ 29.963978280016082, 60.651055142330065 ] ] ] ] } },
{ "type": "Feature", "properties": { }, "geometry": { "type": "MultiPolygon", "coordinates": [ [ [ [ 30.053448000016115, 60.682900739634078 ], [ 30.05343720001612, 60.682891661657351 ], [ 30.053253960016146, 60.682694765881287 ], [ 30.053151000016161, 60.682586358113362 ], [ 30.0531067200161, 60.682537706703677 ], [ 30.052953720016109, 60.682374124612657 ], [ 30.052854360016159, 60.682268448024438 ], [ 30.052849680016127, 60.682238833839008 ], [ 30.052828800016101, 60.682201816068954 ], [ 30.052821600016141, 60.682187449637176 ], [ 30.052686960016143, 60.682026862460276 ], [ 30.052536840016121, 60.681845385646426 ], [ 30.052492200016115, 60.681791268515973 ], [ 30.052386000016135, 60.681671223351216 ], [ 30.052531080016099, 60.681647073241919 ], [ 30.052398600016097, 60.681477404992336 ], [ 30.052379160016109, 60.681261021588973 ], [ 30.05251056001611, 60.681071078950097 ], [ 30.052523160016165, 60.681069227995408 ], [ 30.053771280016168, 60.680882986155474 ], [ 30.053917080016102, 60.680509617819418 ], [ 30.054412080016171, 60.68057801612013 ], [ 30.054358080016108, 60.680682728700866 ], [ 30.055253040016101, 60.680807625331795 ], [ 30.055962600016127, 60.680063791312691 ], [ 30.056449320016139, 60.680381723184098 ], [ 30.056661360016154, 60.680519930459127 ], [ 30.057065280016147, 60.680783650857322 ], [ 30.057155280016133, 60.680842353031544 ], [ 30.057653880016137, 60.681168297990716 ], [ 30.057628320016175, 60.681258553663938 ], [ 30.057623640016153, 60.681260404607727 ], [ 30.057532920016101, 60.681582026507037 ], [ 30.057468840016107, 60.681810659029182 ], [ 30.05747136001613, 60.681810659029182 ], [ 30.057408360016129, 60.682031886330279 ], [ 30.057454080016136, 60.682305025031269 ], [ 30.057491160016152, 60.682350768265664 ], [ 30.056320080016139, 60.682471692263796 ], [ 30.05597628001609, 60.681741117543446 ], [ 30.055667400016141, 60.6810468402496 ], [ 30.055518000016093, 60.681007265023055 ], [ 30.055466520016147, 60.681016079108879 ], [ 30.053237400016126, 60.681420202352214 ], [ 30.053225160016101, 60.681505609646472 ], [ 30.053383200016146, 60.681686471403573 ], [ 30.053529720016137, 60.681855609719491 ], [ 30.053679480016125, 60.68202959474057 ], [ 30.053833920016139, 60.682194412509816 ], [ 30.053980440016129, 60.682363460018578 ], [ 30.054125520016093, 60.682547401736805 ], [ 30.054348000016169, 60.682794095279718 ], [ 30.053480760016132, 60.682932468464671 ], [ 30.053448000016115, 60.682900739634078 ] ] ] ] } },
{ "type": "Feature", "properties": { }, "geometry": { "type": "MultiPolygon", "coordinates": [ [ [ [ 30.056933880016146, 60.685264099334169 ], [ 30.056594040016154, 60.685033993143549 ], [ 30.056598360016153, 60.685011872545999 ], [ 30.057331320016132, 60.684605767398793 ], [ 30.057355080016126, 60.68455421071458 ], [ 30.057347160016096, 60.684477183993167 ], [ 30.057324840016143, 60.684107823319238 ], [ 30.057346080016099, 60.683845980960164 ], [ 30.057346080016099, 60.683803060114357 ], [ 30.057295680016157, 60.683593566786627 ], [ 30.057123960016142, 60.683363360513567 ], [ 30.057082560016134, 60.683308364590523 ], [ 30.056673240016153, 60.682838251373425 ], [ 30.056404680016126, 60.682539116890482 ], [ 30.056446800016108, 60.682517082714277 ], [ 30.056501160016111, 60.682502452012976 ], [ 30.056899680016105, 60.682463495534833 ], [ 30.057287400016101, 60.682429033995632 ], [ 30.05754624001613, 60.682417752460694 ], [ 30.057583680016169, 60.682462702302907 ], [ 30.057723000016104, 60.682630338219326 ], [ 30.058185600016092, 60.683186738657561 ], [ 30.058293240016098, 60.683815839427602 ], [ 30.058361280016165, 60.684211202431925 ], [ 30.05815248001614, 60.684383412083342 ], [ 30.058175160016127, 60.685260926682446 ], [ 30.058184880016125, 60.685640673245238 ], [ 30.058554600016159, 60.686588125341892 ], [ 30.058020720016113, 60.686611919240569 ], [ 30.057874200016126, 60.68661852865376 ], [ 30.057858360016162, 60.685947710354299 ], [ 30.057583320016139, 60.685723337370533 ], [ 30.056933880016146, 60.685264099334169 ] ] ] ] } },
{ "type": "Feature", "properties": { }, "geometry": { "type": "MultiPolygon", "coordinates": [ [ [ [ 30.056465880016152, 60.684937667083709 ], [ 30.056132520016167, 60.684547072090297 ], [ 30.055736160016171, 60.684083146244042 ], [ 30.055487400016172, 60.683803500780449 ], [ 30.05546472001609, 60.683677293774579 ], [ 30.055431600016139, 60.683491067030026 ], [ 30.05515296001618, 60.683224107833723 ], [ 30.05506656001613, 60.683189118299808 ], [ 30.054827160016089, 60.683091729094478 ], [ 30.054611160016105, 60.682870332808733 ], [ 30.054638160016093, 60.682836400520429 ], [ 30.055307040016167, 60.682715389756787 ], [ 30.05617032001615, 60.682566351111404 ], [ 30.056245560016173, 60.682585300474805 ], [ 30.056591880016157, 60.682970719291056 ], [ 30.056859720016124, 60.683271876858889 ], [ 30.05711712001612, 60.683614454487177 ], [ 30.0571635600161, 60.683808700639474 ], [ 30.057170400016123, 60.684285321437898 ], [ 30.05717112001609, 60.684329651748705 ], [ 30.057174720016121, 60.684568135434034 ], [ 30.056618160016175, 60.684870335613553 ], [ 30.056465880016152, 60.684937667083709 ] ] ] ] } },
{ "type": "Feature", "properties": { }, "geometry": { "type": "MultiPolygon", "coordinates": [ [ [ [ 30.133456920016208, 60.675882963821287 ], [ 30.132797040016161, 60.676137818647305 ], [ 30.132316080016178, 60.675661517934067 ], [ 30.131312760016201, 60.674182939705254 ], [ 30.131356320016213, 60.673435602413555 ], [ 30.132945360016208, 60.673389317535047 ], [ 30.134743920016202, 60.673336684935187 ], [ 30.142808280016165, 60.673101556340058 ], [ 30.144337920016191, 60.67360266823087 ], [ 30.146285880016141, 60.672965433113774 ], [ 30.147146280016155, 60.673568373524361 ], [ 30.144938040016147, 60.674379534930374 ], [ 30.142628640016216, 60.674931934637875 ], [ 30.142454040016155, 60.67492699781684 ], [ 30.136631760016208, 60.674778452044393 ], [ 30.13611624001615, 60.675184593074199 ], [ 30.134799360016203, 60.675253796103107 ], [ 30.134188080016219, 60.675690785551126 ], [ 30.133456920016208, 60.675882963821287 ] ] ], [ [ [ 30.137268960016176, 60.675335252726093 ], [ 30.137272920016137, 60.67510824917801 ], [ 30.138200280016207, 60.675117329350684 ], [ 30.138201720016152, 60.675349886686277 ], [ 30.137268960016176, 60.675335252726093 ] ] ] ] } },
{ "type": "Feature", "properties": { }, "geometry": { "type": "MultiPolygon", "coordinates": [ [ [ [ 30.052536840016121, 60.681845385646426 ], [ 30.052686960016143, 60.682026862460276 ], [ 30.052821600016141, 60.682187449637176 ], [ 30.052828800016101, 60.682201816068954 ], [ 30.052849680016127, 60.682238833839008 ], [ 30.052854360016159, 60.682268448024438 ], [ 30.052953720016109, 60.682374124612657 ], [ 30.0531067200161, 60.682537706703677 ], [ 30.053151000016161, 60.682586358113362 ], [ 30.053253960016146, 60.682694765881287 ], [ 30.05343720001612, 60.682891661657351 ], [ 30.053448000016115, 60.682900739634078 ], [ 30.053290680016129, 60.682890692164541 ], [ 30.052531080016099, 60.682838956460273 ], [ 30.051424800016143, 60.682738128886207 ], [ 30.050374320016125, 60.682597463316142 ], [ 30.04995708001611, 60.682541584717256 ], [ 30.047023080016093, 60.682159333718431 ], [ 30.045015360016141, 60.681714940291236 ], [ 30.045031920016161, 60.681317431251863 ], [ 30.045728520016102, 60.681204611827191 ], [ 30.046432680016128, 60.681093554819647 ], [ 30.047097960016085, 60.68098849101213 ], [ 30.048010200016169, 60.68075773725085 ], [ 30.048093000016099, 60.679966657078779 ], [ 30.04812828001614, 60.679613198816369 ], [ 30.049149600016165, 60.679571506351351 ], [ 30.050233200016134, 60.679527786499179 ], [ 30.051512280016098, 60.679597420913105 ], [ 30.051500400016106, 60.680083711727363 ], [ 30.051840600016124, 60.680095875514311 ], [ 30.052523160016165, 60.681069227995408 ], [ 30.05251056001611, 60.681071078950097 ], [ 30.052379160016109, 60.681261021588973 ], [ 30.052398600016097, 60.681477404992336 ], [ 30.052531080016099, 60.681647073241919 ], [ 30.052386000016135, 60.681671223351216 ], [ 30.052492200016115, 60.681791268515973 ], [ 30.052536840016121, 60.681845385646426 ] ] ] ] } },
{ "type": "Feature", "properties": { }, "geometry": { "type": "MultiPolygon", "coordinates": [ [ [ [ 30.0758184000161, 60.681457661719719 ], [ 30.075820560016094, 60.681201967617184 ], [ 30.075824520016155, 60.681193065441846 ], [ 30.076200720016189, 60.680554129616695 ], [ 30.076280640016151, 60.680066435616233 ], [ 30.074723640016103, 60.68015590109129 ], [ 30.07433484001611, 60.680163128833122 ], [ 30.074352120016101, 60.679224037660489 ], [ 30.075325200016177, 60.679075070989505 ], [ 30.076191720016158, 60.679201913068361 ], [ 30.075830640016122, 60.678073538698747 ], [ 30.073586400016104, 60.677744388998647 ], [ 30.073411440016187, 60.678184782426477 ], [ 30.071138040016177, 60.677667786724264 ], [ 30.071099880016167, 60.677364108479878 ], [ 30.070528560016168, 60.677443444146824 ], [ 30.070581480016145, 60.676853622860747 ], [ 30.071351880016174, 60.676775784331667 ], [ 30.074293080016162, 60.676478532859974 ], [ 30.0739752000161, 60.67578758007101 ], [ 30.075568920016121, 60.675586585660639 ], [ 30.076842240016155, 60.67545673202541 ], [ 30.077025840016162, 60.675927393863589 ], [ 30.077195400016169, 60.676131295235244 ], [ 30.080380680016127, 60.675314624120283 ], [ 30.081263400016105, 60.675746058960158 ], [ 30.081812040016118, 60.676104760802104 ], [ 30.08308212001614, 60.676638442504142 ], [ 30.083566680016155, 60.676966986451937 ], [ 30.084043320016139, 60.677473591649004 ], [ 30.084545520016174, 60.678154371144494 ], [ 30.084897240016154, 60.678217309244097 ], [ 30.08501028001616, 60.678639449702622 ], [ 30.08473416001614, 60.67869198548415 ], [ 30.084990120016109, 60.679074630258697 ], [ 30.085121880016136, 60.679082651558659 ], [ 30.085289640016182, 60.679303633178947 ], [ 30.085326000016135, 60.679352730205672 ], [ 30.08529396001618, 60.679357930784001 ], [ 30.085206480016129, 60.679443079116545 ], [ 30.085215120016123, 60.679461589593785 ], [ 30.085256160016105, 60.679494203265932 ], [ 30.085318800016168, 60.679517032816747 ], [ 30.085447320016105, 60.679559606800687 ], [ 30.08559996001615, 60.679571241916918 ], [ 30.085659720016153, 60.679701343384814 ], [ 30.085448760016131, 60.680087678180115 ], [ 30.0859513200161, 60.680123728806265 ], [ 30.086103960016153, 60.680856191216172 ], [ 30.083322600016182, 60.681213954700809 ], [ 30.075987240016133, 60.682157482826341 ], [ 30.075913440016144, 60.681967633617504 ], [ 30.075847560016175, 60.681736093628032 ], [ 30.075849720016173, 60.681691671604739 ], [ 30.0758184000161, 60.681457661719719 ] ] ] ] } },
{ "type": "Feature", "properties": { }, "geometry": { "type": "MultiPolygon", "coordinates": [ [ [ [ 30.054539160016173, 60.68276254258479 ], [ 30.054504960016125, 60.682754698474241 ], [ 30.054256920016087, 60.682468431199837 ], [ 30.053831400016115, 60.681978210204555 ], [ 30.053402280016101, 60.681485954530729 ], [ 30.053431440016094, 60.681458278697178 ], [ 30.05395740001611, 60.681364233568985 ], [ 30.05550576001616, 60.681085534020966 ], [ 30.055538520016178, 60.681094788788521 ], [ 30.055778640016097, 60.681634293067262 ], [ 30.056008320016133, 60.682146113058494 ], [ 30.05614728001613, 60.682462437892234 ], [ 30.056134680016164, 60.68247601096958 ], [ 30.055477320016145, 60.682590500530715 ], [ 30.054539160016173, 60.68276254258479 ] ] ] ] } },
{ "type": "Feature", "properties": { }, "geometry": { "type": "MultiPolygon", "coordinates": [ [ [ [ 30.079978560016109, 60.67191936333473 ], [ 30.080232360016172, 60.671958332578349 ], [ 30.080844720016152, 60.67146230877524 ], [ 30.081577680016135, 60.671929326064394 ], [ 30.081979080016186, 60.671892031936665 ], [ 30.082474440016188, 60.672120027985578 ], [ 30.082442760016171, 60.672438831818035 ], [ 30.082741920016126, 60.672622124959176 ], [ 30.083325120016116, 60.672317164798756 ], [ 30.083832720016151, 60.672541190454098 ], [ 30.083577480016153, 60.672749609616567 ], [ 30.083077440016119, 60.672806563180011 ], [ 30.084214680016121, 60.67494180827763 ], [ 30.084276600016118, 60.675363286451237 ], [ 30.081687120016117, 60.675386824182759 ], [ 30.081100320016184, 60.674553736691479 ], [ 30.080345040016145, 60.674271451784797 ], [ 30.080117880016132, 60.674485413744712 ], [ 30.079935720016159, 60.675061349604618 ], [ 30.080380680016127, 60.675314624120283 ], [ 30.077195400016169, 60.676131295235244 ], [ 30.077046000016118, 60.675951900884463 ], [ 30.079207440016113, 60.673229303585138 ], [ 30.079088640016174, 60.673196683563852 ], [ 30.079475280016172, 60.672708613568133 ], [ 30.079674720016133, 60.672328890698182 ], [ 30.079978560016109, 60.67191936333473 ] ] ] ] } },
{ "type": "Feature", "properties": { }, "geometry": { "type": "MultiPolygon", "coordinates": [ [ [ [ 30.047311800016164, 60.689920333558199 ], [ 30.045568680016093, 60.690499341573194 ], [ 30.045193560016148, 60.690636271788065 ], [ 30.04479180001616, 60.69054392766602 ], [ 30.043720800016157, 60.690276586413233 ], [ 30.043157760016122, 60.690152167116047 ], [ 30.04255764001616, 60.690121326564253 ], [ 30.042048600016102, 60.690162212317937 ], [ 30.042117000016102, 60.690038938088065 ], [ 30.042184680016131, 60.689934960886433 ], [ 30.042264240016156, 60.689804812678176 ], [ 30.042533520016146, 60.689390484949982 ], [ 30.04377264001613, 60.689586811046667 ], [ 30.043872360016113, 60.689602319699787 ], [ 30.044820960016139, 60.689756348417319 ], [ 30.045217680016165, 60.689685502348233 ], [ 30.045306240016121, 60.689669288798008 ], [ 30.046282920016139, 60.689482832383476 ], [ 30.046523760016122, 60.689436834935449 ], [ 30.046547880016135, 60.68945181495446 ], [ 30.047235120016115, 60.68987327933678 ], [ 30.047311800016164, 60.689920333558199 ] ] ] ] } },
{ "type": "Feature", "properties": { }, "geometry": { "type": "MultiPolygon", "coordinates": [ [ [ [ 30.081100320016184, 60.674553736691479 ], [ 30.081687120016117, 60.675386824182759 ], [ 30.084276600016118, 60.675363286451237 ], [ 30.081263400016105, 60.675746058960158 ], [ 30.080380680016127, 60.675314624120283 ], [ 30.079935720016159, 60.675061349604618 ], [ 30.080117880016132, 60.674485413744712 ], [ 30.080345040016145, 60.674271451784797 ], [ 30.081100320016184, 60.674553736691479 ] ] ] ] } },
{ "type": "Feature", "properties": { }, "geometry": { "type": "MultiPolygon", "coordinates": [ [ [ [ 30.057688080016089, 60.68662681244966 ], [ 30.057687720016148, 60.68662681244966 ], [ 30.057599880016159, 60.686630778095925 ], [ 30.057390720016112, 60.686640119393978 ], [ 30.056776560016161, 60.686635624996214 ], [ 30.056762160016138, 60.686635536870753 ], [ 30.056761800016105, 60.68671317530147 ], [ 30.056757840016139, 60.686913747724013 ], [ 30.056756760016139, 60.686958515036018 ], [ 30.056658120016156, 60.686954285056459 ], [ 30.056204880016125, 60.68693525014146 ], [ 30.056191920016136, 60.686934633269011 ], [ 30.056071680016164, 60.686929433915196 ], [ 30.055264560016155, 60.686896915903588 ], [ 30.054644280016149, 60.686870478471498 ], [ 30.054567240016159, 60.686531196164758 ], [ 30.054526920016144, 60.686355296708484 ], [ 30.053833920016139, 60.686335380176345 ], [ 30.053446920016114, 60.686324100011127 ], [ 30.052793160016126, 60.686305152849634 ], [ 30.052701360016169, 60.686022706631121 ], [ 30.052338840016102, 60.686020679707042 ], [ 30.05157132001613, 60.686017330875629 ], [ 30.051267840016099, 60.685770045151266 ], [ 30.051082080016094, 60.685769516384312 ], [ 30.050636760016094, 60.685768106339083 ], [ 30.050502120016102, 60.685767753827776 ], [ 30.049941240016153, 60.685765991271111 ], [ 30.049711200016169, 60.68576537437626 ], [ 30.04934616001616, 60.685764228714348 ], [ 30.049328880016169, 60.685764228714348 ], [ 30.048860520016152, 60.685762818668884 ], [ 30.048734880016092, 60.685563384739758 ], [ 30.048667560016092, 60.685455515409174 ], [ 30.048598080016095, 60.685346676298067 ], [ 30.048539040016156, 60.685256167704232 ], [ 30.048514200016168, 60.685220739733531 ], [ 30.048418440016153, 60.685082376389587 ], [ 30.048168960016088, 60.684711524441234 ], [ 30.048153480016158, 60.684687729136968 ], [ 30.048037920016121, 60.684511731469975 ], [ 30.047909760016118, 60.684325245159883 ], [ 30.048618960016121, 60.684153123329345 ], [ 30.048742440016092, 60.684122982084567 ], [ 30.049113960016093, 60.684031148059425 ], [ 30.049267680016136, 60.683761284944609 ], [ 30.0492900000161, 60.683728234930093 ], [ 30.049487640016093, 60.683426993499573 ], [ 30.049548480016096, 60.68337252649161 ], [ 30.049697160016091, 60.683239972093489 ], [ 30.049927920016128, 60.683036027624617 ], [ 30.050140680016117, 60.682847241229439 ], [ 30.050287920016167, 60.682705871046629 ], [ 30.050917200016109, 60.682781756240701 ], [ 30.051698760016158, 60.682874915868283 ], [ 30.052086840016099, 60.682918983715517 ], [ 30.05219052001614, 60.682972217594433 ], [ 30.052246320016174, 60.683034881865517 ], [ 30.052413720016094, 60.683036468301182 ], [ 30.052441080016113, 60.683037173383681 ], [ 30.052613160016151, 60.68304113947238 ], [ 30.052986840016153, 60.683046075048779 ], [ 30.053156040016134, 60.68304113947238 ], [ 30.053537280016133, 60.68301134972738 ], [ 30.05355852001609, 60.6830052683855 ], [ 30.053536920016104, 60.682985966727635 ], [ 30.054309120016097, 60.682877471805106 ], [ 30.054409200016114, 60.682895715899683 ], [ 30.054679200016164, 60.683147606737933 ], [ 30.054976920016173, 60.683269585357493 ], [ 30.055023720016088, 60.683327842324012 ], [ 30.055065840016159, 60.683320350889431 ], [ 30.055205160016094, 60.683499527899343 ], [ 30.055261320016154, 60.683619301841915 ], [ 30.055296600016113, 60.683783318268773 ], [ 30.055306680016137, 60.683828001803818 ], [ 30.055682160016111, 60.684247336570309 ], [ 30.055994640016173, 60.684598893179022 ], [ 30.056306400016172, 60.684983054055451 ], [ 30.056637240016137, 60.685213160610346 ], [ 30.057028200016131, 60.685481248975101 ], [ 30.057380280016144, 60.685728360663433 ], [ 30.057626160016088, 60.685932376193918 ], [ 30.057676200016093, 60.686048527870504 ], [ 30.057688080016089, 60.68662681244966 ] ] ] ] } },
{ "type": "Feature", "properties": { }, "geometry": { "type": "MultiPolygon", "coordinates": [ [ [ [ 29.997136544570594, 60.681300137969373 ], [ 29.99846554332477, 60.6802944721599 ], [ 29.999318759555983, 60.680468118338283 ], [ 29.999605260596606, 60.680174667401417 ], [ 30.000047532915652, 60.680288863564776 ], [ 30.000150382156352, 60.680179958814811 ], [ 30.000487926218973, 60.679822529805143 ], [ 30.001291174621077, 60.679716766859116 ], [ 30.000803391037593, 60.679283446394365 ], [ 30.000713781014245, 60.679269130930145 ], [ 30.000582855879976, 60.679163836406573 ], [ 30.000537692826878, 60.679127512541285 ], [ 30.000109855639845, 60.679070230781242 ], [ 29.999956483947997, 60.679069142908951 ], [ 29.999541738396157, 60.678994165612828 ], [ 29.999471911883937, 60.678984816840504 ], [ 29.999219679193313, 60.67895104442043 ], [ 29.998932835506217, 60.678856179197169 ], [ 29.998683949447834, 60.678918406842456 ], [ 29.998107180845466, 60.679062608789309 ], [ 29.997856323905996, 60.678808169705462 ], [ 29.99524758844009, 60.678540978221363 ], [ 29.995415591713787, 60.678091754725486 ], [ 29.995684632448558, 60.677786933234671 ], [ 29.995703488037304, 60.677765571567186 ], [ 29.995287503334342, 60.677670548957863 ], [ 29.995285327604986, 60.677670052367553 ], [ 29.995288445681673, 60.677668331666965 ], [ 29.994921544595961, 60.677573583395137 ], [ 29.993760459385324, 60.677292850523322 ], [ 29.992129948479661, 60.676895930154672 ], [ 29.992108691209957, 60.676913195739225 ], [ 29.992066725394036, 60.676906818429039 ], [ 29.992019132345472, 60.676898916145241 ], [ 29.991949072481624, 60.676889029416749 ], [ 29.991878651483429, 60.676879966790224 ], [ 29.991805077424736, 60.676872328308825 ], [ 29.991733554581629, 60.676864707066905 ], [ 29.991700402268851, 60.676862094152462 ], [ 29.991735223625177, 60.676933917413926 ], [ 29.992042662774562, 60.677004471602501 ], [ 29.992767950105488, 60.67748713621684 ], [ 29.993545327249176, 60.678469129899888 ], [ 29.995761334850869, 60.679523402519436 ], [ 29.996469068651432, 60.679509377673689 ], [ 29.997590495518587, 60.680058736992244 ], [ 29.997436569024909, 60.680320330763145 ], [ 29.995426144296729, 60.681366949143403 ], [ 29.995244288109085, 60.681461618487731 ], [ 29.997140665088569, 60.681304490719469 ], [ 29.997136544570594, 60.681300137969373 ] ] ], [ [ [ 29.986930856558899, 60.682357190800545 ], [ 29.99500912042047, 60.681483196285122 ], [ 29.994484642109928, 60.681390949478001 ], [ 29.991864729269199, 60.680404301491123 ], [ 29.988646905336321, 60.680707350119199 ], [ 29.988062297056327, 60.680846861886344 ], [ 29.98658141549971, 60.681228663859407 ], [ 29.986591704679476, 60.681252989268103 ], [ 29.986415743118521, 60.681292090239623 ], [ 29.986189404440864, 60.681334441067072 ], [ 29.985709439150149, 60.681442725404722 ], [ 29.985575643602761, 60.681448955921404 ], [ 29.984619720474463, 60.681441629476986 ], [ 29.984476450230154, 60.681428470906198 ], [ 29.984314977217419, 60.681381536792514 ], [ 29.983823336871019, 60.681268042644703 ], [ 29.983088912296854, 60.681136647453854 ], [ 29.983066086317006, 60.681043560464246 ], [ 29.983024764770782, 60.681338685359179 ], [ 29.983015075025918, 60.681407891041559 ], [ 29.985514962341469, 60.681716761806335 ], [ 29.985498689837261, 60.681741156312526 ], [ 29.986296459478542, 60.681883291505386 ], [ 29.986151023616188, 60.682039926323718 ], [ 29.986722762326664, 60.682264158031941 ], [ 29.986930856558899, 60.682357190800545 ] ] ] ] } },
{ "type": "Feature", "properties": { }, "geometry": { "type": "MultiPolygon", "coordinates": [ [ [ [ 29.940817875808676, 60.6750753927708 ], [ 29.940938470509042, 60.674512261375995 ], [ 29.946094039103947, 60.674558534299791 ], [ 29.946111131752708, 60.673547151662305 ], [ 29.945694458570316, 60.673493054032193 ], [ 29.945064220433018, 60.673443695553345 ], [ 29.944177164897216, 60.6735604250742 ], [ 29.943256461043031, 60.673382861512643 ], [ 29.94141185716061, 60.673223868820088 ], [ 29.941728982191496, 60.672050809392687 ], [ 29.941727215070269, 60.672050464982512 ], [ 29.941728776067194, 60.672044655253409 ], [ 29.941727890497354, 60.672044126213805 ], [ 29.941726579122246, 60.67204898014095 ], [ 29.941056243074168, 60.671918329478181 ], [ 29.940329357710958, 60.671575585154642 ], [ 29.939529939931948, 60.671167161810999 ], [ 29.939515075537983, 60.67115360718131 ], [ 29.937765508213676, 60.671218601942329 ], [ 29.935828000943474, 60.671457861656997 ], [ 29.935064637077787, 60.67161370011425 ], [ 29.934819731745417, 60.67172813362415 ], [ 29.934746783314218, 60.671936561537578 ], [ 29.934981364988218, 60.672216088950599 ], [ 29.935300365928349, 60.672462423948332 ], [ 29.935713626506175, 60.6727663355761 ], [ 29.936594067020451, 60.673473085672143 ], [ 29.938479353413985, 60.675087030354554 ], [ 29.940817875808676, 60.6750753927708 ] ] ] ] } },
{ "type": "Feature", "properties": { }, "geometry": { "type": "MultiPolygon", "coordinates": [ [ [ [ 29.967433538842485, 60.673305053379295 ], [ 29.967468487067116, 60.673039186775831 ], [ 29.967652415430919, 60.673044180085476 ], [ 29.96762622834218, 60.673039649262577 ], [ 29.96746178289051, 60.673035184810836 ], [ 29.967285085920459, 60.673087052261522 ], [ 29.966868119358935, 60.673079438478268 ], [ 29.966768484122589, 60.673022354771739 ], [ 29.966762063079045, 60.67301867617023 ], [ 29.966674461322469, 60.672918720873753 ], [ 29.966629259301747, 60.672867142872313 ], [ 29.966030375420367, 60.67276351400119 ], [ 29.966011584713698, 60.672760262353158 ], [ 29.965731550407803, 60.672777661279611 ], [ 29.965409356305983, 60.672807629470888 ], [ 29.965092997573969, 60.672843656843639 ], [ 29.964782148131349, 60.672845868612313 ], [ 29.964464211150894, 60.672845103484555 ], [ 29.963998889177159, 60.672823236200834 ], [ 29.963998597478621, 60.672826910387627 ], [ 29.963983751685085, 60.673013396685484 ], [ 29.965180419026627, 60.673325170620714 ], [ 29.966152371717712, 60.67336871032964 ], [ 29.966168627044379, 60.673369438288546 ], [ 29.967487743892079, 60.673428518377449 ], [ 29.967433538842485, 60.673305053379295 ] ] ] ] } },
{ "type": "Feature", "properties": { }, "geometry": { "type": "MultiPolygon", "coordinates": [ [ [ [ 29.989431803032808, 60.700936000321541 ], [ 29.989481124531395, 60.70064190312241 ], [ 29.98851746377753, 60.700803678959566 ], [ 29.988116088000012, 60.70081278031261 ], [ 29.987895577854946, 60.700783514916495 ], [ 29.987847419993312, 60.701516547256155 ], [ 29.989187684096731, 60.701570011985197 ], [ 29.989242154731755, 60.701286939436251 ], [ 29.989431803032808, 60.700936000321541 ] ] ] ] } },
{ "type": "Feature", "properties": { }, "geometry": { "type": "MultiPolygon", "coordinates": [ [ [ [ 29.937824232787371, 60.670253180757484 ], [ 29.937157651248583, 60.67008152345791 ], [ 29.936632744798892, 60.67003596504243 ], [ 29.935952622250351, 60.670033231179225 ], [ 29.935339221930512, 60.670144239928604 ], [ 29.934700457534902, 60.670145600572809 ], [ 29.933494290184345, 60.670094495141242 ], [ 29.932548389664998, 60.670044219938156 ], [ 29.931951343904394, 60.670009994931974 ], [ 29.931187879210679, 60.670122239386984 ], [ 29.930779314498288, 60.670234551149342 ], [ 29.930766007811631, 60.670270376993351 ], [ 29.93415215012411, 60.672852982731804 ], [ 29.934611387962789, 60.672599817384388 ], [ 29.93434649896777, 60.672395264030115 ], [ 29.934100342424617, 60.672109172595725 ], [ 29.934006797257361, 60.671869209527628 ], [ 29.934202356630497, 60.671531165184874 ], [ 29.934557612390787, 60.671343105106544 ], [ 29.934914969293178, 60.671255441145227 ], [ 29.935623155663912, 60.671112984846928 ], [ 29.93715520557954, 60.670923797379473 ], [ 29.937641815027945, 60.670864102341739 ], [ 29.938362212965909, 60.670838285835949 ], [ 29.939137267472834, 60.670809088186992 ], [ 29.938898366074891, 60.670591232497877 ], [ 29.938461731189641, 60.670511783558631 ], [ 29.937824232787371, 60.670253180757484 ] ] ] ] } },
{ "type": "Feature", "properties": { }, "geometry": { "type": "MultiPolygon", "coordinates": [ [ [ [ 29.788360796811791, 60.720288057542795 ], [ 29.789316205521786, 60.718485613235536 ], [ 29.789275736515794, 60.718483092677047 ], [ 29.788898972989784, 60.718511998198835 ], [ 29.788567499087183, 60.718524533182965 ], [ 29.788298832615272, 60.718474655778635 ], [ 29.788057692758549, 60.718403788888317 ], [ 29.787801220989504, 60.718386575215533 ], [ 29.787511194724736, 60.71835112577871 ], [ 29.787359106999027, 60.718720557594459 ], [ 29.787078118543079, 60.71923200844229 ], [ 29.786867072192003, 60.719705202201737 ], [ 29.786761008187366, 60.719975826601384 ], [ 29.788276982935979, 60.720272243696854 ], [ 29.788277159229043, 60.720272278434528 ], [ 29.788344878588642, 60.720285519153499 ], [ 29.788360796811791, 60.720288057542795 ] ] ] ] } },
{ "type": "Feature", "properties": { }, "geometry": { "type": "MultiPolygon", "coordinates": [ [ [ [ 29.885519904318997, 60.671552149509523 ], [ 29.885179379311751, 60.671522272181072 ], [ 29.884534832534978, 60.671881265586237 ], [ 29.883119396296397, 60.672705800841584 ], [ 29.883085465752352, 60.672766938852909 ], [ 29.885926732936667, 60.671895821957008 ], [ 29.885819883917147, 60.671857171388787 ], [ 29.885693286726784, 60.671810802780882 ], [ 29.885586773300385, 60.671726331048184 ], [ 29.885519482324732, 60.671642766999497 ], [ 29.885519904318997, 60.671552149509523 ] ] ] ] } },
{ "type": "Feature", "properties": { }, "geometry": { "type": "MultiPolygon", "coordinates": [ [ [ [ 29.79170794434102, 60.718495559354807 ], [ 29.791722665776192, 60.717810285002194 ], [ 29.791718915276068, 60.717761784097647 ], [ 29.791721773584296, 60.717761377069174 ], [ 29.791700252684691, 60.716581272530235 ], [ 29.791684601830081, 60.716499080254188 ], [ 29.792399488771085, 60.716487095026146 ], [ 29.792264245769584, 60.716456054154868 ], [ 29.792176152935575, 60.71636351030385 ], [ 29.792060848000414, 60.716272226469037 ], [ 29.791864976228513, 60.716223726267415 ], [ 29.791691458758869, 60.716212248672456 ], [ 29.791424199648322, 60.71622844396903 ], [ 29.790491746446335, 60.716252244243051 ], [ 29.790390970643859, 60.716246058847453 ], [ 29.790298420531578, 60.716240378069244 ], [ 29.789821849924305, 60.71616561426039 ], [ 29.789771345578224, 60.716157691059912 ], [ 29.789522494165016, 60.716128070311619 ], [ 29.789151280723541, 60.716124619786875 ], [ 29.788918816955348, 60.716179388944035 ], [ 29.78868486278062, 60.716316484417057 ], [ 29.788259654184678, 60.716729883200358 ], [ 29.788227402908159, 60.716917981029511 ], [ 29.787908739462413, 60.717278359578302 ], [ 29.787846553384071, 60.717596147513376 ], [ 29.787661087437726, 60.717818607982494 ], [ 29.787404973768314, 60.717928643075922 ], [ 29.787526558538779, 60.718081685814248 ], [ 29.787558852930339, 60.718235358803192 ], [ 29.78754019734739, 60.718280675851261 ], [ 29.787828987700561, 60.718315974852764 ], [ 29.78810733529442, 60.718334656230276 ], [ 29.788363001372939, 60.718409792973063 ], [ 29.788588838102527, 60.718451719326708 ], [ 29.788881968175954, 60.718440633816961 ], [ 29.789147963562588, 60.718420226640504 ], [ 29.789273598322595, 60.718410587839912 ], [ 29.789740213471472, 60.718439649812233 ], [ 29.790089734978409, 60.718488322246166 ], [ 29.790584737139771, 60.718473893140292 ], [ 29.790880164864621, 60.718481195357647 ], [ 29.79117849730499, 60.718508774648029 ], [ 29.791632735503683, 60.718496818554357 ], [ 29.79170794434102, 60.718495559354807 ] ] ] ] } },
{ "type": "Feature", "properties": { }, "geometry": { "type": "MultiPolygon", "coordinates": [ [ [ [ 29.979365887193701, 60.682266981289722 ], [ 29.97923749827552, 60.682263994550041 ], [ 29.979181617145791, 60.682784524887708 ], [ 29.979239383110176, 60.682264059370702 ], [ 29.979365887193701, 60.682266981289722 ] ] ] ] } },
{ "type": "Feature", "properties": { }, "geometry": { "type": "MultiPolygon", "coordinates": [ [ [ [ 29.759717040994953, 60.75464073493081 ], [ 29.759660712437295, 60.754601353464381 ], [ 29.759660848974143, 60.754601529790612 ], [ 29.759698825916455, 60.754640910701262 ], [ 29.759717040994953, 60.75464073493081 ] ] ] ] } },
{ "type": "Feature", "properties": { }, "geometry": { "type": "MultiPolygon", "coordinates": [ [ [ [ 29.981355320679533, 60.680485508451689 ], [ 29.981694743079547, 60.680181897469858 ], [ 29.98298204555914, 60.68048929972246 ], [ 29.983090931970054, 60.680360797965577 ], [ 29.983347109001052, 60.68010453747052 ], [ 29.983281547618759, 60.680081514856809 ], [ 29.98339611001613, 60.680055520108212 ], [ 29.983959266035249, 60.679492162841491 ], [ 29.984245030982638, 60.679208063114991 ], [ 29.984341468243642, 60.679112185978973 ], [ 29.984501818765558, 60.678952189548333 ], [ 29.984539729254902, 60.678947369576093 ], [ 29.984651479961311, 60.67885081134105 ], [ 29.984654396873275, 60.6787988673725 ], [ 29.984697014431401, 60.678754083896415 ], [ 29.984788920690487, 60.678657508711119 ], [ 29.985237967381444, 60.678437388858654 ], [ 29.98530283186621, 60.678405593166474 ], [ 29.98529640796016, 60.678403181878998 ], [ 29.985242652373195, 60.678383000782198 ], [ 29.985369909000781, 60.678374269419777 ], [ 29.985585741649935, 60.678274300489655 ], [ 29.985722586449867, 60.678210916058958 ], [ 29.98642145191889, 60.677981666907229 ], [ 29.987153851421155, 60.677772385929124 ], [ 29.987502943318187, 60.677652283368168 ], [ 29.989748097853749, 60.676978262979624 ], [ 29.990510821628206, 60.676799431717669 ], [ 29.991223425038093, 60.676720059937921 ], [ 29.991227511770365, 60.67671960443505 ], [ 29.991211511824392, 60.676686236092124 ], [ 29.991197223042654, 60.676656435685828 ], [ 29.991275246137029, 60.676658160072947 ], [ 29.991371574130138, 60.676635003563398 ], [ 29.991391401615697, 60.67666177347661 ], [ 29.992761134966514, 60.676864502228064 ], [ 29.992987105482328, 60.676923381926237 ], [ 29.993149873827019, 60.676965792135697 ], [ 29.993162488389924, 60.67695124081456 ], [ 29.993198327276847, 60.676914965272815 ], [ 29.993568473411262, 60.676561387161946 ], [ 29.993569991679802, 60.676561647430795 ], [ 29.994089556539461, 60.676650623187228 ], [ 29.99438454959455, 60.676710978582044 ], [ 29.994226005974085, 60.676917537464455 ], [ 29.994143150226286, 60.676996647576829 ], [ 29.993943606451136, 60.6771418809154 ], [ 29.993915484523633, 60.677160590292331 ], [ 29.994159389781796, 60.677222646845905 ], [ 29.994412151617741, 60.677305456007495 ], [ 29.99544944557821, 60.677528848599302 ], [ 29.995458354718927, 60.677525447513801 ], [ 29.995500565593257, 60.677509331590791 ], [ 29.995697399124804, 60.677223320307228 ], [ 29.995863087286526, 60.676956888234542 ], [ 29.996568874140593, 60.677061556773261 ], [ 29.996367519523488, 60.677357617263212 ], [ 29.996349956044281, 60.677357049801991 ], [ 29.99618020143215, 60.677636681219376 ], [ 29.996062263716244, 60.677762107783117 ], [ 29.996718537290942, 60.67790557135482 ], [ 29.997390274045244, 60.677981908134385 ], [ 29.997869759471847, 60.677952950838666 ], [ 29.998126547593298, 60.677935164106948 ], [ 29.998126486562114, 60.677935142670812 ], [ 29.998283518758583, 60.677924239756564 ], [ 29.998586851964276, 60.677903226407956 ], [ 29.999060324265013, 60.677848174718562 ], [ 29.999208753798225, 60.677855566068835 ], [ 29.999299244820651, 60.677886392641526 ], [ 29.999607014029493, 60.678141420415052 ], [ 29.999648206301099, 60.678174811107013 ], [ 30.000684089762821, 60.679014474194609 ], [ 30.000785073327474, 60.679096327359055 ], [ 30.000867555972235, 60.679070001977166 ], [ 30.001092814591217, 60.678998106950885 ], [ 30.002241401446671, 60.678631506469884 ], [ 30.002263965585858, 60.677996749442798 ], [ 30.002640614686037, 60.677212311775207 ], [ 30.003378605924638, 60.676181525199539 ], [ 30.003384057833014, 60.676173909542676 ], [ 30.003422381851937, 60.676120379023452 ], [ 30.003430247330641, 60.676109392312689 ], [ 30.003217401110096, 60.675992517439617 ], [ 30.003080213513684, 60.675959445019821 ], [ 30.002370201965341, 60.676018197029975 ], [ 30.001491280781845, 60.676062862685811 ], [ 30.000784069110477, 60.676050419136978 ], [ 30.000112052927758, 60.675985689358541 ], [ 29.999170008899, 60.675889923524785 ], [ 29.998946220322892, 60.675905047579072 ], [ 29.998592243089359, 60.675967523171273 ], [ 29.998341787415161, 60.676028642339695 ], [ 29.998276249415618, 60.676044635554391 ], [ 29.997826580789674, 60.676056491327948 ], [ 29.997454877746918, 60.67595702398966 ], [ 29.997255213456675, 60.675893768358335 ], [ 29.997180959270722, 60.675870243722926 ], [ 29.997146880077175, 60.675881412096039 ], [ 29.996872796592097, 60.675971234110456 ], [ 29.996486890060254, 60.676001921461783 ], [ 29.996450955357076, 60.676038046127367 ], [ 29.996157060849384, 60.676168162309182 ], [ 29.995905978514774, 60.676196315618924 ], [ 29.995146845191954, 60.676174670870296 ], [ 29.99453873318463, 60.676090783982332 ], [ 29.994326252546156, 60.675957314250113 ], [ 29.994120347636564, 60.675836899573333 ], [ 29.99358723199968, 60.675717339152392 ], [ 29.992844493064876, 60.675543218662689 ], [ 29.9922542134689, 60.675442007435215 ], [ 29.991873520525516, 60.675422302604559 ], [ 29.991655533935752, 60.675326773252152 ], [ 29.991655428160708, 60.675327309223221 ], [ 29.991654132196427, 60.675326159267428 ], [ 29.991629117635838, 60.675315196241932 ], [ 29.991509156048451, 60.67535290133825 ], [ 29.991507170003768, 60.67535280733243 ], [ 29.99081727409628, 60.67532018939994 ], [ 29.99064635584439, 60.675311853992987 ], [ 29.989493060242303, 60.675255602851948 ], [ 29.989101539534399, 60.675237086429384 ], [ 29.989064698275183, 60.675237058131813 ], [ 29.988181710070137, 60.675236404329347 ], [ 29.988135668375168, 60.675238197132018 ], [ 29.987917512978267, 60.675307824649622 ], [ 29.987849887760689, 60.675338990610008 ], [ 29.987776266517336, 60.675341297875363 ], [ 29.987775516690551, 60.675340919021799 ], [ 29.987774371899462, 60.675340954865476 ], [ 29.987769732690513, 60.675339150687563 ], [ 29.985954655824948, 60.675359901565436 ], [ 29.985515968752509, 60.675338930293265 ], [ 29.985483143584066, 60.675339075336424 ], [ 29.985446951658645, 60.675336438881622 ], [ 29.984872239049199, 60.675294576482464 ], [ 29.984871912070311, 60.675294552674792 ], [ 29.984796520304226, 60.675289266630521 ], [ 29.984794958182686, 60.675288947605452 ], [ 29.984794625721506, 60.675288923578577 ], [ 29.984415045637164, 60.675211287586201 ], [ 29.984101753408318, 60.675147208565583 ], [ 29.984100415965411, 60.675146890075794 ], [ 29.983411894152265, 60.675006059990075 ], [ 29.983392488983846, 60.67500118531531 ], [ 29.983392372560822, 60.675001156740997 ], [ 29.982637903344035, 60.674811642364411 ], [ 29.982165586639809, 60.674712372459759 ], [ 29.982165519338288, 60.67471235931805 ], [ 29.980975970369428, 60.67448109977834 ], [ 29.980059885814747, 60.674302995552601 ], [ 29.980059809420244, 60.67430298063865 ], [ 29.980013750422877, 60.674294494672061 ], [ 29.97992466763521, 60.674277449538586 ], [ 29.979500492179483, 60.673989364855714 ], [ 29.979366563845375, 60.673965638852493 ], [ 29.979135556814448, 60.673970423881293 ], [ 29.978573612053282, 60.673927658406036 ], [ 29.978214804937469, 60.673900351211763 ], [ 29.977949677532514, 60.673864295315653 ], [ 29.977564906460444, 60.67379322051454 ], [ 29.977404264529063, 60.673804123127368 ], [ 29.977161940850198, 60.673878671953403 ], [ 29.974776268860925, 60.673630143590394 ], [ 29.974759959966217, 60.67389696168194 ], [ 29.974266174319769, 60.673878084120219 ], [ 29.973784627900677, 60.67386337776977 ], [ 29.97375662608319, 60.673862522921034 ], [ 29.973754770956507, 60.673862466315086 ], [ 29.9737451731304, 60.673865970354861 ], [ 29.970088064462111, 60.673390805543534 ], [ 29.969735605052968, 60.673404791973461 ], [ 29.969723117899974, 60.673405287467773 ], [ 29.969215405807564, 60.673314606211299 ], [ 29.969215245842392, 60.673314578203183 ], [ 29.967710166336762, 60.673045748175007 ], [ 29.967652415430919, 60.673044180085476 ], [ 29.967468487067116, 60.673039186775831 ], [ 29.967433538842485, 60.673305053379295 ], [ 29.967487743892079, 60.673428518377449 ], [ 29.966168627044379, 60.673369438288546 ], [ 29.966152371717712, 60.67336871032964 ], [ 29.965180419026627, 60.673325170620714 ], [ 29.963983751685085, 60.673013396685484 ], [ 29.963998597478621, 60.672826910387627 ], [ 29.963998889177159, 60.672823236200834 ], [ 29.964004918134325, 60.672747504748003 ], [ 29.963997902792258, 60.672747404626364 ], [ 29.962422613439735, 60.67272469457545 ], [ 29.962422592104208, 60.672720787503771 ], [ 29.962419385444491, 60.672141447483853 ], [ 29.962412697021595, 60.672140301269572 ], [ 29.962321970704238, 60.672124740187904 ], [ 29.962112245177675, 60.672088769596058 ], [ 29.962101936849532, 60.67209028309702 ], [ 29.962097147837568, 60.672090986534386 ], [ 29.961915283548162, 60.672099189201234 ], [ 29.96171937816964, 60.67214227960919 ], [ 29.961569057890042, 60.672179342548432 ], [ 29.961465594580638, 60.672169037123133 ], [ 29.961253560863572, 60.672224125432372 ], [ 29.960485929472046, 60.672161230641869 ], [ 29.959683774029202, 60.672068035346214 ], [ 29.953565947530979, 60.671697312636866 ], [ 29.953568860056379, 60.67162996912586 ], [ 29.952929723038256, 60.671632998788844 ], [ 29.952597421826379, 60.671705593806536 ], [ 29.949400684289675, 60.6719798718226 ], [ 29.949387632761017, 60.672280528090916 ], [ 29.946122184747185, 60.672211984518661 ], [ 29.946122198287913, 60.672210204698189 ], [ 29.946125753374016, 60.671748567364119 ], [ 29.94605249136745, 60.671724305243089 ], [ 29.945754264002659, 60.671625540445859 ], [ 29.945158273568239, 60.671522762506221 ], [ 29.944867346836247, 60.671497168408088 ], [ 29.94463356689484, 60.671507213989536 ], [ 29.944099032965948, 60.671612084104773 ], [ 29.94351323494713, 60.671683712231236 ], [ 29.942437763012791, 60.671669682945598 ], [ 29.94185395904077, 60.671578832424871 ], [ 29.941728776067194, 60.672044655253409 ], [ 29.941727215070269, 60.672050464982512 ], [ 29.94141185716061, 60.673223868820088 ], [ 29.943256461043031, 60.673382861512643 ], [ 29.944177164897216, 60.6735604250742 ], [ 29.945064220433018, 60.673443695553345 ], [ 29.945694458570316, 60.673493054032193 ], [ 29.946111131752708, 60.673547151662305 ], [ 29.946574318190041, 60.673607286958188 ], [ 29.947349218763872, 60.673543028822699 ], [ 29.947812106084903, 60.673464104468437 ], [ 29.94834455678053, 60.673548132119684 ], [ 29.948931761410506, 60.673569315193561 ], [ 29.949587325389899, 60.673674011399086 ], [ 29.949631689553929, 60.673702349796002 ], [ 29.949700538731925, 60.673714305903815 ], [ 29.949768879004822, 60.673724321453292 ], [ 29.949837460913376, 60.673731928775631 ], [ 29.949906965367393, 60.673737099836274 ], [ 29.949977339514504, 60.673739945444922 ], [ 29.95004819725143, 60.673740543765526 ], [ 29.950119164646861, 60.673738958064632 ], [ 29.950189903762219, 60.67373523554312 ], [ 29.950260129445063, 60.673729420385811 ], [ 29.950329702216429, 60.673721537850518 ], [ 29.950399260160257, 60.673711601676658 ], [ 29.950469931111076, 60.673700098404318 ], [ 29.95054242173391, 60.673687803758092 ], [ 29.950601250707138, 60.673678210058505 ], [ 29.950777118686737, 60.673663938377565 ], [ 29.951131707751703, 60.673663387486073 ], [ 29.951356065537549, 60.673692643309217 ], [ 29.951409863606241, 60.67369385129107 ], [ 29.951423402902524, 60.673696435757009 ], [ 29.951493919419907, 60.673709928479965 ], [ 29.951563333922053, 60.673722267503088 ], [ 29.951632564546113, 60.673733096436948 ], [ 29.951701997502596, 60.673742120086551 ], [ 29.951771955236737, 60.673749140792644 ], [ 29.951842497599625, 60.67375412193195 ], [ 29.951913425634114, 60.673757006642333 ], [ 29.951984827017352, 60.673757769547876 ], [ 29.952056904826321, 60.673756599478715 ], [ 29.95212967754215, 60.673753779567221 ], [ 29.95220322532953, 60.673749633525496 ], [ 29.952277686422633, 60.673744571482878 ], [ 29.952353176256047, 60.673739036876881 ], [ 29.952430088599893, 60.673733471448415 ], [ 29.952509590443896, 60.673728528593479 ], [ 29.952592791723298, 60.673725594035417 ], [ 29.952606838332581, 60.673725735364677 ], [ 29.95303117649501, 60.67376453034916 ], [ 29.953349459641579, 60.673758788513908 ], [ 29.9534271484765, 60.673761176044593 ], [ 29.953501776534114, 60.673758530753261 ], [ 29.953576762852059, 60.67375517992393 ], [ 29.953652241978428, 60.673751339967673 ], [ 29.953728242931213, 60.67374724984618 ], [ 29.953804919213113, 60.67374315213987 ], [ 29.953882220635226, 60.673739303261527 ], [ 29.953960211480574, 60.67373595571857 ], [ 29.954038901040654, 60.673733365468628 ], [ 29.954118282097198, 60.673731789962112 ], [ 29.954198291514864, 60.673731496375837 ], [ 29.95427869404018, 60.673732738669656 ], [ 29.954359167651806, 60.673735659850742 ], [ 29.95443949108898, 60.673740345335744 ], [ 29.954519237314059, 60.673746861150953 ], [ 29.954597571730694, 60.673754992594311 ], [ 29.954674107059788, 60.67376411066315 ], [ 29.954749148153617, 60.673773627580943 ], [ 29.954823490142218, 60.673783146620977 ], [ 29.954897735481612, 60.673792656733653 ], [ 29.9549720621829, 60.673802199631304 ], [ 29.955046383993174, 60.673811783827929 ], [ 29.955120707622658, 60.673821429029509 ], [ 29.955194797536031, 60.673831113740476 ], [ 29.955268318941734, 60.673840611985902 ], [ 29.955341219088858, 60.673849558074636 ], [ 29.955413692444207, 60.673857620463323 ], [ 29.95548640368385, 60.673864568124678 ], [ 29.95556006907719, 60.673870591001986 ], [ 29.955634825781132, 60.67387604670629 ], [ 29.955710301687116, 60.673881266269419 ], [ 29.955785385546903, 60.673886331284081 ], [ 29.955859232248415, 60.67389068501371 ], [ 29.95593184071177, 60.673893733547651 ], [ 29.956003558623163, 60.673894982139849 ], [ 29.956074585754305, 60.673894181859787 ], [ 29.956144731233497, 60.673891132037468 ], [ 29.95621410319524, 60.673885624349076 ], [ 29.956283143019451, 60.673877726784113 ], [ 29.956351994833906, 60.673867731037191 ], [ 29.956420606705862, 60.673855956248808 ], [ 29.95648906486182, 60.673842703018181 ], [ 29.956557637647144, 60.673828287386769 ], [ 29.956626671902875, 60.673813072739762 ], [ 29.956696485352392, 60.673797459044998 ], [ 29.956767153576596, 60.673781884863025 ], [ 29.956838494674205, 60.673766612721302 ], [ 29.956910483188285, 60.673751768175762 ], [ 29.95698322741131, 60.673737446898741 ], [ 29.957057019254133, 60.673723752834846 ], [ 29.957132243918554, 60.673710938983724 ], [ 29.957209115414976, 60.673699351586173 ], [ 29.9572875561717, 60.673689388753139 ], [ 29.957391935194348, 60.673669248010974 ], [ 29.958131540912508, 60.673660747987427 ], [ 29.958849419536413, 60.673711021057485 ], [ 29.959633343890825, 60.673790616966471 ], [ 29.961194150223943, 60.673914927001803 ], [ 29.962428441718941, 60.673875856910868 ], [ 29.962606021263902, 60.673870235461315 ], [ 29.96331366002422, 60.673916504911801 ], [ 29.963665503828722, 60.674014676051243 ], [ 29.965023977565906, 60.674172652618068 ], [ 29.965517355096644, 60.674193971245529 ], [ 29.967829328239628, 60.674243295100773 ], [ 29.969633728686112, 60.674283900932807 ], [ 29.970446824502773, 60.67432481916088 ], [ 29.971881101454358, 60.674442190056766 ], [ 29.972084606509618, 60.674481538174994 ], [ 29.972160416530272, 60.674496376120025 ], [ 29.972233715345016, 60.674512743855608 ], [ 29.972304813419754, 60.674530153774413 ], [ 29.972373942180127, 60.674548112126715 ], [ 29.972441440980543, 60.674566017078213 ], [ 29.972507899423334, 60.674583286212325 ], [ 29.972574588296943, 60.674599595818073 ], [ 29.972642601686413, 60.674615254376818 ], [ 29.972712010185361, 60.674630769602246 ], [ 29.972782409342852, 60.674646561282721 ], [ 29.972853286984709, 60.674663035855801 ], [ 29.972922795850792, 60.674680189715801 ], [ 29.972989143038507, 60.674696570128468 ], [ 29.973052349635235, 60.674710135256703 ], [ 29.973114179962586, 60.674719441535238 ], [ 29.973178123799332, 60.674724206295558 ], [ 29.973246065622654, 60.67472540194332 ], [ 29.973317457800476, 60.674724012581493 ], [ 29.973391793698532, 60.674721112636298 ], [ 29.97346896845437, 60.674717819584608 ], [ 29.973548747491687, 60.674715341596496 ], [ 29.973586397853811, 60.674715037293041 ], [ 29.97354824466818, 60.674769562872186 ], [ 29.973846173112861, 60.674805070442403 ], [ 29.974326534246867, 60.67487524406021 ], [ 29.975205529540276, 60.675021656183517 ], [ 29.975969938827397, 60.675137227931373 ], [ 29.976643094874586, 60.675233263878432 ], [ 29.977659923744461, 60.67538600377479 ], [ 29.977379963536467, 60.677985073861116 ], [ 29.977210272160857, 60.678019989824172 ], [ 29.976045291743677, 60.67825968361219 ], [ 29.976839653959289, 60.67943361272301 ], [ 29.97618269453028, 60.680191315733865 ], [ 29.977000083562441, 60.680392462454869 ], [ 29.977000367779294, 60.680392431310672 ], [ 29.979646003830531, 60.680105636947623 ], [ 29.979759925240696, 60.680133748278692 ], [ 29.981318603570841, 60.6805183513248 ], [ 29.981355320679533, 60.680485508451689 ] ], [ [ 29.974678332966715, 60.674858873855278 ], [ 29.974710303910701, 60.674709307213703 ], [ 29.974737599055842, 60.674262792614748 ], [ 29.976116761808662, 60.674442094079531 ], [ 29.978295507866168, 60.674733132822986 ], [ 29.978123000007766, 60.675371173864853 ], [ 29.977485998567232, 60.675271131082063 ], [ 29.977029641602325, 60.675202942025237 ], [ 29.976012438496674, 60.675050944918738 ], [ 29.974857850238255, 60.674884720913532 ], [ 29.974678332966715, 60.674858873855278 ] ] ] ] } },
{ "type": "Feature", "properties": { }, "geometry": { "type": "MultiPolygon", "coordinates": [ [ [ [ 29.735848926705366, 60.752013478656387 ], [ 29.735096834257121, 60.751982092786726 ], [ 29.735027347030435, 60.752159638792563 ], [ 29.734984584245023, 60.752294417964883 ], [ 29.734805393414693, 60.752384954376751 ], [ 29.734339396629764, 60.752423739907933 ], [ 29.73417461361764, 60.752465254323347 ], [ 29.734108605828421, 60.75255067098422 ], [ 29.734056034423656, 60.752856218577051 ], [ 29.734259458453764, 60.752870038646421 ], [ 29.734676008228242, 60.752935328983732 ], [ 29.735051446062812, 60.752979740629712 ], [ 29.735706914524322, 60.753006181676312 ], [ 29.736397018240524, 60.752855219721859 ], [ 29.73690612138623, 60.752688946652569 ], [ 29.737084712928993, 60.752551489766311 ], [ 29.736345837743066, 60.752153142068167 ], [ 29.735848926705366, 60.752013478656387 ] ] ], [ [ [ 29.76242236352445, 60.754032276267218 ], [ 29.761785883244919, 60.753533585186922 ], [ 29.761230993277778, 60.753553321328781 ], [ 29.761242840327284, 60.753233187391295 ], [ 29.761242849458505, 60.753232940642256 ], [ 29.761241476319256, 60.753232571153546 ], [ 29.761021590367076, 60.753173426108425 ], [ 29.760593003956519, 60.75305814112992 ], [ 29.760295111163455, 60.752978010883595 ], [ 29.759931217248308, 60.753115253545793 ], [ 29.759871397279877, 60.753120416075042 ], [ 29.759689706488448, 60.753213599274879 ], [ 29.759643953232104, 60.753304773512298 ], [ 29.759542625171804, 60.753752413888293 ], [ 29.759543790407008, 60.753778586508943 ], [ 29.75933654817409, 60.754374714875638 ], [ 29.759660712437295, 60.754601353464381 ], [ 29.759717040994953, 60.75464073493081 ], [ 29.759729408266868, 60.754649381303416 ], [ 29.760937219947991, 60.754684746047623 ], [ 29.762384875915281, 60.754478879732005 ], [ 29.762405962928362, 60.754475880964883 ], [ 29.76242236352445, 60.754032276267218 ] ] ] ] } },
{ "type": "Feature", "properties": { }, "geometry": { "type": "MultiPolygon", "coordinates": [ [ [ [ 29.848116619500679, 60.682014547794381 ], [ 29.848934413666019, 60.681111597518345 ], [ 29.849464359278542, 60.680276735786897 ], [ 29.853862343742076, 60.68114842837857 ], [ 29.855563514544176, 60.680362616185704 ], [ 29.853389461497038, 60.678858028356011 ], [ 29.854222098212357, 60.678695653678091 ], [ 29.858450021870329, 60.678318648816074 ], [ 29.858381807638597, 60.677820819833933 ], [ 29.858362728097596, 60.677681568022649 ], [ 29.858296825596735, 60.676899258199612 ], [ 29.858248462000905, 60.676328465992647 ], [ 29.855871508394621, 60.676439213479298 ], [ 29.855698162506766, 60.676775279019417 ], [ 29.853080595402819, 60.677234058820602 ], [ 29.853109044349189, 60.676935853721091 ], [ 29.853148697580714, 60.676631008592118 ], [ 29.853181080101528, 60.676297830800024 ], [ 29.851895549478773, 60.676274730240713 ], [ 29.85181256681501, 60.676830536316096 ], [ 29.850939215828088, 60.676900114074279 ], [ 29.850915093816408, 60.67682945684345 ], [ 29.851007261370643, 60.676809569359762 ], [ 29.850962242225147, 60.676600517480004 ], [ 29.85082047547246, 60.67661246813968 ], [ 29.8494776820569, 60.67672565365033 ], [ 29.849425379391299, 60.676730160325057 ], [ 29.848681265591864, 60.676792706446449 ], [ 29.845719431586659, 60.677042521621885 ], [ 29.844019695498041, 60.677597997199314 ], [ 29.844133316524562, 60.677939559400727 ], [ 29.842050653447519, 60.677921448651588 ], [ 29.84204759143234, 60.678329813162719 ], [ 29.842971847226842, 60.678404773113627 ], [ 29.843805549227827, 60.679012129237151 ], [ 29.846269325126752, 60.679391928566666 ], [ 29.846646005382919, 60.67926668131026 ], [ 29.849428492032423, 60.679558842967801 ], [ 29.848573438276695, 60.681017976080419 ], [ 29.847940479723022, 60.681733509173448 ], [ 29.846911725805683, 60.681420319139676 ], [ 29.846404327796311, 60.681781445885875 ], [ 29.847639973607173, 60.682199113003861 ], [ 29.847819637916871, 60.682129544514908 ], [ 29.848098247377678, 60.682021662476302 ], [ 29.848116619500679, 60.682014547794381 ] ] ] ] } },
{ "type": "Feature", "properties": { }, "geometry": { "type": "MultiPolygon", "coordinates": [ [ [ [ 29.984993966598278, 60.694138042150954 ], [ 29.985062987098367, 60.69404755597153 ], [ 29.985066523443042, 60.694048065214417 ], [ 29.985670764990143, 60.69413633558257 ], [ 29.985737135137448, 60.694050786994211 ], [ 29.985743125838262, 60.694043064623358 ], [ 29.985783392987369, 60.693970479024586 ], [ 29.985970506744227, 60.69363318035613 ], [ 29.9861746209064, 60.693367282703306 ], [ 29.986325782533882, 60.69317036353106 ], [ 29.986323159184728, 60.693170057448931 ], [ 29.985506674747661, 60.693074714501989 ], [ 29.985137040641249, 60.6934970365525 ], [ 29.984949356097935, 60.693559409836958 ], [ 29.984608078927234, 60.693981934813984 ], [ 29.984551170376918, 60.693995687857743 ], [ 29.984534009870988, 60.694016743462548 ], [ 29.98438585229777, 60.694198515555051 ], [ 29.984380551378546, 60.694256233943349 ], [ 29.984376703753174, 60.694578682267135 ], [ 29.985092359930054, 60.694591045611723 ], [ 29.985199862503141, 60.694588579805746 ], [ 29.98525145834007, 60.694578019269862 ], [ 29.985291025076783, 60.694564437240935 ], [ 29.985346217723254, 60.694518144791516 ], [ 29.985527241213468, 60.69428224715822 ], [ 29.985054869730181, 60.694213361339315 ], [ 29.985027116427045, 60.694189521217638 ], [ 29.984993966598278, 60.694138042150954 ] ] ] ] } },
{ "type": "Feature", "properties": { }, "geometry": { "type": "MultiPolygon", "coordinates": [ [ [ [ 29.829745509247179, 60.696174578714192 ], [ 29.829445459053822, 60.696167948743508 ], [ 29.82932779525548, 60.696177099027871 ], [ 29.82921535523548, 60.696230370992005 ], [ 29.829199109459555, 60.696344673959857 ], [ 29.829355784948984, 60.696430265482014 ], [ 29.829788653605569, 60.696444835560108 ], [ 29.829983811754637, 60.696387407812594 ], [ 29.830036400992334, 60.696291449523422 ], [ 29.829986934726787, 60.696250524659426 ], [ 29.829940832330873, 60.696212383316414 ], [ 29.829745509247179, 60.696174578714192 ] ] ] ] } },
{ "type": "Feature", "properties": { }, "geometry": { "type": "MultiPolygon", "coordinates": [ [ [ [ 29.742568314808352, 60.727081783162326 ], [ 29.743165275831927, 60.727597378173478 ], [ 29.743922464790657, 60.727419959469842 ], [ 29.744756376595095, 60.726942451547693 ], [ 29.74442717234114, 60.726636847227191 ], [ 29.742568314808352, 60.727081783162326 ] ] ] ] } },
{ "type": "Feature", "properties": { }, "geometry": { "type": "MultiPolygon", "coordinates": [ [ [ [ 29.932698915749121, 60.738218755870783 ], [ 29.932705912179678, 60.738234024827605 ], [ 29.932769264273652, 60.738408327203814 ], [ 29.932853810503978, 60.73843150300992 ], [ 29.933375402698388, 60.738574478875215 ], [ 29.933758017666328, 60.738689117180407 ], [ 29.934480370717992, 60.738608636520688 ], [ 29.935238811262895, 60.738425310597364 ], [ 29.935233497130163, 60.738142434569653 ], [ 29.935231213216667, 60.738020886128652 ], [ 29.934951983840115, 60.737963508701895 ], [ 29.93445133576142, 60.737860629932314 ], [ 29.93415540083976, 60.737781031409405 ], [ 29.934110076905373, 60.737499564667161 ], [ 29.934047204587113, 60.737316067692966 ], [ 29.934545967558037, 60.73725130320399 ], [ 29.934652534434996, 60.737205473151889 ], [ 29.934653112048807, 60.737205224419611 ], [ 29.934736867185588, 60.737157981266591 ], [ 29.933623714206895, 60.736317177807479 ], [ 29.933559721138344, 60.736341979019052 ], [ 29.933556913041972, 60.736339651059161 ], [ 29.930986464049017, 60.737213193617713 ], [ 29.93005239461921, 60.737559517036942 ], [ 29.930052348230401, 60.737559534634876 ], [ 29.930640438934269, 60.737900477629566 ], [ 29.930339413817592, 60.73803189980098 ], [ 29.930195375469701, 60.738094784741456 ], [ 29.930800425475354, 60.738391623323835 ], [ 29.930619727464144, 60.738553559633765 ], [ 29.930738503739597, 60.738683391312712 ], [ 29.931160845729746, 60.738652219535012 ], [ 29.931200851085169, 60.738497809429752 ], [ 29.931335142111063, 60.738384755043008 ], [ 29.931615710780196, 60.738148554597792 ], [ 29.931604421733933, 60.737950777885573 ], [ 29.931892052799004, 60.737738081313715 ], [ 29.932366219202386, 60.73773308473848 ], [ 29.932469624919523, 60.737794035827442 ], [ 29.932603239255734, 60.738009931216467 ], [ 29.932698915749121, 60.738218755870783 ] ] ] ] } },
{ "type": "Feature", "properties": { }, "geometry": { "type": "MultiPolygon", "coordinates": [ [ [ [ 29.834076541981879, 60.696025203147165 ], [ 29.833639681680349, 60.695611432115619 ], [ 29.834280847344839, 60.695470969088184 ], [ 29.83426006050512, 60.695450391769548 ], [ 29.833800334521655, 60.694995324443802 ], [ 29.833593975203971, 60.695019136190766 ], [ 29.833423889663223, 60.694922729180455 ], [ 29.833423665957248, 60.69492279723589 ], [ 29.831689335721784, 60.695444572499213 ], [ 29.832626457243823, 60.695883406579853 ], [ 29.832836209216779, 60.695827105200145 ], [ 29.833103258628562, 60.69607907656237 ], [ 29.83326931282852, 60.696046709833936 ], [ 29.833617932001097, 60.69603264951084 ], [ 29.834076541981879, 60.696025203147165 ] ] ] ] } },
{ "type": "Feature", "properties": { }, "geometry": { "type": "MultiPolygon", "coordinates": [ [ [ [ 29.768886818670556, 60.758544218965334 ], [ 29.768222313455372, 60.758162458343406 ], [ 29.767487487058407, 60.758476719851764 ], [ 29.766566473565174, 60.758870593232452 ], [ 29.766242000786352, 60.759009351543945 ], [ 29.766252916791117, 60.759016293656352 ], [ 29.767577731398909, 60.759858806349236 ], [ 29.767619555903305, 60.759885402518826 ], [ 29.769349725587663, 60.759448342264619 ], [ 29.769350006868965, 60.759448271050182 ], [ 29.769381493542674, 60.759314764005261 ], [ 29.76939129983873, 60.759273162073029 ], [ 29.769512011321883, 60.759083492567378 ], [ 29.76957184408354, 60.759077735203533 ], [ 29.769646957922436, 60.75905550818063 ], [ 29.76972330223537, 60.759024765287506 ], [ 29.769333321439866, 60.75880073027276 ], [ 29.768886818670556, 60.758544218965334 ] ] ] ] } },
{ "type": "Feature", "properties": { }, "geometry": { "type": "MultiPolygon", "coordinates": [ [ [ [ 29.778021444197869, 60.754437459810411 ], [ 29.776566204164521, 60.753409384774478 ], [ 29.776258583470689, 60.753488121194913 ], [ 29.775928538944836, 60.753985668901556 ], [ 29.775795721936703, 60.75405748168761 ], [ 29.774737166579914, 60.754406841349045 ], [ 29.774223341913768, 60.754527461348644 ], [ 29.774749022603388, 60.754892282551921 ], [ 29.775042883630384, 60.755096215468292 ], [ 29.775393196241676, 60.755339318903445 ], [ 29.776340285331877, 60.755003367684957 ], [ 29.777932035215287, 60.754467557429592 ], [ 29.778021444197869, 60.754437459810411 ] ] ] ] } },
{ "type": "Feature", "properties": { }, "geometry": { "type": "MultiPolygon", "coordinates": [ [ [ [ 29.773972272282673, 60.752916893444365 ], [ 29.773766352099482, 60.752859107957626 ], [ 29.773766307163843, 60.752859137990939 ], [ 29.773584772805858, 60.752947741127862 ], [ 29.77338028647868, 60.753272660136005 ], [ 29.773150938679201, 60.753475282311122 ], [ 29.773224007254559, 60.753508217681137 ], [ 29.773329996352661, 60.75387446743435 ], [ 29.773510169530649, 60.754164434305721 ], [ 29.773550243301401, 60.754311273160653 ], [ 29.773720301996189, 60.75442701863053 ], [ 29.773866151054388, 60.754481609001893 ], [ 29.774223341913768, 60.754527461348644 ], [ 29.774223404522669, 60.754527464679839 ], [ 29.774737166579914, 60.754406841349045 ], [ 29.774738821887894, 60.754317733322935 ], [ 29.774756385193594, 60.753279694267327 ], [ 29.774660720636145, 60.753197338685091 ], [ 29.774660664930867, 60.753197312167735 ], [ 29.774319247082076, 60.753096179205073 ], [ 29.774205712669215, 60.75301546537861 ], [ 29.774204157077207, 60.753014359321369 ], [ 29.774128860115169, 60.75296083562236 ], [ 29.773972272282673, 60.752916893444365 ] ] ] ] } },
{ "type": "Feature", "properties": { }, "geometry": { "type": "MultiPolygon", "coordinates": [ [ [ [ 30.001990974566873, 60.680237744534338 ], [ 30.001725419375649, 60.680046945831947 ], [ 30.001721250133631, 60.680045047551815 ], [ 30.002019436111784, 60.680258193513438 ], [ 30.001990974566873, 60.680237744534338 ] ] ] ] } },
{ "type": "Feature", "properties": { }, "geometry": { "type": "MultiPolygon", "coordinates": [ [ [ [ 30.002958928299044, 60.680925287628476 ], [ 30.00295841624726, 60.680924896272174 ], [ 30.002755589126277, 60.680769612473391 ], [ 30.002953014756191, 60.680926750084829 ], [ 30.002958928299044, 60.680925287628476 ] ] ] ] } },
{ "type": "Feature", "properties": { }, "geometry": { "type": "MultiPolygon", "coordinates": [ [ [ [ 29.97992466763521, 60.674277449538586 ], [ 29.97992594081407, 60.674278314027475 ], [ 29.980013750422877, 60.674294494672061 ], [ 29.97992466763521, 60.674277449538586 ] ] ] ] } },
{ "type": "Feature", "properties": { }, "geometry": { "type": "MultiPolygon", "coordinates": [ [ [ [ 29.982165586639809, 60.674712372459759 ], [ 29.982637903344035, 60.674811642364411 ], [ 29.982636573857771, 60.674811309646429 ], [ 29.982169011471573, 60.674713038054833 ], [ 29.982165586639809, 60.674712372459759 ] ] ] ] } },
{ "type": "Feature", "properties": { }, "geometry": { "type": "MultiPolygon", "coordinates": [ [ [ [ 29.99118722387832, 60.674883688264195 ], [ 29.990878323119926, 60.674728511532599 ], [ 29.990876519970197, 60.674728734670957 ], [ 29.991184142348668, 60.674883887085493 ], [ 29.99118722387832, 60.674883688264195 ] ] ] ] } },
{ "type": "Feature", "properties": { }, "geometry": { "type": "MultiPolygon", "coordinates": [ [ [ [ 29.991471132497335, 60.674947639164344 ], [ 29.991471687218979, 60.674947996764985 ], [ 29.991523952891207, 60.674951679268162 ], [ 29.991471132497335, 60.674947639164344 ] ] ] ] } },
{ "type": "Feature", "properties": { }, "geometry": { "type": "MultiPolygon", "coordinates": [ [ [ [ 29.990473158332907, 60.674835188708215 ], [ 29.990339665190071, 60.674917267050482 ], [ 29.990165012358275, 60.674978488458414 ], [ 29.99033475159046, 60.674923015578706 ], [ 29.990473158332907, 60.674835188708215 ] ] ] ] } },
{ "type": "Feature", "properties": { }, "geometry": { "type": "MultiPolygon", "coordinates": [ [ [ [ 29.989813641862433, 60.675066699193714 ], [ 29.989803411966161, 60.675067644462132 ], [ 29.989806571633277, 60.675067710198896 ], [ 29.989813641862433, 60.675066699193714 ] ] ] ] } },
{ "type": "Feature", "properties": { }, "geometry": { "type": "MultiPolygon", "coordinates": [ [ [ [ 29.988346801360443, 60.67508594255991 ], [ 29.988334782410721, 60.675085519675292 ], [ 29.988099459416215, 60.675096227320836 ], [ 29.988343340796707, 60.675087014592251 ], [ 29.988346801360443, 60.67508594255991 ] ] ] ] } },
{ "type": "Feature", "properties": { }, "geometry": { "type": "MultiPolygon", "coordinates": [ [ [ [ 29.991801977663002, 60.675016524378414 ], [ 29.991846879155823, 60.675048502726362 ], [ 29.991883614481488, 60.675134427434095 ], [ 29.991893240371624, 60.675136952954645 ], [ 29.99188556748172, 60.675132930849571 ], [ 29.991853447390685, 60.675049862729495 ], [ 29.991801977663002, 60.675016524378414 ] ] ] ] } },
{ "type": "Feature", "properties": { }, "geometry": { "type": "MultiPolygon", "coordinates": [ [ [ [ 29.984100415965411, 60.675146890075794 ], [ 29.983411894152265, 60.675006059990075 ], [ 29.983392488983846, 60.67500118531531 ], [ 29.983409999966923, 60.675005716921248 ], [ 29.984101753408318, 60.675147208565583 ], [ 29.984100415965411, 60.675146890075794 ] ] ] ] } },
{ "type": "Feature", "properties": { }, "geometry": { "type": "MultiPolygon", "coordinates": [ [ [ [ 29.990591307998645, 60.675227928407971 ], [ 29.990591284075894, 60.675228111244714 ], [ 29.991628389544406, 60.675314878688063 ], [ 29.991627869566823, 60.67531465067205 ], [ 29.990591307998645, 60.675227928407971 ] ] ] ] } },
{ "type": "Feature", "properties": { }, "geometry": { "type": "MultiPolygon", "coordinates": [ [ [ [ 29.989064698275183, 60.675237058131813 ], [ 29.99064635584439, 60.675311853992987 ], [ 29.989493060242303, 60.675255602851948 ], [ 29.989101539534399, 60.675237086429384 ], [ 29.989064698275183, 60.675237058131813 ] ] ] ] } },
{ "type": "Feature", "properties": { }, "geometry": { "type": "MultiPolygon", "coordinates": [ [ [ [ 29.988181710070137, 60.675236404329347 ], [ 29.988133261907205, 60.675236367806221 ], [ 29.987935841810749, 60.675299377736266 ], [ 29.987917512978267, 60.675307824649622 ], [ 29.988135668375168, 60.675238197132018 ], [ 29.988181710070137, 60.675236404329347 ] ] ] ] } },
{ "type": "Feature", "properties": { }, "geometry": { "type": "MultiPolygon", "coordinates": [ [ [ [ 29.984415261357885, 60.675211287436269 ], [ 29.984415045637164, 60.675211287586201 ], [ 29.984794625721506, 60.675288923578577 ], [ 29.984794958182686, 60.675288947605452 ], [ 29.984415261357885, 60.675211287436269 ] ] ] ] } },
{ "type": "Feature", "properties": { }, "geometry": { "type": "MultiPolygon", "coordinates": [ [ [ [ 29.987775516690551, 60.675340919021799 ], [ 29.987771965815664, 60.675339125356395 ], [ 29.987769732690513, 60.675339150687563 ], [ 29.987774371899462, 60.675340954865476 ], [ 29.987775516690551, 60.675340919021799 ] ] ] ] } },
{ "type": "Feature", "properties": { }, "geometry": { "type": "MultiPolygon", "coordinates": [ [ [ [ 29.985515968752509, 60.675338930293265 ], [ 29.985480737808384, 60.675337245967285 ], [ 29.984872239049199, 60.675294576482464 ], [ 29.985446951658645, 60.675336438881622 ], [ 29.985483143584066, 60.675339075336424 ], [ 29.985515968752509, 60.675338930293265 ] ] ] ] } },
{ "type": "Feature", "properties": { }, "geometry": { "type": "MultiPolygon", "coordinates": [ [ [ [ 29.995500649449927, 60.677509348344145 ], [ 29.995500565593257, 60.677509331590791 ], [ 29.995458354718927, 60.677525447513801 ], [ 29.99548496358225, 60.677532181111204 ], [ 29.995500649449927, 60.677509348344145 ] ] ] ] } },
{ "type": "Feature", "properties": { }, "geometry": { "type": "MultiPolygon", "coordinates": [ [ [ [ 29.845694232582321, 60.69676729730466 ], [ 29.845729607818676, 60.696621496106403 ], [ 29.845729759177647, 60.696620819788066 ], [ 29.845586814778262, 60.696621880963143 ], [ 29.844987955296684, 60.696630916242079 ], [ 29.844720186191861, 60.696602757442264 ], [ 29.844670216535153, 60.696581484088163 ], [ 29.844493288838326, 60.696574916326831 ], [ 29.844357728254039, 60.697535562635643 ], [ 29.845500846741299, 60.697564330660875 ], [ 29.845694232582321, 60.69676729730466 ] ] ] ] } },
{ "type": "Feature", "properties": { }, "geometry": { "type": "MultiPolygon", "coordinates": [ [ [ [ 29.801800515961045, 60.708153776658342 ], [ 29.801175527425549, 60.707833390237134 ], [ 29.802765856504401, 60.707087431778021 ], [ 29.802828601892845, 60.707058013749055 ], [ 29.801587599658671, 60.706597367125262 ], [ 29.800650222034086, 60.706786273193394 ], [ 29.800191678990444, 60.706852204250687 ], [ 29.799944437363347, 60.706867657768065 ], [ 29.799728349329854, 60.706881163235252 ], [ 29.799636676616103, 60.706885163034308 ], [ 29.799212297945239, 60.70690367926111 ], [ 29.79898831090248, 60.706939391342203 ], [ 29.798974705389021, 60.706941560666849 ], [ 29.798845983848718, 60.706963962182179 ], [ 29.798827152370269, 60.706967239789698 ], [ 29.798590595494556, 60.707033074063389 ], [ 29.798198591396602, 60.707117533772724 ], [ 29.798095326780437, 60.707129343206901 ], [ 29.797930705569499, 60.707148168133898 ], [ 29.797757862953752, 60.707197581053578 ], [ 29.797615274362911, 60.707255238731776 ], [ 29.79743396999579, 60.707313563174893 ], [ 29.797373387157311, 60.707324799299272 ], [ 29.797130541856607, 60.707369839631077 ], [ 29.797008886247088, 60.707398351648138 ], [ 29.797015130854255, 60.707469543568173 ], [ 29.797186548703241, 60.708134825697989 ], [ 29.797211154441367, 60.708296398616696 ], [ 29.797231134732709, 60.708307862731459 ], [ 29.797257643541293, 60.708410741487981 ], [ 29.79736343130854, 60.708464081573538 ], [ 29.797602754780357, 60.708543021522082 ], [ 29.79769009275676, 60.708571830257476 ], [ 29.797775356019496, 60.708621153843936 ], [ 29.797817871690199, 60.708613977153036 ], [ 29.798371384826201, 60.708520543196784 ], [ 29.798691591127163, 60.708466490467579 ], [ 29.799247697475646, 60.70837261385109 ], [ 29.799724950255062, 60.708292340975909 ], [ 29.800035275673682, 60.708273245595635 ], [ 29.800211390904785, 60.708262408048526 ], [ 29.800493252840397, 60.708280248852965 ], [ 29.800569234929867, 60.708285057992846 ], [ 29.800900343156382, 60.708306014797564 ], [ 29.801106016068761, 60.708335771370507 ], [ 29.801125578993371, 60.708338602239778 ], [ 29.801315800556758, 60.708366123036356 ], [ 29.801721856493735, 60.708188235901204 ], [ 29.801800515961045, 60.708153776658342 ] ] ] ] } },
{ "type": "Feature", "properties": { }, "geometry": { "type": "MultiPolygon", "coordinates": [ [ [ [ 29.999705902833131, 60.678331282539887 ], [ 29.999620637438234, 60.678357364778869 ], [ 29.999644739306085, 60.678379913291145 ], [ 29.999985779233967, 60.678698982033886 ], [ 29.999683684670416, 60.678786439103412 ], [ 29.999219679193313, 60.67895104442043 ], [ 29.999471911883937, 60.678984816840504 ], [ 29.999541738396157, 60.678994165612828 ], [ 29.999956483947997, 60.679069142908951 ], [ 30.000109855639845, 60.679070230781242 ], [ 30.000537692826878, 60.679127512541285 ], [ 30.00064386224933, 60.679141726329306 ], [ 30.000660805153512, 60.679136306830763 ], [ 30.000557209695643, 60.679048974621878 ], [ 29.999705902833131, 60.678331282539887 ] ] ] ] } },
{ "type": "Feature", "properties": { }, "geometry": { "type": "MultiPolygon", "coordinates": [ [ [ [ 29.915317095445282, 60.677700643089167 ], [ 29.915353414454351, 60.677737773268156 ], [ 29.915540709254376, 60.677658005187652 ], [ 29.916119050118677, 60.677549952589864 ], [ 29.916407333792396, 60.677606422218204 ], [ 29.916705145580803, 60.677801415851036 ], [ 29.917046974314488, 60.678100671870823 ], [ 29.918907852868912, 60.677717083786838 ], [ 29.918775301967631, 60.676118668997489 ], [ 29.917681010481676, 60.675872676893334 ], [ 29.915479463540382, 60.676306235565036 ], [ 29.915360172403279, 60.677705869232653 ], [ 29.915317095445282, 60.677700643089167 ] ] ] ] } },
{ "type": "Feature", "properties": { }, "geometry": { "type": "MultiPolygon", "coordinates": [ [ [ [ 29.901301990565774, 60.684269841288582 ], [ 29.904338914062709, 60.682388996563269 ], [ 29.904536262165898, 60.682456130957171 ], [ 29.904629523348824, 60.68246797951722 ], [ 29.904837372321204, 60.682290382394562 ], [ 29.904992204419369, 60.682183243749847 ], [ 29.905195538680864, 60.682040073096871 ], [ 29.905443389890657, 60.681829646049401 ], [ 29.905528074641413, 60.681809635799716 ], [ 29.906063203449747, 60.681351767146573 ], [ 29.906080865604395, 60.68133644900017 ], [ 29.906170848065639, 60.681259619948449 ], [ 29.906273734004571, 60.681173969656165 ], [ 29.906342715990068, 60.681116642156702 ], [ 29.906417954090092, 60.681054023036374 ], [ 29.90659757886343, 60.680904822514854 ], [ 29.906615028074771, 60.680890130925711 ], [ 29.906622647459372, 60.680882304409202 ], [ 29.906730552285286, 60.680770148822688 ], [ 29.907035453514219, 60.680452819899912 ], [ 29.907111438693548, 60.680378896909538 ], [ 29.907476487494211, 60.680023523181497 ], [ 29.907644192213354, 60.679874228684632 ], [ 29.907838861896245, 60.679762463749618 ], [ 29.907785442967832, 60.679675438192717 ], [ 29.90772218751944, 60.679561854572157 ], [ 29.907537342392541, 60.679403628339806 ], [ 29.907392882224087, 60.679281966477021 ], [ 29.906915262898192, 60.679541845378566 ], [ 29.906067382459632, 60.679781715545843 ], [ 29.905293933856875, 60.680022945291185 ], [ 29.905138452340157, 60.680071462074118 ], [ 29.905099436804594, 60.68008362834513 ], [ 29.904963860145578, 60.680099001105383 ], [ 29.90495615292436, 60.680129287140403 ], [ 29.904831536991853, 60.680235216467374 ], [ 29.904232425254037, 60.68067527252358 ], [ 29.90367772578924, 60.680952316797068 ], [ 29.903553661846299, 60.681037078037626 ], [ 29.903446567796728, 60.68111009529165 ], [ 29.902988820120413, 60.681422828751643 ], [ 29.90279552226627, 60.681649196616966 ], [ 29.902423892214948, 60.681737649518055 ], [ 29.901061796832941, 60.682653267539507 ], [ 29.899438595820691, 60.683576242312576 ], [ 29.899731538558378, 60.683684899293162 ], [ 29.901301990565774, 60.684269841288582 ] ] ] ] } },
{ "type": "Feature", "properties": { }, "geometry": { "type": "MultiPolygon", "coordinates": [ [ [ [ 29.95854862500768, 60.673783015869439 ], [ 29.957800317770658, 60.673747894253367 ], [ 29.95739885502541, 60.67375983800936 ], [ 29.957399204096177, 60.673763349183773 ], [ 29.957449145482759, 60.674265526884184 ], [ 29.957452772468798, 60.674265747635815 ], [ 29.959620483445729, 60.67439783531227 ], [ 29.959627759036525, 60.673899125424263 ], [ 29.959576519229913, 60.67389592360589 ], [ 29.959627919270204, 60.673888136104274 ], [ 29.95854862500768, 60.673783015869439 ] ] ] ] } },
{ "type": "Feature", "properties": { }, "geometry": { "type": "MultiPolygon", "coordinates": [ [ [ [ 29.915013881626226, 60.678141651870035 ], [ 29.914841812132696, 60.678120647019135 ], [ 29.9145501406189, 60.678030136298524 ], [ 29.914321349480172, 60.677953796951662 ], [ 29.913568631231445, 60.677759250837561 ], [ 29.913444612054896, 60.678006123748013 ], [ 29.911822336465345, 60.678436049844692 ], [ 29.910324295368572, 60.678331981318046 ], [ 29.909862201096395, 60.678532137173136 ], [ 29.910131850629682, 60.67871015082752 ], [ 29.911237255916674, 60.679443051276081 ], [ 29.911840157974691, 60.679302771792052 ], [ 29.912922108120664, 60.678918476379295 ], [ 29.913803885063722, 60.678669499999835 ], [ 29.914312874795815, 60.678432893907996 ], [ 29.915013881626226, 60.678141651870035 ] ] ] ] } },
{ "type": "Feature", "properties": { }, "geometry": { "type": "MultiPolygon", "coordinates": [ [ [ [ 29.999245482736054, 60.681376047415647 ], [ 29.999218237275247, 60.681376111242912 ], [ 29.999214639993916, 60.681391156782993 ], [ 29.999245482736054, 60.681376047415647 ] ] ] ] } },
{ "type": "Feature", "properties": { }, "geometry": { "type": "MultiPolygon", "coordinates": [ [ [ [ 29.999559585719421, 60.681375311000942 ], [ 29.999560356207152, 60.681374055968114 ], [ 29.999391973941702, 60.681375704020759 ], [ 29.999559585719421, 60.681375311000942 ] ] ] ] } },
{ "type": "Feature", "properties": { }, "geometry": { "type": "MultiPolygon", "coordinates": [ [ [ [ 29.988646905336321, 60.680707350119199 ], [ 29.991864729269199, 60.680404301491123 ], [ 29.994484642109928, 60.681390949478001 ], [ 29.99500912042047, 60.681483196285122 ], [ 29.995153915104211, 60.681508663172394 ], [ 29.995244288109085, 60.681461618487731 ], [ 29.995426144296729, 60.681366949143403 ], [ 29.997436569024909, 60.680320330763145 ], [ 29.997590495518587, 60.680058736992244 ], [ 29.996469068651432, 60.679509377673689 ], [ 29.995761334850869, 60.679523402519436 ], [ 29.993545327249176, 60.678469129899888 ], [ 29.992767950105488, 60.67748713621684 ], [ 29.992042662774562, 60.677004471602501 ], [ 29.991735223625177, 60.676933917413926 ], [ 29.991735392570085, 60.676934266149587 ], [ 29.991684688230599, 60.676916255847047 ], [ 29.991618040840162, 60.676924951134261 ], [ 29.991608262014871, 60.67690478141337 ], [ 29.991537427432633, 60.676888525288746 ], [ 29.991171944672541, 60.676889319745634 ], [ 29.990856610839035, 60.67690869240495 ], [ 29.990546891896741, 60.676943767582692 ], [ 29.990143147519372, 60.677021429355158 ], [ 29.9893190216618, 60.677273936843292 ], [ 29.989326669619025, 60.677279378551042 ], [ 29.98923602638644, 60.67730975281021 ], [ 29.989225821588061, 60.677302492112695 ], [ 29.988123601904885, 60.677640190080062 ], [ 29.988072865432507, 60.677647908007458 ], [ 29.988126469488858, 60.677681550318418 ], [ 29.988071766415914, 60.677734660238777 ], [ 29.988028086727212, 60.677707246576773 ], [ 29.987960722347864, 60.677664967903631 ], [ 29.987932021800237, 60.67766933379523 ], [ 29.987624709811996, 60.677763571753417 ], [ 29.986661630036803, 60.67806935301288 ], [ 29.986008155361741, 60.678291010257759 ], [ 29.984978406679641, 60.678761884642725 ], [ 29.984864225708645, 60.678834936589283 ], [ 29.984216489252358, 60.679443993609432 ], [ 29.983582508068707, 60.68006182323829 ], [ 29.983420548472882, 60.680359978344079 ], [ 29.983140577311058, 60.680725499735907 ], [ 29.983102540289664, 60.680804199684907 ], [ 29.983084075389126, 60.680925437877683 ], [ 29.983066086317006, 60.681043560464246 ], [ 29.983088912296854, 60.681136647453854 ], [ 29.983823336871019, 60.681268042644703 ], [ 29.984314977217419, 60.681381536792514 ], [ 29.984476450230154, 60.681428470906198 ], [ 29.984619720474463, 60.681441629476986 ], [ 29.985575643602761, 60.681448955921404 ], [ 29.985709439150149, 60.681442725404722 ], [ 29.986189404440864, 60.681334441067072 ], [ 29.986415743118521, 60.681292090239623 ], [ 29.986591704679476, 60.681252989268103 ], [ 29.98658141549971, 60.681228663859407 ], [ 29.988062297056327, 60.680846861886344 ], [ 29.988646905336321, 60.680707350119199 ] ], [ [ 29.996682481663036, 60.679825730444797 ], [ 29.996632642912036, 60.679804313180334 ], [ 29.996638626002934, 60.679804826079248 ], [ 29.996682481663036, 60.679825730444797 ] ], [ [ 29.990148455088203, 60.677958957019257 ], [ 29.989706262233469, 60.677644335871307 ], [ 29.989625744183982, 60.677587046728576 ], [ 29.989714102932602, 60.677555046717508 ], [ 29.990179286699238, 60.677386572741959 ], [ 29.99076555120131, 60.67773004270925 ], [ 29.990148455088203, 60.677958957019257 ] ] ] ] } },
{ "type": "Feature", "properties": { }, "geometry": { "type": "MultiPolygon", "coordinates": [ [ [ [ 29.982505039334217, 60.683021605283429 ], [ 29.982564935172434, 60.682465389412286 ], [ 29.982565521222654, 60.682416011061363 ], [ 29.982573009054931, 60.682350096133938 ], [ 29.982565708257127, 60.682349869188556 ], [ 29.982465826939816, 60.68234678359611 ], [ 29.981435731701438, 60.682314954199249 ], [ 29.980230413496955, 60.682287028090485 ], [ 29.979365887193701, 60.682266981289722 ], [ 29.979239383110176, 60.682264059370702 ], [ 29.979181617145791, 60.682784524887708 ], [ 29.979164031827342, 60.682942963072847 ], [ 29.979148974687636, 60.683077022488732 ], [ 29.97911354820965, 60.683342872598423 ], [ 29.978927056489933, 60.683337499694716 ], [ 29.978528339953993, 60.683328325646237 ], [ 29.977980772108619, 60.683314575345818 ], [ 29.977940550083328, 60.683299585253799 ], [ 29.977831358391732, 60.683298792768674 ], [ 29.97781500063223, 60.683747747237504 ], [ 29.97974634427678, 60.683422370079917 ], [ 29.981748832546049, 60.683118432440345 ], [ 29.982505039334217, 60.683021605283429 ] ] ] ] } },
{ "type": "Feature", "properties": { }, "geometry": { "type": "MultiPolygon", "coordinates": [ [ [ [ 29.992284412861306, 60.675389946016132 ], [ 29.992294500397886, 60.675323439746492 ], [ 29.991896926416295, 60.675218752260101 ], [ 29.991809910619875, 60.675163348427297 ], [ 29.991471687218979, 60.674947996764985 ], [ 29.991471132497335, 60.674947639164344 ], [ 29.991409042359876, 60.674942888343544 ], [ 29.991251157901839, 60.674915808467894 ], [ 29.99118722387832, 60.674883688264195 ], [ 29.991184142348668, 60.674883887085493 ], [ 29.990630577879379, 60.674919766900921 ], [ 29.990589389826905, 60.675227767379845 ], [ 29.990591307998645, 60.675227928407971 ], [ 29.991627869566823, 60.67531465067205 ], [ 29.991628389544406, 60.675314878688063 ], [ 29.991629117635838, 60.675315196241932 ], [ 29.991654132196427, 60.675326159267428 ], [ 29.991655428160708, 60.675327309223221 ], [ 29.991655533935752, 60.675326773252152 ], [ 29.991873520525516, 60.675422302604559 ], [ 29.992275980263351, 60.675443134059527 ], [ 29.992276341980055, 60.675443152802053 ], [ 29.992284412861306, 60.675389946016132 ] ] ] ] } },
{ "type": "Feature", "properties": { }, "geometry": { "type": "MultiPolygon", "coordinates": [ [ [ [ 29.796540114564547, 60.708542745632208 ], [ 29.796435933993404, 60.708254624188633 ], [ 29.796424307620768, 60.708180000307642 ], [ 29.79617157866647, 60.707943814417995 ], [ 29.795971851653249, 60.707845930575431 ], [ 29.79596297613184, 60.707859254859905 ], [ 29.795960596713858, 60.707852779002096 ], [ 29.796029755010185, 60.707796524740893 ], [ 29.795871935461182, 60.70788098263273 ], [ 29.795736980128211, 60.708009566735349 ], [ 29.795690647470188, 60.708108971265439 ], [ 29.795636127019645, 60.708266192902251 ], [ 29.79563725363094, 60.708316485020106 ], [ 29.795638475627541, 60.708371006381491 ], [ 29.795604505747775, 60.708409639219262 ], [ 29.795289018589269, 60.708517703935264 ], [ 29.795003211663257, 60.708592202711834 ], [ 29.79476271473165, 60.708654890713078 ], [ 29.79468201626927, 60.708690124525816 ], [ 29.794681393324456, 60.708693604485347 ], [ 29.794671832128362, 60.708746925218122 ], [ 29.794617887816926, 60.708831294294576 ], [ 29.794537298304814, 60.708863532894298 ], [ 29.794386131720287, 60.708876202740868 ], [ 29.794271137828964, 60.708873362206106 ], [ 29.794013750055008, 60.708867003613037 ], [ 29.793897339142973, 60.708875980246489 ], [ 29.793881526069551, 60.708893690093895 ], [ 29.793899702973142, 60.70890460061333 ], [ 29.794044739917176, 60.708991658818135 ], [ 29.794089262184428, 60.709007904587018 ], [ 29.794223159724496, 60.709048771315771 ], [ 29.794304800583596, 60.709070568036594 ], [ 29.79438673153771, 60.709084289224485 ], [ 29.794499130519732, 60.709095135181663 ], [ 29.794603745666514, 60.709085262880947 ], [ 29.794738828302364, 60.709072515170163 ], [ 29.795678602215268, 60.709199333688026 ], [ 29.795780366759736, 60.709162705487266 ], [ 29.79612584401751, 60.708867842891948 ], [ 29.796234630515428, 60.708601333404957 ], [ 29.796540114564547, 60.708542745632208 ] ] ] ] } },
{ "type": "Feature", "properties": { }, "geometry": { "type": "MultiPolygon", "coordinates": [ [ [ [ 29.832601898607319, 60.700016722205639 ], [ 29.832944731761845, 60.699977410707355 ], [ 29.833428362358649, 60.69992496660344 ], [ 29.833020558729356, 60.6996032502432 ], [ 29.832861987810336, 60.699180068434003 ], [ 29.832281111094726, 60.699352206497345 ], [ 29.832281059278817, 60.699352222221179 ], [ 29.832091924299991, 60.699408269323278 ], [ 29.832061516969574, 60.699414722181416 ], [ 29.831499132595976, 60.699534065081508 ], [ 29.831211986212153, 60.69963554503898 ], [ 29.831441547085113, 60.699815756347746 ], [ 29.831554212670945, 60.69990420076379 ], [ 29.832010484157404, 60.700036362121743 ], [ 29.832601898607319, 60.700016722205639 ] ] ] ] } },
{ "type": "Feature", "properties": { }, "geometry": { "type": "MultiPolygon", "coordinates": [ [ [ [ 29.973754770956507, 60.673862466315086 ], [ 29.973738466354405, 60.673861968690311 ], [ 29.970081359886347, 60.673386803708922 ], [ 29.969735738710149, 60.673400517960509 ], [ 29.969735605052968, 60.673404791973461 ], [ 29.970088064462111, 60.673390805543534 ], [ 29.9737451731304, 60.673865970354861 ], [ 29.973611934733505, 60.674578478618635 ], [ 29.973618486525417, 60.674579079183182 ], [ 29.973698370703644, 60.67415978918681 ], [ 29.973698308592617, 60.674159786041365 ], [ 29.973754770956507, 60.673862466315086 ] ] ] ] } },
{ "type": "Feature", "properties": { }, "geometry": { "type": "MultiPolygon", "coordinates": [ [ [ [ 29.754113881114048, 60.673237630667984 ], [ 29.753406164162673, 60.673596286875117 ], [ 29.754025156111179, 60.673295800812902 ], [ 29.754113881114048, 60.673237630667984 ] ] ] ] } },
{ "type": "Feature", "properties": { }, "geometry": { "type": "MultiPolygon", "coordinates": [ [ [ [ 29.76668258769925, 60.676378319775594 ], [ 29.766850025121389, 60.676546341833408 ], [ 29.76673344032795, 60.676410379715847 ], [ 29.766690061178689, 60.676383031645997 ], [ 29.76668258769925, 60.676378319775594 ] ] ] ] } },
{ "type": "Feature", "properties": { }, "geometry": { "type": "MultiPolygon", "coordinates": [ [ [ [ 29.805368561022217, 60.678117141591066 ], [ 29.805784920837631, 60.678161824113076 ], [ 29.805582362924515, 60.678122258206614 ], [ 29.805368561022217, 60.678117141591066 ] ] ], [ [ [ 29.805784920837631, 60.678161824113076 ], [ 29.806302092327769, 60.678290794116556 ], [ 29.806021488291879, 60.67820803300841 ], [ 29.805784920837631, 60.678161824113076 ] ] ], [ [ [ 29.806764965110165, 60.678427311172115 ], [ 29.80657803645753, 60.678372179983342 ], [ 29.806849683625138, 60.678455007873666 ], [ 29.806764965110165, 60.678427311172115 ] ] ], [ [ [ 29.805368561022217, 60.678117141591066 ], [ 29.80527610090126, 60.678114928600024 ], [ 29.804903861815109, 60.678224268885486 ], [ 29.80432423810721, 60.678443254516957 ], [ 29.80374369149105, 60.678662229870284 ], [ 29.803019366012776, 60.678936063815499 ], [ 29.805368561022217, 60.678117141591066 ] ] ], [ [ [ 29.806779940612518, 60.678987956107619 ], [ 29.806925383217298, 60.678933006327007 ], [ 29.807188968727374, 60.678904576954444 ], [ 29.807537578121526, 60.678805874045445 ], [ 29.807520820031002, 60.678807157323511 ], [ 29.806828082031586, 60.678943501318059 ], [ 29.806779940612518, 60.678987956107619 ] ] ], [ [ [ 29.803019366012776, 60.678936063815499 ], [ 29.802422136374272, 60.679156942401306 ], [ 29.802302890904336, 60.679197986027802 ], [ 29.801982267918753, 60.679334594170761 ], [ 29.803019366012776, 60.678936063815499 ] ] ], [ [ [ 29.801594198723496, 60.679696212383433 ], [ 29.802494281081824, 60.679503076001289 ], [ 29.801853401412007, 60.679575507588986 ], [ 29.801676096663325, 60.679629938105954 ], [ 29.801594198723496, 60.679696212383433 ] ] ], [ [ [ 29.804152981850056, 60.679662234200059 ], [ 29.804051824106306, 60.679652854398192 ], [ 29.804412145282065, 60.679882356074991 ], [ 29.804760151948361, 60.679750893987467 ], [ 29.804152981850056, 60.679662234200059 ] ] ], [ [ [ 29.806779940612518, 60.678987956107619 ], [ 29.805790357326106, 60.679901318045438 ], [ 29.806346584024954, 60.679388173400561 ], [ 29.806779940612518, 60.678987956107619 ] ] ] ] } },
{ "type": "Feature", "properties": { }, "geometry": { "type": "MultiPolygon", "coordinates": [ [ [ [ 29.786513899652327, 60.681542794979293 ], [ 29.787302420931187, 60.681487253235005 ], [ 29.787143408546008, 60.681489916396451 ], [ 29.786513899652327, 60.681542794979293 ] ] ], [ [ [ 29.783260407312973, 60.68212104399182 ], [ 29.783886614427985, 60.682058834193462 ], [ 29.783604289931095, 60.682084954565568 ], [ 29.783260407312973, 60.68212104399182 ] ] ], [ [ [ 29.782533099145244, 60.682221212967939 ], [ 29.783260252982416, 60.682121060598838 ], [ 29.782960849140014, 60.682152481688917 ], [ 29.782533099145244, 60.682221212967939 ] ] ], [ [ [ 29.789144493774231, 60.68222248788598 ], [ 29.789979693383742, 60.682039254794361 ], [ 29.78830928311028, 60.682405679015396 ], [ 29.789144493774231, 60.68222248788598 ] ] ] ] } },
{ "type": "Feature", "properties": { }, "geometry": { "type": "MultiPolygon", "coordinates": [ [ [ [ 29.998767480881593, 60.685121619992536 ], [ 29.998779949071274, 60.685126186343943 ], [ 29.998768906901663, 60.685121616566718 ], [ 29.998767480881593, 60.685121619992536 ] ] ] ] } },
{ "type": "Feature", "properties": { }, "geometry": { "type": "MultiPolygon", "coordinates": [ [ [ [ 29.7290864295673, 60.682004322381253 ], [ 29.729020182150375, 60.681981934257493 ], [ 29.729543697849131, 60.68219216029447 ], [ 29.730354461197816, 60.682450784062233 ], [ 29.730305018696999, 60.682431568973804 ], [ 29.730153930589484, 60.682382624079921 ], [ 29.730084389052493, 60.682360096089781 ], [ 29.730082403715123, 60.682359453292904 ], [ 29.729437415921602, 60.682123240641381 ], [ 29.729205465122433, 60.682040673163741 ], [ 29.7290864295673, 60.682004322381253 ] ] ], [ [ [ 29.728257789754728, 60.6821874110735 ], [ 29.728301157517748, 60.682136175160821 ], [ 29.72752558922171, 60.682751027223844 ], [ 29.72756711402889, 60.682781253483412 ], [ 29.727600533295909, 60.682722353225131 ], [ 29.728257789754728, 60.6821874110735 ] ] ], [ [ [ 29.728934751398345, 60.683332386699519 ], [ 29.728421481016014, 60.683152664493377 ], [ 29.7286315533783, 60.683232323898274 ], [ 29.728764250845011, 60.683287950527429 ], [ 29.729005028102858, 60.683370218593488 ], [ 29.728934751398345, 60.683332386699519 ] ] ], [ [ [ 29.729142163551945, 60.683444042313525 ], [ 29.729141806828515, 60.68344384958332 ], [ 29.729139740255256, 60.683447957003125 ], [ 29.729142163551945, 60.683444042313525 ] ] ], [ [ [ 29.731064665380483, 60.682773087114427 ], [ 29.730950792747979, 60.682716929597895 ], [ 29.731147368602347, 60.682835539330966 ], [ 29.731179450571812, 60.683064377025744 ], [ 29.730700103794643, 60.68346922888329 ], [ 29.729793825929491, 60.684023873840381 ], [ 29.729637609707527, 60.684067413011412 ], [ 29.729753190873168, 60.684048134089963 ], [ 29.729846276780162, 60.684001984906629 ], [ 29.72994036028663, 60.683955342103289 ], [ 29.729993707031696, 60.683908974450674 ], [ 29.730148521747996, 60.683811304443864 ], [ 29.730176066419681, 60.683797050528817 ], [ 29.730341920896976, 60.683708838900401 ], [ 29.730564556304291, 60.68357590619437 ], [ 29.73079085156434, 60.683407162658035 ], [ 29.731096711882177, 60.683178918869501 ], [ 29.731250242302188, 60.683003164617567 ], [ 29.731213780757891, 60.682951029946224 ], [ 29.731211183487492, 60.68287406962169 ], [ 29.731064665380483, 60.682773087114427 ] ] ], [ [ [ 29.729298639707881, 60.68409573765102 ], [ 29.729221004064112, 60.684081064765138 ], [ 29.729246871479003, 60.684092151342405 ], [ 29.729298639707881, 60.68409573765102 ] ] ] ] } },
{ "type": "Feature", "properties": { }, "geometry": { "type": "MultiPolygon", "coordinates": [ [ [ [ 29.708085042641716, 60.686744913206311 ], [ 29.70780826491761, 60.686708499000467 ], [ 29.707771863972361, 60.686713194260236 ], [ 29.707773544653978, 60.686713616361153 ], [ 29.708020190565971, 60.686754060640602 ], [ 29.708085042641716, 60.686744913206311 ] ] ], [ [ [ 29.702697786069439, 60.688547787420148 ], [ 29.70269711548837, 60.688547330679732 ], [ 29.702686014857264, 60.688552305837533 ], [ 29.702697786069439, 60.688547787420148 ] ] ], [ [ [ 29.699104809608798, 60.689832452411196 ], [ 29.699240274703655, 60.689775688494763 ], [ 29.699087969347509, 60.68981442150654 ], [ 29.699104809608798, 60.689832452411196 ] ] ] ] } },
{ "type": "Feature", "properties": { }, "geometry": { "type": "MultiPolygon", "coordinates": [ [ [ [ 29.972383817902582, 60.694114376338277 ], [ 29.972005383561626, 60.694735561755117 ], [ 29.971986436489981, 60.69477469075813 ], [ 29.972383817902582, 60.694114376338277 ] ] ] ] } },
{ "type": "Feature", "properties": { }, "geometry": { "type": "MultiPolygon", "coordinates": [ [ [ [ 29.977708805730689, 60.698642262672927 ], [ 29.977709225390427, 60.698643220697981 ], [ 29.977720730190509, 60.698643318544718 ], [ 29.977708805730689, 60.698642262672927 ] ] ] ] } },
{ "type": "Feature", "properties": { }, "geometry": { "type": "MultiPolygon", "coordinates": [ [ [ [ 29.694652831699052, 60.697142606321236 ], [ 29.69456785353664, 60.69710658275185 ], [ 29.694546424853044, 60.69722131909483 ], [ 29.694652831699052, 60.697142606321236 ] ] ] ] } },
{ "type": "Feature", "properties": { }, "geometry": { "type": "MultiPolygon", "coordinates": [ [ [ [ 29.832638381824243, 60.700124396015362 ], [ 29.8326879089031, 60.700107914181459 ], [ 29.832405941798527, 60.700196771651214 ], [ 29.832410859957914, 60.700200096032439 ], [ 29.832527666149208, 60.700161239186556 ], [ 29.832638381824243, 60.700124396015362 ] ] ] ] } },
{ "type": "Feature", "properties": { }, "geometry": { "type": "MultiPolygon", "coordinates": [ [ [ [ 29.832591347659516, 60.700646898054714 ], [ 29.832591074867373, 60.700646891381773 ], [ 29.832449181267886, 60.700690988938639 ], [ 29.832448340983184, 60.700693040032341 ], [ 29.832591347659516, 60.700646898054714 ] ] ] ] } },
{ "type": "Feature", "properties": { }, "geometry": { "type": "MultiPolygon", "coordinates": [ [ [ [ 29.973046588288792, 60.702566099350904 ], [ 29.972811175108454, 60.702775538254478 ], [ 29.972967534695091, 60.702636881675105 ], [ 29.973046588288792, 60.702566099350904 ] ] ] ] } },
{ "type": "Feature", "properties": { }, "geometry": { "type": "MultiPolygon", "coordinates": [ [ [ [ 29.972693488035379, 60.702880240239779 ], [ 29.972529809710991, 60.70302585656647 ], [ 29.972529958820676, 60.703025897235584 ], [ 29.972693488035379, 60.702880240239779 ] ] ] ] } },
{ "type": "Feature", "properties": { }, "geometry": { "type": "MultiPolygon", "coordinates": [ [ [ [ 29.694355362849432, 60.701205537846207 ], [ 29.694354926032968, 60.701205610047253 ], [ 29.694023256461566, 60.70133491733403 ], [ 29.6942203589395, 60.701258226304432 ], [ 29.694355362849432, 60.701205537846207 ] ] ] ] } },
{ "type": "Feature", "properties": { }, "geometry": { "type": "MultiPolygon", "coordinates": [ [ [ [ 29.757101820882099, 60.70056003773086 ], [ 29.75709359732717, 60.700549357920039 ], [ 29.757139023717567, 60.700791493398569 ], [ 29.757101820882099, 60.70056003773086 ] ] ], [ [ [ 29.755196818531179, 60.701955284074089 ], [ 29.755213703326522, 60.701946329668388 ], [ 29.755206661280212, 60.701949906528078 ], [ 29.755196818531179, 60.701955284074089 ] ] ] ] } },
{ "type": "Feature", "properties": { }, "geometry": { "type": "MultiPolygon", "coordinates": [ [ [ [ 29.996542399368689, 60.705311315153239 ], [ 29.996568578357003, 60.70545488146383 ], [ 29.996682917148355, 60.70544106242928 ], [ 29.996721763787807, 60.705489805607023 ], [ 29.997061323932183, 60.70534053751112 ], [ 29.996999949792684, 60.705248552602285 ], [ 29.996811517798974, 60.705272792201008 ], [ 29.996542399368689, 60.705311315153239 ] ] ] ] } },
{ "type": "Feature", "properties": { }, "geometry": { "type": "MultiPolygon", "coordinates": [ [ [ [ 29.702613817023085, 60.703187699857693 ], [ 29.70285917255633, 60.703285662912279 ], [ 29.703006764332951, 60.703317428643039 ], [ 29.703052116763899, 60.703427262024583 ], [ 29.703124383125047, 60.70348264029478 ], [ 29.703195474559919, 60.703568400461108 ], [ 29.70319359168974, 60.703617010239952 ], [ 29.703105262330705, 60.703742789230461 ], [ 29.703352093722106, 60.703861668004585 ], [ 29.704154761837547, 60.703574332057237 ], [ 29.703293554494692, 60.703016461123774 ], [ 29.702613817023085, 60.703187699857693 ] ] ] ] } },
{ "type": "Feature", "properties": { }, "geometry": { "type": "MultiPolygon", "coordinates": [ [ [ [ 29.728131609948758, 60.706282691966017 ], [ 29.727713412824649, 60.706338817315661 ], [ 29.727717469172102, 60.706343256023551 ], [ 29.728131609948758, 60.706282691966017 ] ] ] ] } },
{ "type": "Feature", "properties": { }, "geometry": { "type": "MultiPolygon", "coordinates": [ [ [ [ 29.668245513660267, 60.709652471540345 ], [ 29.668055535055114, 60.709645438633338 ], [ 29.668050992635429, 60.709648058318813 ], [ 29.668245513660267, 60.709652471540345 ] ] ], [ [ [ 29.671571460980864, 60.709821982835713 ], [ 29.671498286256615, 60.709812695786702 ], [ 29.671634025814861, 60.709830768225892 ], [ 29.671571460980864, 60.709821982835713 ] ] ], [ [ [ 29.666483943141596, 60.710776173394201 ], [ 29.666635429179554, 60.710663877552427 ], [ 29.66644514617856, 60.7107693230517 ], [ 29.666470976879996, 60.710784513448111 ], [ 29.666483943141596, 60.710776173394201 ] ] ] ] } },
{ "type": "Feature", "properties": { }, "geometry": { "type": "MultiPolygon", "coordinates": [ [ [ [ 29.68581808828959, 60.707772042148157 ], [ 29.685819309718227, 60.707766728222836 ], [ 29.685736188159961, 60.707816990589343 ], [ 29.68581808828959, 60.707772042148157 ] ] ] ] } },
{ "type": "Feature", "properties": { }, "geometry": { "type": "MultiPolygon", "coordinates": [ [ [ [ 29.721964310541448, 60.709438832791676 ], [ 29.72151294912625, 60.709549043742562 ], [ 29.720764551761711, 60.709739561828776 ], [ 29.721964310541448, 60.709438832791676 ] ] ] ] } },
{ "type": "Feature", "properties": { }, "geometry": { "type": "MultiPolygon", "coordinates": [ [ [ [ 29.678146952607495, 60.710383154961235 ], [ 29.678147126746349, 60.710381798569721 ], [ 29.678050834377313, 60.710441743664248 ], [ 29.678146952607495, 60.710383154961235 ] ] ], [ [ [ 29.682314930789602, 60.711610730423104 ], [ 29.682307536336115, 60.711605460783161 ], [ 29.682307245620166, 60.711605586477411 ], [ 29.682314930789602, 60.711610730423104 ] ] ], [ [ [ 29.682982703471314, 60.712057748287009 ], [ 29.682869473781388, 60.711981998024179 ], [ 29.682982658315684, 60.712057773890024 ], [ 29.682982703471314, 60.712057748287009 ] ] ] ] } },
{ "type": "Feature", "properties": { }, "geometry": { "type": "MultiPolygon", "coordinates": [ [ [ [ 29.659154584228723, 60.71222572487931 ], [ 29.659153554164757, 60.71222555608535 ], [ 29.65915444290918, 60.712226416455287 ], [ 29.659154584228723, 60.71222572487931 ] ] ], [ [ [ 29.659860541008495, 60.712098348477262 ], [ 29.659508948575027, 60.71205006978861 ], [ 29.661025540995102, 60.712288091572425 ], [ 29.660911064708976, 60.712269649171141 ], [ 29.660571977671587, 60.712214772447147 ], [ 29.660535536867851, 60.712208955544838 ], [ 29.660499162144582, 60.712203044213922 ], [ 29.659860541008495, 60.712098348477262 ] ] ], [ [ [ 29.659928119712664, 60.712452549448308 ], [ 29.659197486409365, 60.712268103953669 ], [ 29.659199311655716, 60.712269871827431 ], [ 29.659278214521201, 60.712291820974762 ], [ 29.659405598396237, 60.712327322945868 ], [ 29.659928119712664, 60.712452549448308 ] ] ], [ [ [ 29.659928119712664, 60.712452549448308 ], [ 29.660676191882192, 60.712563701253963 ], [ 29.660800223888064, 60.712582110105217 ], [ 29.659928119712664, 60.712452549448308 ] ] ], [ [ [ 29.661325181145067, 60.712074304711322 ], [ 29.661267956888455, 60.712053425927976 ], [ 29.661305436188002, 60.712088061555264 ], [ 29.661460599695332, 60.712200420541677 ], [ 29.661619179973954, 60.712298606174059 ], [ 29.661738168991789, 60.712401416000134 ], [ 29.663794150123213, 60.713890115174735 ], [ 29.66131616356169, 60.712076255525375 ], [ 29.661325181145067, 60.712074304711322 ] ] ], [ [ [ 29.664535456598177, 60.714197634587585 ], [ 29.664582624011775, 60.714171049883447 ], [ 29.66456962707425, 60.714176712956665 ], [ 29.664535456598177, 60.714197634587585 ] ] ] ] } },
{ "type": "Feature", "properties": { }, "geometry": { "type": "MultiPolygon", "coordinates": [ [ [ [ 29.548273856824355, 60.727366138284978 ], [ 29.548288780112273, 60.72733622818545 ], [ 29.548253404031822, 60.727357367556472 ], [ 29.548273856824355, 60.727366138284978 ] ] ], [ [ [ 29.545498889485909, 60.728302041763882 ], [ 29.545498728163363, 60.728302000579134 ], [ 29.545465398731697, 60.728308417662227 ], [ 29.54546046431804, 60.728325082007999 ], [ 29.545498889485909, 60.728302041763882 ] ] ], [ [ [ 29.545712251724101, 60.728811964913533 ], [ 29.547010654976393, 60.728096125929817 ], [ 29.547358894383464, 60.727889117778297 ], [ 29.545712251724101, 60.728811964913533 ] ] ], [ [ [ 29.542438254217355, 60.729664451598637 ], [ 29.542247567870977, 60.729578713628456 ], [ 29.542252119998288, 60.729586644122769 ], [ 29.542438254217355, 60.729664451598637 ] ] ], [ [ [ 29.542438254217355, 60.729664451598637 ], [ 29.542459196717278, 60.729725123601135 ], [ 29.542561561171084, 60.729733827800537 ], [ 29.54246243516474, 60.729717597952259 ], [ 29.542438254217355, 60.729664451598637 ] ] ], [ [ [ 29.545712251724101, 60.728811964913533 ], [ 29.54440522843824, 60.729529627558691 ], [ 29.543840647061554, 60.729985118538693 ], [ 29.544419872567723, 60.729524440326117 ], [ 29.545712251724101, 60.728811964913533 ] ] ], [ [ [ 29.543840647061554, 60.729985118538693 ], [ 29.543831280774878, 60.730082814659269 ], [ 29.543807427819612, 60.730359447376244 ], [ 29.5438097923033, 60.730333211790736 ], [ 29.543840647061554, 60.729985118538693 ] ] ] ] } },
{ "type": "Feature", "properties": { }, "geometry": { "type": "MultiPolygon", "coordinates": [ [ [ [ 29.627245168128539, 60.733397985671019 ], [ 29.62729702434541, 60.733343982989446 ], [ 29.627142403720299, 60.733418525588533 ], [ 29.627245168128539, 60.733397985671019 ] ] ], [ [ [ 29.628104805619227, 60.735619574315209 ], [ 29.628060586819466, 60.735595545240912 ], [ 29.628047084378668, 60.735601624433322 ], [ 29.628104805619227, 60.735619574315209 ] ] ] ] } },
{ "type": "Feature", "properties": { }, "geometry": { "type": "MultiPolygon", "coordinates": [ [ [ [ 29.784875526970872, 60.738195933050719 ], [ 29.784849228015752, 60.738172675901758 ], [ 29.784883633207205, 60.738205362356055 ], [ 29.784875526970872, 60.738195933050719 ] ] ], [ [ [ 29.784908230759314, 60.738242522484583 ], [ 29.784895316031825, 60.738216460785459 ], [ 29.784908421210492, 60.738269132351434 ], [ 29.784908230759314, 60.738242522484583 ] ] ], [ [ [ 29.784344185033675, 60.738495220009405 ], [ 29.784382605282147, 60.738432749698198 ], [ 29.78436144250999, 60.738464616864057 ], [ 29.784344185033675, 60.738495220009405 ] ] ], [ [ [ 29.784344185033675, 60.738495220009405 ], [ 29.78434086989753, 60.738501097956025 ], [ 29.784334382304859, 60.738524287511012 ], [ 29.784344185033675, 60.738495220009405 ] ] ], [ [ [ 29.784847507198506, 60.738441415113513 ], [ 29.784852625367517, 60.738421197131842 ], [ 29.784809199296387, 60.738537021628261 ], [ 29.784847507198506, 60.738441415113513 ] ] ], [ [ [ 29.784700494736853, 60.73855137608215 ], [ 29.784725735940505, 60.738548041973552 ], [ 29.784656891641674, 60.738552315692708 ], [ 29.784700494736853, 60.73855137608215 ] ] ] ] } },
{ "type": "Feature", "properties": { }, "geometry": { "type": "MultiPolygon", "coordinates": [ [ [ [ 29.737159377208023, 60.742758860203281 ], [ 29.737065169461562, 60.7427046987926 ], [ 29.737176370464908, 60.742790541801881 ], [ 29.737319228898265, 60.742779444499689 ], [ 29.737159377208023, 60.742758860203281 ] ] ] ] } },
{ "type": "Feature", "properties": { }, "geometry": { "type": "MultiPolygon", "coordinates": [ [ [ [ 29.523521942657574, 60.743118358425399 ], [ 29.523521394470286, 60.74311831938298 ], [ 29.523368474235188, 60.743174791484016 ], [ 29.523521942657574, 60.743118358425399 ] ] ], [ [ [ 29.520257901253427, 60.745184475800968 ], [ 29.520150220544622, 60.745125372754075 ], [ 29.520145737893269, 60.745130469164188 ], [ 29.520257901253427, 60.745184475800968 ] ] ], [ [ [ 29.520793284479812, 60.745456499374043 ], [ 29.520797989381993, 60.745413260495702 ], [ 29.520783775366084, 60.745449957601679 ], [ 29.520793284479812, 60.745456499374043 ] ] ] ] } },
{ "type": "Feature", "properties": { }, "geometry": { "type": "MultiPolygon", "coordinates": [ [ [ [ 29.511327783611922, 60.751887055931576 ], [ 29.511329912880765, 60.751885590530733 ], [ 29.511303581320401, 60.751899064798451 ], [ 29.511327783611922, 60.751887055931576 ] ] ], [ [ [ 29.511327783611922, 60.751887055931576 ], [ 29.512017480568378, 60.752158205442811 ], [ 29.512018065007304, 60.752156249531652 ], [ 29.511327783611922, 60.751887055931576 ] ] ] ] } },
{ "type": "Feature", "properties": { }, "geometry": { "type": "MultiPolygon", "coordinates": [ [ [ [ 29.747821055767151, 60.752502631395686 ], [ 29.747792339035115, 60.752489985914266 ], [ 29.748133567524739, 60.752645184603146 ], [ 29.74806097336382, 60.752611584513119 ], [ 29.747914127503549, 60.752543588565423 ], [ 29.747821055767151, 60.752502631395686 ] ] ], [ [ [ 29.744357783351131, 60.752899509091641 ], [ 29.744877599333467, 60.752511192305654 ], [ 29.74461597482912, 60.75270438194427 ], [ 29.744436388980692, 60.752836968539668 ], [ 29.744357783351131, 60.752899509091641 ] ] ], [ [ [ 29.74699498419854, 60.753922922761966 ], [ 29.747059333828716, 60.753833872489494 ], [ 29.74689197506564, 60.754011310339898 ], [ 29.74699498419854, 60.753922922761966 ] ] ], [ [ [ 29.742430149742464, 60.753991640594975 ], [ 29.742984312516654, 60.753497250665212 ], [ 29.742934169593518, 60.753507694225419 ], [ 29.742742583951994, 60.753691665827162 ], [ 29.742430149742464, 60.753991640594975 ] ] ], [ [ [ 29.746063203792833, 60.754483548406327 ], [ 29.746273258996691, 60.75426776112927 ], [ 29.745646242057873, 60.754909123208044 ], [ 29.745842302747207, 60.754712873921655 ], [ 29.746063203792833, 60.754483548406327 ] ] ] ] } },
{ "type": "Feature", "properties": { }, "geometry": { "type": "MultiPolygon", "coordinates": [ [ [ [ 29.509059696979168, 60.751499934327157 ], [ 29.509056211488488, 60.751499783695138 ], [ 29.509046137854504, 60.751502651058587 ], [ 29.509101061647065, 60.751523838560921 ], [ 29.509059696979168, 60.751499934327157 ] ] ], [ [ [ 29.505520536029973, 60.753159778676725 ], [ 29.505495653173259, 60.753151278633894 ], [ 29.505484515316265, 60.753156549748134 ], [ 29.505520536029973, 60.753159778676725 ] ] ] ] } },
{ "type": "Feature", "properties": { }, "geometry": { "type": "MultiPolygon", "coordinates": [ [ [ [ 29.506402139558489, 60.756068842204492 ], [ 29.506388060492426, 60.756069614335779 ], [ 29.506397350194121, 60.756072271600452 ], [ 29.506402139558489, 60.756068842204492 ] ] ] ] } },
{ "type": "Feature", "properties": { }, "geometry": { "type": "MultiPolygon", "coordinates": [ [ [ [ 29.769882483821178, 60.759535568471982 ], [ 29.769598682925395, 60.759645231042292 ], [ 29.769372565447959, 60.759489059182087 ], [ 29.769595893522851, 60.759646997942696 ], [ 29.769882483821178, 60.759535568471982 ] ] ] ] } },
{ "type": "Feature", "properties": { }, "geometry": { "type": "MultiPolygon", "coordinates": [ [ [ [ 29.772583985297707, 60.761305927167371 ], [ 29.772583256307769, 60.761301541481778 ], [ 29.772559163000466, 60.761352006404039 ], [ 29.772583985297707, 60.761305927167371 ] ] ], [ [ [ 29.772514309705912, 60.761435273493149 ], [ 29.772515912177067, 60.761432298590286 ], [ 29.772515615371546, 60.76143238762635 ], [ 29.772514309705912, 60.761435273493149 ] ] ] ] } },
{ "type": "Feature", "properties": { }, "geometry": { "type": "MultiPolygon", "coordinates": [ [ [ [ 29.657475707942996, 60.792737380410387 ], [ 29.657403662834387, 60.792744825117126 ], [ 29.657402243889489, 60.792745314996345 ], [ 29.657475707942996, 60.792737380410387 ] ] ] ] } },
{ "type": "Feature", "properties": { }, "geometry": { "type": "MultiPolygon", "coordinates": [ [ [ [ 29.700497522320184, 60.800297034340872 ], [ 29.700537831850841, 60.800271785564497 ], [ 29.700496840786002, 60.800297417453756 ], [ 29.700350901214737, 60.800436755944595 ], [ 29.700497522320184, 60.800297034340872 ] ] ], [ [ [ 29.700000932551536, 60.800775447777539 ], [ 29.700232923743901, 60.800549796302235 ], [ 29.700000103763234, 60.800775032566442 ], [ 29.699914007973479, 60.800858318763233 ], [ 29.700000932551536, 60.800775447777539 ] ] ], [ [ [ 29.70372945776743, 60.800505051085075 ], [ 29.703606630929329, 60.800488549175199 ], [ 29.703659767552949, 60.800496094575266 ], [ 29.703660170212533, 60.800537000375634 ], [ 29.702676740998331, 60.800994174181625 ], [ 29.70372945776743, 60.800505051085075 ] ] ], [ [ [ 29.700027863404546, 60.800974036797889 ], [ 29.69986560369221, 60.800905140443348 ], [ 29.699865483241783, 60.800905256903391 ], [ 29.700027863404546, 60.800974036797889 ] ] ], [ [ [ 29.700959388550704, 60.801338305037021 ], [ 29.700795062281081, 60.801282846052295 ], [ 29.700958455513863, 60.801338433775847 ], [ 29.701075044055877, 60.801378101948828 ], [ 29.700959388550704, 60.801338305037021 ] ] ], [ [ [ 29.701694911502276, 60.801422174801345 ], [ 29.701695400062885, 60.801421997226605 ], [ 29.701526804588092, 60.801427538470172 ], [ 29.701694911502276, 60.801422174801345 ] ] ] ] } },
{ "type": "Feature", "properties": { }, "geometry": { "type": "MultiPolygon", "coordinates": [ [ [ [ 29.661666048530734, 60.804129540250237 ], [ 29.661533431340001, 60.804147682335611 ], [ 29.661541744427236, 60.804151741943805 ], [ 29.661666048530734, 60.804129540250237 ] ] ] ] } },
{ "type": "Feature", "properties": { }, "geometry": { "type": "MultiPolygon", "coordinates": [ [ [ [ 29.689615187540817, 60.799421144398579 ], [ 29.689494162616221, 60.799388053128283 ], [ 29.689565405546396, 60.799418672024508 ], [ 29.689597680766166, 60.799432543465564 ], [ 29.689598287706161, 60.799432196417648 ], [ 29.689615187540817, 60.799421144398579 ] ] ] ] } },
{ "type": "Feature", "properties": { }, "geometry": { "type": "MultiPolygon", "coordinates": [ [ [ [ 29.664961886579814, 60.807566097243082 ], [ 29.66496082893347, 60.807564019023502 ], [ 29.664738572017111, 60.807582431434838 ], [ 29.664680640351627, 60.807589052119894 ], [ 29.664961886579814, 60.807566097243082 ] ] ] ] } },
{ "type": "Feature", "properties": { }, "geometry": { "type": "MultiPolygon", "coordinates": [ [ [ [ 29.651934529542935, 60.804881728390924 ], [ 29.651890067270354, 60.804873128776258 ], [ 29.651457059282663, 60.804872603737287 ], [ 29.651459370057239, 60.804873524466039 ], [ 29.651934529542935, 60.804881728390924 ] ] ], [ [ [ 29.652465744632483, 60.804984467170797 ], [ 29.652391609368795, 60.804970129317617 ], [ 29.652465086805893, 60.804984837796823 ], [ 29.652466910717038, 60.804988292329078 ], [ 29.652465744632483, 60.804984467170797 ] ] ], [ [ [ 29.652503608309082, 60.805108608778319 ], [ 29.65249929878129, 60.805094481565646 ], [ 29.652485354359722, 60.805135790535587 ], [ 29.652503608309082, 60.805108608778319 ] ] ], [ [ [ 29.652167725696952, 60.805584413058995 ], [ 29.652325957011413, 60.805436450822945 ], [ 29.652163600165782, 60.80558720154152 ], [ 29.652167725696952, 60.805584413058995 ] ] ], [ [ [ 29.651129499499199, 60.806277745992084 ], [ 29.651355709247177, 60.806091063848399 ], [ 29.651316889587907, 60.806105690452 ], [ 29.6511516921734, 60.806219790503576 ], [ 29.651129499499199, 60.806277745992084 ] ] ], [ [ [ 29.651153461900709, 60.80661658564668 ], [ 29.651123010824517, 60.806294691319778 ], [ 29.651097243268115, 60.806361978526525 ], [ 29.651126317923438, 60.806465121895812 ], [ 29.651146706221166, 60.806560462178403 ], [ 29.651068019515005, 60.80667055180627 ], [ 29.650941595108371, 60.806784398235486 ], [ 29.650941742780997, 60.806785691276289 ], [ 29.650942333367865, 60.806785222171229 ], [ 29.651153461900709, 60.80661658564668 ] ] ] ] } },
{ "type": "Feature", "properties": { }, "geometry": { "type": "MultiPolygon", "coordinates": [ [ [ [ 29.802408177685603, 60.712191943452567 ], [ 29.801328854674512, 60.712283662335253 ], [ 29.801063728246245, 60.712334716741481 ], [ 29.801016123163691, 60.712355377922606 ], [ 29.800979768162989, 60.712442660336755 ], [ 29.8010311895897, 60.712952017949497 ], [ 29.801337762822325, 60.712775812871023 ], [ 29.802408177685603, 60.712191943452567 ] ] ] ] } },
{ "type": "Feature", "properties": { }, "geometry": { "type": "MultiPolygon", "coordinates": [ [ [ [ 29.801051492973073, 60.713923784214906 ], [ 29.800844112178865, 60.713887249928575 ], [ 29.800852372976898, 60.713895795536644 ], [ 29.800899367276131, 60.713949999217377 ], [ 29.800936337718468, 60.714039646937614 ], [ 29.800920138052604, 60.714113819907652 ], [ 29.800875157991634, 60.714168266337722 ], [ 29.801389215211049, 60.714271190067528 ], [ 29.80189994806021, 60.714422692495496 ], [ 29.802149373084099, 60.714483410881911 ], [ 29.802232139805913, 60.714503558977853 ], [ 29.802214574997805, 60.714398900956212 ], [ 29.802181602079017, 60.714245357305785 ], [ 29.802176986567417, 60.71422386596209 ], [ 29.802034780912152, 60.714067846458526 ], [ 29.801612040131161, 60.71398499103914 ], [ 29.801051492973073, 60.713923784214906 ] ] ] ] } },
{ "type": "Feature", "properties": { }, "geometry": { "type": "MultiPolygon", "coordinates": [ [ [ [ 29.794484417201119, 60.716517334988644 ], [ 29.794982622111792, 60.716518101689189 ], [ 29.795455529408596, 60.716541303834902 ], [ 29.795556497413411, 60.716536056607467 ], [ 29.79574363539648, 60.716498212407657 ], [ 29.795981109005155, 60.716465114839643 ], [ 29.796101976032201, 60.716470790697279 ], [ 29.796153650869812, 60.71647321709478 ], [ 29.797015677754285, 60.716440047242074 ], [ 29.796858430557936, 60.715299253313297 ], [ 29.796868384153022, 60.715227002855826 ], [ 29.796872557262773, 60.715196711735267 ], [ 29.79919438772151, 60.715133951266353 ], [ 29.79977191196993, 60.715159165712386 ], [ 29.799766966049123, 60.715153045516161 ], [ 29.799859130736973, 60.715029045755728 ], [ 29.800008243198452, 60.715049839289037 ], [ 29.80008159554999, 60.71496731399003 ], [ 29.800143847599411, 60.714627623656725 ], [ 29.80020615036803, 60.714461431400586 ], [ 29.800272643413386, 60.714383990188516 ], [ 29.80054643892813, 60.714250067173211 ], [ 29.800488683778457, 60.714241649966468 ], [ 29.800429306762318, 60.714211521157843 ], [ 29.800318587155282, 60.714182747051368 ], [ 29.800268851555536, 60.714190398391167 ], [ 29.800173011677508, 60.714206629909995 ], [ 29.800068337025841, 60.714213809940524 ], [ 29.799827561996384, 60.714235978232892 ], [ 29.79957136307036, 60.714228393973848 ], [ 29.799299616818249, 60.714296968629412 ], [ 29.799237448780453, 60.71434490324387 ], [ 29.799246800312734, 60.71439075929969 ], [ 29.799222288272546, 60.714461456263145 ], [ 29.799193244976628, 60.714505187358654 ], [ 29.799207994367372, 60.714553782359651 ], [ 29.7993297346875, 60.714581753534461 ], [ 29.799388501663802, 60.714628931275719 ], [ 29.799486433942008, 60.714656698817798 ], [ 29.799548124090776, 60.714673384554118 ], [ 29.799659162551272, 60.714642025270663 ], [ 29.799794906796169, 60.714585747160733 ], [ 29.799921561189731, 60.714578756028814 ], [ 29.799966672347786, 60.714597991819502 ], [ 29.799980717174154, 60.714666327138652 ], [ 29.800006135511708, 60.714723988307917 ], [ 29.799965752213929, 60.714777495539551 ], [ 29.79983100143227, 60.714805958731247 ], [ 29.799712604886988, 60.714838152482891 ], [ 29.799601662048307, 60.714866819947652 ], [ 29.799483971134087, 60.714879273188487 ], [ 29.799386638563416, 60.714905906566649 ], [ 29.799326458616022, 60.714918307648105 ], [ 29.799444427349989, 60.7149582799453 ], [ 29.799383617109399, 60.715026815014504 ], [ 29.798652191957171, 60.715037677115141 ], [ 29.798247521231108, 60.715052472041656 ], [ 29.79791515624612, 60.715043998651609 ], [ 29.797652724251169, 60.714987825983272 ], [ 29.797437633902216, 60.714882071233973 ], [ 29.797284572439562, 60.714788004428264 ], [ 29.797157452822091, 60.714743262634329 ], [ 29.796987074743143, 60.714715566602379 ], [ 29.796850197227332, 60.714688866487684 ], [ 29.796746486048033, 60.714668635637189 ], [ 29.79664766931808, 60.714631154919061 ], [ 29.796129299583821, 60.714917134553943 ], [ 29.795892469546345, 60.715105847240174 ], [ 29.796048908459557, 60.716125063785107 ], [ 29.791782522072946, 60.716206236547265 ], [ 29.791782089809828, 60.716218243644605 ], [ 29.791864976228513, 60.716223726267415 ], [ 29.792060848000414, 60.716272226469037 ], [ 29.792176152935575, 60.71636351030385 ], [ 29.792264245769584, 60.716456054154868 ], [ 29.792399488771085, 60.716487095026146 ], [ 29.792487743331712, 60.716507350476917 ], [ 29.792877399542203, 60.71652328077294 ], [ 29.793750005060463, 60.716519757522498 ], [ 29.794484417201119, 60.716517334988644 ] ] ] ] } },
{ "type": "Feature", "properties": { }, "geometry": { "type": "MultiPolygon", "coordinates": [ [ [ [ 29.803013330857635, 60.714307123776322 ], [ 29.802389590093167, 60.714118035729413 ], [ 29.80230687651817, 60.714189440290951 ], [ 29.802352857105237, 60.714339162172536 ], [ 29.802565747304985, 60.714618528114492 ], [ 29.803013330857635, 60.714307123776322 ] ] ] ] } },
{ "type": "Feature", "properties": { }, "geometry": { "type": "MultiPolygon", "coordinates": [ [ [ [ 29.808429268941754, 60.71880476284317 ], [ 29.808432894493439, 60.719055281225046 ], [ 29.808778537404869, 60.719049644702409 ], [ 29.808797112856269, 60.71894944395904 ], [ 29.808775801372342, 60.718795363178707 ], [ 29.808429268941754, 60.71880476284317 ] ] ] ] } },
{ "type": "Feature", "properties": { }, "geometry": { "type": "MultiPolygon", "coordinates": [ [ [ [ 29.809825743905016, 60.718798431638604 ], [ 29.809785287668372, 60.719061072580949 ], [ 29.809883101492414, 60.719402977337893 ], [ 29.810013582980492, 60.719702076048861 ], [ 29.809990337172444, 60.719841000216391 ], [ 29.810553780988204, 60.720218671284066 ], [ 29.810668031693258, 60.720088270991205 ], [ 29.810746985957362, 60.720015930136576 ], [ 29.810858220779938, 60.719882217191291 ], [ 29.810859607110856, 60.719881781090173 ], [ 29.810702541863225, 60.719751552274694 ], [ 29.810490537888061, 60.719547332551386 ], [ 29.809825743905016, 60.718798431638604 ] ] ] ] } },
{ "type": "Feature", "properties": { }, "geometry": { "type": "MultiPolygon", "coordinates": [ [ [ [ 29.796557260927461, 60.719993972471173 ], [ 29.796095186427298, 60.721229964140598 ], [ 29.794807635450862, 60.721113861770029 ], [ 29.793671100748966, 60.721024201236858 ], [ 29.793526380655376, 60.721012784304527 ], [ 29.793526799289126, 60.721011639036348 ], [ 29.792145075598807, 60.720900336006416 ], [ 29.791848063919591, 60.720942962604987 ], [ 29.791697596346843, 60.720912375950959 ], [ 29.791303668015232, 60.720832299804044 ], [ 29.791246497838905, 60.720967509123113 ], [ 29.7912137964361, 60.721036174518446 ], [ 29.791269664057062, 60.721027720328834 ], [ 29.791393994421753, 60.721022780417229 ], [ 29.791551200581726, 60.721028162935241 ], [ 29.792199665597842, 60.721068222683904 ], [ 29.792213651754178, 60.721069086664421 ], [ 29.792388563061998, 60.72109662656684 ], [ 29.792527080050849, 60.721132356487537 ], [ 29.792777816836523, 60.721156603100653 ], [ 29.796237154477701, 60.721491071570512 ], [ 29.796250129331078, 60.721438960401848 ], [ 29.796257806356568, 60.721408124229406 ], [ 29.796296073649422, 60.721366515092647 ], [ 29.796510129936017, 60.720786864559678 ], [ 29.796702422980012, 60.720314970738656 ], [ 29.796827939225516, 60.720062232719101 ], [ 29.796850808036638, 60.720020358030858 ], [ 29.796557260927461, 60.719993972471173 ] ] ] ] } },
{ "type": "Feature", "properties": { }, "geometry": { "type": "MultiPolygon", "coordinates": [ [ [ [ 29.981580580654008, 60.684998454223646 ], [ 29.981124408411176, 60.685188835230541 ], [ 29.98092196053609, 60.685202216813849 ], [ 29.98081235309229, 60.685219097306558 ], [ 29.980764482739232, 60.685249540004023 ], [ 29.980776461167963, 60.685339756613182 ], [ 29.980666261268411, 60.685463045782512 ], [ 29.980680301117836, 60.685517235754581 ], [ 29.981147217072074, 60.685657438075133 ], [ 29.981394717247785, 60.685268276476108 ], [ 29.981580580654008, 60.684998454223646 ] ] ] ] } },
{ "type": "Feature", "properties": { }, "geometry": { "type": "MultiPolygon", "coordinates": [ [ [ [ 29.802583443574509, 60.714885199779083 ], [ 29.80246192221982, 60.714777165570389 ], [ 29.802390170097187, 60.714787282391448 ], [ 29.802437878469288, 60.715065704318626 ], [ 29.802561518980067, 60.715107452995021 ], [ 29.802904172094546, 60.715034901033874 ], [ 29.802583443574509, 60.714885199779083 ] ] ] ] } },
{ "type": "Feature", "properties": { }, "geometry": { "type": "MultiPolygon", "coordinates": [ [ [ [ 29.786760865534394, 60.72253283838451 ], [ 29.786374174897453, 60.722308054474908 ], [ 29.78649216077503, 60.722388745400792 ], [ 29.786760865534394, 60.72253283838451 ] ] ] ] } },
{ "type": "Feature", "properties": { }, "geometry": { "type": "MultiPolygon", "coordinates": [ [ [ [ 29.684764398478617, 60.786834143768623 ], [ 29.6846935338516, 60.78682948881373 ], [ 29.684810524430368, 60.786953904604253 ], [ 29.685022892409233, 60.786906166906391 ], [ 29.684764398478617, 60.786834143768623 ] ] ], [ [ [ 29.684462552418058, 60.786814316461893 ], [ 29.683994473866537, 60.786783567947467 ], [ 29.682728981000352, 60.786795865248777 ], [ 29.682134928764498, 60.786892636603682 ], [ 29.682601177512453, 60.787431544099121 ], [ 29.682696137928797, 60.78749846697842 ], [ 29.683863547272122, 60.787236034727599 ], [ 29.683640786217229, 60.786999091532472 ], [ 29.684462552418058, 60.786814316461893 ] ] ], [ [ [ 29.681500052204925, 60.787476905390236 ], [ 29.681355710946608, 60.786990657840271 ], [ 29.68127375321178, 60.787017592337861 ], [ 29.681068175997588, 60.78718611455227 ], [ 29.680746574580152, 60.787455555793528 ], [ 29.680685646059302, 60.787602316360008 ], [ 29.680697122461705, 60.787742898689899 ], [ 29.680800363728533, 60.787924521332869 ], [ 29.681729562333743, 60.787715649987078 ], [ 29.681500052204925, 60.787476905390236 ] ] ], [ [ [ 29.683634859694514, 60.788151620616475 ], [ 29.684096188483359, 60.78813814234762 ], [ 29.684257963455781, 60.78818966976052 ], [ 29.684263729094202, 60.788182512935201 ], [ 29.684347997921289, 60.788096397386468 ], [ 29.68444470918319, 60.788013441678885 ], [ 29.684553272243839, 60.787934014865172 ], [ 29.684673262084075, 60.787858570403678 ], [ 29.684803950468044, 60.78778765699807 ], [ 29.684943540858981, 60.787721745338402 ], [ 29.685033894224965, 60.787683765993108 ], [ 29.685252436482642, 60.787604353310478 ], [ 29.685414992357696, 60.787554127109168 ], [ 29.685581119828626, 60.787508343320688 ], [ 29.685748955332954, 60.78746612881487 ], [ 29.685822496634838, 60.7874491688357 ], [ 29.685622674883408, 60.787163872031073 ], [ 29.685586566249977, 60.787144940506671 ], [ 29.685094361207625, 60.787255600363203 ], [ 29.685270354628351, 60.787442686300288 ], [ 29.684269682623441, 60.787667690884561 ], [ 29.684047871820948, 60.787431633588582 ], [ 29.682808915283985, 60.78771016415665 ], [ 29.683100394165841, 60.788024605555982 ], [ 29.683188501511289, 60.788203567628685 ], [ 29.683634859694514, 60.788151620616475 ] ] ], [ [ [ 29.679767397640649, 60.788156744076311 ], [ 29.679640287990651, 60.788118475979559 ], [ 29.679346678807665, 60.788181349386761 ], [ 29.67908880614802, 60.788276993233538 ], [ 29.678985269425294, 60.788332534986161 ], [ 29.679767397640649, 60.788156744076311 ] ] ], [ [ [ 29.679911852724182, 60.788769303664239 ], [ 29.680174138135396, 60.788756669673987 ], [ 29.680470178875247, 60.788795889550727 ], [ 29.680669161225143, 60.788890100914621 ], [ 29.680916239357963, 60.789023764503305 ], [ 29.681053452857789, 60.789084558019603 ], [ 29.681255084565809, 60.789153323999095 ], [ 29.681421307610126, 60.789186139376817 ], [ 29.681608045729348, 60.789209896198457 ], [ 29.681776919097732, 60.789217266732813 ], [ 29.681971592484381, 60.789164693015273 ], [ 29.682055966704386, 60.789106197994556 ], [ 29.682103936493714, 60.788982404532554 ], [ 29.681903956675839, 60.788914562971044 ], [ 29.681558388111284, 60.78847924597541 ], [ 29.681917172755728, 60.787910580878368 ], [ 29.680968543529389, 60.788123793722363 ], [ 29.681052297898745, 60.788217231250073 ], [ 29.681311627009766, 60.78848524730553 ], [ 29.680863923617196, 60.788397503461866 ], [ 29.680377029840614, 60.788256758164451 ], [ 29.678306034004741, 60.788722243688703 ], [ 29.678158550660704, 60.78881512853075 ], [ 29.677951627069625, 60.788999949449305 ], [ 29.678025296177342, 60.789147221260627 ], [ 29.678162819071908, 60.789226254183049 ], [ 29.678357129925161, 60.789267049628698 ], [ 29.678617823552074, 60.789292049598572 ], [ 29.678912765800042, 60.789216455749255 ], [ 29.679149249790992, 60.7890756411159 ], [ 29.679409774480494, 60.788954554476732 ], [ 29.67969500872012, 60.788846832570826 ], [ 29.679911852724182, 60.788769303664239 ] ] ], [ [ [ 29.687066496653053, 60.788519909942757 ], [ 29.686683120503755, 60.788262725980928 ], [ 29.686206278239982, 60.787942796808181 ], [ 29.685933388024729, 60.787602175679289 ], [ 29.685896598341262, 60.787610662257578 ], [ 29.68558458485704, 60.787692809951729 ], [ 29.6854367834584, 60.787738535887073 ], [ 29.68532496840978, 60.787777422624252 ], [ 29.685166327853356, 60.78784124524131 ], [ 29.685041642319444, 60.78789987115583 ], [ 29.684927162329458, 60.787962315455687 ], [ 29.684821674096863, 60.788028594372555 ], [ 29.68472606759418, 60.788098336642513 ], [ 29.684641091405918, 60.788171353043289 ], [ 29.684567013014064, 60.788247013058147 ], [ 29.684524056716153, 60.788300314289543 ], [ 29.684688576352485, 60.788436703803988 ], [ 29.684827531473488, 60.788599404254271 ], [ 29.685043961479305, 60.788698237930326 ], [ 29.685240735113887, 60.78871349279153 ], [ 29.685741610776745, 60.788559414083167 ], [ 29.685979865559911, 60.788485958130622 ], [ 29.686270185063297, 60.788440044901009 ], [ 29.686473055048157, 60.788512004542838 ], [ 29.686619723374314, 60.788600456701673 ], [ 29.686533798708396, 60.788882232457411 ], [ 29.686227791033271, 60.789373224974611 ], [ 29.685955307136268, 60.789739125409454 ], [ 29.685768556067032, 60.790573096234979 ], [ 29.685773664164255, 60.790860606225529 ], [ 29.685791830713903, 60.790889501396215 ], [ 29.685834826923333, 60.790957895557575 ], [ 29.685840117888596, 60.7909663125455 ], [ 29.685892476835864, 60.790978267562835 ], [ 29.685914172711414, 60.790983221800744 ], [ 29.686055529862717, 60.79094504331475 ], [ 29.686217645646945, 60.790901258372038 ], [ 29.686499674004672, 60.790766616710236 ], [ 29.686765800863164, 60.790565072514667 ], [ 29.687058414705049, 60.790294809361207 ], [ 29.687333561339695, 60.790146399101843 ], [ 29.687800234609284, 60.789967323814707 ], [ 29.687975645429159, 60.789858840865996 ], [ 29.688106771366382, 60.789732438784938 ], [ 29.688149272003365, 60.789566967021329 ], [ 29.688205481317677, 60.789404268429344 ], [ 29.68819582410466, 60.789329535503597 ], [ 29.688061630302617, 60.78912558455071 ], [ 29.688054162782933, 60.789114235377006 ], [ 29.688050506694118, 60.789111251587642 ], [ 29.687588364152433, 60.788734193444405 ], [ 29.687066496653053, 60.788519909942757 ] ] ] ] } },
{ "type": "Feature", "properties": { }, "geometry": { "type": "MultiPolygon", "coordinates": [ [ [ [ 29.647867331952686, 60.800292840439937 ], [ 29.647868424365207, 60.80029633632784 ], [ 29.647877793750908, 60.800301100873078 ], [ 29.647872296833963, 60.800286062507269 ], [ 29.647867331952686, 60.800292840439937 ] ] ] ] } },
{ "type": "Feature", "properties": { }, "geometry": { "type": "MultiPolygon", "coordinates": [ [ [ [ 29.674296643546146, 60.805276920590501 ], [ 29.673865994545125, 60.805332634111551 ], [ 29.674296645071507, 60.80527696997148 ], [ 29.674296643546146, 60.805276920590501 ] ] ] ] } },
{ "type": "Feature", "properties": { }, "geometry": { "type": "MultiPolygon", "coordinates": [ [ [ [ 29.771612789796311, 60.756644424038811 ], [ 29.771611042355151, 60.756669904010643 ], [ 29.771677955834473, 60.756736361903592 ], [ 29.771746016552523, 60.756796161045862 ], [ 29.771753663119892, 60.756801426072407 ], [ 29.771883000674602, 60.756873897356201 ], [ 29.772400016323349, 60.757070060668319 ], [ 29.772457596355672, 60.757094004108851 ], [ 29.77248861301101, 60.75710078376428 ], [ 29.772647341783031, 60.757172903717169 ], [ 29.772980149738441, 60.757311289465875 ], [ 29.773165802611075, 60.757157616696112 ], [ 29.773446491437763, 60.756789794447826 ], [ 29.773484862452079, 60.756576574258077 ], [ 29.772830755089043, 60.756449072986676 ], [ 29.772605810541684, 60.756466208818765 ], [ 29.771961405540893, 60.756515297549107 ], [ 29.771612789796311, 60.756644424038811 ] ] ] ] } },
{ "type": "Feature", "properties": { }, "geometry": { "type": "MultiPolygon", "coordinates": [ [ [ [ 29.77283327574122, 60.760360212527992 ], [ 29.772775303398735, 60.760349902404883 ], [ 29.772695708831673, 60.760356608040766 ], [ 29.772650711040008, 60.760384672038626 ], [ 29.772398674772898, 60.760533733155135 ], [ 29.772582756236318, 60.760614197691332 ], [ 29.77222374937676, 60.76081741823976 ], [ 29.772140739852134, 60.760861528949839 ], [ 29.772169965916895, 60.760896517539571 ], [ 29.772529793041965, 60.761040413580133 ], [ 29.77257184067728, 60.761232902761336 ], [ 29.773117056327592, 60.761113612950503 ], [ 29.773541335268835, 60.761020780820168 ], [ 29.77356665636248, 60.760914772077527 ], [ 29.773584387088114, 60.760591719590529 ], [ 29.773584582399501, 60.760580874194034 ], [ 29.773578595015696, 60.76057881214517 ], [ 29.773174603810457, 60.76043963236004 ], [ 29.773138232117699, 60.760427102005025 ], [ 29.772912934212144, 60.760376533393497 ], [ 29.77286010385016, 60.760364984190829 ], [ 29.77283327574122, 60.760360212527992 ] ] ] ] } },
{ "type": "Feature", "properties": { }, "geometry": { "type": "MultiPolygon", "coordinates": [ [ [ [ 29.976962327705198, 60.697046589231661 ], [ 29.976762459455315, 60.69677730331761 ], [ 29.976644923553156, 60.696777675607464 ], [ 29.976556044069042, 60.696593259022798 ], [ 29.976232184902155, 60.696366422415153 ], [ 29.975880211131493, 60.696581875646046 ], [ 29.975527798314335, 60.696462327910893 ], [ 29.975402190448929, 60.696526189491308 ], [ 29.975527443603955, 60.696580996806219 ], [ 29.976744975122301, 60.696957177494689 ], [ 29.976769151829245, 60.697010905688259 ], [ 29.976405299757083, 60.697440923738554 ], [ 29.97628115639419, 60.697459318641457 ], [ 29.976057343115784, 60.697684295024963 ], [ 29.975870174316771, 60.698148440547584 ], [ 29.975598202736052, 60.698322097477813 ], [ 29.975981428752224, 60.698377769543029 ], [ 29.976962327705198, 60.697046589231661 ] ] ] ] } },
{ "type": "Feature", "properties": { }, "geometry": { "type": "MultiPolygon", "coordinates": [ [ [ [ 29.75832911291571, 60.70138469260646 ], [ 29.758145690652412, 60.70129959062745 ], [ 29.757779983373421, 60.701384299236537 ], [ 29.7576919078206, 60.701486745083443 ], [ 29.757779249223859, 60.701551231909612 ], [ 29.758118362987947, 60.701542594623966 ], [ 29.758265504673112, 60.701470297276778 ], [ 29.75832911291571, 60.70138469260646 ] ] ] ] } },
{ "type": "Feature", "properties": { }, "geometry": { "type": "MultiPolygon", "coordinates": [ [ [ [ 29.698659929298607, 60.703615741283876 ], [ 29.697890809765163, 60.703208299294133 ], [ 29.697584190424507, 60.703319243511828 ], [ 29.696684261451178, 60.703509050148938 ], [ 29.695694715922905, 60.703585061409534 ], [ 29.695688564054365, 60.703585535192644 ], [ 29.695712366592311, 60.703600664041424 ], [ 29.695763189880125, 60.703632968983136 ], [ 29.695768074020762, 60.70363297161488 ], [ 29.695843639908986, 60.703684105012378 ], [ 29.696137797078766, 60.703804892468355 ], [ 29.696148420135899, 60.704053375859722 ], [ 29.696172861444246, 60.704114838537912 ], [ 29.698659929298607, 60.703615741283876 ] ] ] ] } },
{ "type": "Feature", "properties": { }, "geometry": { "type": "MultiPolygon", "coordinates": [ [ [ [ 29.992284412861306, 60.675389946016132 ], [ 29.992275980263351, 60.675443134059527 ], [ 29.992276341980055, 60.675443152802053 ], [ 29.992284412861306, 60.675389946016132 ] ] ] ] } },
{ "type": "Feature", "properties": { }, "geometry": { "type": "MultiPolygon", "coordinates": [ [ [ [ 30.001939209792301, 60.681522245473765 ], [ 30.00153330376391, 60.681636042331412 ], [ 30.000592404504374, 60.68191094134032 ], [ 30.000592438236371, 60.68191097658336 ], [ 30.001939209792301, 60.681522245473765 ] ] ] ] } },
{ "type": "Feature", "properties": { }, "geometry": { "type": "MultiPolygon", "coordinates": [ [ [ [ 29.997139576027202, 60.682434840903923 ], [ 29.996991726905755, 60.682446786234038 ], [ 29.996820000655081, 60.682460661807525 ], [ 29.996816225967148, 60.682462257691419 ], [ 29.997139576027202, 60.682434840903923 ] ] ] ] } },
{ "type": "Feature", "properties": { }, "geometry": { "type": "MultiPolygon", "coordinates": [ [ [ [ 30.004884347879216, 60.680134749874711 ], [ 30.004858209203487, 60.680125953472078 ], [ 30.004857684847323, 60.680126236983313 ], [ 30.004880070557153, 60.680135830750871 ], [ 30.004884347879216, 60.680134749874711 ] ] ] ] } },
{ "type": "Feature", "properties": { }, "geometry": { "type": "MultiPolygon", "coordinates": [ [ [ [ 29.9861746209064, 60.693367282703306 ], [ 29.985970506744227, 60.69363318035613 ], [ 29.985783392987369, 60.693970479024586 ], [ 29.985988458593404, 60.693614461348751 ], [ 29.9861746209064, 60.693367282703306 ] ] ] ] } },
{ "type": "Feature", "properties": { }, "geometry": { "type": "MultiPolygon", "coordinates": [ [ [ [ 29.985737135137448, 60.694050786994211 ], [ 29.985670764990143, 60.69413633558257 ], [ 29.985686518173058, 60.694138660503114 ], [ 29.985737135137448, 60.694050786994211 ] ] ] ] } },
{ "type": "Feature", "properties": { }, "geometry": { "type": "MultiPolygon", "coordinates": [ [ [ [ 29.985066523443042, 60.694048065214417 ], [ 29.985062987098367, 60.69404755597153 ], [ 29.984993966598278, 60.694138042150954 ], [ 29.985066523443042, 60.694048065214417 ] ] ] ] } },
{ "type": "Feature", "properties": { }, "geometry": { "type": "MultiPolygon", "coordinates": [ [ [ [ 29.984993966598278, 60.694138042150954 ], [ 29.985027116427045, 60.694189521217638 ], [ 29.985054869730181, 60.694213361339315 ], [ 29.984993966598278, 60.694138042150954 ] ] ] ] } },
{ "type": "Feature", "properties": { }, "geometry": { "type": "MultiPolygon", "coordinates": [ [ [ [ 29.985299230819098, 60.695692729634118 ], [ 29.985267215584624, 60.695695837043843 ], [ 29.985298495698498, 60.695702221266146 ], [ 29.985299230819098, 60.695692729634118 ] ] ] ] } },
{ "type": "Feature", "properties": { }, "geometry": { "type": "MultiPolygon", "coordinates": [ [ [ [ 29.978204765591485, 60.695330141833843 ], [ 29.979580571073196, 60.695759068505666 ], [ 29.97872533358154, 60.695489508584807 ], [ 29.978204765591485, 60.695330141833843 ] ] ] ] } },
{ "type": "Feature", "properties": { }, "geometry": { "type": "MultiPolygon", "coordinates": [ [ [ [ 29.811039519369054, 60.705258746766226 ], [ 29.811011349818294, 60.705196031760281 ], [ 29.811034891733105, 60.70525946147545 ], [ 29.811039519369054, 60.705258746766226 ] ] ] ] } },
{ "type": "Feature", "properties": { }, "geometry": { "type": "MultiPolygon", "coordinates": [ [ [ [ 29.804021150900869, 60.706796482732599 ], [ 29.803695491741077, 60.706913600148582 ], [ 29.803958552999848, 60.706829684003608 ], [ 29.804021150900869, 60.706796482732599 ] ] ] ] } },
{ "type": "Feature", "properties": { }, "geometry": { "type": "MultiPolygon", "coordinates": [ [ [ [ 29.700081163867239, 60.816546325198267 ], [ 29.699982328509108, 60.816534212830639 ], [ 29.700067287665433, 60.816552091291193 ], [ 29.700081163867239, 60.816546325198267 ] ] ] ] } },
{ "type": "Feature", "properties": { }, "geometry": { "type": "MultiPolygon", "coordinates": [ [ [ [ 29.701372297705937, 60.806320742171835 ], [ 29.701235628853592, 60.806307155886401 ], [ 29.700984063167866, 60.806365480309189 ], [ 29.701145130989669, 60.806330160914683 ], [ 29.701372297705937, 60.806320742171835 ] ] ] ] } },
{ "type": "Feature", "properties": { }, "geometry": { "type": "MultiPolygon", "coordinates": [ [ [ [ 29.701772772307276, 60.806360552711531 ], [ 29.70187440200819, 60.806386038474209 ], [ 29.701811545851282, 60.806364407320721 ], [ 29.701772772307276, 60.806360552711531 ] ] ] ] } },
{ "type": "Feature", "properties": { }, "geometry": { "type": "MultiPolygon", "coordinates": [ [ [ [ 29.7020117186477, 60.806420473428098 ], [ 29.702012051407777, 60.806420557391206 ], [ 29.702017143296256, 60.806433745988734 ], [ 29.702153551366056, 60.806436973819011 ], [ 29.702011607192535, 60.806420174489872 ], [ 29.7020117186477, 60.806420473428098 ] ] ] ] } },
{ "type": "Feature", "properties": { }, "geometry": { "type": "MultiPolygon", "coordinates": [ [ [ [ 29.700791323751066, 60.806410166323545 ], [ 29.700705808823287, 60.806429992540636 ], [ 29.700144424222199, 60.806733153366935 ], [ 29.700569856205444, 60.806515711820737 ], [ 29.700791323751066, 60.806410166323545 ] ] ] ] } },
{ "type": "Feature", "properties": { }, "geometry": { "type": "MultiPolygon", "coordinates": [ [ [ [ 29.699866353210734, 60.807857598290767 ], [ 29.699633397910279, 60.807648416482728 ], [ 29.699614256848768, 60.807431447122148 ], [ 29.699633617406064, 60.807679530095257 ], [ 29.699868606655784, 60.807861489666877 ], [ 29.699866353210734, 60.807857598290767 ] ] ] ] } },
{ "type": "Feature", "properties": { }, "geometry": { "type": "MultiPolygon", "coordinates": [ [ [ [ 29.699505398764224, 60.811145392208111 ], [ 29.699513354857164, 60.81117826867424 ], [ 29.699513771932924, 60.811178123651068 ], [ 29.699505398764224, 60.811145392208111 ] ] ] ] } },
{ "type": "Feature", "properties": { }, "geometry": { "type": "MultiPolygon", "coordinates": [ [ [ [ 29.699458171008864, 60.811197479894417 ], [ 29.699391215785898, 60.811220365537267 ], [ 29.699249761367184, 60.811270034525677 ], [ 29.699391987213062, 60.811220519831551 ], [ 29.699458171008864, 60.811197479894417 ] ] ] ] } },
{ "type": "Feature", "properties": { }, "geometry": { "type": "MultiPolygon", "coordinates": [ [ [ [ 29.698925520712208, 60.811423548641741 ], [ 29.698781631676777, 60.811501128548329 ], [ 29.698566177414406, 60.811680761869532 ], [ 29.698569795860013, 60.811711286833187 ], [ 29.698566425768721, 60.811680985074801 ], [ 29.698782342508633, 60.811501041823384 ], [ 29.698925520712208, 60.811423548641741 ] ] ] ] } },
{ "type": "Feature", "properties": { }, "geometry": { "type": "MultiPolygon", "coordinates": [ [ [ [ 29.699575796216113, 60.812407829029333 ], [ 29.699623072176966, 60.812556900814137 ], [ 29.699609946644834, 60.81268216599932 ], [ 29.699609367580774, 60.812698842783256 ], [ 29.699624039922952, 60.812557209700309 ], [ 29.699576152847758, 60.812408013747735 ], [ 29.699575796216113, 60.812407829029333 ] ] ] ] } },
{ "type": "Feature", "properties": { }, "geometry": { "type": "MultiPolygon", "coordinates": [ [ [ [ 29.748835119858413, 60.723795781704496 ], [ 29.747328533855843, 60.72400183395937 ], [ 29.746086554941275, 60.724173754447214 ], [ 29.748835119858413, 60.723795781704496 ] ] ] ] } },
{ "type": "Feature", "properties": { }, "geometry": { "type": "MultiPolygon", "coordinates": [ [ [ [ 29.746086554941275, 60.724173754447214 ], [ 29.745386411832961, 60.724232075666968 ], [ 29.745236443516688, 60.7242483330404 ], [ 29.745065839389724, 60.724266826326286 ], [ 29.746086554941275, 60.724173754447214 ] ] ] ] } },
{ "type": "Feature", "properties": { }, "geometry": { "type": "MultiPolygon", "coordinates": [ [ [ [ 29.767818295453282, 60.715351007140931 ], [ 29.767809359951542, 60.715611641129264 ], [ 29.767838406039395, 60.715345160043555 ], [ 29.767818295453282, 60.715351007140931 ] ] ] ] } },
{ "type": "Feature", "properties": { }, "geometry": { "type": "MultiPolygon", "coordinates": [ [ [ [ 29.708976924873642, 60.700165991770199 ], [ 29.708975338498867, 60.700164862283273 ], [ 29.708957345737012, 60.7001678444296 ], [ 29.708976924873642, 60.700165991770199 ] ] ] ] } },
{ "type": "Feature", "properties": { }, "geometry": { "type": "MultiPolygon", "coordinates": [ [ [ [ 29.68459877858362, 60.701079758024058 ], [ 29.68459877298395, 60.701075325702746 ], [ 29.684579779714639, 60.701109101025978 ], [ 29.68459877858362, 60.701079758024058 ] ] ] ] } },
{ "type": "Feature", "properties": { }, "geometry": { "type": "MultiPolygon", "coordinates": [ [ [ [ 29.774306498896287, 60.712685943063939 ], [ 29.77424415642205, 60.71273339435632 ], [ 29.774263735226196, 60.712740163226499 ], [ 29.774306498896287, 60.712685943063939 ] ] ] ] } },
{ "type": "Feature", "properties": { }, "geometry": { "type": "MultiPolygon", "coordinates": [ [ [ [ 29.777246655865305, 60.713100122202391 ], [ 29.777437150759543, 60.713122019969219 ], [ 29.778470629481934, 60.713218229260505 ], [ 29.777246655865305, 60.713100122202391 ] ] ] ] } },
{ "type": "Feature", "properties": { }, "geometry": { "type": "MultiPolygon", "coordinates": [ [ [ [ 29.786043091655973, 60.744639959815423 ], [ 29.786400052835546, 60.745115732344047 ], [ 29.787068980297366, 60.74553847158807 ], [ 29.787965940010448, 60.74583285931223 ], [ 29.786043091655973, 60.744639959815423 ] ] ] ] } },
{ "type": "Feature", "properties": { }, "geometry": { "type": "MultiPolygon", "coordinates": [ [ [ [ 29.784824468384528, 60.734040337364561 ], [ 29.784755903553648, 60.734137110784573 ], [ 29.784764103404882, 60.734138107428947 ], [ 29.784824468384528, 60.734040337364561 ] ] ] ] } },
{ "type": "Feature", "properties": { }, "geometry": { "type": "MultiPolygon", "coordinates": [ [ [ [ 29.792603217837812, 60.732426021873479 ], [ 29.792632661529254, 60.732393821207509 ], [ 29.792987679449642, 60.732005552965134 ], [ 29.793025548349323, 60.731963726771006 ], [ 29.792536810911933, 60.73249095174215 ], [ 29.792603217837812, 60.732426021873479 ] ] ] ] } },
{ "type": "Feature", "properties": { }, "geometry": { "type": "MultiPolygon", "coordinates": [ [ [ [ 29.792460467018895, 60.732582140107425 ], [ 29.792453591528812, 60.732580724626231 ], [ 29.792447950913346, 60.732579563762535 ], [ 29.792217597591357, 60.732847746257463 ], [ 29.792460467018895, 60.732582140107425 ] ] ] ] } },
{ "type": "Feature", "properties": { }, "geometry": { "type": "MultiPolygon", "coordinates": [ [ [ [ 29.792272032415539, 60.733842660781256 ], [ 29.792249930358487, 60.733841313888178 ], [ 29.792250869011717, 60.733841569809385 ], [ 29.792272032415539, 60.733842660781256 ] ] ] ] } },
{ "type": "Feature", "properties": { }, "geometry": { "type": "MultiPolygon", "coordinates": [ [ [ [ 29.796803573794236, 60.711246034809662 ], [ 29.796833205574064, 60.71125157202254 ], [ 29.797614095188191, 60.711397476543247 ], [ 29.796804485095432, 60.711245503215572 ], [ 29.796803573794236, 60.711246034809662 ] ] ] ] } },
{ "type": "Feature", "properties": { }, "geometry": { "type": "MultiPolygon", "coordinates": [ [ [ [ 29.810882280707411, 60.716348472565279 ], [ 29.810688702207926, 60.716360395705031 ], [ 29.810612241489302, 60.716365105099186 ], [ 29.81059020701737, 60.716366462582705 ], [ 29.810150863253085, 60.716396635060867 ], [ 29.810882280707411, 60.716348472565279 ] ] ] ] } },
{ "type": "Feature", "properties": { }, "geometry": { "type": "MultiPolygon", "coordinates": [ [ [ [ 29.80604716399813, 60.718041814012864 ], [ 29.806031344206982, 60.71804508973139 ], [ 29.805982031998983, 60.71806049555817 ], [ 29.806009024331146, 60.718054130653705 ], [ 29.80604716399813, 60.718041814012864 ] ] ] ] } },
{ "type": "Feature", "properties": { }, "geometry": { "type": "MultiPolygon", "coordinates": [ [ [ [ 29.808745077703289, 60.722330548833199 ], [ 29.808346363903254, 60.722776609552938 ], [ 29.808116191699089, 60.723034648943276 ], [ 29.808745077703289, 60.722330548833199 ] ] ] ] } },
{ "type": "Feature", "properties": { }, "geometry": { "type": "MultiPolygon", "coordinates": [ [ [ [ 29.835875538504315, 60.717017537853096 ], [ 29.835833912408102, 60.717113320999097 ], [ 29.835818487747435, 60.717189195134615 ], [ 29.835875538504315, 60.717017537853096 ] ] ] ] } },
{ "type": "Feature", "properties": { }, "geometry": { "type": "MultiPolygon", "coordinates": [ [ [ [ 29.817460882339134, 60.716362884393199 ], [ 29.816919038358961, 60.716556763494971 ], [ 29.817439348875695, 60.716371418641124 ], [ 29.817460882339134, 60.716362884393199 ] ] ] ] } },
{ "type": "Feature", "properties": { }, "geometry": { "type": "MultiPolygon", "coordinates": [ [ [ [ 29.816668523397105, 60.721746601443805 ], [ 29.816647429483062, 60.721760217681997 ], [ 29.816642886208147, 60.72175233810988 ], [ 29.816642997977262, 60.721763258751345 ], [ 29.816575002609564, 60.721809919761519 ], [ 29.816567485554643, 60.721815078109465 ], [ 29.816589844841999, 60.721824880907519 ], [ 29.816668927671373, 60.721760817610473 ], [ 29.816668523397105, 60.721746601443805 ] ] ] ] } },
{ "type": "Feature", "properties": { }, "geometry": { "type": "MultiPolygon", "coordinates": [ [ [ [ 29.813966142505222, 60.728078113724102 ], [ 29.813982995454676, 60.72811190517011 ], [ 29.813995566520571, 60.728127553713755 ], [ 29.814036216819471, 60.728164276263684 ], [ 29.813966142505222, 60.728078113724102 ] ] ] ] } },
{ "type": "Feature", "properties": { }, "geometry": { "type": "MultiPolygon", "coordinates": [ [ [ [ 29.841553104752755, 60.707775062117882 ], [ 29.841985325684124, 60.708006328399641 ], [ 29.841944222702196, 60.707982528320031 ], [ 29.841704130369202, 60.707849574234004 ], [ 29.841553104752755, 60.707775062117882 ] ] ] ] } },
{ "type": "Feature", "properties": { }, "geometry": { "type": "MultiPolygon", "coordinates": [ [ [ [ 29.837970774396716, 60.708235352929549 ], [ 29.837933110503453, 60.708220488304477 ], [ 29.837932159084499, 60.708220883412459 ], [ 29.837962939216453, 60.708239097145025 ], [ 29.837970774396716, 60.708235352929549 ] ] ] ] } },
{ "type": "Feature", "properties": { }, "geometry": { "type": "MultiPolygon", "coordinates": [ [ [ [ 29.842107779447549, 60.708117281638501 ], [ 29.842240307920175, 60.708278305452126 ], [ 29.842229311364495, 60.708258818455299 ], [ 29.842195041627935, 60.70821075098916 ], [ 29.842107779447549, 60.708117281638501 ] ] ] ] } },
{ "type": "Feature", "properties": { }, "geometry": { "type": "MultiPolygon", "coordinates": [ [ [ [ 29.842469717708035, 60.708770945821719 ], [ 29.842404115546643, 60.708774760391776 ], [ 29.842920494649896, 60.709035429148912 ], [ 29.842522708382685, 60.708797803299916 ], [ 29.842469717708035, 60.708770945821719 ] ] ] ] } },
{ "type": "Feature", "properties": { }, "geometry": { "type": "MultiPolygon", "coordinates": [ [ [ [ 29.836649905353728, 60.715298321074997 ], [ 29.836641552945185, 60.715318503343937 ], [ 29.836641002512366, 60.715324779779678 ], [ 29.836649905353728, 60.715298321074997 ] ] ] ] } },
{ "type": "Feature", "properties": { }, "geometry": { "type": "MultiPolygon", "coordinates": [ [ [ [ 29.836619144796295, 60.71538974104331 ], [ 29.836596963554278, 60.715429167824517 ], [ 29.836605953312706, 60.7154294794557 ], [ 29.836605981915511, 60.715428859392262 ], [ 29.836619144796295, 60.71538974104331 ] ] ] ] } },
{ "type": "Feature", "properties": { }, "geometry": { "type": "MultiPolygon", "coordinates": [ [ [ [ 29.979440203464549, 60.704933905094443 ], [ 29.978944511765864, 60.704290632543568 ], [ 29.977896412625082, 60.704403759243306 ], [ 29.978241925229128, 60.70503102236907 ], [ 29.979440203464549, 60.704933905094443 ] ] ] ] } },
{ "type": "Feature", "properties": { }, "geometry": { "type": "MultiPolygon", "coordinates": [ [ [ [ 29.974770261059604, 60.705895032119649 ], [ 29.974767569648119, 60.705647503206542 ], [ 29.974932049438106, 60.705557149654773 ], [ 29.974286285070654, 60.705602062452535 ], [ 29.974399104816072, 60.70570969074884 ], [ 29.974417633604308, 60.705838559263263 ], [ 29.974384585199964, 60.705920151584372 ], [ 29.974770261059604, 60.705895032119649 ] ] ] ] } },
{ "type": "Feature", "properties": { }, "geometry": { "type": "MultiPolygon", "coordinates": [ [ [ [ 29.979962992826565, 60.706759876249833 ], [ 29.97976103913642, 60.706681683973727 ], [ 29.979142290475806, 60.706748319899113 ], [ 29.978745812176342, 60.706662476811132 ], [ 29.978484833661437, 60.706494645971262 ], [ 29.978166807516384, 60.706213800312469 ], [ 29.977773192839813, 60.705987690310579 ], [ 29.977356618256966, 60.706362920638469 ], [ 29.97609222119684, 60.706086280619736 ], [ 29.975011046595931, 60.706012543927784 ], [ 29.974971717656192, 60.705899482374726 ], [ 29.974770261059604, 60.705895032119649 ], [ 29.974953709813914, 60.706095637250435 ], [ 29.975411945679763, 60.706537523995571 ], [ 29.976575474394526, 60.706451158781768 ], [ 29.976814234461976, 60.706553641457688 ], [ 29.977053889807035, 60.706626497946111 ], [ 29.97764720661382, 60.70660117304422 ], [ 29.977998361718239, 60.706585941146891 ], [ 29.978275185394605, 60.706629432866109 ], [ 29.978826153837858, 60.70680529261449 ], [ 29.979718961012654, 60.707088791447411 ], [ 29.979624539475424, 60.70699215040225 ], [ 29.979608771745461, 60.706909198142682 ], [ 29.979878924980522, 60.706729519757793 ], [ 29.979962992826565, 60.706759876249833 ] ] ] ] } },
{ "type": "Feature", "properties": { }, "geometry": { "type": "MultiPolygon", "coordinates": [ [ [ [ 29.97990438850508, 60.709199042292653 ], [ 29.979500946417847, 60.709132982361275 ], [ 29.979110899372493, 60.709235958802104 ], [ 29.978852594826346, 60.709291951378319 ], [ 29.978711827602627, 60.709164208155578 ], [ 29.978888966323893, 60.708896024687895 ], [ 29.979195417989725, 60.708865291857052 ], [ 29.979498609573511, 60.708872482710461 ], [ 29.978987648073055, 60.708667349226964 ], [ 29.979006174791028, 60.708454132908201 ], [ 29.978895099749757, 60.708127377227363 ], [ 29.978864190964501, 60.707949361251217 ], [ 29.977785865642783, 60.707615591691017 ], [ 29.97715715151217, 60.707611029075622 ], [ 29.976450876570102, 60.707771838298534 ], [ 29.976233505480067, 60.707896738919445 ], [ 29.976290254555966, 60.707954011980839 ], [ 29.976430253686935, 60.708038841143861 ], [ 29.976400494760483, 60.708147410832915 ], [ 29.976109457332747, 60.708141306500913 ], [ 29.975966713667773, 60.70807938919743 ], [ 29.975882036924773, 60.707983966957023 ], [ 29.975790512813031, 60.707911458350488 ], [ 29.975783770370949, 60.707799607715401 ], [ 29.97592777948238, 60.707749764217276 ], [ 29.976011582325842, 60.707761253252599 ], [ 29.975925341790497, 60.707554669655622 ], [ 29.97610214042308, 60.707307046233602 ], [ 29.975998831442688, 60.707195534121936 ], [ 29.975823470427692, 60.707294919883388 ], [ 29.975488455795102, 60.707329395385798 ], [ 29.975287629671396, 60.707236112283084 ], [ 29.975272261500294, 60.707138209498325 ], [ 29.975339187110727, 60.707078821604718 ], [ 29.975385015745243, 60.70697734285207 ], [ 29.975451918124868, 60.706853085189721 ], [ 29.975634182515464, 60.706820483656017 ], [ 29.975723763973757, 60.706833377451204 ], [ 29.975526747364626, 60.706739855905376 ], [ 29.975048047788722, 60.706779909012532 ], [ 29.974892451651357, 60.707213755478158 ], [ 29.974981419736746, 60.707993834309129 ], [ 29.974948036955041, 60.708147673397725 ], [ 29.974866783070009, 60.708224439059265 ], [ 29.974140385309646, 60.708365742586786 ], [ 29.975026995235996, 60.708466727803305 ], [ 29.975675602757619, 60.708613678438027 ], [ 29.976621894738933, 60.708709085291154 ], [ 29.977465346297311, 60.709017820178268 ], [ 29.977793419342088, 60.708966862695938 ], [ 29.97828504176745, 60.709106735312581 ], [ 29.978949531689285, 60.709395627085463 ], [ 29.979144524930785, 60.709480400241311 ], [ 29.97990438850508, 60.709199042292653 ] ] ] ] } },
{ "type": "Feature", "properties": { }, "geometry": { "type": "MultiPolygon", "coordinates": [ [ [ [ 30.038936238373037, 60.712867412820088 ], [ 30.038923956750946, 60.712866749620176 ], [ 30.038881755958549, 60.712695136455068 ], [ 30.039067404618184, 60.712103008897792 ], [ 30.039954033208222, 60.712080261975963 ], [ 30.039970947660393, 60.711893399467421 ], [ 30.040023000203508, 60.711693816139459 ], [ 30.038476341714183, 60.711662789225294 ], [ 30.038263451381251, 60.712905674029663 ], [ 30.03829727415291, 60.712905130442699 ], [ 30.038923409290671, 60.712929674136639 ], [ 30.038936238373037, 60.712867412820088 ] ] ] ] } },
{ "type": "Feature", "properties": { }, "geometry": { "type": "MultiPolygon", "coordinates": [ [ [ [ 29.979042271645731, 60.7126932198384 ], [ 29.978949375986215, 60.712592227590591 ], [ 29.978904939765016, 60.71246152515954 ], [ 29.979321366549541, 60.712405760307242 ], [ 29.979681975978863, 60.712081753158692 ], [ 29.979493465722527, 60.711934269394369 ], [ 29.979600766087707, 60.711866284368966 ], [ 29.979830570271275, 60.711807781882243 ], [ 29.979886291636593, 60.711705042264114 ], [ 29.979871086523776, 60.711627575338241 ], [ 29.979754540593866, 60.71142044572958 ], [ 29.979547719768863, 60.71129861573224 ], [ 29.979533290960745, 60.711195368276513 ], [ 29.97961897367243, 60.711094934366386 ], [ 29.979812101389129, 60.710968166215608 ], [ 29.979663612418349, 60.710919968804689 ], [ 29.97862179923138, 60.710622293532879 ], [ 29.978111618431743, 60.710695638244061 ], [ 29.977930241969986, 60.710694322814845 ], [ 29.977659746511137, 60.710840519514235 ], [ 29.977643536696789, 60.710976708864976 ], [ 29.977626610196648, 60.711136598724984 ], [ 29.977670681734114, 60.711279151940069 ], [ 29.97766620580742, 60.711427279180562 ], [ 29.977273527219548, 60.71161407371536 ], [ 29.977221217637656, 60.711744074478744 ], [ 29.977242177855324, 60.711850902316876 ], [ 29.977467632386968, 60.711994771868838 ], [ 29.977573240496046, 60.712102212960239 ], [ 29.977740742179542, 60.712162691556379 ], [ 29.977847067766398, 60.712246432905964 ], [ 29.977878691430426, 60.712400747592355 ], [ 29.977954760860534, 60.712535188191843 ], [ 29.978048536913153, 60.712553561493785 ], [ 29.978372549103909, 60.712609125618563 ], [ 29.978471396557737, 60.712660543956808 ], [ 29.978956622294238, 60.712740521422958 ], [ 29.979005991178482, 60.712689453917505 ], [ 29.979042271645731, 60.7126932198384 ] ] ] ] } },
{ "type": "Feature", "properties": { }, "geometry": { "type": "MultiPolygon", "coordinates": [ [ [ [ 29.980219576665512, 60.689296779492203 ], [ 29.980245387578261, 60.689305915788218 ], [ 29.9802332045514, 60.689297996571462 ], [ 29.980219576665512, 60.689296779492203 ] ] ] ] } },
{ "type": "Feature", "properties": { }, "geometry": { "type": "MultiPolygon", "coordinates": [ [ [ [ 29.978280740219631, 60.691861577820703 ], [ 29.97762184848396, 60.691887762020222 ], [ 29.976079907312048, 60.691949082345957 ], [ 29.978280740219631, 60.691861577820703 ] ] ] ] } },
{ "type": "Feature", "properties": { }, "geometry": { "type": "MultiPolygon", "coordinates": [ [ [ [ 29.977544379505243, 60.6929259753732 ], [ 29.976150522090784, 60.692989481742117 ], [ 29.976150092052922, 60.692990620284796 ], [ 29.977544379505243, 60.6929259753732 ] ] ] ] } },
{ "type": "Feature", "properties": { }, "geometry": { "type": "MultiPolygon", "coordinates": [ [ [ [ 29.845934713032285, 60.701379191649892 ], [ 29.846742708472046, 60.701021606794171 ], [ 29.846929261505196, 60.700907624491251 ], [ 29.84666874084774, 60.700546237970165 ], [ 29.846567358523696, 60.700538904896135 ], [ 29.846372800440299, 60.700671592169407 ], [ 29.846275167268853, 60.70094153328462 ], [ 29.845943840806541, 60.701196553084181 ], [ 29.845659994753685, 60.701226703835992 ], [ 29.844894373677544, 60.700873837692299 ], [ 29.844827352858641, 60.700843616272635 ], [ 29.844455808699649, 60.700856232373901 ], [ 29.843915013553925, 60.70087459424888 ], [ 29.845070170251013, 60.701416777990154 ], [ 29.845574795073233, 60.701584289120341 ], [ 29.845934713032285, 60.701379191649892 ] ] ] ] } },
{ "type": "Feature", "properties": { }, "geometry": { "type": "MultiPolygon", "coordinates": [ [ [ [ 29.845362414109491, 60.701622038017177 ], [ 29.845010443256569, 60.701501536283793 ], [ 29.844539926019802, 60.701615447956883 ], [ 29.844127024373599, 60.701722531980678 ], [ 29.844123412039053, 60.7017234678489 ], [ 29.844247292588303, 60.70183810112227 ], [ 29.844649865078285, 60.7019540517013 ], [ 29.845362414109491, 60.701622038017177 ] ] ] ] } },
{ "type": "Feature", "properties": { }, "geometry": { "type": "MultiPolygon", "coordinates": [ [ [ [ 29.847445618632847, 60.701829893028744 ], [ 29.846938106982261, 60.701599019419298 ], [ 29.846999478143101, 60.70150814980321 ], [ 29.847018529923677, 60.701336535001793 ], [ 29.846153637142802, 60.701764532851435 ], [ 29.846448549877596, 60.701868242264453 ], [ 29.846651447861056, 60.701965215653502 ], [ 29.846789876987938, 60.701986155618386 ], [ 29.846960916887323, 60.701972991797035 ], [ 29.847117481690134, 60.701948836609731 ], [ 29.847351114979105, 60.701889239087251 ], [ 29.847445618632847, 60.701829893028744 ] ] ] ] } },
{ "type": "Feature", "properties": { }, "geometry": { "type": "MultiPolygon", "coordinates": [ [ [ [ 30.00465659403806, 60.680281137670129 ], [ 30.004902353972675, 60.680248440915172 ], [ 30.005057718046178, 60.680210059211646 ], [ 30.005032525690002, 60.680402294340098 ], [ 30.005040034493202, 60.680404821376349 ], [ 30.005031574353687, 60.680409555156373 ], [ 30.005025075010845, 60.680459148784578 ], [ 30.005803677527041, 60.680802975569613 ], [ 30.005992527356717, 60.680966138849122 ], [ 30.006370952044449, 60.681229979383168 ], [ 30.006668261484421, 60.681442858170591 ], [ 30.006761524538391, 60.6813799470427 ], [ 30.006429733599763, 60.681117490788054 ], [ 30.00583280082396, 60.68065619232911 ], [ 30.005304713618749, 60.680276217873477 ], [ 30.005282949344689, 60.680268894839855 ], [ 30.004884347879216, 60.680134749874711 ], [ 30.004880070557153, 60.680135830750871 ], [ 30.004857684847323, 60.680126236983313 ], [ 30.004858209203487, 60.680125953472078 ], [ 30.004847329751922, 60.680122291130075 ], [ 30.004814236680151, 60.68011363690669 ], [ 30.003729050196103, 60.679829815616777 ], [ 30.003694325363892, 60.679820734025284 ], [ 30.003668586716952, 60.679810611052318 ], [ 30.003167309887278, 60.679613414051389 ], [ 30.002941360928549, 60.679478081693475 ], [ 30.002680837856367, 60.679203781340298 ], [ 30.002594847716491, 60.678875825364038 ], [ 30.002608054232844, 60.678514476330704 ], [ 30.002608090624147, 60.67851349378558 ], [ 30.002626032779997, 60.678022741783245 ], [ 30.002985858404166, 60.677271786696295 ], [ 30.003360690865943, 60.676748237802855 ], [ 30.003363019000982, 60.676736933718665 ], [ 30.003372774780516, 60.676723237157027 ], [ 30.003408435945094, 60.676673175917415 ], [ 30.003443701625965, 60.676625175399835 ], [ 30.003457499949995, 60.676613017061321 ], [ 30.003798436902056, 60.67613679872246 ], [ 30.003809179583826, 60.676048050888227 ], [ 30.003442773744293, 60.675846856379692 ], [ 30.003273929427618, 60.675806152399929 ], [ 30.003135700621105, 60.675772828900811 ], [ 30.001746815215437, 60.675887753925018 ], [ 30.001693353430703, 60.675886813507589 ], [ 30.0016931851873, 60.675886810521149 ], [ 30.001591704868094, 60.675885025613063 ], [ 30.000966204228028, 60.675874020055232 ], [ 30.000797186832074, 60.675871045880371 ], [ 30.000533462859334, 60.675845224713576 ], [ 29.999182526323583, 60.67570789362442 ], [ 29.998701422331361, 60.675740407186893 ], [ 29.998675334352377, 60.675746773533049 ], [ 29.998802547464152, 60.675930405365186 ], [ 29.998946220322892, 60.675905047579072 ], [ 29.999170008899, 60.675889923524785 ], [ 30.000112052927758, 60.675985689358541 ], [ 30.000784069110477, 60.676050419136978 ], [ 30.001491280781845, 60.676062862685811 ], [ 30.002370201965341, 60.676018197029975 ], [ 30.003080213513684, 60.675959445019821 ], [ 30.003217401110096, 60.675992517439617 ], [ 30.003430247330641, 60.676109392312689 ], [ 30.003422381851937, 60.676120379023452 ], [ 30.003384057833014, 60.676173909542676 ], [ 30.003378605924638, 60.676181525199539 ], [ 30.002640614686037, 60.677212311775207 ], [ 30.002263965585858, 60.677996749442798 ], [ 30.002241431866356, 60.678630652679061 ], [ 30.002237777681916, 60.678631821799932 ], [ 30.002232341778655, 60.678780472026659 ], [ 30.002252740454168, 60.678978196579919 ], [ 30.002317890054513, 60.679226675928618 ], [ 30.002395980522405, 60.679360440209628 ], [ 30.003196171447396, 60.679832843131102 ], [ 30.003344183911459, 60.679920222245094 ], [ 30.003371856419761, 60.679923966695426 ], [ 30.00374466217162, 60.680037312615774 ], [ 30.004432999313483, 60.680217340636844 ], [ 30.004601890598842, 60.680265529511054 ], [ 30.00465659403806, 60.680281137670129 ] ] ] ] } },
{ "type": "Feature", "properties": { }, "geometry": { "type": "MultiPolygon", "coordinates": [ [ [ [ 29.907766913293326, 60.67373524806959 ], [ 29.907447733926297, 60.673600497276816 ], [ 29.907079164767698, 60.673772625624224 ], [ 29.905802807598036, 60.674266096417369 ], [ 29.905286547931478, 60.674476070041763 ], [ 29.905239540361936, 60.674524867116254 ], [ 29.905491190892235, 60.67461764873805 ], [ 29.905519383940646, 60.674626910468653 ], [ 29.905588366404569, 60.67457752939189 ], [ 29.905697186142451, 60.674535459031439 ], [ 29.905697241747593, 60.674535436936523 ], [ 29.907766913293326, 60.67373524806959 ] ] ] ] } },
{ "type": "Feature", "properties": { }, "geometry": { "type": "MultiPolygon", "coordinates": [ [ [ [ 29.790702408251637, 60.715566532913961 ], [ 29.79066197803915, 60.715468349688244 ], [ 29.790718904673145, 60.715362929479916 ], [ 29.790748359447765, 60.715257271737151 ], [ 29.79098141450212, 60.715042974410458 ], [ 29.791146262742011, 60.714789491842751 ], [ 29.791406331457459, 60.714384344068101 ], [ 29.791601394702337, 60.714054732299743 ], [ 29.791719199569737, 60.713784686217458 ], [ 29.79191249485725, 60.713478493037996 ], [ 29.791912271877955, 60.713382900587689 ], [ 29.791815807944772, 60.713289169296985 ], [ 29.791818303600884, 60.713255868004971 ], [ 29.792050408080453, 60.712696979792348 ], [ 29.792169649417652, 60.712333847096303 ], [ 29.792589698309609, 60.712012233320017 ], [ 29.792587193803499, 60.712011420219824 ], [ 29.792605052765307, 60.712000476968811 ], [ 29.792606370779964, 60.711999467731182 ], [ 29.792606853741152, 60.711999373349407 ], [ 29.793338289677799, 60.711551171408985 ], [ 29.793503087423353, 60.711400008744228 ], [ 29.793503234915242, 60.711364356097882 ], [ 29.793504515839302, 60.711054459074617 ], [ 29.793509638758721, 60.710708043615192 ], [ 29.793511192967561, 60.710621826377078 ], [ 29.793449982306708, 60.710584113803577 ], [ 29.79333438483042, 60.71053868677911 ], [ 29.793189577358934, 60.710439602481081 ], [ 29.793178024595942, 60.710353336727422 ], [ 29.793131202150004, 60.710025322662325 ], [ 29.793214334319487, 60.70985281033628 ], [ 29.793297519385749, 60.709755245087834 ], [ 29.793346002742684, 60.709705848833984 ], [ 29.793412356504007, 60.709715136746787 ], [ 29.793480214689648, 60.709742909562372 ], [ 29.793566264890806, 60.709791941047214 ], [ 29.793647960400151, 60.709815264577095 ], [ 29.793748785370965, 60.709787226745433 ], [ 29.793802349493927, 60.709761012282172 ], [ 29.793847038195256, 60.709697502133935 ], [ 29.793850788228088, 60.709624935847202 ], [ 29.793752269923505, 60.709563051568395 ], [ 29.793702417583386, 60.709523128734411 ], [ 29.793731900137214, 60.7094450778443 ], [ 29.793813696032039, 60.70940640104012 ], [ 29.793947093913868, 60.709391502483939 ], [ 29.794018866575229, 60.709376124310332 ], [ 29.794071220915406, 60.709341189439094 ], [ 29.794089122993419, 60.709312845300872 ], [ 29.794060879050164, 60.70923666869097 ], [ 29.793993641488214, 60.709115455251407 ], [ 29.793987844395353, 60.708970897469861 ], [ 29.794044739917176, 60.708991658818135 ], [ 29.793899702973142, 60.70890460061333 ], [ 29.793881526069551, 60.708893690093895 ], [ 29.793865506563133, 60.708911634217905 ], [ 29.793887535041375, 60.708978694555874 ], [ 29.793944253723527, 60.709044056163791 ], [ 29.79394488691219, 60.709139873064075 ], [ 29.793881006736378, 60.709229404110751 ], [ 29.793874111392526, 60.709239068832851 ], [ 29.793801763119991, 60.709325275096155 ], [ 29.793577673393315, 60.709440112793935 ], [ 29.793167842225895, 60.709735988711834 ], [ 29.793161415681212, 60.709746055065885 ], [ 29.793029711684824, 60.709952368483229 ], [ 29.792964990480431, 60.710166390326876 ], [ 29.792976452485178, 60.710414003280015 ], [ 29.79301928970094, 60.710524847135218 ], [ 29.793026763723603, 60.710544185044881 ], [ 29.79306288452802, 60.710594848398522 ], [ 29.793119838522948, 60.710674734048517 ], [ 29.793149315159045, 60.710733627139099 ], [ 29.793170460184154, 60.710775875778964 ], [ 29.793182549568449, 60.710800029543229 ], [ 29.793173200956783, 60.710838488440629 ], [ 29.793163424005982, 60.7108787118405 ], [ 29.792959667936557, 60.711334056897257 ], [ 29.792928385803393, 60.711372552694726 ], [ 29.792921242909522, 60.711381342800102 ], [ 29.792821143136926, 60.711504524550676 ], [ 29.792796206017176, 60.711536860281434 ], [ 29.792748505716506, 60.711598711417146 ], [ 29.792664613392962, 60.711665853590738 ], [ 29.792458963980842, 60.71178531968102 ], [ 29.792073797596466, 60.712009068955602 ], [ 29.791996481841711, 60.712063294154305 ], [ 29.791912905841947, 60.71217628876267 ], [ 29.791850247481069, 60.712261003318297 ], [ 29.791758825533645, 60.712384606644818 ], [ 29.791698217402203, 60.712483886652791 ], [ 29.791586987315796, 60.712574746085437 ], [ 29.791549711443128, 60.712757662436289 ], [ 29.791520189050921, 60.712902525363681 ], [ 29.791492558850614, 60.712991112942611 ], [ 29.791419528104914, 60.713039386314215 ], [ 29.791259391396899, 60.713130819004078 ], [ 29.791123940179435, 60.713215480112225 ], [ 29.790950251383308, 60.713343724625268 ], [ 29.790938370492057, 60.713359983660681 ], [ 29.790903887132142, 60.713407174559258 ], [ 29.790900971586311, 60.7134111641479 ], [ 29.790911908691882, 60.713438247668186 ], [ 29.790915936965135, 60.713448221138826 ], [ 29.791111758096921, 60.71355371053307 ], [ 29.791225171841649, 60.713628546257162 ], [ 29.791181890695846, 60.71386870116897 ], [ 29.791046460016855, 60.714009253676963 ], [ 29.790967022170591, 60.714053206187849 ], [ 29.790851090021025, 60.714117349677011 ], [ 29.790449417530343, 60.714297514989212 ], [ 29.790358782482642, 60.714319935555473 ], [ 29.790266901234894, 60.714342665798078 ], [ 29.789997238113649, 60.714409374604855 ], [ 29.789849299309228, 60.714455000746867 ], [ 29.789717086932981, 60.714495776992109 ], [ 29.789604638725947, 60.714563668279908 ], [ 29.789543775960592, 60.714585971772294 ], [ 29.789484910336299, 60.714607543063934 ], [ 29.789388342952616, 60.714623219380655 ], [ 29.78929230081091, 60.714638811228291 ], [ 29.788992932832834, 60.714693107867298 ], [ 29.788881364496181, 60.714745399249772 ], [ 29.788829432916586, 60.714769739982643 ], [ 29.788760860347477, 60.714801879154244 ], [ 29.788728655986084, 60.714847510621063 ], [ 29.788708296156209, 60.714960113038934 ], [ 29.788698565876238, 60.715003942945941 ], [ 29.7886592089217, 60.715021915923337 ], [ 29.788215970349295, 60.715224321444715 ], [ 29.788071089850057, 60.715299128634001 ], [ 29.788035376016829, 60.71531756824244 ], [ 29.787976962875881, 60.715387915626359 ], [ 29.787962967714517, 60.715404769920738 ], [ 29.787921767496734, 60.715493739096765 ], [ 29.787918777001021, 60.715500198966502 ], [ 29.787916116558044, 60.715567388274422 ], [ 29.788812005406857, 60.715541850638935 ], [ 29.789170864344822, 60.716124801870038 ], [ 29.789522494165016, 60.716128070311619 ], [ 29.789771345578224, 60.716157691059912 ], [ 29.790298420531578, 60.716240378069244 ], [ 29.790390970643859, 60.716246058847453 ], [ 29.790429251786342, 60.716181693743351 ], [ 29.790531462945719, 60.716122425850664 ], [ 29.790589626663888, 60.716051815114902 ], [ 29.79061943765651, 60.715985874887913 ], [ 29.790616876536212, 60.715901481766544 ], [ 29.790734890894619, 60.715859868344047 ], [ 29.790840808860757, 60.715793018251226 ], [ 29.790827849651549, 60.715695071757423 ], [ 29.790702408251637, 60.715566532913961 ] ] ] ] } },
{ "type": "Feature", "properties": { }, "geometry": { "type": "MultiPolygon", "coordinates": [ [ [ [ 29.680899244266648, 60.786529578022638 ], [ 29.68090279881023, 60.786462377991917 ], [ 29.680725455771707, 60.786462249477523 ], [ 29.68005822631044, 60.786819848408037 ], [ 29.679314629596426, 60.787191446928119 ], [ 29.678916837838589, 60.787377129916344 ], [ 29.678669781738506, 60.787486994278254 ], [ 29.678831325727668, 60.787490998701138 ], [ 29.67936691594997, 60.787485142257232 ], [ 29.679826399589704, 60.787458265946924 ], [ 29.680160375097298, 60.787383634689199 ], [ 29.680298554488662, 60.787206893577107 ], [ 29.680356015101644, 60.787133396220291 ], [ 29.680337476191063, 60.786935244981741 ], [ 29.680342903249052, 60.786925469587771 ], [ 29.680417776481523, 60.7867905597654 ], [ 29.680663893726731, 60.786665618499143 ], [ 29.680693274069405, 60.786650702278529 ], [ 29.680899244266648, 60.786529578022638 ] ] ] ] } },
{ "type": "Feature", "properties": { }, "geometry": { "type": "MultiPolygon", "coordinates": [ [ [ [ 29.675586840387762, 60.78864219984343 ], [ 29.675603691210984, 60.788619377426393 ], [ 29.675226671853618, 60.78873251205794 ], [ 29.674827724797701, 60.788846728071043 ], [ 29.674423853647912, 60.788956786134598 ], [ 29.67401551976522, 60.789062769575473 ], [ 29.674011386270866, 60.789063783141692 ], [ 29.67402065399342, 60.789090278675864 ], [ 29.674037113894617, 60.789178962881763 ], [ 29.674043515953645, 60.789213284143891 ], [ 29.674113504224113, 60.789358850147309 ], [ 29.674318588526567, 60.789318000997277 ], [ 29.675153700860186, 60.789141887537816 ], [ 29.675536298758004, 60.78905627630003 ], [ 29.675482825948929, 60.788822104071215 ], [ 29.675503905041658, 60.788777210070826 ], [ 29.675533155020027, 60.788714941207708 ], [ 29.675586840387762, 60.78864219984343 ] ] ] ] } },
{ "type": "Feature", "properties": { }, "geometry": { "type": "MultiPolygon", "coordinates": [ [ [ [ 29.675612090602833, 60.789397667351317 ], [ 29.675607473032677, 60.789376202015127 ], [ 29.675407743372528, 60.789420552444376 ], [ 29.674977270997001, 60.789511329175305 ], [ 29.67524653857749, 60.789470050588719 ], [ 29.675292111570457, 60.789463065773667 ], [ 29.675552395083656, 60.789409869450878 ], [ 29.675612090602833, 60.789397667351317 ] ] ] ] } },
{ "type": "Feature", "properties": { }, "geometry": { "type": "MultiPolygon", "coordinates": [ [ [ [ 29.702435931623576, 60.814695664841238 ], [ 29.702525734439288, 60.814733078752312 ], [ 29.70282864752231, 60.81474073987232 ], [ 29.703343278217918, 60.814585606870885 ], [ 29.703695634695713, 60.814426058127808 ], [ 29.704042379061288, 60.814204437233045 ], [ 29.704392985041444, 60.81394857100068 ], [ 29.7045305015148, 60.813848212509583 ], [ 29.705011815943209, 60.81383914585637 ], [ 29.705578633766521, 60.813894315711131 ], [ 29.706287484240587, 60.813784303155366 ], [ 29.707236242265328, 60.813735532796784 ], [ 29.707637402057109, 60.81388513424335 ], [ 29.707838609655422, 60.813906347644327 ], [ 29.707959118774646, 60.813736317398707 ], [ 29.707806138348879, 60.813725695464491 ], [ 29.707413511866687, 60.813575351374269 ], [ 29.707276387294382, 60.813552694657524 ], [ 29.707202355128651, 60.813540462498999 ], [ 29.707080956418018, 60.813539721532948 ], [ 29.706885709835259, 60.813538528667785 ], [ 29.706576304736679, 60.813560616955272 ], [ 29.706192245071009, 60.813610956215236 ], [ 29.705525444065177, 60.813680629471357 ], [ 29.705211731757949, 60.813655766330434 ], [ 29.704430598768091, 60.813670481019486 ], [ 29.704314300965432, 60.813683304083334 ], [ 29.703946287903207, 60.813723876645888 ], [ 29.703746172009932, 60.81377292098459 ], [ 29.703543821912312, 60.813826932966478 ], [ 29.703402321403981, 60.813892490226756 ], [ 29.703271728803792, 60.813940181114297 ], [ 29.703150151328956, 60.814018896455053 ], [ 29.703030318767951, 60.814052715395192 ], [ 29.702841694606779, 60.814068929807085 ], [ 29.700636079425657, 60.814089352316536 ], [ 29.700318244304913, 60.81406543749582 ], [ 29.700213932163276, 60.814015562139524 ], [ 29.700173546282887, 60.813898414756331 ], [ 29.700192731548576, 60.813720939741643 ], [ 29.700343806023849, 60.813619547018668 ], [ 29.699863563651842, 60.813608055600547 ], [ 29.699602267043023, 60.813679130377693 ], [ 29.699412922175604, 60.813821730387325 ], [ 29.699388917530257, 60.81405365709545 ], [ 29.699627473746958, 60.814509064750716 ], [ 29.699620101134276, 60.814733649910991 ], [ 29.699365111853446, 60.814820380902312 ], [ 29.699033450845437, 60.814804466305674 ], [ 29.698723136577382, 60.814812326937968 ], [ 29.69875702293454, 60.814944922378302 ], [ 29.699119776648146, 60.81512049022767 ], [ 29.699404290215075, 60.815284205994388 ], [ 29.699414032843791, 60.815333530912312 ], [ 29.699561395958746, 60.815026350840917 ], [ 29.700054281287265, 60.814868849573493 ], [ 29.700447744882556, 60.814991376058465 ], [ 29.701564938615849, 60.814710004361999 ], [ 29.701975233874979, 60.81440044452193 ], [ 29.702288645835374, 60.814306103156163 ], [ 29.702499293989273, 60.814578208248463 ], [ 29.702435931623576, 60.814695664841238 ] ] ] ] } },
{ "type": "Feature", "properties": { }, "geometry": { "type": "MultiPolygon", "coordinates": [ [ [ [ 29.717382992897083, 60.815183939940347 ], [ 29.717322647500438, 60.814980702287563 ], [ 29.717337404880592, 60.814974229946195 ], [ 29.717131556160595, 60.814960363626511 ], [ 29.717036975857827, 60.814975464839449 ], [ 29.716931029926297, 60.815020402746612 ], [ 29.716514726022453, 60.81521818571796 ], [ 29.716159418660808, 60.815317720275758 ], [ 29.715903423374382, 60.815332336070256 ], [ 29.715707319910525, 60.815330534202239 ], [ 29.715373808857869, 60.815288545475525 ], [ 29.715243418972612, 60.815278364017637 ], [ 29.715101238475594, 60.815308994049495 ], [ 29.714891379973349, 60.815345988364719 ], [ 29.714803603870905, 60.815346144306844 ], [ 29.714709496316534, 60.815346311884753 ], [ 29.714446831251998, 60.815321939911954 ], [ 29.714028137135958, 60.815210297681645 ], [ 29.71349895183986, 60.815102629197703 ], [ 29.713284037432125, 60.815058732583772 ], [ 29.712979673195392, 60.814950137621445 ], [ 29.712819449292212, 60.814865824056284 ], [ 29.712802256961869, 60.814781829537637 ], [ 29.712699351894511, 60.814695049397727 ], [ 29.712593133081775, 60.814641175750147 ], [ 29.712317022130474, 60.814594717594019 ], [ 29.712071123877973, 60.814559516234119 ], [ 29.711462866507201, 60.814436137842812 ], [ 29.711234473748178, 60.814424052458996 ], [ 29.711059381014941, 60.814460363317494 ], [ 29.710997324044644, 60.814532647908798 ], [ 29.711012700209118, 60.814610637300099 ], [ 29.711129289952954, 60.814660617388128 ], [ 29.711411372247372, 60.814711123716187 ], [ 29.711830932597856, 60.814746929039309 ], [ 29.712239358205206, 60.814806584542623 ], [ 29.712461475482709, 60.814875501494704 ], [ 29.712604427461105, 60.814983608865063 ], [ 29.712663898506193, 60.815083960453755 ], [ 29.712600693115753, 60.815133281061037 ], [ 29.712459666772954, 60.815133977909234 ], [ 29.712293973984305, 60.81508554273254 ], [ 29.712026645813268, 60.814970300218363 ], [ 29.711847080726393, 60.814910759503285 ], [ 29.711751380689691, 60.81490189249358 ], [ 29.711563294778152, 60.814957046092651 ], [ 29.711364807854359, 60.814964198717497 ], [ 29.711150861738812, 60.814948252453071 ], [ 29.710900070475581, 60.814881066695122 ], [ 29.710766257962344, 60.814800986562368 ], [ 29.710644358411248, 60.814677101972009 ], [ 29.71060627869344, 60.814669895100664 ], [ 29.710558251001281, 60.814952849566531 ], [ 29.71069017678759, 60.815028388861201 ], [ 29.710974137525309, 60.815105614972516 ], [ 29.711183000286955, 60.81513220560759 ], [ 29.711391845983051, 60.815143192141804 ], [ 29.711674828239772, 60.815128059501326 ], [ 29.711775827777533, 60.815104067388944 ], [ 29.712179874523247, 60.815261360092691 ], [ 29.712381188763754, 60.81530931733797 ], [ 29.712734893756874, 60.815300364409786 ], [ 29.712855593960604, 60.815262562713151 ], [ 29.7129786243976, 60.815176614777577 ], [ 29.713074154038946, 60.815206058413807 ], [ 29.713670390636608, 60.815331941134723 ], [ 29.714216843311384, 60.815465100794555 ], [ 29.714516103486403, 60.815511057659712 ], [ 29.71484645795411, 60.815525549366583 ], [ 29.715225997783108, 60.8154778138423 ], [ 29.715749123819364, 60.815510429953363 ], [ 29.716071023552757, 60.815503469343881 ], [ 29.716406120063748, 60.815455517708557 ], [ 29.71676964378344, 60.815347459993042 ], [ 29.717195682516422, 60.815145862168905 ], [ 29.717382992897083, 60.815183939940347 ] ] ] ] } },
{ "type": "Feature", "properties": { }, "geometry": { "type": "MultiPolygon", "coordinates": [ [ [ [ 29.769322114237397, 60.746513142337371 ], [ 29.76924359695057, 60.746691989241469 ], [ 29.769132184449941, 60.747494944381494 ], [ 29.769108879052958, 60.747775691039323 ], [ 29.769209341972381, 60.747953359233215 ], [ 29.769530907934591, 60.747880818348989 ], [ 29.769556149120508, 60.747875123673104 ], [ 29.769505794413245, 60.747824329909697 ], [ 29.769467733220043, 60.747785935555825 ], [ 29.769468682114258, 60.74774084855202 ], [ 29.76946903872123, 60.747723845656019 ], [ 29.769473864419233, 60.747494281660067 ], [ 29.769619030150515, 60.746537859397549 ], [ 29.769322114237397, 60.746513142337371 ] ] ] ] } },
{ "type": "Feature", "properties": { }, "geometry": { "type": "MultiPolygon", "coordinates": [ [ [ [ 29.979048921850449, 60.69285620392241 ], [ 29.978694111883371, 60.692564795244827 ], [ 29.977981660031823, 60.692604843156964 ], [ 29.977581757565908, 60.69277399640108 ], [ 29.977544379505243, 60.6929259753732 ], [ 29.979048921850449, 60.69285620392241 ] ] ] ] } },
{ "type": "Feature", "properties": { }, "geometry": { "type": "MultiPolygon", "coordinates": [ [ [ [ 29.972682897649559, 60.69376566039972 ], [ 29.972391848496351, 60.693728112836141 ], [ 29.972383817902582, 60.694114376338277 ], [ 29.971986436489981, 60.69477469075813 ], [ 29.972007158852438, 60.694979579473433 ], [ 29.972067483275943, 60.695086566711815 ], [ 29.972220671839899, 60.695109505667126 ], [ 29.972583110534437, 60.694466285265591 ], [ 29.972664566104783, 60.694296060860339 ], [ 29.972695652490035, 60.694211363427151 ], [ 29.972717637093872, 60.694126085213277 ], [ 29.972729756283687, 60.694018416926113 ], [ 29.972727333868828, 60.693946168039119 ], [ 29.972716615052338, 60.693874135163554 ], [ 29.972693232400484, 60.693790439645007 ], [ 29.972682897649559, 60.69376566039972 ] ] ] ] } },
{ "type": "Feature", "properties": { }, "geometry": { "type": "MultiPolygon", "coordinates": [ [ [ [ 29.973663530385565, 60.692458483651009 ], [ 29.97369794342487, 60.692410267263632 ], [ 29.974118914250404, 60.692442953238945 ], [ 29.974129066090207, 60.692444425643991 ], [ 29.974060773773363, 60.691670819738547 ], [ 29.973516228861403, 60.691770808969189 ], [ 29.973505653209703, 60.691778793665776 ], [ 29.973367294008984, 60.69211570843953 ], [ 29.973048115621491, 60.692137165995568 ], [ 29.973050902696638, 60.692407345502581 ], [ 29.97325514774473, 60.692433446197398 ], [ 29.97333528925882, 60.692446666924333 ], [ 29.973510637778283, 60.692459613064514 ], [ 29.973611327771138, 60.692459449415054 ], [ 29.973663530385565, 60.692458483651009 ] ] ] ] } },
{ "type": "Feature", "properties": { }, "geometry": { "type": "MultiPolygon", "coordinates": [ [ [ [ 29.9740974207484, 60.693948136738946 ], [ 29.973031430049478, 60.693810623648815 ], [ 29.97304441481408, 60.693857332902653 ], [ 29.973056636883186, 60.693938862077871 ], [ 29.973059194376795, 60.694020447239126 ], [ 29.973045294128948, 60.694143048375004 ], [ 29.973021357340233, 60.694235718710814 ], [ 29.972987860976787, 60.694327726144849 ], [ 29.972901984753214, 60.694506907345541 ], [ 29.972541496079806, 60.695146702627802 ], [ 29.973786043189218, 60.695108651642741 ], [ 29.973856232950165, 60.694922615911693 ], [ 29.973958941711988, 60.69459070786219 ], [ 29.974040461162847, 60.694262980302447 ], [ 29.9740974207484, 60.693948136738946 ] ] ] ] } },
{ "type": "Feature", "properties": { }, "geometry": { "type": "MultiPolygon", "coordinates": [ [ [ [ 29.971042886660317, 60.70005503679031 ], [ 29.971309393902661, 60.70000189899114 ], [ 29.971285686400243, 60.700044275679261 ], [ 29.971312657285662, 60.700027790950934 ], [ 29.971390718037522, 60.699751406797894 ], [ 29.971399745958742, 60.699749457761499 ], [ 29.971691533481955, 60.699194842902138 ], [ 29.971732691477666, 60.698377114583437 ], [ 29.970705242881476, 60.698405271787109 ], [ 29.970037396438183, 60.699590242867103 ], [ 29.969997279285501, 60.699666006846087 ], [ 29.969977996614226, 60.699717480542965 ], [ 29.969971643462618, 60.699765526867232 ], [ 29.969974907228579, 60.699791069457135 ], [ 29.96999913560477, 60.69984009159564 ], [ 29.970021771153657, 60.699863725172989 ], [ 29.970051739132835, 60.699886260652079 ], [ 29.970100348752535, 60.69991210713922 ], [ 29.970144164424777, 60.699928957529011 ], [ 29.970205556907448, 60.699946619461898 ], [ 29.970273873635279, 60.699961483299816 ], [ 29.97042960819013, 60.699984995766002 ], [ 29.971042886660317, 60.70005503679031 ] ] ] ] } },
{ "type": "Feature", "properties": { }, "geometry": { "type": "MultiPolygon", "coordinates": [ [ [ [ 29.982991258975858, 60.674676970347292 ], [ 29.982845618476027, 60.674863818640944 ], [ 29.983392372560822, 60.675001156740997 ], [ 29.983392488983846, 60.67500118531531 ], [ 29.983411894152265, 60.675006059990075 ], [ 29.984100415965411, 60.675146890075794 ], [ 29.984384005010053, 60.675204894175401 ], [ 29.984415261357885, 60.675211287436269 ], [ 29.984794958182686, 60.675288947605452 ], [ 29.984796520304226, 60.675289266630521 ], [ 29.984871912070311, 60.675294552674792 ], [ 29.984872239049199, 60.675294576482464 ], [ 29.985480737808384, 60.675337245967285 ], [ 29.985515968752509, 60.675338930293265 ], [ 29.985954655824948, 60.675359901565436 ], [ 29.987769732690513, 60.675339150687563 ], [ 29.987771965815664, 60.675339125356395 ], [ 29.987775516690551, 60.675340919021799 ], [ 29.987776266517336, 60.675341297875363 ], [ 29.987849887760689, 60.675338990610008 ], [ 29.987917512978267, 60.675307824649622 ], [ 29.987935841810749, 60.675299377736266 ], [ 29.988133261907205, 60.675236367806221 ], [ 29.988181710070137, 60.675236404329347 ], [ 29.989064698275183, 60.675237058131813 ], [ 29.989101539534399, 60.675237086429384 ], [ 29.989493060242303, 60.675255602851948 ], [ 29.99064635584439, 60.675311853992987 ], [ 29.99081727409628, 60.67532018939994 ], [ 29.991507170003768, 60.67535280733243 ], [ 29.991509156048451, 60.67535290133825 ], [ 29.991629117635838, 60.675315196241932 ], [ 29.991628389544406, 60.675314878688063 ], [ 29.991627869566823, 60.67531465067205 ], [ 29.990591307998645, 60.675227928407971 ], [ 29.990589389826905, 60.675227767379845 ], [ 29.990630577879379, 60.674919766900921 ], [ 29.991184142348668, 60.674883887085493 ], [ 29.990876519970197, 60.674728734670957 ], [ 29.99058836231411, 60.674764353626998 ], [ 29.990473158332907, 60.674835188708215 ], [ 29.99033475159046, 60.674923015578706 ], [ 29.990165012358275, 60.674978488458414 ], [ 29.989949051856513, 60.675054187990042 ], [ 29.989813641862433, 60.675066699193714 ], [ 29.989803411966161, 60.675067644462132 ], [ 29.989257462339989, 60.675118091003661 ], [ 29.988346801360443, 60.67508594255991 ], [ 29.988343340796707, 60.675087014592251 ], [ 29.988099459416215, 60.675096227320836 ], [ 29.987633972321561, 60.675117410980228 ], [ 29.984981883466006, 60.675088347456246 ], [ 29.984703997976894, 60.67506039496562 ], [ 29.983670409542885, 60.67481697759068 ], [ 29.983621808736295, 60.674806010786078 ], [ 29.982991258975858, 60.674676970347292 ] ] ] ] } },
{ "type": "Feature", "properties": { }, "geometry": { "type": "MultiPolygon", "coordinates": [ [ [ [ 29.996826876893675, 60.675974885622757 ], [ 29.996762624022328, 60.675797469307703 ], [ 29.99671574133561, 60.675809120860364 ], [ 29.996367648939088, 60.675815625136686 ], [ 29.996199879005712, 60.675847364698882 ], [ 29.996142151711432, 60.675941765755788 ], [ 29.996075525804013, 60.675993186916074 ], [ 29.995824444763983, 60.676021340076659 ], [ 29.995176185343606, 60.675995760308602 ], [ 29.994726272932802, 60.675936663883761 ], [ 29.994656736376218, 60.675880278160889 ], [ 29.994786245040256, 60.675835292903017 ], [ 29.994948881706552, 60.675839447031379 ], [ 29.995660310578035, 60.675861485839711 ], [ 29.996019934936854, 60.675809156487702 ], [ 29.996039000670962, 60.675791465315356 ], [ 29.996124532903448, 60.675712096766169 ], [ 29.996079284626976, 60.675659877124566 ], [ 29.995986578339, 60.675630274732548 ], [ 29.995854095278965, 60.675638313355925 ], [ 29.99558600673873, 60.675691292846238 ], [ 29.995402822091044, 60.675693979545919 ], [ 29.995249174218774, 60.675660948040928 ], [ 29.995136156939179, 60.675630202190014 ], [ 29.994893715779373, 60.675641446347598 ], [ 29.994740244702729, 60.675652108563703 ], [ 29.994398373451286, 60.675675859691744 ], [ 29.994396184485119, 60.675676011911676 ], [ 29.994359575542997, 60.675678554497267 ], [ 29.994197321223506, 60.67566142765709 ], [ 29.9929810159101, 60.675376292140768 ], [ 29.992371554502753, 60.675278121172234 ], [ 29.992043815476293, 60.675215896902564 ], [ 29.991893240371624, 60.675136952954645 ], [ 29.991883614481488, 60.675134427434095 ], [ 29.991846879155823, 60.675048502726362 ], [ 29.991801977663002, 60.675016524378414 ], [ 29.991725699902137, 60.674967110211348 ], [ 29.991523952891207, 60.674951679268162 ], [ 29.991471687218979, 60.674947996764985 ], [ 29.991809910619875, 60.675163348427297 ], [ 29.991896926416295, 60.675218752260101 ], [ 29.992294500397886, 60.675323439746492 ], [ 29.992284412861306, 60.675389946016132 ], [ 29.992276341980055, 60.675443152802053 ], [ 29.992275980263351, 60.675443134059527 ], [ 29.9922542134689, 60.675442007435215 ], [ 29.992844493064876, 60.675543218662689 ], [ 29.99358723199968, 60.675717339152392 ], [ 29.994120347636564, 60.675836899573333 ], [ 29.994326252546156, 60.675957314250113 ], [ 29.99453873318463, 60.676090783982332 ], [ 29.995146845191954, 60.676174670870296 ], [ 29.995905978514774, 60.676196315618924 ], [ 29.996157060849384, 60.676168162309182 ], [ 29.996450955357076, 60.676038046127367 ], [ 29.996486890060254, 60.676001921461783 ], [ 29.996826876893675, 60.675974885622757 ] ] ] ] } },
{ "type": "Feature", "properties": { }, "geometry": { "type": "MultiPolygon", "coordinates": [ [ [ [ 29.908233693047155, 60.673222185020052 ], [ 29.908535442938803, 60.673325126622814 ], [ 29.908604150038684, 60.673265187404908 ], [ 29.908841740889748, 60.673057913657125 ], [ 29.908917864471, 60.672991605751704 ], [ 29.908903437222925, 60.672974081018175 ], [ 29.908750275076841, 60.672788795104303 ], [ 29.908522840875822, 60.672969935973441 ], [ 29.908233693047155, 60.673222185020052 ] ] ] ] } },
{ "type": "Feature", "properties": { }, "geometry": { "type": "MultiPolygon", "coordinates": [ [ [ [ 29.97287628892105, 60.719818048204466 ], [ 29.972857362389739, 60.718828505925934 ], [ 29.97291317152445, 60.718835724951703 ], [ 29.972838884591148, 60.718787454294493 ], [ 29.972136651867999, 60.718717971084111 ], [ 29.971968253403979, 60.719764891094258 ], [ 29.970936800272142, 60.720656504884943 ], [ 29.968915073843952, 60.722219465901638 ], [ 29.968035430360342, 60.722671079466529 ], [ 29.965856382424196, 60.72370692854291 ], [ 29.964165819844741, 60.724391689769718 ], [ 29.961345570344712, 60.725098796763305 ], [ 29.959424752842612, 60.725610532470498 ], [ 29.958400346600445, 60.726099537024005 ], [ 29.958239346070027, 60.726291576809487 ], [ 29.957675147790738, 60.726745497439964 ], [ 29.957574681774357, 60.726851845945134 ], [ 29.957647935241745, 60.726805318677712 ], [ 29.958626526870244, 60.726448032267349 ], [ 29.961315304805961, 60.725538348493622 ], [ 29.964613602255383, 60.724769789578772 ], [ 29.967896240452344, 60.723290210716172 ], [ 29.969067567092697, 60.722706433119704 ], [ 29.970528123707179, 60.721787573090616 ], [ 29.97287628892105, 60.719818048204466 ] ] ] ] } },
{ "type": "Feature", "properties": { }, "geometry": { "type": "MultiPolygon", "coordinates": [ [ [ [ 29.949754027842417, 60.726703011909898 ], [ 29.951078084218906, 60.72627970058808 ], [ 29.952193345181847, 60.7260584795469 ], [ 29.953316022591959, 60.725986775523239 ], [ 29.953859011932373, 60.725983779991147 ], [ 29.954922142805632, 60.725777609921352 ], [ 29.95537587958561, 60.725661997601833 ], [ 29.955205182146425, 60.725522176594033 ], [ 29.955181792432093, 60.725528726481464 ], [ 29.953854883827137, 60.725804304724157 ], [ 29.953007055282406, 60.725808981030667 ], [ 29.952931689102915, 60.725815229251168 ], [ 29.952112247541692, 60.725883163020164 ], [ 29.951549440874533, 60.725961808277667 ], [ 29.950892317339147, 60.726124579803773 ], [ 29.949667309540686, 60.726528622792742 ], [ 29.949194838730374, 60.726584978539407 ], [ 29.949037394990068, 60.726536896011815 ], [ 29.948969131419858, 60.726438579844313 ], [ 29.949075703351713, 60.726353545807456 ], [ 29.949286672433299, 60.726253323792342 ], [ 29.949456635340592, 60.726030039279991 ], [ 29.949395261264051, 60.725906824986438 ], [ 29.949150497442808, 60.725849108169967 ], [ 29.94889886260307, 60.725881161768037 ], [ 29.9483909125743, 60.726030065892651 ], [ 29.948132543950642, 60.726082027022329 ], [ 29.947598616006026, 60.726018155852479 ], [ 29.947337227240681, 60.726036160552049 ], [ 29.947139786157891, 60.726094565786276 ], [ 29.94667498982334, 60.726558159742488 ], [ 29.946507947315947, 60.726621779895034 ], [ 29.946254204188548, 60.726655808825363 ], [ 29.944545028133238, 60.726640007341402 ], [ 29.944337145561629, 60.726706312797084 ], [ 29.943988800915157, 60.726963184862441 ], [ 29.943851189793463, 60.727062951044502 ], [ 29.943698956768312, 60.727043845147158 ], [ 29.943361972182295, 60.726937520402565 ], [ 29.943050555710453, 60.726665717468691 ], [ 29.94295961492352, 60.726511339892049 ], [ 29.943045014234745, 60.726387228777519 ], [ 29.943358069992701, 60.726215925782839 ], [ 29.943656797503646, 60.725981638441645 ], [ 29.943751023818976, 60.725835637649631 ], [ 29.944055728668179, 60.725344902824581 ], [ 29.944290891954239, 60.724992370917477 ], [ 29.944338839077702, 60.724957800194161 ], [ 29.944471869678548, 60.724873966390305 ], [ 29.944585100325021, 60.724836890946357 ], [ 29.94487026929648, 60.724840027470698 ], [ 29.945822351403962, 60.724889079119883 ], [ 29.946472797126646, 60.724874988272255 ], [ 29.94711677202973, 60.724806952376234 ], [ 29.947230557415811, 60.724751913740128 ], [ 29.947222860064969, 60.724672014755321 ], [ 29.947391726016917, 60.724549525294329 ], [ 29.947652152243553, 60.724496581074533 ], [ 29.948010333182634, 60.724445365088336 ], [ 29.948233295088261, 60.724352220732975 ], [ 29.948317575107325, 60.724263028559029 ], [ 29.948369587804262, 60.724097746009093 ], [ 29.948385318320092, 60.723854346992837 ], [ 29.948453332354379, 60.723764036846525 ], [ 29.948680991099792, 60.723563619980389 ], [ 29.948683781717236, 60.723561164516632 ], [ 29.948741951626374, 60.72345980210126 ], [ 29.948749164890465, 60.723359055170803 ], [ 29.948683536183221, 60.723241797061014 ], [ 29.944560543553912, 60.723063217988333 ], [ 29.945446621670978, 60.721676639079924 ], [ 29.94247940933964, 60.721592946305982 ], [ 29.942339152571336, 60.722138703072496 ], [ 29.941990913274982, 60.722185087905281 ], [ 29.941775798600855, 60.72226792217478 ], [ 29.941569741447839, 60.722445817827065 ], [ 29.941493037059537, 60.722766490752598 ], [ 29.941280310988365, 60.722825838085349 ], [ 29.940946305986881, 60.722955303789035 ], [ 29.940937014385266, 60.723226359027294 ], [ 29.941263130870656, 60.723341068501611 ], [ 29.941792846157753, 60.723352147730822 ], [ 29.942104618448877, 60.723276232550155 ], [ 29.942416382831311, 60.723354595123425 ], [ 29.942925436612491, 60.72338216042764 ], [ 29.944247163891056, 60.723173117654994 ], [ 29.948210653508454, 60.723372405674048 ], [ 29.948342654535487, 60.723492309924985 ], [ 29.948041520807468, 60.723792227918139 ], [ 29.948019057886203, 60.723848667761871 ], [ 29.947963286774094, 60.724210638231753 ], [ 29.947549460531086, 60.724324285955426 ], [ 29.94710444075918, 60.724438098825019 ], [ 29.946864582709122, 60.724634314024222 ], [ 29.946425734870065, 60.724696345554413 ], [ 29.94490860704202, 60.72466152558755 ], [ 29.944495684910056, 60.724662829067569 ], [ 29.944182530026065, 60.72476382135622 ], [ 29.943820745926494, 60.725119231621044 ], [ 29.94347869266344, 60.725657346363008 ], [ 29.943184244923973, 60.72601339888341 ], [ 29.942771948027016, 60.726267523670657 ], [ 29.942607501809068, 60.726561093992913 ], [ 29.942719426303157, 60.726742624023665 ], [ 29.943042372978628, 60.727025354177769 ], [ 29.943553537597229, 60.727208596851291 ], [ 29.944050102559299, 60.727213698847592 ], [ 29.944294082186463, 60.727062486875695 ], [ 29.944650675674648, 60.726820503128224 ], [ 29.945699573161669, 60.726830202008983 ], [ 29.946604733775487, 60.726794893723536 ], [ 29.94700394409902, 60.726637271723028 ], [ 29.947462511050695, 60.726208783937231 ], [ 29.948174828270663, 60.726260314806019 ], [ 29.94853011515309, 60.726196099568739 ], [ 29.948656804106015, 60.726344684295292 ], [ 29.948454598795685, 60.726632259025486 ], [ 29.947207253375815, 60.727412674461121 ], [ 29.946208056677097, 60.72793807295983 ], [ 29.945338506359892, 60.728466408852462 ], [ 29.944937781545026, 60.728846347388149 ], [ 29.944626512808487, 60.729572171663236 ], [ 29.945266288056079, 60.729815303076769 ], [ 29.94544962016958, 60.729374215161208 ], [ 29.945625659063776, 60.728971569462352 ], [ 29.945819910561738, 60.728749267061971 ], [ 29.946304182435743, 60.728438122479609 ], [ 29.947845670944545, 60.727600515390762 ], [ 29.948923543865941, 60.727081077844886 ], [ 29.949161171703814, 60.726763650896814 ], [ 29.949754027842417, 60.726703011909898 ] ], [ [ 29.942928736591398, 60.723202681186066 ], [ 29.942606853284872, 60.723201260690956 ], [ 29.94241103954835, 60.723142903039196 ], [ 29.942145750207466, 60.723091007526364 ], [ 29.941851604096268, 60.723114743625985 ], [ 29.941680400274599, 60.723181320739563 ], [ 29.941299971920035, 60.723162491452861 ], [ 29.941226040958409, 60.723116026098516 ], [ 29.941260794410091, 60.723047424810751 ], [ 29.941415322440683, 60.722992697738448 ], [ 29.941609403678584, 60.722976194440641 ], [ 29.941712288492393, 60.722944034014127 ], [ 29.941799752259676, 60.72288381166144 ], [ 29.941857442221927, 60.722798415641179 ], [ 29.941864802097175, 60.722693679784051 ], [ 29.941851947443016, 60.722583801496818 ], [ 29.941904933374826, 60.722518331262755 ], [ 29.942004146248227, 60.722408295926307 ], [ 29.942189789009429, 60.722335838586645 ], [ 29.942351302106026, 60.722318091232907 ], [ 29.942771238194933, 60.722311266491978 ], [ 29.943091668977043, 60.722293714227128 ], [ 29.943424786789482, 60.722196413271234 ], [ 29.943740386707443, 60.722137904295046 ], [ 29.943859757275337, 60.722164748139711 ], [ 29.94393621220749, 60.722326002973681 ], [ 29.943835673988499, 60.722543813599046 ], [ 29.943480216522719, 60.72296430422562 ], [ 29.943210344439603, 60.723123956870175 ], [ 29.942928736591398, 60.723202681186066 ] ] ] ] } },
{ "type": "Feature", "properties": { }, "geometry": { "type": "MultiPolygon", "coordinates": [ [ [ [ 29.79224603824473, 60.747666899850564 ], [ 29.791897369609206, 60.747345125113398 ], [ 29.791473462854331, 60.747445853974135 ], [ 29.79182216052579, 60.747764960647075 ], [ 29.79224603824473, 60.747666899850564 ] ] ] ] } },
{ "type": "Feature", "properties": { }, "geometry": { "type": "MultiPolygon", "coordinates": [ [ [ [ 29.790175582290196, 60.748051936417667 ], [ 29.790399796519278, 60.74801526742786 ], [ 29.790401786351019, 60.748017094020867 ], [ 29.790402145924922, 60.748016734515588 ], [ 29.790556550108999, 60.747861817793201 ], [ 29.790394358305647, 60.747560067049037 ], [ 29.78963122798001, 60.746906564609034 ], [ 29.789024128459673, 60.746491503919557 ], [ 29.789017527924315, 60.746491424345919 ], [ 29.789024206685383, 60.746489338874653 ], [ 29.788706059440759, 60.746291984558347 ], [ 29.786840474063993, 60.745646705170103 ], [ 29.786330862472518, 60.74534419215022 ], [ 29.786487607831894, 60.745275927377513 ], [ 29.785756438852996, 60.744479756093661 ], [ 29.785498773958768, 60.744519711645516 ], [ 29.785497614116096, 60.744518063526783 ], [ 29.785537327523741, 60.744511844479547 ], [ 29.785428279861698, 60.744419552801034 ], [ 29.785207824726672, 60.744106327586778 ], [ 29.784388354452133, 60.743087621753027 ], [ 29.784374253072606, 60.742966540280221 ], [ 29.784323702354111, 60.742984608624496 ], [ 29.784276289350107, 60.743001555434994 ], [ 29.784020749159151, 60.743092894882523 ], [ 29.783842806066293, 60.743210974673786 ], [ 29.783788888232916, 60.743301452017413 ], [ 29.783494025590894, 60.743161101259375 ], [ 29.783284267730568, 60.74279254390401 ], [ 29.783345653005686, 60.742692613973979 ], [ 29.78291282056604, 60.742190076691188 ], [ 29.782814674903062, 60.742033532538386 ], [ 29.782697698989601, 60.741796304078079 ], [ 29.782662194755048, 60.741710299462333 ], [ 29.782472277282604, 60.741377282565502 ], [ 29.782647457658957, 60.741354557227083 ], [ 29.782734274329769, 60.741291164176928 ], [ 29.782613937143712, 60.741070747289882 ], [ 29.782586406263846, 60.741032631434017 ], [ 29.782365826554809, 60.740727241016693 ], [ 29.782047575180364, 60.740380331967188 ], [ 29.78273566039832, 60.740330835611999 ], [ 29.782734513844037, 60.74032338753895 ], [ 29.782621008697028, 60.739912291029896 ], [ 29.781104561328938, 60.739915746796527 ], [ 29.780583611300937, 60.73863292672786 ], [ 29.780404916119249, 60.737959529375871 ], [ 29.780091800079443, 60.736563816165287 ], [ 29.780092306914042, 60.736562034347862 ], [ 29.780263559650333, 60.736568786343362 ], [ 29.780787613224003, 60.736624175750769 ], [ 29.780816167546508, 60.73662719370153 ], [ 29.780824248667315, 60.736621947988674 ], [ 29.780788307225265, 60.736618149284766 ], [ 29.78083657653492, 60.736198426634331 ], [ 29.780862586932802, 60.736119361758625 ], [ 29.780559989052353, 60.736066343827879 ], [ 29.780652898300769, 60.735894495433222 ], [ 29.780656009488183, 60.735888742171433 ], [ 29.780643098042656, 60.735887297684521 ], [ 29.780646426919599, 60.735870112361496 ], [ 29.780808433802711, 60.735813448258874 ], [ 29.780741664171568, 60.735806197976139 ], [ 29.780741459453708, 60.735806176534417 ], [ 29.780678507909464, 60.735799341066787 ], [ 29.780660505528303, 60.735797445501312 ], [ 29.780663191163875, 60.735783585333408 ], [ 29.780662242972753, 60.735783542149633 ], [ 29.780659568713094, 60.735797346588299 ], [ 29.780659548172615, 60.735797457706951 ], [ 29.780554639091328, 60.735786291843247 ], [ 29.780535433721557, 60.735777651267469 ], [ 29.780520348055624, 60.735770864272723 ], [ 29.780484711921375, 60.735754830864941 ], [ 29.780428416924281, 60.735670401602242 ], [ 29.780472230778162, 60.735585964077877 ], [ 29.780752552825106, 60.735444686499306 ], [ 29.780655909101871, 60.735357013543755 ], [ 29.780590027752403, 60.734802586287564 ], [ 29.78060036589067, 60.734704743468498 ], [ 29.780734002827092, 60.734553995380011 ], [ 29.780770189953962, 60.734513174822645 ], [ 29.781025233266369, 60.734225472207441 ], [ 29.781269698715434, 60.734045033591812 ], [ 29.78129537283273, 60.734020970310432 ], [ 29.781304588725927, 60.734019281449982 ], [ 29.781431537612907, 60.733925579308554 ], [ 29.781462384830924, 60.733864442284791 ], [ 29.781481092111676, 60.733846910762473 ], [ 29.781492831457864, 60.733831213180416 ], [ 29.781493176363842, 60.733830751248647 ], [ 29.781478134332868, 60.73383322767252 ], [ 29.781818077007308, 60.733159475847479 ], [ 29.782308456040425, 60.732616380330249 ], [ 29.782481163963752, 60.73248951136469 ], [ 29.782540426721795, 60.732445975809341 ], [ 29.78265239244033, 60.732453945354827 ], [ 29.782899312822028, 60.732027810267894 ], [ 29.782923767724693, 60.732026657040727 ], [ 29.782832739904343, 60.732024428582761 ], [ 29.782917526469348, 60.731895821637295 ], [ 29.782940611050115, 60.731883284270744 ], [ 29.783014838203584, 60.731678352571251 ], [ 29.783061271791148, 60.731593813252772 ], [ 29.78305524421086, 60.731591566252028 ], [ 29.783111883169283, 60.731431420502254 ], [ 29.783147266810918, 60.731355234642649 ], [ 29.783437230539466, 60.730891044027487 ], [ 29.784032324066509, 60.730485326870706 ], [ 29.784038831777501, 60.730480890264317 ], [ 29.784149858519967, 60.730405194002167 ], [ 29.784156742717006, 60.730308746126397 ], [ 29.784187645271981, 60.730263630470944 ], [ 29.784167993027165, 60.730151118935964 ], [ 29.784187019142013, 60.729884535817924 ], [ 29.784356388885303, 60.729902020126517 ], [ 29.784970854210172, 60.728553542685198 ], [ 29.785050187168093, 60.728446739106396 ], [ 29.785831952694032, 60.728065907292404 ], [ 29.785974688880035, 60.727661520000616 ], [ 29.785948732418387, 60.726803265974212 ], [ 29.785546579172781, 60.726761219612392 ], [ 29.785550727928612, 60.72673510883093 ], [ 29.785217487492424, 60.726679592591708 ], [ 29.785210829597624, 60.726643564909764 ], [ 29.785071671648272, 60.726623678420395 ], [ 29.785179792416102, 60.726270511293478 ], [ 29.785189667157109, 60.72623825519991 ], [ 29.785262511172519, 60.726000315726893 ], [ 29.785155065936525, 60.725985623465064 ], [ 29.785039280489549, 60.725969791531114 ], [ 29.785130724567928, 60.725807912579391 ], [ 29.78516088021167, 60.72575453083855 ], [ 29.785310342467106, 60.725489937984008 ], [ 29.785316868810668, 60.725478385690558 ], [ 29.785531718158552, 60.725098035557295 ], [ 29.786036883094887, 60.725133028414099 ], [ 29.786073923852815, 60.72508858405012 ], [ 29.786073143925059, 60.725081216453859 ], [ 29.786449738410415, 60.724404928881718 ], [ 29.786431020335655, 60.724052777979963 ], [ 29.786492502422359, 60.723872902309999 ], [ 29.786634127354329, 60.723460890648447 ], [ 29.786766752808195, 60.723138619086079 ], [ 29.786906056617628, 60.722890024278897 ], [ 29.786949575680925, 60.722812359629934 ], [ 29.787035306958675, 60.722680004649796 ], [ 29.787072813910683, 60.722622097922667 ], [ 29.787094188761195, 60.72250893367999 ], [ 29.787139628881143, 60.722442737645004 ], [ 29.78701529626953, 60.722365672158965 ], [ 29.786945091971283, 60.722336677734042 ], [ 29.786871672138606, 60.722306355520558 ], [ 29.786957835184971, 60.722203883406756 ], [ 29.786967321956254, 60.722124927097759 ], [ 29.787029706591476, 60.721997636554711 ], [ 29.786955422733151, 60.72199554602264 ], [ 29.786744906338747, 60.722026555959609 ], [ 29.78652394514905, 60.722041249572968 ], [ 29.786408518701549, 60.722192833486417 ], [ 29.786304538950571, 60.72228123836264 ], [ 29.786280004134998, 60.72230112191194 ], [ 29.786218802153567, 60.722296616102838 ], [ 29.785762124367324, 60.722611734591361 ], [ 29.785255291510122, 60.722526124287732 ], [ 29.785716335084132, 60.722029432597516 ], [ 29.785893629453113, 60.721765465773515 ], [ 29.786199126753647, 60.721425662075077 ], [ 29.786362145165963, 60.721020166576807 ], [ 29.786491333617352, 60.72086347429326 ], [ 29.786749907690862, 60.719973656092726 ], [ 29.786761008187366, 60.719975826601384 ], [ 29.786867072192003, 60.719705202201737 ], [ 29.787078118543079, 60.71923200844229 ], [ 29.787359106999027, 60.718720557594459 ], [ 29.787511194724736, 60.71835112577871 ], [ 29.787473905528739, 60.718346567944693 ], [ 29.787188239207062, 60.718286617212044 ], [ 29.787181296157339, 60.71837615726978 ], [ 29.787123046396616, 60.71847467646819 ], [ 29.786788529892014, 60.719040442551652 ], [ 29.786393878478844, 60.71992527684457 ], [ 29.78636394110692, 60.720028297823731 ], [ 29.786128587145946, 60.720838178968762 ], [ 29.785997144170242, 60.720979757458061 ], [ 29.785991258935049, 60.721142388050531 ], [ 29.785848413171973, 60.721373691867441 ], [ 29.785719725947857, 60.72149533400718 ], [ 29.78565684849632, 60.721543692530602 ], [ 29.785368271475871, 60.721973339329786 ], [ 29.784946276323932, 60.722429770630605 ], [ 29.784909995435228, 60.72246779841997 ], [ 29.784579865338571, 60.722813827836255 ], [ 29.784560599248518, 60.722855902468972 ], [ 29.784348260922361, 60.723319609875794 ], [ 29.784325404379629, 60.723369523003086 ], [ 29.784218965910586, 60.723664017920925 ], [ 29.784194508391906, 60.723776584093009 ], [ 29.784223083607895, 60.723887616162081 ], [ 29.784230050376291, 60.723976502413301 ], [ 29.784165182347561, 60.724079734346141 ], [ 29.784133154562507, 60.724176266924403 ], [ 29.784111940819781, 60.724311817460709 ], [ 29.784101404087533, 60.724383845858142 ], [ 29.784060469254047, 60.724663679631817 ], [ 29.784034256178835, 60.724923400293648 ], [ 29.784028667675845, 60.724978783500106 ], [ 29.784040586398376, 60.725099650726115 ], [ 29.784062935954488, 60.725157732466016 ], [ 29.784245089731197, 60.725248140302234 ], [ 29.784295701810564, 60.725313455376835 ], [ 29.784325616800803, 60.725387569783834 ], [ 29.784319235748008, 60.725492177272628 ], [ 29.784305535414198, 60.725716751537405 ], [ 29.784350038674756, 60.7257820106827 ], [ 29.784415490323369, 60.72583148438347 ], [ 29.78444692291249, 60.725901320697929 ], [ 29.784476412549321, 60.725949782415768 ], [ 29.784498470540278, 60.726015845537148 ], [ 29.784491143375558, 60.72610560637203 ], [ 29.784659723833006, 60.726283014775788 ], [ 29.784714912569598, 60.726341092905244 ], [ 29.784828054640581, 60.72653669488539 ], [ 29.784862301291948, 60.726603861956264 ], [ 29.784839027641453, 60.726627611158555 ], [ 29.784691810484642, 60.726641303781243 ], [ 29.78445124458532, 60.726644203007162 ], [ 29.784135737951974, 60.726634473130474 ], [ 29.78400867562604, 60.726654327917913 ], [ 29.78397921348343, 60.726680020320387 ], [ 29.783979764026085, 60.726720944925155 ], [ 29.783959992155076, 60.72715392258695 ], [ 29.783958640800492, 60.727449209191647 ], [ 29.783957933088676, 60.727604022797372 ], [ 29.783951745786567, 60.7276393598966 ], [ 29.783929665370113, 60.727765461171352 ], [ 29.783778452203446, 60.728226240094941 ], [ 29.783706812426246, 60.728401843541839 ], [ 29.783706743981842, 60.728402012585832 ], [ 29.783691220693399, 60.728440060865289 ], [ 29.783410414386424, 60.728877754790126 ], [ 29.783112305527066, 60.729455024060165 ], [ 29.783085835599113, 60.729537967253563 ], [ 29.783054815814936, 60.729635170724599 ], [ 29.78312719241552, 60.729718636734191 ], [ 29.783247806323963, 60.729764598743181 ], [ 29.783287391612443, 60.7297968794038 ], [ 29.7832699716216, 60.72982766941174 ], [ 29.783215661895216, 60.729864123430623 ], [ 29.783099796688148, 60.729904260251537 ], [ 29.783083568211719, 60.729909883248034 ], [ 29.782878393770901, 60.730003908535863 ], [ 29.782809275861478, 60.730055205826091 ], [ 29.782716822056088, 60.730244028979982 ], [ 29.782566109068828, 60.73057805805059 ], [ 29.78250880233384, 60.730649943022364 ], [ 29.78238674340076, 60.730803052720844 ], [ 29.782314553297869, 60.730995047235552 ], [ 29.782166634975873, 60.731364033263752 ], [ 29.782129860394736, 60.731422597656085 ], [ 29.781929460836309, 60.731665371358773 ], [ 29.781892603323978, 60.731738905327461 ], [ 29.781912649558222, 60.731793957950494 ], [ 29.782086195378149, 60.731895289496173 ], [ 29.782089308538335, 60.731930734442962 ], [ 29.782088739671487, 60.731931055213437 ], [ 29.782088895007373, 60.731933237733941 ], [ 29.782026099906343, 60.731978600994111 ], [ 29.781900293742417, 60.732019423027062 ], [ 29.781539521554695, 60.732132052683774 ], [ 29.781470583728883, 60.73217836024839 ], [ 29.781427474353809, 60.732242856888462 ], [ 29.781394142347189, 60.732286426693555 ], [ 29.781373997247947, 60.73231559684524 ], [ 29.781370244917287, 60.732317666233222 ], [ 29.781367558370288, 60.732321180203044 ], [ 29.781111429459163, 60.732470650003847 ], [ 29.781060101674864, 60.73253707375698 ], [ 29.781049263092772, 60.732610834243658 ], [ 29.781060372145564, 60.732697761419232 ], [ 29.781042152959035, 60.732806388015206 ], [ 29.780989227966877, 60.732916709197241 ], [ 29.780873975787049, 60.73305942209506 ], [ 29.780722473208719, 60.733220828267704 ], [ 29.780392645267895, 60.733572212621709 ], [ 29.780362050549375, 60.733628834988735 ], [ 29.780357938925011, 60.73377732334329 ], [ 29.780355558032532, 60.733863316115482 ], [ 29.780347721865589, 60.733897421569019 ], [ 29.780326493671332, 60.733989815514306 ], [ 29.780042096138104, 60.734411502731184 ], [ 29.780015466541599, 60.734471153976855 ], [ 29.779969392277149, 60.734654616892058 ], [ 29.779939186538506, 60.734774891521496 ], [ 29.779911120082769, 60.735098013271326 ], [ 29.779815428712595, 60.735206962719118 ], [ 29.77975608969361, 60.735325211272098 ], [ 29.779752615839847, 60.73542063864172 ], [ 29.779752385004585, 60.735426979703298 ], [ 29.779788700917468, 60.735493168767547 ], [ 29.779882404236265, 60.735550874006464 ], [ 29.779966247585474, 60.735599512130975 ], [ 29.779958968598539, 60.735631385693722 ], [ 29.779902934297141, 60.735658840475999 ], [ 29.779629054338614, 60.735791187034465 ], [ 29.77959018978158, 60.735850730509405 ], [ 29.779590453388725, 60.735955527748111 ], [ 29.779594203711763, 60.736020432815813 ], [ 29.779587047484551, 60.73616109463476 ], [ 29.779706095608734, 60.736530412611167 ], [ 29.779871394476029, 60.736958563569168 ], [ 29.779871409928631, 60.73695860238896 ], [ 29.779972479889313, 60.737220387768723 ], [ 29.779989209179249, 60.737288965695292 ], [ 29.780084232156611, 60.737678466129132 ], [ 29.780098402276415, 60.737849255861406 ], [ 29.780107812321848, 60.737981232057471 ], [ 29.780126743360665, 60.738246725713395 ], [ 29.780134707263105, 60.738335479644583 ], [ 29.780134713578256, 60.738335547914403 ], [ 29.780142697603814, 60.73842451572888 ], [ 29.780230392128246, 60.738637258014222 ], [ 29.780392787511168, 60.739031216253032 ], [ 29.780716916003215, 60.739817496973174 ], [ 29.780754913098558, 60.739909668525847 ], [ 29.780758986954304, 60.739919550300883 ], [ 29.7808301820554, 60.740092253496819 ], [ 29.780956999798356, 60.740554463482404 ], [ 29.781017387334298, 60.740774550576326 ], [ 29.781035188121745, 60.740805158310025 ], [ 29.781349327482133, 60.741345331052244 ], [ 29.781339412149425, 60.741531540765713 ], [ 29.781339410681184, 60.7415315811432 ], [ 29.781339410865812, 60.741531621445318 ], [ 29.781337275971858, 60.741620685841603 ], [ 29.781215789256272, 60.741934008879078 ], [ 29.781168362508954, 60.742229017197204 ], [ 29.781153897897312, 60.742458440817373 ], [ 29.781191065649221, 60.742838020336315 ], [ 29.781225056312969, 60.743136730739124 ], [ 29.781356077160979, 60.74326050085088 ], [ 29.781379338786074, 60.743282475785222 ], [ 29.781420197665426, 60.743321074120693 ], [ 29.781518362757975, 60.743381325648492 ], [ 29.781639578022865, 60.743455724128793 ], [ 29.781806060115827, 60.743475139950704 ], [ 29.781871502122812, 60.743469721432653 ], [ 29.781889075972472, 60.74343494311497 ], [ 29.781884078006513, 60.743120455191196 ], [ 29.781882872736301, 60.743044653708679 ], [ 29.781921146429863, 60.742945184515712 ], [ 29.782021665841558, 60.74287220502346 ], [ 29.782110285693079, 60.742846027406479 ], [ 29.782196107116494, 60.74284078710302 ], [ 29.78231083714094, 60.742881707905831 ], [ 29.782434122417932, 60.742967614187556 ], [ 29.782511907172175, 60.743032696847017 ], [ 29.782538990962525, 60.743055358184918 ], [ 29.782562576310752, 60.743070746551666 ], [ 29.782811848176909, 60.74323338758407 ], [ 29.782934007452678, 60.743294334166741 ], [ 29.783004871591356, 60.743307925058247 ], [ 29.783079019216075, 60.743343501610788 ], [ 29.783118661626503, 60.743379306481572 ], [ 29.783181671389599, 60.743436213366515 ], [ 29.783258416894174, 60.743568623273518 ], [ 29.783278231683944, 60.743607044322388 ], [ 29.783330800479188, 60.743708978184294 ], [ 29.783345681814577, 60.743787176513507 ], [ 29.78335819466211, 60.743852936569006 ], [ 29.783399009681407, 60.743908182848593 ], [ 29.783605423624245, 60.743950898070828 ], [ 29.783735740213743, 60.744011913847601 ], [ 29.783776586760375, 60.744066163089848 ], [ 29.783750100176924, 60.744121823892762 ], [ 29.783677785528734, 60.744148140717918 ], [ 29.783583118843659, 60.7441722706143 ], [ 29.783450158164953, 60.744184087531146 ], [ 29.783308502204736, 60.7442107999046 ], [ 29.783211846470696, 60.744241777593373 ], [ 29.78310840225997, 60.744274930179607 ], [ 29.782900620949547, 60.744386709459462 ], [ 29.782794388088512, 60.744443860853139 ], [ 29.782697509143475, 60.74452884966734 ], [ 29.782655590126268, 60.744616312875294 ], [ 29.782677805975474, 60.744678384099302 ], [ 29.782906971086817, 60.744822057600068 ], [ 29.782974845276627, 60.744864610096641 ], [ 29.783044935779948, 60.744890506145445 ], [ 29.783262555656066, 60.744970908221383 ], [ 29.783447366350856, 60.744981443852652 ], [ 29.783531142637944, 60.744986220414283 ], [ 29.783621400228085, 60.744967032853957 ], [ 29.783709086846397, 60.744948391930059 ], [ 29.783716075733725, 60.744946907105088 ], [ 29.783726976847479, 60.744938069463537 ], [ 29.783861029508518, 60.744829399673932 ], [ 29.783962190892098, 60.744682571126866 ], [ 29.784047927182772, 60.744646398027349 ], [ 29.784117486897504, 60.744617052017396 ], [ 29.784297769606173, 60.744621142222002 ], [ 29.784331400718784, 60.744621904848749 ], [ 29.784354052053075, 60.744632316768012 ], [ 29.785109450286708, 60.744979496247019 ], [ 29.785484584963836, 60.74515190274802 ], [ 29.785590638495197, 60.74522139545472 ], [ 29.785669813706491, 60.745273276082415 ], [ 29.785627772900281, 60.745420620846687 ], [ 29.785529346756427, 60.745513728248319 ], [ 29.785520091909358, 60.74552248437805 ], [ 29.785519999888173, 60.745525023675313 ], [ 29.785515500028168, 60.74564919540078 ], [ 29.785595335137444, 60.745696796839447 ], [ 29.785651060680507, 60.745674928585096 ], [ 29.785767014872288, 60.74562942359011 ], [ 29.78595158752951, 60.745600084939966 ], [ 29.786065808631204, 60.7456273497071 ], [ 29.786129484487606, 60.745642547780314 ], [ 29.786235837457351, 60.745761818467756 ], [ 29.786256844351566, 60.745785376714259 ], [ 29.78641116155562, 60.74585957246147 ], [ 29.786581753381476, 60.745934907196208 ], [ 29.786722777016244, 60.745973256105621 ], [ 29.786953275838986, 60.746035937431593 ], [ 29.78743445816453, 60.74620578261159 ], [ 29.787587936353553, 60.746247034451152 ], [ 29.787888807695861, 60.746328487054441 ], [ 29.788237629028163, 60.746437300685244 ], [ 29.788432720616804, 60.746511847231432 ], [ 29.788594052596601, 60.746573536039868 ], [ 29.788595631455543, 60.746574140395701 ], [ 29.788722449415712, 60.746676039744912 ], [ 29.788957792947251, 60.74684723499761 ], [ 29.788966832313001, 60.746853810681394 ], [ 29.789219372148683, 60.747031650669328 ], [ 29.789500977623522, 60.747251661454186 ], [ 29.789575900355157, 60.747379059377408 ], [ 29.789790673754073, 60.747586514247359 ], [ 29.790198160949036, 60.747908609213987 ], [ 29.790220888759738, 60.747926574633951 ], [ 29.790236247025931, 60.74800954678183 ], [ 29.790175582290196, 60.748051936417667 ] ], [ [ 29.784937651537831, 60.722983897188726 ], [ 29.785062888554794, 60.722817560337106 ], [ 29.785086401264881, 60.722826698199647 ], [ 29.785307522596682, 60.722792716890723 ], [ 29.785561172707748, 60.722821847308559 ], [ 29.785577877941922, 60.722816599942306 ], [ 29.786020113555608, 60.722874210864013 ], [ 29.786079289667715, 60.722881919535212 ], [ 29.786136442603247, 60.722889365490424 ], [ 29.786055169725781, 60.72292778742613 ], [ 29.785703822529115, 60.723725068388184 ], [ 29.78543091630085, 60.724136905518748 ], [ 29.785128615777037, 60.724172891281668 ], [ 29.784528990482045, 60.724160159952461 ], [ 29.784520004530513, 60.724142595499892 ], [ 29.784435526254732, 60.724047738852313 ], [ 29.784937651537831, 60.722983897188726 ] ] ] ] } },
{ "type": "Feature", "properties": { }, "geometry": { "type": "MultiPolygon", "coordinates": [ [ [ [ 29.770655332037098, 60.760608051327601 ], [ 29.770702220136414, 60.76058422655079 ], [ 29.770682172831354, 60.760590098997646 ], [ 29.770656316029186, 60.76060529091162 ], [ 29.770655254918257, 60.760605600308018 ], [ 29.770654734170275, 60.760605752713886 ], [ 29.7706548143886, 60.760608314160713 ], [ 29.770655332037098, 60.760608051327601 ] ] ] ] } },
{ "type": "Feature", "properties": { }, "geometry": { "type": "MultiPolygon", "coordinates": [ [ [ [ 29.771461256887665, 60.76114179944792 ], [ 29.771458469607932, 60.761040589338833 ], [ 29.771156520018046, 60.761189177400624 ], [ 29.771446715482046, 60.761266878846158 ], [ 29.771461256887665, 60.76114179944792 ] ] ] ] } },
{ "type": "Feature", "properties": { }, "geometry": { "type": "MultiPolygon", "coordinates": [ [ [ [ 29.773090427621778, 60.761387610950614 ], [ 29.772686628676425, 60.761207788107278 ], [ 29.77257184067728, 60.761232902761336 ], [ 29.772581004228201, 60.761288003646918 ], [ 29.772583256307769, 60.761301541481778 ], [ 29.772583985297707, 60.761305927167371 ], [ 29.772559163000466, 60.761352006404039 ], [ 29.772515912177067, 60.761432298590286 ], [ 29.772514309705912, 60.761435273493149 ], [ 29.77223967858405, 60.761519501710552 ], [ 29.772145437537734, 60.761538545492392 ], [ 29.772762707620387, 60.761680692197181 ], [ 29.772436952475012, 60.761741863667218 ], [ 29.77241821258928, 60.761750135271356 ], [ 29.772825854843934, 60.761793226812848 ], [ 29.77299931157356, 60.761873011833956 ], [ 29.773146360622533, 60.761516733675926 ], [ 29.773090427621778, 60.761387610950614 ] ] ] ] } },
{ "type": "Feature", "properties": { }, "geometry": { "type": "MultiPolygon", "coordinates": [ [ [ [ 29.771318993761799, 60.76240407743483 ], [ 29.771338737077311, 60.762226622716675 ], [ 29.770611266090679, 60.762547720376354 ], [ 29.77032001370338, 60.762664985136631 ], [ 29.77025314536991, 60.762688882554187 ], [ 29.77069321547182, 60.762742180102215 ], [ 29.770729255380132, 60.762746544874453 ], [ 29.770676963638898, 60.762965531586666 ], [ 29.770981798535132, 60.762857815536535 ], [ 29.771442701630789, 60.762669580592934 ], [ 29.77127268899109, 60.762548643744523 ], [ 29.771272653381754, 60.762548619197531 ], [ 29.771211264235113, 60.762504945782602 ], [ 29.771318993761799, 60.76240407743483 ] ] ] ] } },
{ "type": "Feature", "properties": { }, "geometry": { "type": "MultiPolygon", "coordinates": [ [ [ [ 29.769983272991801, 60.763055997514165 ], [ 29.769378220835151, 60.762921937620987 ], [ 29.769305200505666, 60.762926331189881 ], [ 29.769151834929222, 60.762952977406599 ], [ 29.768991183651039, 60.762977257882582 ], [ 29.76890790865685, 60.763229180195616 ], [ 29.768905809275651, 60.763235527127939 ], [ 29.769190459170328, 60.763341367140093 ], [ 29.770033141655833, 60.763193026362082 ], [ 29.770346675093915, 60.763082239857305 ], [ 29.769983272991801, 60.763055997514165 ] ] ] ] } },
{ "type": "Feature", "properties": { }, "geometry": { "type": "MultiPolygon", "coordinates": [ [ [ [ 29.770394743796519, 60.762426479819254 ], [ 29.771153878740069, 60.762090245131041 ], [ 29.770734542591384, 60.762102849968713 ], [ 29.770254090381044, 60.761859754710088 ], [ 29.771106385306137, 60.761514265249261 ], [ 29.7708051227151, 60.76135332115139 ], [ 29.770713625792645, 60.761394788476885 ], [ 29.770293865099909, 60.761578714596105 ], [ 29.770188313092415, 60.761623244326678 ], [ 29.770152856374498, 60.761638630781178 ], [ 29.77009857678441, 60.761661096088503 ], [ 29.769969216731656, 60.761715556827532 ], [ 29.769716602170163, 60.761820084503633 ], [ 29.769444240017958, 60.761931435249153 ], [ 29.769336814816921, 60.761975002707516 ], [ 29.769323845031739, 60.761980262272324 ], [ 29.769233254091347, 60.762264335674033 ], [ 29.769564289110562, 60.762360047411718 ], [ 29.769755017766308, 60.762555365044385 ], [ 29.769928211294172, 60.762602933424517 ], [ 29.769977887449148, 60.762587110122354 ], [ 29.770119585370072, 60.762536611896714 ], [ 29.770394743796519, 60.762426479819254 ] ] ] ] } },
{ "type": "Feature", "properties": { }, "geometry": { "type": "MultiPolygon", "coordinates": [ [ [ [ 29.645981360725028, 60.792907514875168 ], [ 29.645835688699869, 60.792856099350651 ], [ 29.645660696596991, 60.792830006744914 ], [ 29.645411608103579, 60.792832456794848 ], [ 29.644934105308174, 60.792894326572132 ], [ 29.64473978819003, 60.792882946608614 ], [ 29.644574361008651, 60.792765896832897 ], [ 29.644139383172426, 60.792676838201722 ], [ 29.643373824535441, 60.793196148552234 ], [ 29.643355036473174, 60.793211104365206 ], [ 29.64611044166104, 60.793012657417165 ], [ 29.646152713453439, 60.792968257757053 ], [ 29.645981360725028, 60.792907514875168 ] ] ] ] } },
{ "type": "Feature", "properties": { }, "geometry": { "type": "MultiPolygon", "coordinates": [ [ [ [ 29.643338787369274, 60.794970512659098 ], [ 29.641988364646483, 60.794298962267284 ], [ 29.641661718628701, 60.794558956191899 ], [ 29.641426242405672, 60.794699518307191 ], [ 29.64093741803925, 60.795079563561622 ], [ 29.640932979370191, 60.795083013574704 ], [ 29.64234430112214, 60.795717310005251 ], [ 29.642888999188493, 60.795270637908267 ], [ 29.643130741942901, 60.795114241801535 ], [ 29.643147668211743, 60.79510329183168 ], [ 29.643150320242807, 60.795101575354302 ], [ 29.643338787369274, 60.794970512659098 ] ] ] ] } },
{ "type": "Feature", "properties": { }, "geometry": { "type": "MultiPolygon", "coordinates": [ [ [ [ 29.645608024286652, 60.797805688084146 ], [ 29.645193441084235, 60.797601072618392 ], [ 29.645182205710771, 60.797604105857069 ], [ 29.645029708730615, 60.797645294704701 ], [ 29.644954482290167, 60.797665612670805 ], [ 29.644870704610959, 60.79771475130314 ], [ 29.64475059885854, 60.797785198903902 ], [ 29.644648161815837, 60.797857144884695 ], [ 29.644618099760155, 60.797984498989706 ], [ 29.644634309562012, 60.798197401567414 ], [ 29.644678850081906, 60.798325481116187 ], [ 29.644787291526512, 60.798411633814865 ], [ 29.644958644659912, 60.798480161706834 ], [ 29.645192664872301, 60.798537141652488 ], [ 29.645373743775714, 60.798586388476046 ], [ 29.645550281200244, 60.798613557266407 ], [ 29.645749225685492, 60.798615489858058 ], [ 29.646023018798669, 60.798612070573903 ], [ 29.646337332532312, 60.79853080234998 ], [ 29.646453095899528, 60.798455548724696 ], [ 29.646425437061282, 60.798434279473994 ], [ 29.645608024286652, 60.797805688084146 ] ] ] ] } },
{ "type": "Feature", "properties": { }, "geometry": { "type": "MultiPolygon", "coordinates": [ [ [ [ 29.648051030257733, 60.798851585946359 ], [ 29.647682326799629, 60.798828061624171 ], [ 29.647323768263568, 60.798855496148704 ], [ 29.647577351430822, 60.79909850250781 ], [ 29.647686641323787, 60.799274231214454 ], [ 29.647701079642196, 60.799422085555662 ], [ 29.648075808972585, 60.799186377625091 ], [ 29.648137411928243, 60.799147628782656 ], [ 29.64814330795901, 60.799143919711334 ], [ 29.648554638528541, 60.798974243804338 ], [ 29.648051030257733, 60.798851585946359 ] ] ] ] } },
{ "type": "Feature", "properties": { }, "geometry": { "type": "MultiPolygon", "coordinates": [ [ [ [ 29.647322483452342, 60.799356026944878 ], [ 29.647320781885771, 60.79935282852297 ], [ 29.647086681607014, 60.799412135595368 ], [ 29.646752101596331, 60.799502694513386 ], [ 29.646522248037861, 60.799631213508867 ], [ 29.646161718091683, 60.799757458096437 ], [ 29.645773335088947, 60.800015186789722 ], [ 29.645766879317918, 60.800019486673548 ], [ 29.64590546262469, 60.800328587438841 ], [ 29.64613485039073, 60.800752612462261 ], [ 29.646174878306816, 60.800739688885209 ], [ 29.646461317724768, 60.800677597511346 ], [ 29.64670120892989, 60.800619522606702 ], [ 29.646716328616041, 60.800615861921322 ], [ 29.647567269190628, 60.800409852068675 ], [ 29.647565803989902, 60.800407674694362 ], [ 29.647518113730868, 60.800406372067428 ], [ 29.647435123882023, 60.800137092449425 ], [ 29.64738133956984, 60.799750320583257 ], [ 29.647322483452342, 60.799356026944878 ] ] ] ] } },
{ "type": "Feature", "properties": { }, "geometry": { "type": "MultiPolygon", "coordinates": [ [ [ [ 29.649551235409518, 60.799784343677906 ], [ 29.649551173437402, 60.799784327280356 ], [ 29.649508586858904, 60.799788187294922 ], [ 29.648944354458187, 60.799839331604389 ], [ 29.648481524786114, 60.800121290125752 ], [ 29.647879810726593, 60.800302094393842 ], [ 29.648807074675414, 60.800806124054411 ], [ 29.6493340097805, 60.80070642801325 ], [ 29.650167566827317, 60.800550826239757 ], [ 29.650175001184451, 60.800548329608453 ], [ 29.649706507404311, 60.800207102023023 ], [ 29.649551235409518, 60.799784343677906 ] ] ] ] } },
{ "type": "Feature", "properties": { }, "geometry": { "type": "MultiPolygon", "coordinates": [ [ [ [ 29.652711132524129, 60.803110849446746 ], [ 29.652431043505732, 60.802953864342825 ], [ 29.651811955160102, 60.803050105789751 ], [ 29.651593420847277, 60.803165853659763 ], [ 29.651592298034032, 60.803166447859731 ], [ 29.651607056852484, 60.803172356594764 ], [ 29.651877398767098, 60.80328060243496 ], [ 29.652450134803772, 60.803381295156306 ], [ 29.652969965800661, 60.803388013476628 ], [ 29.652959815056331, 60.803377143618711 ], [ 29.652711132524129, 60.803110849446746 ] ] ] ] } },
{ "type": "Feature", "properties": { }, "geometry": { "type": "MultiPolygon", "coordinates": [ [ [ [ 29.662065791080362, 60.803846288141102 ], [ 29.661985169232779, 60.803767668141546 ], [ 29.661830831010654, 60.803643417449656 ], [ 29.661727778948638, 60.803564582298094 ], [ 29.661509824461064, 60.803498624162522 ], [ 29.661391182003428, 60.803452562195666 ], [ 29.661182060923618, 60.80341961132919 ], [ 29.660940153072961, 60.803391340500895 ], [ 29.660776060164711, 60.803458627256838 ], [ 29.66073087343878, 60.803566984003901 ], [ 29.660666917521127, 60.803706557610099 ], [ 29.66009269409269, 60.803708272242339 ], [ 29.659860881404366, 60.803697941049514 ], [ 29.659457673630932, 60.803580702954484 ], [ 29.659250047798391, 60.80341003958889 ], [ 29.659261071610217, 60.803351787091245 ], [ 29.659130707528856, 60.803293801754606 ], [ 29.658932385531159, 60.803275685857898 ], [ 29.658749993554821, 60.803273932159065 ], [ 29.658650507265712, 60.803272975493925 ], [ 29.65826914260894, 60.80326930758924 ], [ 29.657902725787277, 60.80330630536087 ], [ 29.657733648345605, 60.803385724078879 ], [ 29.657711842288116, 60.803515186877959 ], [ 29.657704330723732, 60.803701518673051 ], [ 29.657700225590965, 60.803803349497144 ], [ 29.657698865155734, 60.803837095924123 ], [ 29.65770912657532, 60.803838017839837 ], [ 29.657716963155977, 60.803838722364127 ], [ 29.659276156447177, 60.8037941610188 ], [ 29.659877549056059, 60.803807313627701 ], [ 29.660201590935184, 60.803887617812933 ], [ 29.6608284277204, 60.803974682580531 ], [ 29.661520443004949, 60.804149458778184 ], [ 29.661533431340001, 60.804147682335611 ], [ 29.661666048530734, 60.804129540250237 ], [ 29.661861430527317, 60.804102811459046 ], [ 29.662112655862465, 60.803950533049289 ], [ 29.662065791080362, 60.803846288141102 ] ] ] ] } },
{ "type": "Feature", "properties": { }, "geometry": { "type": "MultiPolygon", "coordinates": [ [ [ [ 29.656443552213592, 60.804113583860811 ], [ 29.656675874445572, 60.804113053512694 ], [ 29.658449118159979, 60.80415443325662 ], [ 29.659636564173983, 60.804196763726644 ], [ 29.6600120751853, 60.804220803840749 ], [ 29.660169030459244, 60.804126495346168 ], [ 29.660121087588529, 60.804049193454432 ], [ 29.659653009885833, 60.803978831650788 ], [ 29.659602905273317, 60.80397535319257 ], [ 29.659587602415378, 60.803975206143761 ], [ 29.659518194239396, 60.803974539162155 ], [ 29.659213161837236, 60.803971607511336 ], [ 29.658755218051908, 60.8040077116991 ], [ 29.657294617386974, 60.803989338345744 ], [ 29.656152774909955, 60.803970906173269 ], [ 29.655560400139372, 60.803927462510579 ], [ 29.653936948655836, 60.803610375238073 ], [ 29.652613788086111, 60.803547710990891 ], [ 29.651980648289189, 60.803493684379127 ], [ 29.651153845386389, 60.803230190114562 ], [ 29.650836051139354, 60.803071538955791 ], [ 29.650819449374438, 60.803063250779928 ], [ 29.650790469852691, 60.803072088979015 ], [ 29.650587817583094, 60.803133892834452 ], [ 29.65176637194881, 60.804136833679856 ], [ 29.652553378919968, 60.804215935950232 ], [ 29.653708590275315, 60.804272334176929 ], [ 29.655584810693473, 60.804622926280906 ], [ 29.656443552213592, 60.804113583860811 ] ] ] ] } },
{ "type": "Feature", "properties": { }, "geometry": { "type": "MultiPolygon", "coordinates": [ [ [ [ 29.56694979224536, 60.719862322108135 ], [ 29.568858192036917, 60.719529611085783 ], [ 29.569201701908312, 60.719602173163871 ], [ 29.569427425163443, 60.71954696820368 ], [ 29.569801068024535, 60.719452062631568 ], [ 29.570219874966927, 60.719205947045324 ], [ 29.570458839611174, 60.718926558162721 ], [ 29.570565083065034, 60.718789039505872 ], [ 29.570810474004098, 60.718527912723232 ], [ 29.571103391301179, 60.718581461390471 ], [ 29.571478018763539, 60.718588718716852 ], [ 29.571589710360385, 60.718565092169463 ], [ 29.571846814918452, 60.718556494840932 ], [ 29.571956116507881, 60.718587230243124 ], [ 29.572186075302856, 60.718608427356486 ], [ 29.572247207316483, 60.718599681702578 ], [ 29.572216149834592, 60.718436771619636 ], [ 29.572214659360288, 60.718428920137974 ], [ 29.572081135953564, 60.718418523183125 ], [ 29.571942968903002, 60.718362208968522 ], [ 29.571738400285696, 60.718334154152252 ], [ 29.571582727191821, 60.718353514080476 ], [ 29.571390644571153, 60.718414417500767 ], [ 29.571158827180923, 60.718404048049038 ], [ 29.570908357052573, 60.718353564316089 ], [ 29.570682910834659, 60.718337270780957 ], [ 29.570549083362497, 60.718369828265701 ], [ 29.570418417098885, 60.71847128773495 ], [ 29.570120691831132, 60.718857475861718 ], [ 29.569893269140465, 60.719124620043104 ], [ 29.569778503432037, 60.719235224042905 ], [ 29.569579743674623, 60.719309032007736 ], [ 29.568992909339478, 60.719452700199277 ], [ 29.568798610716687, 60.719486299971592 ], [ 29.568284732977638, 60.719575153404975 ], [ 29.56712099658214, 60.719727974080087 ], [ 29.567120936122695, 60.719727982432389 ], [ 29.566776656441135, 60.71977319077844 ], [ 29.566626790102781, 60.719798831615073 ], [ 29.566566666999805, 60.719809117981768 ], [ 29.565496797786412, 60.719992155301547 ], [ 29.564917021054466, 60.720091341438987 ], [ 29.564073083681535, 60.72029022159726 ], [ 29.563507090521995, 60.720422105880772 ], [ 29.563022955083145, 60.720592760211424 ], [ 29.561710054581496, 60.720940478250199 ], [ 29.560812804746227, 60.721240590521049 ], [ 29.560410918838521, 60.72134621462569 ], [ 29.56023002229637, 60.721430175400165 ], [ 29.559972247825943, 60.721501361126386 ], [ 29.559692234545771, 60.721549967148853 ], [ 29.560248736006407, 60.721720532684138 ], [ 29.561016642271959, 60.721526979552372 ], [ 29.561599514988156, 60.721353497029853 ], [ 29.5625623921262, 60.721100019740518 ], [ 29.563425382121455, 60.720867942630782 ], [ 29.563910738450907, 60.720724408810803 ], [ 29.564009353649748, 60.720703838426523 ], [ 29.564128000137018, 60.720679092071116 ], [ 29.565542867468686, 60.720417693105034 ], [ 29.565539126826334, 60.720343469405826 ], [ 29.565530984215812, 60.720182835319044 ], [ 29.566485910303189, 60.719941360415227 ], [ 29.566947763652554, 60.719862671887526 ], [ 29.56694979224536, 60.719862322108135 ] ] ] ] } },
{ "type": "Feature", "properties": { }, "geometry": { "type": "MultiPolygon", "coordinates": [ [ [ [ 29.633580454795087, 60.731817939481118 ], [ 29.634057818565822, 60.731595228389267 ], [ 29.634196882336695, 60.731530348510091 ], [ 29.633978764024231, 60.731426767557195 ], [ 29.63344815241506, 60.73130129945396 ], [ 29.632992969839865, 60.731384337774145 ], [ 29.632991642510852, 60.731382742196402 ], [ 29.63296537564749, 60.731389371474812 ], [ 29.632908242209588, 60.731399793957422 ], [ 29.632608086063744, 60.731532402720397 ], [ 29.632533192121997, 60.731552448623759 ], [ 29.632225183826272, 60.731634887526404 ], [ 29.632580704896359, 60.73169335859982 ], [ 29.632842117756638, 60.731694655118126 ], [ 29.632851813941141, 60.731694702708822 ], [ 29.633194089164864, 60.731696399739064 ], [ 29.633580454795087, 60.731817939481118 ] ] ] ] } },
{ "type": "Feature", "properties": { }, "geometry": { "type": "MultiPolygon", "coordinates": [ [ [ [ 29.63326829709176, 60.73350053760273 ], [ 29.633139984418818, 60.733456951673233 ], [ 29.633135689122838, 60.733455493092826 ], [ 29.633055303493769, 60.733441650845052 ], [ 29.632821527999873, 60.733477273196186 ], [ 29.632502486518277, 60.733403296474116 ], [ 29.632101390658505, 60.733839487698994 ], [ 29.631267613010014, 60.73453792162595 ], [ 29.630742293582539, 60.734723384245356 ], [ 29.629894397618344, 60.735119447337119 ], [ 29.629840850197848, 60.735147887965461 ], [ 29.630217257405572, 60.735247193863557 ], [ 29.630650331291367, 60.735374227995585 ], [ 29.631032291684082, 60.735453854414502 ], [ 29.631360514056436, 60.735439360202903 ], [ 29.633084338185075, 60.73466145336986 ], [ 29.633846486664062, 60.733797682322084 ], [ 29.633371724307615, 60.733578086254674 ], [ 29.633319656885032, 60.733517984038784 ], [ 29.63326829709176, 60.73350053760273 ] ] ] ] } },
{ "type": "Feature", "properties": { }, "geometry": { "type": "MultiPolygon", "coordinates": [ [ [ [ 29.629144846199498, 60.734522686903929 ], [ 29.628548000356343, 60.734212872778265 ], [ 29.627504493676561, 60.734691365606658 ], [ 29.626719806683976, 60.735014120514265 ], [ 29.627538169698941, 60.735311651967841 ], [ 29.628060586819466, 60.735595545240912 ], [ 29.628104805619227, 60.735619574315209 ], [ 29.628112417489593, 60.735623710948367 ], [ 29.62811481145464, 60.735622686163751 ], [ 29.629774802743405, 60.734911573769857 ], [ 29.629823069315343, 60.734890790482552 ], [ 29.629144846199498, 60.734522686903929 ] ] ] ] } },
{ "type": "Feature", "properties": { }, "geometry": { "type": "MultiPolygon", "coordinates": [ [ [ [ 29.614083216547566, 60.740671513859063 ], [ 29.612697776492979, 60.740003962219582 ], [ 29.610531489977561, 60.740235733845566 ], [ 29.610637604530396, 60.740265913497836 ], [ 29.611554299961739, 60.74064020823711 ], [ 29.611758161956377, 60.740700137362111 ], [ 29.61206684671502, 60.740790880739887 ], [ 29.61231692687133, 60.740864395679786 ], [ 29.612343885206013, 60.740872321133899 ], [ 29.614028903292244, 60.740677850947385 ], [ 29.614029183578072, 60.740677817028171 ], [ 29.614083216547566, 60.740671513859063 ] ] ] ] } },
{ "type": "Feature", "properties": { }, "geometry": { "type": "MultiPolygon", "coordinates": [ [ [ [ 29.614201423043891, 60.741268936283383 ], [ 29.614027521311165, 60.740854762384927 ], [ 29.612468881898621, 60.74103311746385 ], [ 29.612372231077277, 60.741044176704094 ], [ 29.612680544400078, 60.741180711054035 ], [ 29.612987010303808, 60.741334750750042 ], [ 29.613062179164867, 60.741382461166289 ], [ 29.613075471772909, 60.741390898292238 ], [ 29.613927971647378, 60.741931990144536 ], [ 29.614151423344104, 60.741966900941883 ], [ 29.614325762739096, 60.74190109554366 ], [ 29.614336701778715, 60.741684874068888 ], [ 29.614201423043891, 60.741268936283383 ] ] ] ] } },
{ "type": "Feature", "properties": { }, "geometry": { "type": "MultiPolygon", "coordinates": [ [ [ [ 29.678703754750273, 60.705423376308815 ], [ 29.678801121665519, 60.705384324285383 ], [ 29.679202277281817, 60.705114720536464 ], [ 29.679367643487122, 60.704902368232688 ], [ 29.679669413728664, 60.704514845832819 ], [ 29.679269901324531, 60.704447474793653 ], [ 29.678923536767375, 60.704375731830211 ], [ 29.6787295892961, 60.704688796079225 ], [ 29.678494291123979, 60.704987774963307 ], [ 29.678228148647264, 60.70526078972118 ], [ 29.678364048241775, 60.705400705032318 ], [ 29.678298881872674, 60.705377832809496 ], [ 29.678279025168596, 60.705370548963181 ], [ 29.67811957419536, 60.705312057084278 ], [ 29.678113675510318, 60.705312828670259 ], [ 29.678113153435874, 60.705312645993288 ], [ 29.677852709620677, 60.705341941959411 ], [ 29.677631788289005, 60.705414933709797 ], [ 29.677282138202219, 60.705613776276117 ], [ 29.677276730481815, 60.705627613150497 ], [ 29.677272069027648, 60.705630354172079 ], [ 29.677238545191468, 60.705704898174574 ], [ 29.677244549004893, 60.705710001687066 ], [ 29.677417838587242, 60.705857300359966 ], [ 29.677812429232393, 60.706054808722129 ], [ 29.67793559452636, 60.705948074842176 ], [ 29.678531551780061, 60.705555477176596 ], [ 29.678695499462385, 60.705429708537174 ], [ 29.678703754750273, 60.705423376308815 ] ] ] ] } },
{ "type": "Feature", "properties": { }, "geometry": { "type": "MultiPolygon", "coordinates": [ [ [ [ 29.69820191459095, 60.699151731211138 ], [ 29.697965014682151, 60.698949553584072 ], [ 29.697891362465672, 60.698966514464708 ], [ 29.697886083123134, 60.698966517278144 ], [ 29.69783226558318, 60.698966559077711 ], [ 29.697319853138179, 60.698966948377105 ], [ 29.697276801774919, 60.698978150701748 ], [ 29.697212718549345, 60.698994826387043 ], [ 29.697030189862303, 60.699143297585643 ], [ 29.697030031651177, 60.699172101299446 ], [ 29.697029666355828, 60.69923899105995 ], [ 29.697029226184135, 60.699319458735928 ], [ 29.697131555051918, 60.699373041823179 ], [ 29.69743939149004, 60.69936862261099 ], [ 29.697470554404394, 60.699368175130815 ], [ 29.697781320341132, 60.699363713405312 ], [ 29.697803594120597, 60.699352940557461 ], [ 29.698164616742424, 60.699178334512673 ], [ 29.698208319645634, 60.699157198082887 ], [ 29.69820191459095, 60.699151731211138 ] ] ] ] } },
{ "type": "Feature", "properties": { }, "geometry": { "type": "MultiPolygon", "coordinates": [ [ [ [ 29.693359917084297, 60.698718973704587 ], [ 29.69334412750587, 60.698620702257699 ], [ 29.690646524204819, 60.699010885147651 ], [ 29.690293665413009, 60.69906506027003 ], [ 29.690778985651722, 60.699234647453444 ], [ 29.691734835162837, 60.699468466309533 ], [ 29.691927773132619, 60.699448846460221 ], [ 29.692125751848572, 60.699428713565858 ], [ 29.692296503230942, 60.699411348852131 ], [ 29.692914222622161, 60.699159539557208 ], [ 29.693359917084297, 60.698718973704587 ] ] ] ] } },
{ "type": "Feature", "properties": { }, "geometry": { "type": "MultiPolygon", "coordinates": [ [ [ [ 29.676385316949968, 60.706938393900344 ], [ 29.677191376612988, 60.706434042329732 ], [ 29.6771724152016, 60.706430980177615 ], [ 29.676626771105379, 60.70634285152935 ], [ 29.676391547753482, 60.706317651365531 ], [ 29.676125278169444, 60.706407954126348 ], [ 29.676046756584725, 60.706590830948606 ], [ 29.676034431846844, 60.706696521139591 ], [ 29.675689094253602, 60.706776080166911 ], [ 29.675121789261418, 60.706702827018226 ], [ 29.674799197243235, 60.706556796456589 ], [ 29.674021370971502, 60.707099387171077 ], [ 29.671877616843368, 60.708775549069735 ], [ 29.671112806613959, 60.709763769191774 ], [ 29.671498286256615, 60.709812695786702 ], [ 29.671571460980864, 60.709821982835713 ], [ 29.671634025814861, 60.709830768225892 ], [ 29.671852790362877, 60.709861488669695 ], [ 29.672061480154831, 60.709968281825596 ], [ 29.672438493119682, 60.710065714270073 ], [ 29.672677375907849, 60.710051027021215 ], [ 29.672745074129093, 60.709978691419401 ], [ 29.673521728914714, 60.709148808809005 ], [ 29.674190693988688, 60.708612225559527 ], [ 29.674820573656923, 60.708084283493086 ], [ 29.675454499166932, 60.70771103525496 ], [ 29.676385316949968, 60.706938393900344 ] ] ] ] } },
{ "type": "Feature", "properties": { }, "geometry": { "type": "MultiPolygon", "coordinates": [ [ [ [ 29.742997395000845, 60.668645398855745 ], [ 29.742752878796125, 60.668440584561019 ], [ 29.742533954921754, 60.668532359032234 ], [ 29.742159443537314, 60.66862847426107 ], [ 29.741504993353377, 60.66876918305676 ], [ 29.741644878986616, 60.66910947859872 ], [ 29.741680834437556, 60.669197015313593 ], [ 29.742834006559185, 60.668938750027046 ], [ 29.743167169058825, 60.668906902068592 ], [ 29.742997395000845, 60.668645398855745 ] ] ] ] } },
{ "type": "Feature", "properties": { }, "geometry": { "type": "MultiPolygon", "coordinates": [ [ [ [ 29.703370903082444, 60.696230362257452 ], [ 29.702854362908518, 60.696040476373284 ], [ 29.702411497175959, 60.696284242917677 ], [ 29.700761493532411, 60.696884454302868 ], [ 29.699040828539971, 60.697510324074479 ], [ 29.698363844678788, 60.697698912174545 ], [ 29.698210314113883, 60.69792200619041 ], [ 29.697728332993417, 60.698379747927028 ], [ 29.697539221825998, 60.698551189231829 ], [ 29.697524220321942, 60.698564789181056 ], [ 29.697621639560825, 60.698557372946496 ], [ 29.697637010160133, 60.698556327321711 ], [ 29.697969548775241, 60.698533697017176 ], [ 29.698418907554245, 60.698373189117618 ], [ 29.69902371461183, 60.698146812690382 ], [ 29.699577890527134, 60.697950927444516 ], [ 29.700122079787818, 60.69775270300849 ], [ 29.7006642575667, 60.69755894537019 ], [ 29.70135994844027, 60.697325327774735 ], [ 29.701519904549336, 60.697237508976919 ], [ 29.701738792502564, 60.696904750695353 ], [ 29.701862604194751, 60.696757354479246 ], [ 29.702105111005288, 60.696665367404954 ], [ 29.702840783529588, 60.696415060540055 ], [ 29.703357675238777, 60.696234969427046 ], [ 29.703370903082444, 60.696230362257452 ] ] ] ] } },
{ "type": "Feature", "properties": { }, "geometry": { "type": "MultiPolygon", "coordinates": [ [ [ [ 29.731882884953915, 60.708607636223469 ], [ 29.73013549507877, 60.706435011249127 ], [ 29.729821849601304, 60.706439548747696 ], [ 29.729365502639592, 60.706516109032968 ], [ 29.729319742097793, 60.70652378653908 ], [ 29.730989407646053, 60.708574024821814 ], [ 29.731097211801501, 60.708698646273575 ], [ 29.731118201214073, 60.708722910215833 ], [ 29.731127017591366, 60.708721581210064 ], [ 29.731882884953915, 60.708607636223469 ] ] ] ] } },
{ "type": "Feature", "properties": { }, "geometry": { "type": "MultiPolygon", "coordinates": [ [ [ [ 29.730611616743428, 60.708655440056354 ], [ 29.72899150087645, 60.706639576787317 ], [ 29.728701751352368, 60.706285433412248 ], [ 29.728643320520913, 60.706214014963088 ], [ 29.728642546714806, 60.706213068957027 ], [ 29.728131609948758, 60.706282691966017 ], [ 29.727717469172102, 60.706343256023551 ], [ 29.727715751212088, 60.706343507023654 ], [ 29.728219447003323, 60.706892576560271 ], [ 29.728693719030375, 60.707411557470479 ], [ 29.728931183529408, 60.707378140984616 ], [ 29.728957851301104, 60.70741105938437 ], [ 29.731692451662841, 60.710974046615227 ], [ 29.732460186166144, 60.711150395767582 ], [ 29.732456264231736, 60.711145213448873 ], [ 29.730656253934502, 60.708766615881622 ], [ 29.730721807483349, 60.708757222396798 ], [ 29.730611616743428, 60.708655440056354 ] ] ] ] } },
{ "type": "Feature", "properties": { }, "geometry": { "type": "MultiPolygon", "coordinates": [ [ [ [ 29.737070461140963, 60.742720400615596 ], [ 29.737117714259799, 60.743414960926366 ], [ 29.737126303626937, 60.743414868964969 ], [ 29.737502286804428, 60.743446196449135 ], [ 29.737707521485003, 60.743463934348334 ], [ 29.737829512401799, 60.743474476642795 ], [ 29.737831086052857, 60.743469356772096 ], [ 29.73783590361445, 60.743453686576593 ], [ 29.737781002513838, 60.74276092910133 ], [ 29.737153101176769, 60.742755252124141 ], [ 29.737159377208023, 60.742758860203281 ], [ 29.737319228898265, 60.742779444499689 ], [ 29.737176370464908, 60.742790541801881 ], [ 29.737114461366691, 60.742742750220984 ], [ 29.737070461140963, 60.742720400615596 ] ] ] ] } },
{ "type": "Feature", "properties": { }, "geometry": { "type": "MultiPolygon", "coordinates": [ [ [ [ 29.744867376242389, 60.752518829495294 ], [ 29.748190776545677, 60.752839751003577 ], [ 29.748238648496237, 60.752846307037053 ], [ 29.748133567524739, 60.752645184603146 ], [ 29.747792339035115, 60.752489985914266 ], [ 29.747443080269814, 60.752388180378645 ], [ 29.747385886135831, 60.752379135361103 ], [ 29.747247811192533, 60.752357298254687 ], [ 29.747289235304255, 60.752319567993105 ], [ 29.745813401309498, 60.752195067755601 ], [ 29.745536790206724, 60.752171731135299 ], [ 29.744877599333467, 60.752511192305654 ], [ 29.744867376242389, 60.752518829495294 ] ] ] ] } },
{ "type": "Feature", "properties": { }, "geometry": { "type": "MultiPolygon", "coordinates": [ [ [ [ 29.834587439792386, 60.707050111799404 ], [ 29.835471649168792, 60.706821278391878 ], [ 29.835979209449462, 60.706503421559511 ], [ 29.836013005100401, 60.706376131684451 ], [ 29.834777132519239, 60.706436686820247 ], [ 29.83477697034095, 60.706436731784557 ], [ 29.833408086372255, 60.70505079865967 ], [ 29.833175349324868, 60.704119649895901 ], [ 29.832974637631082, 60.704171831318646 ], [ 29.832976914611006, 60.704200917270988 ], [ 29.832860722513306, 60.704201446951529 ], [ 29.832141135216919, 60.7043171198113 ], [ 29.831462108782553, 60.704526171896894 ], [ 29.830943418604065, 60.704743717132978 ], [ 29.83027200485844, 60.705153230646509 ], [ 29.830026459846742, 60.705494728242314 ], [ 29.830068071976573, 60.705891715156106 ], [ 29.829654912380864, 60.70601161864991 ], [ 29.830399457174561, 60.706938579019621 ], [ 29.830600105065095, 60.706932853582821 ], [ 29.831111182699818, 60.707035234225508 ], [ 29.831289735763438, 60.707022668241812 ], [ 29.831756478656793, 60.707006600296573 ], [ 29.831729911423508, 60.707007779243376 ], [ 29.832393881103972, 60.707132038011721 ], [ 29.832960820081848, 60.707208337606893 ], [ 29.833719803624351, 60.707221819147669 ], [ 29.834587439792386, 60.707050111799404 ] ], [ [ 29.832823019131432, 60.705192029676724 ], [ 29.833077616088026, 60.7051120215541 ], [ 29.833142360180332, 60.705124648591479 ], [ 29.833427555391872, 60.705366842219291 ], [ 29.834122870542163, 60.706012145696015 ], [ 29.834266275862756, 60.706140135127882 ], [ 29.833345525029465, 60.706333586684309 ], [ 29.832214157381426, 60.706148066196398 ], [ 29.831955457185515, 60.705837753407714 ], [ 29.831861505750638, 60.705648092952799 ], [ 29.831993174076803, 60.705547956569148 ], [ 29.832011165931746, 60.705534307525262 ], [ 29.832011521442329, 60.705534037723325 ], [ 29.832031226818629, 60.70551908993464 ], [ 29.832206555235651, 60.705385751781094 ], [ 29.832823019131432, 60.705192029676724 ] ] ] ] } },
{ "type": "Feature", "properties": { }, "geometry": { "type": "MultiPolygon", "coordinates": [ [ [ [ 29.980079957693022, 60.674035952991744 ], [ 29.979267511055607, 60.673586945074582 ], [ 29.978817444583886, 60.673400046830501 ], [ 29.978367518560816, 60.673276022664005 ], [ 29.978129670712729, 60.673270304349536 ], [ 29.97791176811932, 60.67327770542537 ], [ 29.977170900915965, 60.673491888844737 ], [ 29.975639248372918, 60.67341688072522 ], [ 29.974949483090455, 60.673286109207815 ], [ 29.974693603354766, 60.67327127099238 ], [ 29.974418119156002, 60.673299206291851 ], [ 29.974144222940758, 60.673408988604947 ], [ 29.973746087776156, 60.673389119687229 ], [ 29.972997401976539, 60.673189045559248 ], [ 29.972859611263782, 60.673171074866538 ], [ 29.972364352058776, 60.673268259495678 ], [ 29.972074747012968, 60.673292092835638 ], [ 29.971723425357688, 60.673271563297568 ], [ 29.970373601704807, 60.673105006460908 ], [ 29.969674425520409, 60.673017053851133 ], [ 29.969664452302727, 60.673010866785461 ], [ 29.969660393357074, 60.67301035966846 ], [ 29.96951100790254, 60.672916509509093 ], [ 29.969375071074211, 60.672703499476476 ], [ 29.969259599629943, 60.672625571052322 ], [ 29.968325455281072, 60.672489198501431 ], [ 29.968056773477176, 60.672494215044544 ], [ 29.967774304648362, 60.672551025719599 ], [ 29.96745389670539, 60.672517736892225 ], [ 29.967219765738736, 60.672457136435682 ], [ 29.96667484858051, 60.67238127890446 ], [ 29.966114298606978, 60.672351211782143 ], [ 29.965760973478162, 60.672280747733126 ], [ 29.965690463680435, 60.672266892884728 ], [ 29.965220212593714, 60.672074396764387 ], [ 29.964724871361565, 60.671951769531475 ], [ 29.964581021630575, 60.671932745825643 ], [ 29.964378875648244, 60.671957205978963 ], [ 29.964004744896798, 60.671951457605331 ], [ 29.963597796218092, 60.671954448965209 ], [ 29.96315066450229, 60.6720739114945 ], [ 29.962890546813082, 60.672065007736855 ], [ 29.962716585950329, 60.672032786974313 ], [ 29.962698927246119, 60.672024629245648 ], [ 29.962690108363063, 60.672023400919286 ], [ 29.962689917520038, 60.672023479483251 ], [ 29.962358721619271, 60.67186890633711 ], [ 29.962083255210576, 60.671742170541222 ], [ 29.962018382602352, 60.671735659538491 ], [ 29.961826266372722, 60.671717599808495 ], [ 29.96130598746208, 60.671794830811514 ], [ 29.961292225300941, 60.671795218361176 ], [ 29.961243101698692, 60.671796603167607 ], [ 29.961053518550585, 60.671801947417741 ], [ 29.96093025237785, 60.671774116910584 ], [ 29.960840536176185, 60.671754168712859 ], [ 29.960698702915579, 60.671695298513683 ], [ 29.960344772027856, 60.671558004270679 ], [ 29.960200602754643, 60.671555123870235 ], [ 29.95963660890629, 60.671637782108945 ], [ 29.959335113066039, 60.671651519256585 ], [ 29.959016329222212, 60.671632193418176 ], [ 29.958299086588244, 60.671472190049656 ], [ 29.957624318128843, 60.671320482307578 ], [ 29.956209637002011, 60.671283044616871 ], [ 29.956206047663109, 60.671282142065543 ], [ 29.956034227443155, 60.671238943321413 ], [ 29.95558791308466, 60.671126729855779 ], [ 29.955046957909421, 60.670924104696155 ], [ 29.955042872940904, 60.670921670810451 ], [ 29.954647075877016, 60.670685898311874 ], [ 29.954518171089827, 60.670609111044506 ], [ 29.954496063188238, 60.670600923539801 ], [ 29.95431647606571, 60.670535434438371 ], [ 29.953921871296878, 60.670534495911404 ], [ 29.953550004756231, 60.670587617405211 ], [ 29.952327950567138, 60.67096575100696 ], [ 29.951711940131975, 60.670954173511163 ], [ 29.951506153730485, 60.671030485122948 ], [ 29.951465564734168, 60.671093058960807 ], [ 29.951428060880588, 60.671121721605694 ], [ 29.951295337803106, 60.671137698980637 ], [ 29.951101914319924, 60.671143240943842 ], [ 29.95098431600055, 60.671262126537869 ], [ 29.950907889412964, 60.671299483073348 ], [ 29.950619433383473, 60.671286351807773 ], [ 29.950503324397939, 60.671291473629346 ], [ 29.950355944206528, 60.671452053520106 ], [ 29.9501421100417, 60.671525308686107 ], [ 29.949844154450453, 60.67155601810537 ], [ 29.949450683556957, 60.67151814635185 ], [ 29.949242930618908, 60.671526574489285 ], [ 29.948996822267212, 60.671598752011136 ], [ 29.949449361392933, 60.671973692168372 ], [ 29.952597421826379, 60.671705593806536 ], [ 29.952929723038256, 60.671632998788844 ], [ 29.953568860056379, 60.67162996912586 ], [ 29.953565947530979, 60.671697312636866 ], [ 29.959681369964436, 60.672066205516913 ], [ 29.960483524778446, 60.672159401720158 ], [ 29.961251156697873, 60.672222295631059 ], [ 29.961463190229537, 60.672167207144767 ], [ 29.961566651487292, 60.672177513633869 ], [ 29.961912877164664, 60.67209735921606 ], [ 29.962094741233901, 60.672089157448404 ], [ 29.962101936849532, 60.67209028309702 ], [ 29.962112245177675, 60.672088769596058 ], [ 29.962321970704238, 60.672124740187904 ], [ 29.962412697021595, 60.672140301269572 ], [ 29.962419385444491, 60.672141447483853 ], [ 29.962422592104208, 60.672720787503771 ], [ 29.962422613439735, 60.67272469457545 ], [ 29.963997902792258, 60.672747404626364 ], [ 29.964004918134325, 60.672747504748003 ], [ 29.963998889177159, 60.672823236200834 ], [ 29.964464211150894, 60.672845103484555 ], [ 29.964782148131349, 60.672845868612313 ], [ 29.965092997573969, 60.672843656843639 ], [ 29.965409356305983, 60.672807629470888 ], [ 29.965731550407803, 60.672777661279611 ], [ 29.966011584713698, 60.672760262353158 ], [ 29.966030375420367, 60.67276351400119 ], [ 29.966629259301747, 60.672867142872313 ], [ 29.966674461322469, 60.672918720873753 ], [ 29.966762063079045, 60.67301867617023 ], [ 29.966768484122589, 60.673022354771739 ], [ 29.966868119358935, 60.673079438478268 ], [ 29.967285085920459, 60.673087052261522 ], [ 29.96746178289051, 60.673035184810836 ], [ 29.967468487067116, 60.673039186775831 ], [ 29.967652415430919, 60.673044180085476 ], [ 29.967710166336762, 60.673045748175007 ], [ 29.969215245842392, 60.673314578203183 ], [ 29.969215405807564, 60.673314606211299 ], [ 29.969716411747761, 60.673401284705641 ], [ 29.969735738710149, 60.673400517960509 ], [ 29.970081359886347, 60.673386803708922 ], [ 29.973738466354405, 60.673861968690311 ], [ 29.973754770956507, 60.673862466315086 ], [ 29.97375662608319, 60.673862522921034 ], [ 29.973784627900677, 60.67386337776977 ], [ 29.974266174319769, 60.673878084120219 ], [ 29.974759959966217, 60.67389696168194 ], [ 29.974776268860925, 60.673630143590394 ], [ 29.977161940850198, 60.673878671953403 ], [ 29.977404264529063, 60.673804123127368 ], [ 29.977564906460444, 60.67379322051454 ], [ 29.977949677532514, 60.673864295315653 ], [ 29.978214804937469, 60.673900351211763 ], [ 29.978573612053282, 60.673927658406036 ], [ 29.979135556814448, 60.673970423881293 ], [ 29.979366563845375, 60.673965638852493 ], [ 29.979500492179483, 60.673989364855714 ], [ 29.97992466763521, 60.674277449538586 ], [ 29.980013750422877, 60.674294494672061 ], [ 29.980059809420244, 60.67430298063865 ], [ 29.980059885814747, 60.674302995552601 ], [ 29.980912934535187, 60.674468844751765 ], [ 29.981186826479565, 60.674178615280297 ], [ 29.980701053755123, 60.674151229812573 ], [ 29.980372031942306, 60.674132878957018 ], [ 29.98035419021031, 60.674126958751984 ], [ 29.980352793352207, 60.674126495379902 ], [ 29.980079957693022, 60.674035952991744 ] ] ] ] } },
{ "type": "Feature", "properties": { }, "geometry": { "type": "MultiPolygon", "coordinates": [ [ [ [ 29.980083894561293, 60.689248753598747 ], [ 29.97958980477592, 60.689232201357719 ], [ 29.979534719798874, 60.68923558812174 ], [ 29.979330922283591, 60.689217376950559 ], [ 29.97920253550609, 60.689220074533438 ], [ 29.979278301088922, 60.689160267720773 ], [ 29.979077819176858, 60.689318398819019 ], [ 29.978636190877438, 60.689584632852977 ], [ 29.978552374751285, 60.689623554538002 ], [ 29.978840101603129, 60.689786545064564 ], [ 29.980464739691332, 60.689488106170799 ], [ 29.980492699298907, 60.689393452206829 ], [ 29.980245387578261, 60.689305915788218 ], [ 29.980219576665512, 60.689296779492203 ], [ 29.980083894561293, 60.689248753598747 ] ] ] ] } },
{ "type": "Feature", "properties": { }, "geometry": { "type": "MultiPolygon", "coordinates": [ [ [ [ 29.976688080570767, 60.68967921604937 ], [ 29.976293627053781, 60.68959850586851 ], [ 29.9761010497859, 60.689604629123032 ], [ 29.975961571139933, 60.689609065871181 ], [ 29.975753943020152, 60.689676446519186 ], [ 29.975679482154277, 60.689709814972048 ], [ 29.97550629897426, 60.689787421008461 ], [ 29.975294389747656, 60.689930571540273 ], [ 29.975257471455496, 60.690075026559839 ], [ 29.97528512283726, 60.690169029535262 ], [ 29.975635929761275, 60.690375064465272 ], [ 29.975813031429574, 60.690342537626798 ], [ 29.977122293326961, 60.689886474871656 ], [ 29.977146170693391, 60.689878157562227 ], [ 29.976688080570767, 60.68967921604937 ] ] ] ] } },
{ "type": "Feature", "properties": { }, "geometry": { "type": "MultiPolygon", "coordinates": [ [ [ [ 29.97583056998193, 60.691389583821724 ], [ 29.975814675486724, 60.691348535185554 ], [ 29.975134651299765, 60.691473452233403 ], [ 29.975113665800485, 60.691544800229337 ], [ 29.975144252519684, 60.691932811538635 ], [ 29.975145457006683, 60.691946008645424 ], [ 29.976079907312048, 60.691949082345957 ], [ 29.976053308083625, 60.691400088980934 ], [ 29.97583056998193, 60.691389583821724 ] ] ] ] } },
{ "type": "Feature", "properties": { }, "geometry": { "type": "MultiPolygon", "coordinates": [ [ [ [ 29.98157573648017, 60.697155580118327 ], [ 29.981123153572369, 60.697024539172077 ], [ 29.981083348699617, 60.697013014154969 ], [ 29.980954551060155, 60.696975721637834 ], [ 29.980397429959204, 60.69675012952635 ], [ 29.98024478661284, 60.696682144696666 ], [ 29.97905415547616, 60.696467949576927 ], [ 29.979315837216429, 60.696126327728088 ], [ 29.979301977063638, 60.696125013749104 ], [ 29.979287941480557, 60.696142029084278 ], [ 29.979093927407909, 60.696105283526549 ], [ 29.978670933693174, 60.696455937155186 ], [ 29.978804961046361, 60.696633203071762 ], [ 29.978680084140208, 60.697000153522026 ], [ 29.978443380178643, 60.697059506538196 ], [ 29.978973748173807, 60.697041202983286 ], [ 29.979127666650477, 60.697069782970409 ], [ 29.979751190765025, 60.697185558502241 ], [ 29.980446954738358, 60.697201590015503 ], [ 29.980897356868702, 60.697352155146064 ], [ 29.981853610349823, 60.697800528112296 ], [ 29.981551035390151, 60.697439115795589 ], [ 29.98157573648017, 60.697155580118327 ] ] ] ] } },
{ "type": "Feature", "properties": { }, "geometry": { "type": "MultiPolygon", "coordinates": [ [ [ [ 29.991746236151155, 60.704492954955022 ], [ 29.991327534981433, 60.704419049621976 ], [ 29.991156006030952, 60.704437161457399 ], [ 29.991036501259718, 60.704474984746724 ], [ 29.990903652418996, 60.704519159326068 ], [ 29.990928417220815, 60.704570907034281 ], [ 29.991071343945396, 60.704629948429663 ], [ 29.991069039816296, 60.704707288572379 ], [ 29.991119720828124, 60.704772114961905 ], [ 29.991249882361661, 60.704818171640156 ], [ 29.991353934686213, 60.704857594418527 ], [ 29.991550232522048, 60.704891230742298 ], [ 29.991720996342288, 60.704898898102542 ], [ 29.991880146613994, 60.7048549117577 ], [ 29.992013760786236, 60.704784956323778 ], [ 29.992042748094558, 60.704694913847582 ], [ 29.992058007483106, 60.704624112226917 ], [ 29.992046584418681, 60.704566013033919 ], [ 29.991746236151155, 60.704492954955022 ] ] ] ] } },
{ "type": "Feature", "properties": { }, "geometry": { "type": "MultiPolygon", "coordinates": [ [ [ [ 29.81884157518806, 60.705735058775716 ], [ 29.821341180184554, 60.70490312725623 ], [ 29.822258506568801, 60.704360522893346 ], [ 29.822758708139247, 60.703704338669809 ], [ 29.822839879425004, 60.70298959579867 ], [ 29.821760511364698, 60.702022612994597 ], [ 29.822144767346213, 60.701936062233528 ], [ 29.822510821299137, 60.701915362896919 ], [ 29.823175354091248, 60.701815932983074 ], [ 29.823934274438351, 60.701669323852407 ], [ 29.824419848380799, 60.701575515859311 ], [ 29.824714022210205, 60.701489585992242 ], [ 29.825465847112504, 60.701380543266808 ], [ 29.825419964880624, 60.701330806861463 ], [ 29.826080331953115, 60.701173838909369 ], [ 29.826179276880975, 60.701150323404597 ], [ 29.826670961090347, 60.701033437354411 ], [ 29.828093298736466, 60.700837578055207 ], [ 29.828446963580657, 60.700763603514197 ], [ 29.829129045229784, 60.700620940876789 ], [ 29.829780911680306, 60.700594977826221 ], [ 29.830200028615263, 60.700529823172047 ], [ 29.8298292412642, 60.700274328559345 ], [ 29.829656093333089, 60.700134219602361 ], [ 29.827992917374168, 60.700588621509937 ], [ 29.827111280027214, 60.700821764029392 ], [ 29.826451755799308, 60.70093300613452 ], [ 29.825776137495016, 60.700980236048146 ], [ 29.825303183691833, 60.701112997705891 ], [ 29.824992254168304, 60.701212188819902 ], [ 29.824392249830396, 60.701367832805815 ], [ 29.822739893052116, 60.701687288633039 ], [ 29.82186414350998, 60.701808664459882 ], [ 29.82122685869772, 60.701865177004606 ], [ 29.820849513893886, 60.70199972657047 ], [ 29.820422842829331, 60.70203106348076 ], [ 29.820152142293836, 60.702085668596233 ], [ 29.819915906062775, 60.702144557980716 ], [ 29.818978930475375, 60.702385163807634 ], [ 29.81776673430754, 60.702634418584097 ], [ 29.816953484943888, 60.70283014725824 ], [ 29.816426343468411, 60.70293846551899 ], [ 29.815831707733903, 60.702997309726939 ], [ 29.815247915092993, 60.703095164794028 ], [ 29.814877340049311, 60.70320979511181 ], [ 29.814709845880092, 60.703282231067668 ], [ 29.814238772985583, 60.703416968090046 ], [ 29.812567744367737, 60.703798017430557 ], [ 29.81150275150933, 60.704085392988063 ], [ 29.810186579362178, 60.704334692800664 ], [ 29.810180654165013, 60.704336156587942 ], [ 29.811011349818294, 60.705196031760281 ], [ 29.811039519369054, 60.705258746766226 ], [ 29.811249976313636, 60.705226240431266 ], [ 29.812326092128412, 60.705060023397699 ], [ 29.813223730075368, 60.704978516860471 ], [ 29.813333884790893, 60.704968519068551 ], [ 29.81330827012307, 60.704935169130053 ], [ 29.813367118980672, 60.704945793332953 ], [ 29.813875184457046, 60.704867552590265 ], [ 29.814867539797806, 60.705385015884438 ], [ 29.816090745805539, 60.705725568619279 ], [ 29.817799792389451, 60.705822568274485 ], [ 29.81884157518806, 60.705735058775716 ] ], [ [ 29.816362162983218, 60.703127372188483 ], [ 29.818353439793103, 60.702692975924727 ], [ 29.818438225311464, 60.702772735794596 ], [ 29.818952146713073, 60.703208366979581 ], [ 29.819128453884908, 60.703351220798453 ], [ 29.818841170412181, 60.703553870530442 ], [ 29.818704964842972, 60.703650576410112 ], [ 29.818301493873022, 60.703719423040297 ], [ 29.818210189928916, 60.703742182351085 ], [ 29.818111642434797, 60.703766763586906 ], [ 29.81792735078545, 60.703812737898225 ], [ 29.817689102828858, 60.703947597517171 ], [ 29.817481339194849, 60.704023028466452 ], [ 29.817256598340943, 60.703983431230917 ], [ 29.816965275589794, 60.703805046388162 ], [ 29.816695403323017, 60.703589144752996 ], [ 29.816639581431492, 60.703406938007198 ], [ 29.816362162983218, 60.703127372188483 ] ] ] ] } },
{ "type": "Feature", "properties": { }, "geometry": { "type": "MultiPolygon", "coordinates": [ [ [ [ 29.685568602567152, 60.782199232919133 ], [ 29.685831736157049, 60.781737347494477 ], [ 29.68540313390935, 60.781892950840231 ], [ 29.685382650353571, 60.78191808189338 ], [ 29.685311298459332, 60.782019212464988 ], [ 29.685156037500658, 60.78222933612124 ], [ 29.685110865693417, 60.782287796724894 ], [ 29.685007533040487, 60.78237165794927 ], [ 29.684856635688408, 60.782471038613089 ], [ 29.684563712390503, 60.782600021274945 ], [ 29.684461833234568, 60.782646966128958 ], [ 29.684421211666013, 60.782693492102609 ], [ 29.684364932528336, 60.782722904498527 ], [ 29.684296212674088, 60.782757188183822 ], [ 29.68357346841718, 60.783069747423859 ], [ 29.683135951440132, 60.783241277583905 ], [ 29.682772214817238, 60.78340551791738 ], [ 29.682684771592559, 60.783448605329951 ], [ 29.682257204814945, 60.783678112848676 ], [ 29.682033724277105, 60.7838057497421 ], [ 29.681844586565898, 60.78399345915701 ], [ 29.681991427036987, 60.783995138257914 ], [ 29.682312621190547, 60.783922463506556 ], [ 29.682532424846457, 60.783796925235364 ], [ 29.682950902791575, 60.7835722953524 ], [ 29.683632405505303, 60.783276702716449 ], [ 29.684304084880971, 60.782993405508762 ], [ 29.685568602567152, 60.782199232919133 ] ] ] ] } },
{ "type": "Feature", "properties": { }, "geometry": { "type": "MultiPolygon", "coordinates": [ [ [ [ 29.676867039048073, 60.787666031923223 ], [ 29.67693936579586, 60.787616284957672 ], [ 29.677135332994716, 60.787650820240223 ], [ 29.677234028902287, 60.787668217539192 ], [ 29.677327394340839, 60.787726619350813 ], [ 29.677393303048927, 60.787767828883986 ], [ 29.677471682575472, 60.787772525711773 ], [ 29.677662241263931, 60.78769792419029 ], [ 29.678011751996657, 60.787555065517125 ], [ 29.678355009043379, 60.787408605961943 ], [ 29.678692015805083, 60.787258723055224 ], [ 29.679022484335718, 60.787105602697899 ], [ 29.679346545059978, 60.786948881667925 ], [ 29.679600530232417, 60.786821435461569 ], [ 29.679975226707331, 60.786626261681562 ], [ 29.68023258263597, 60.786488007098889 ], [ 29.674849420235851, 60.787755424734314 ], [ 29.674807588071971, 60.787788186187193 ], [ 29.67467721549335, 60.787849864146125 ], [ 29.674615463844859, 60.787879073268165 ], [ 29.674612528759397, 60.78788016205516 ], [ 29.674591344160905, 60.787888019208189 ], [ 29.674357585138775, 60.787974708140105 ], [ 29.674320617699426, 60.788104900075382 ], [ 29.674253290045797, 60.788285970608825 ], [ 29.674308594504883, 60.788477404859897 ], [ 29.674344617174214, 60.788509031229729 ], [ 29.674353305445202, 60.788516662390712 ], [ 29.674354719374882, 60.788532272078776 ], [ 29.674365421081109, 60.788650887783945 ], [ 29.674237020866038, 60.788756114460327 ], [ 29.674043663748492, 60.788872641807949 ], [ 29.674265950603541, 60.7888149758585 ], [ 29.674663691862893, 60.788706434386441 ], [ 29.675056971970122, 60.788593908224748 ], [ 29.675444891447711, 60.78847749909518 ], [ 29.675828195889665, 60.788357017642475 ], [ 29.675857458041378, 60.788347392357096 ], [ 29.676035695943252, 60.788274625693276 ], [ 29.676103651842947, 60.788123259225173 ], [ 29.676094121762301, 60.788060015474684 ], [ 29.676088231490706, 60.788020848773435 ], [ 29.676078633672049, 60.787963607353475 ], [ 29.67607212959263, 60.78792478299485 ], [ 29.676080007262804, 60.787900817036906 ], [ 29.676083014282167, 60.787891683225745 ], [ 29.676659753744261, 60.787891918643318 ], [ 29.676741012462983, 60.787891951497542 ], [ 29.676772627220817, 60.787808645925359 ], [ 29.676776984645265, 60.787797173264011 ], [ 29.676782915006186, 60.787786679425849 ], [ 29.676840956151082, 60.787683981878054 ], [ 29.676867039048073, 60.787666031923223 ] ] ] ] } },
{ "type": "Feature", "properties": { }, "geometry": { "type": "MultiPolygon", "coordinates": [ [ [ [ 29.937765508213676, 60.671218601942329 ], [ 29.939514692004391, 60.671153621519984 ], [ 29.93952903224962, 60.671166698110504 ], [ 29.939529939931948, 60.671167161810999 ], [ 29.940329357710958, 60.671575585154642 ], [ 29.941056243074168, 60.671918329478181 ], [ 29.941726579122246, 60.67204898014095 ], [ 29.941727890497354, 60.672044126213805 ], [ 29.941728776067194, 60.672044655253409 ], [ 29.94185395904077, 60.671578832424871 ], [ 29.942437763012791, 60.671669682945598 ], [ 29.94351323494713, 60.671683712231236 ], [ 29.944099032965948, 60.671612084104773 ], [ 29.94463356689484, 60.671507213989536 ], [ 29.944867346836247, 60.671497168408088 ], [ 29.945158273568239, 60.671522762506221 ], [ 29.945754264002659, 60.671625540445859 ], [ 29.94605249136745, 60.671724305243089 ], [ 29.946116307747463, 60.671745439244219 ], [ 29.946376912050617, 60.671615190456315 ], [ 29.946152813238292, 60.671540975917367 ], [ 29.946127417261739, 60.671532564825881 ], [ 29.945928943452973, 60.671466835954348 ], [ 29.945718602006664, 60.671423632153939 ], [ 29.945429676961108, 60.671364287819493 ], [ 29.944883962492138, 60.671316279377713 ], [ 29.944547859953246, 60.671330721562683 ], [ 29.944430800236201, 60.671353687656556 ], [ 29.943763943868902, 60.671484517341881 ], [ 29.943409094066276, 60.671509755182029 ], [ 29.943256280449017, 60.671520622733453 ], [ 29.942708087654609, 60.671499887532605 ], [ 29.942465888853693, 60.671490726198613 ], [ 29.941902132265177, 60.671399570303812 ], [ 29.941650208948296, 60.671358834814171 ], [ 29.941236906896577, 60.671239951060869 ], [ 29.940650576917559, 60.670930137405705 ], [ 29.939886319671416, 60.67058604429522 ], [ 29.939596060779675, 60.670501018067355 ], [ 29.939441314253241, 60.670482322129189 ], [ 29.938988103999566, 60.67042756589489 ], [ 29.938831688876412, 60.670398704501551 ], [ 29.938694844648523, 60.670373453557204 ], [ 29.938027984495456, 60.670102940940168 ], [ 29.937277344919899, 60.669909637269768 ], [ 29.936496324369603, 60.669841849397422 ], [ 29.935879556983817, 60.669855145017799 ], [ 29.935212621741879, 60.66997584224913 ], [ 29.934529555814674, 60.669962681120538 ], [ 29.933156488884581, 60.669898367181702 ], [ 29.931932105492187, 60.669828183150194 ], [ 29.931574885477122, 60.669867385793914 ], [ 29.931223769622914, 60.669906632136325 ], [ 29.930533509460783, 60.670096380880153 ], [ 29.930556613084381, 60.670110655455396 ], [ 29.930766007811631, 60.670270376993351 ], [ 29.930779314498288, 60.670234551149342 ], [ 29.931187879210679, 60.670122239386984 ], [ 29.931951343904394, 60.670009994931974 ], [ 29.932548389664998, 60.670044219938156 ], [ 29.933494290184345, 60.670094495141242 ], [ 29.934700457534902, 60.670145600572809 ], [ 29.935339221930512, 60.670144239928604 ], [ 29.935952622250351, 60.670033231179225 ], [ 29.936632744798892, 60.67003596504243 ], [ 29.937157651248583, 60.67008152345791 ], [ 29.937824232787371, 60.670253180757484 ], [ 29.938461731189641, 60.670511783558631 ], [ 29.938897867847107, 60.670591141763623 ], [ 29.939136884306169, 60.670809102617106 ], [ 29.938362212965909, 60.670838285835949 ], [ 29.937641815027945, 60.670864102341739 ], [ 29.93715520557954, 60.670923797379473 ], [ 29.935623155663912, 60.671112984846928 ], [ 29.934914969293178, 60.671255441145227 ], [ 29.934557612390787, 60.671343105106544 ], [ 29.934202356630497, 60.671531165184874 ], [ 29.934006797257361, 60.671869209527628 ], [ 29.934100342424617, 60.672109172595725 ], [ 29.93434649896777, 60.672395264030115 ], [ 29.934611387962789, 60.672599817384388 ], [ 29.93415215012411, 60.672852982731804 ], [ 29.937090849725426, 60.6750939208952 ], [ 29.938479353413985, 60.675087030354554 ], [ 29.936594067020451, 60.673473085672143 ], [ 29.935713626506175, 60.6727663355761 ], [ 29.935300365928349, 60.672462423948332 ], [ 29.934981364988218, 60.672216088950599 ], [ 29.934746783314218, 60.671936561537578 ], [ 29.934819731745417, 60.67172813362415 ], [ 29.935064637077787, 60.67161370011425 ], [ 29.935828000943474, 60.671457861656997 ], [ 29.937765508213676, 60.671218601942329 ] ] ] ] } },
{ "type": "Feature", "properties": { }, "geometry": { "type": "MultiPolygon", "coordinates": [ [ [ [ 29.88435190046491, 60.68198030934726 ], [ 29.884180837589476, 60.681861180186971 ], [ 29.884082044230048, 60.68183344765707 ], [ 29.88396814924414, 60.681831543118889 ], [ 29.883871935730699, 60.681848741024631 ], [ 29.883790099439313, 60.68186206261128 ], [ 29.883680209318623, 60.68186218586758 ], [ 29.883371808608683, 60.68183478005848 ], [ 29.882999459954853, 60.681771931343825 ], [ 29.882556008492639, 60.681705522492443 ], [ 29.882521505301344, 60.681641372314054 ], [ 29.882580914903485, 60.681567991513234 ], [ 29.882761827145846, 60.68151254624977 ], [ 29.882991426517979, 60.68146147905253 ], [ 29.883309715287648, 60.681436069990262 ], [ 29.883665992817015, 60.681430922235691 ], [ 29.883830413774341, 60.681443210039106 ], [ 29.883995648197523, 60.681492431336672 ], [ 29.884251923656077, 60.681619223402699 ], [ 29.884462000452899, 60.681912321337258 ], [ 29.884764840317001, 60.68223110696583 ], [ 29.884951470208829, 60.682310437688763 ], [ 29.88512429650752, 60.682314804286534 ], [ 29.885412239081589, 60.682284160237558 ], [ 29.885735722239154, 60.682224851900564 ], [ 29.886076432189675, 60.682136737141512 ], [ 29.886825588258123, 60.681881201752681 ], [ 29.887596201414059, 60.681530020574435 ], [ 29.888314754852129, 60.681152474134613 ], [ 29.889502149805068, 60.680625938313725 ], [ 29.889532831979391, 60.680559313505739 ], [ 29.889601339547887, 60.680517938424614 ], [ 29.889783776561732, 60.680415586159157 ], [ 29.890004568208404, 60.680260642737878 ], [ 29.890046006446692, 60.680176139329035 ], [ 29.890180371311253, 60.680112329429271 ], [ 29.890546246487766, 60.679876694194007 ], [ 29.891142483241467, 60.679566030886782 ], [ 29.891779488284548, 60.679252694841402 ], [ 29.892283866136079, 60.679012160668982 ], [ 29.892636852538722, 60.678796379696912 ], [ 29.893132980689614, 60.678496892444976 ], [ 29.893233211302633, 60.678480717914965 ], [ 29.8933246852169, 60.678483435818592 ], [ 29.893392867551487, 60.678513914294577 ], [ 29.89344576483974, 60.678638087890789 ], [ 29.893366814006846, 60.67887399864285 ], [ 29.893191630082324, 60.679128111894968 ], [ 29.892848724901157, 60.679470724494919 ], [ 29.89260246566241, 60.679720285356801 ], [ 29.892537707593977, 60.679895426724201 ], [ 29.892667087779667, 60.67998327736904 ], [ 29.892905557493926, 60.679971188465181 ], [ 29.89317003797499, 60.679848521427886 ], [ 29.893331781799827, 60.67969410277388 ], [ 29.893473017257229, 60.679544514423213 ], [ 29.893603365743669, 60.679478675001192 ], [ 29.893711413361771, 60.67947254065075 ], [ 29.893792325885247, 60.679487151856456 ], [ 29.893824682137009, 60.679555272717778 ], [ 29.89379621782415, 60.67967880450238 ], [ 29.893506097118649, 60.679962952010108 ], [ 29.893533504988721, 60.680057980207287 ], [ 29.893649855982453, 60.680108800117473 ], [ 29.893827037063421, 60.680104208989434 ], [ 29.89404785162947, 60.680072017180436 ], [ 29.894231322434923, 60.679999609420577 ], [ 29.894509409869382, 60.679834131484789 ], [ 29.894920167489772, 60.679593849502297 ], [ 29.895272158728162, 60.679418239909388 ], [ 29.896028908704597, 60.679040686943473 ], [ 29.896132709927368, 60.678977630408305 ], [ 29.896205210688859, 60.678938279491042 ], [ 29.896385027566247, 60.678852865073566 ], [ 29.896550731830793, 60.678763347103946 ], [ 29.896670676412164, 60.678704407652567 ], [ 29.896809818919163, 60.678680551774384 ], [ 29.897031142872049, 60.678632389967454 ], [ 29.897348921271309, 60.678559037819895 ], [ 29.897547726140409, 60.678452813187555 ], [ 29.897650594135815, 60.678355815420431 ], [ 29.897763144179091, 60.678273862830729 ], [ 29.898138071979954, 60.678070215009534 ], [ 29.898321522029644, 60.677997801574264 ], [ 29.898365511256749, 60.677959223781549 ], [ 29.898491677346222, 60.677896341155751 ], [ 29.899826850400469, 60.677259094081222 ], [ 29.901422935737159, 60.676667792516447 ], [ 29.901564359678527, 60.676635965006248 ], [ 29.902158251405954, 60.676392102792882 ], [ 29.902151315215395, 60.6763551214746 ], [ 29.902115870442724, 60.676318915167791 ], [ 29.902039482930348, 60.676290372998956 ], [ 29.901933876388981, 60.676284556274922 ], [ 29.901791296483317, 60.676289428837777 ], [ 29.90156834927005, 60.676325608770512 ], [ 29.900263535875464, 60.676532957506005 ], [ 29.898892586634286, 60.676708835867139 ], [ 29.898303794435911, 60.676733157632512 ], [ 29.897649600694049, 60.676704064805534 ], [ 29.896400673826957, 60.67669424508054 ], [ 29.895956591202317, 60.676710712216376 ], [ 29.895219806542784, 60.676780761742776 ], [ 29.894771031392292, 60.676816149596192 ], [ 29.894058748111618, 60.676883391579899 ], [ 29.893374129068434, 60.677037677181595 ], [ 29.892966727528947, 60.677176182203233 ], [ 29.89271657325909, 60.677296965806214 ], [ 29.892513719291141, 60.677457887608043 ], [ 29.893139150951651, 60.677329537104001 ], [ 29.895503582864173, 60.676844199639632 ], [ 29.897554467580573, 60.676797054839874 ], [ 29.8992166364065, 60.676802477680731 ], [ 29.900547047945263, 60.676600638705949 ], [ 29.90078163022179, 60.676757753115332 ], [ 29.897816360200999, 60.677798536426096 ], [ 29.896546639008335, 60.677709121679619 ], [ 29.895629183182926, 60.677199721579562 ], [ 29.894892329876463, 60.677154874796841 ], [ 29.894354226392316, 60.67724308229532 ], [ 29.894434814256499, 60.677436242428222 ], [ 29.893993228722202, 60.677761714013869 ], [ 29.893269905717368, 60.678029313321872 ], [ 29.893035114041812, 60.678046757991751 ], [ 29.892178356233234, 60.67897838458773 ], [ 29.889201806423102, 60.680319122509651 ], [ 29.88780987657303, 60.681131146634812 ], [ 29.887189616812197, 60.681432740424725 ], [ 29.886272694854803, 60.681795253022671 ], [ 29.885291184151868, 60.68225642570593 ], [ 29.884808445353475, 60.681690719370231 ], [ 29.88442883550897, 60.681548579013928 ], [ 29.883983252297899, 60.681381678641408 ], [ 29.882796589418273, 60.681461086378441 ], [ 29.881952369256489, 60.681616365404508 ], [ 29.880615626049817, 60.681447729865113 ], [ 29.880399757435942, 60.681528132307399 ], [ 29.880737290301603, 60.681696874702652 ], [ 29.882016271399287, 60.681896911631696 ], [ 29.883213680956377, 60.681935624649832 ], [ 29.88402547235011, 60.682152115252755 ], [ 29.884056364018555, 60.682324691293616 ], [ 29.884331246715103, 60.682051004947375 ], [ 29.88435190046491, 60.68198030934726 ] ] ] ] } },
{ "type": "Feature", "properties": { }, "geometry": { "type": "MultiPolygon", "coordinates": [ [ [ [ 29.884534832534978, 60.671881265586237 ], [ 29.885179379311751, 60.671522272181072 ], [ 29.885519904318997, 60.671552149509523 ], [ 29.885519976334706, 60.671536685402039 ], [ 29.885604209534403, 60.671411634550644 ], [ 29.885992717805593, 60.671224507145418 ], [ 29.88609942529035, 60.67120756312557 ], [ 29.886222384175532, 60.671188038499182 ], [ 29.886568221932396, 60.671170366165597 ], [ 29.886904425916939, 60.671184626737187 ], [ 29.887087621629249, 60.671226793791227 ], [ 29.887553146694597, 60.6710056717125 ], [ 29.887461824039573, 60.67091886270142 ], [ 29.887139530364951, 60.670760611708026 ], [ 29.886693891658023, 60.670703179237762 ], [ 29.885970629770537, 60.67086011391175 ], [ 29.88495563211114, 60.671350063644681 ], [ 29.882926085366702, 60.672497614371458 ], [ 29.882322163038168, 60.672673446156558 ], [ 29.88198065121453, 60.672728240839341 ], [ 29.88197170430654, 60.672752099186226 ], [ 29.881925901683331, 60.672922749352757 ], [ 29.882043305585142, 60.673013477962584 ], [ 29.882097725971271, 60.673055553999305 ], [ 29.882062707177958, 60.673064312838576 ], [ 29.88211272933076, 60.673065149576637 ], [ 29.883085465752352, 60.672766938852909 ], [ 29.883119396296397, 60.672705800841584 ], [ 29.884534832534978, 60.671881265586237 ] ] ] ] } }
]
}
