{
"type": "FeatureCollection",
"name": "Сосново-Игора, АГО ЗОУИТ вычтены",
"crs": { "type": "name", "properties": { "name": "urn:ogc:def:crs:OGC:1.3:CRS84" } },
"features": [
{ "type": "Feature", "properties": { }, "geometry": { "type": "Polygon", "coordinates": [ [ [ 30.359311973411362, 60.59078946333387 ], [ 30.35931739555458, 60.590772344865947 ], [ 30.359304206325913, 60.590755144149433 ], [ 30.359263728279252, 60.590743387386311 ], [ 30.35920473983683, 60.590745998696619 ], [ 30.359137845170892, 60.590761858170666 ], [ 30.35906796991376, 60.590771062864214 ], [ 30.359014164223815, 60.590769658211478 ], [ 30.358952590937065, 60.590753948789278 ], [ 30.358920591322846, 60.590727600008876 ], [ 30.358899176316491, 60.590701208278951 ], [ 30.358882758418403, 60.590670979354414 ], [ 30.358864287510421, 60.590643254374449 ], [ 30.358842887711852, 60.590626017298682 ], [ 30.358808018780618, 60.590616887981696 ], [ 30.35874604844718, 60.590612934080845 ], [ 30.358686997545508, 60.590608993066681 ], [ 30.358622909900401, 60.590601080700019 ], [ 30.358588019719424, 60.590593117993684 ], [ 30.358553066926063, 60.590578603181754 ], [ 30.358520678259328, 60.590553598846164 ], [ 30.358510369315614, 60.590528602462321 ], [ 30.358510145098926, 60.590500958177188 ], [ 30.358507738369262, 60.590492869941066 ], [ 30.358453077114955, 60.590508334453816 ], [ 30.358361342970198, 60.590525429869295 ], [ 30.358181364879101, 60.590488553210548 ], [ 30.358124523304099, 60.590463620005913 ], [ 30.35811028135765, 60.590464095445128 ], [ 30.358022192954238, 60.590461461562214 ], [ 30.357941475374641, 60.59045491122874 ], [ 30.357837057352988, 60.590427254123803 ], [ 30.357769777983695, 60.590394376439384 ], [ 30.357678643891298, 60.590358790232258 ], [ 30.357600905264366, 60.590339059502085 ], [ 30.357558227362137, 60.590317958368516 ], [ 30.357525744350994, 60.590298158925542 ], [ 30.357523783314949, 60.590295637205934 ], [ 30.35739053548691, 60.590277904060429 ], [ 30.357274626299166, 60.590279903133087 ], [ 30.356990882980675, 60.590309339389989 ], [ 30.35678285726739, 60.590349252978228 ], [ 30.356408195271612, 60.590430788771577 ], [ 30.356263494143974, 60.590470354508831 ], [ 30.35615277855792, 60.590507468311351 ], [ 30.355896374575281, 60.590637814058873 ], [ 30.355840092640786, 60.590681811112937 ], [ 30.355726250636636, 60.590829394112305 ], [ 30.355619423672739, 60.590823623801775 ], [ 30.355527420247469, 60.590825458416845 ], [ 30.355413823272443, 60.590830607450343 ], [ 30.355046173469315, 60.590887578874721 ], [ 30.354962898363361, 60.590910902435986 ], [ 30.354849446104641, 60.590947823481024 ], [ 30.354707223951308, 60.590941715334552 ], [ 30.354490067794536, 60.590951877134636 ], [ 30.35422602126809, 60.590991357659782 ], [ 30.354112734933882, 60.591019213973183 ], [ 30.353804729119819, 60.591156595510178 ], [ 30.353727996001613, 60.59121100132591 ], [ 30.353643613819386, 60.591304145395142 ], [ 30.353541883253012, 60.591437510188115 ], [ 30.353415210700792, 60.591439098894014 ], [ 30.353316885565231, 60.591447186346578 ], [ 30.35309991212462, 60.591417587029646 ], [ 30.352944024701131, 60.591410249225554 ], [ 30.352701060625087, 60.591424421394329 ], [ 30.352430802521678, 60.591473832992584 ], [ 30.352213577077443, 60.591556599349559 ], [ 30.35208528318983, 60.59157675800131 ], [ 30.351949254448368, 60.591571123388299 ], [ 30.351748518736617, 60.591581174716893 ], [ 30.351644663888624, 60.591592197975373 ], [ 30.351457415149245, 60.591622862219786 ], [ 30.351245542008673, 60.591672622613352 ], [ 30.35099532550149, 60.591743212581065 ], [ 30.350814049742329, 60.591786288333218 ], [ 30.3504858799927, 60.591858502409224 ], [ 30.350115627982333, 60.591926757285826 ], [ 30.349756538016113, 60.591875333424376 ], [ 30.349560286561417, 60.59186978493706 ], [ 30.349411674027017, 60.591873515073196 ], [ 30.349314498096636, 60.591878553218663 ], [ 30.348752535607225, 60.591922607396391 ], [ 30.34847358221392, 60.591968022866872 ], [ 30.34836172558856, 60.591997047526782 ], [ 30.348026043321617, 60.592158703537912 ], [ 30.347928472570011, 60.592204485863284 ], [ 30.347595833746912, 60.592182972679851 ], [ 30.347213490003188, 60.592223880741692 ], [ 30.34710259727937, 60.592250036667458 ], [ 30.346906332377912, 60.592323375381781 ], [ 30.346793967484206, 60.592379501253241 ], [ 30.346669701172083, 60.592447510199037 ], [ 30.346334074319955, 60.592615265312212 ], [ 30.346237704163244, 60.592625869432148 ], [ 30.346063132828455, 60.592631812130115 ], [ 30.345899142980716, 60.592647675035956 ], [ 30.345762389354483, 60.592592757548758 ], [ 30.345474542712122, 60.592537425927937 ], [ 30.345236158855602, 60.592520730924797 ], [ 30.345129732942272, 60.59252258289969 ], [ 30.344880555810402, 60.592546316138801 ], [ 30.344718168795993, 60.592574031990424 ], [ 30.344576029429639, 60.592602198358811 ], [ 30.344434696294208, 60.59263602254493 ], [ 30.344151983825011, 60.59276452146905 ], [ 30.343944206119332, 60.592731089687398 ], [ 30.343490417164748, 60.592669257236281 ], [ 30.343374491886365, 60.592671603219522 ], [ 30.342925499849152, 60.592743160681216 ], [ 30.342590879271913, 60.592904718208892 ], [ 30.342481686860111, 60.592927467505071 ], [ 30.34229317093768, 60.592995539392284 ], [ 30.342091483332979, 60.593113811704939 ], [ 30.342039420871089, 60.593155398915819 ], [ 30.341932197156236, 60.593170438129462 ], [ 30.341785869279548, 60.593197864483137 ], [ 30.341631682892757, 60.593235576283163 ], [ 30.341357751876352, 60.593352351916614 ], [ 30.341281649899244, 60.593400919707811 ], [ 30.34118066453863, 60.593481953758705 ], [ 30.341074205769896, 60.593591952392337 ], [ 30.34103273851175, 60.593642562585352 ], [ 30.340868839703074, 60.593866283207404 ], [ 30.340525947722384, 60.593913634571443 ], [ 30.340434096370796, 60.593935922765638 ], [ 30.340204815170658, 60.594026423095968 ], [ 30.340133202877499, 60.594068997399177 ], [ 30.339975653313385, 60.594100858140742 ], [ 30.339798343131495, 60.594164400369976 ], [ 30.339672796522127, 60.594231409756375 ], [ 30.339588193882097, 60.594256333249902 ], [ 30.339417426081837, 60.594321251118743 ], [ 30.339240534352257, 60.594410822333145 ], [ 30.339079536727038, 60.59442220302838 ], [ 30.338861311321587, 60.594458452203646 ], [ 30.338725648300716, 60.594490860296013 ], [ 30.338612070777543, 60.594523100012736 ], [ 30.338312889203785, 60.594622880762792 ], [ 30.338194395582104, 60.594654469373538 ], [ 30.338078330831486, 60.594692710577647 ], [ 30.33800442278201, 60.594721361824952 ], [ 30.337812696615298, 60.594822979642522 ], [ 30.337731640639745, 60.594882113368712 ], [ 30.337661499606874, 60.594943092066906 ], [ 30.337475264796918, 60.595140050194665 ], [ 30.33725205427368, 60.595342672399603 ], [ 30.336989237381538, 60.595391279284691 ], [ 30.336904085578553, 60.595416019071308 ], [ 30.336605407887454, 60.595536620589769 ], [ 30.336322429032688, 60.595656934511602 ], [ 30.336221478537258, 60.595725489612185 ], [ 30.33614217879218, 60.595759141142501 ], [ 30.335994526193851, 60.595788170636538 ], [ 30.335884345594231, 60.595814141080524 ], [ 30.335652824575394, 60.595905879887717 ], [ 30.335566138781964, 60.595953588053177 ], [ 30.335460577362888, 60.596024544669774 ], [ 30.335398165957056, 60.596081788180392 ], [ 30.335270492646611, 60.596182978847878 ], [ 30.335120171160952, 60.596237035659975 ], [ 30.335018065537717, 60.596279736237229 ], [ 30.334870270564377, 60.596344843775526 ], [ 30.334475233656384, 60.596387541958855 ], [ 30.334345815993334, 60.596417192110799 ], [ 30.334100820468112, 60.596516405284326 ], [ 30.334030143017745, 60.596557095880307 ], [ 30.333938042176282, 60.596620574237356 ], [ 30.333876643224563, 60.596681950260404 ], [ 30.333841881153834, 60.596724691056373 ], [ 30.333808730224689, 60.596807378499626 ], [ 30.33353612525276, 60.596851535720987 ], [ 30.333252352203008, 60.596907039251981 ], [ 30.333140700473489, 60.596933269916192 ], [ 30.333033446596808, 60.596968136888556 ], [ 30.332939136194859, 60.597003781530454 ], [ 30.332671378476146, 60.597166700055112 ], [ 30.332626134668093, 60.59721343093365 ], [ 30.332537521549973, 60.597409397038469 ], [ 30.332538207532039, 60.597459481309983 ], [ 30.332552723295077, 60.597521297098176 ], [ 30.332465022128524, 60.597535700929683 ], [ 30.33206567628886, 60.597592822063277 ], [ 30.331871803183677, 60.597633031767124 ], [ 30.331759814287185, 60.597667157823494 ], [ 30.331499584192461, 60.597789002837416 ], [ 30.331419800492686, 60.597847420648996 ], [ 30.33129327747546, 60.598078213441759 ], [ 30.331281104158673, 60.598142059872828 ], [ 30.331149665769072, 60.59821953493018 ], [ 30.331069839131352, 60.598280106361784 ], [ 30.330981338831883, 60.598364690873943 ], [ 30.330803701120658, 60.598405063970027 ], [ 30.330664878960658, 60.598401010371177 ], [ 30.330381021402115, 60.598421863544402 ], [ 30.330278502816977, 60.598437812792668 ], [ 30.330104940942142, 60.598474972819105 ], [ 30.329997125998467, 60.598510104026523 ], [ 30.329894532947048, 60.598548939164118 ], [ 30.329693058128036, 60.598651936232585 ], [ 30.329579384662726, 60.5986879374328 ], [ 30.329204856572392, 60.598725330256677 ], [ 30.329060223092497, 60.598757686954336 ], [ 30.328964000678994, 60.598787845116313 ], [ 30.328852569518823, 60.598764081889442 ], [ 30.328557631702029, 60.598734439605799 ], [ 30.328444502408402, 60.598732567411716 ], [ 30.328127862751124, 60.598758917716012 ], [ 30.328022736797724, 60.598777455894492 ], [ 30.32781566544752, 60.598829445490175 ], [ 30.327695883545786, 60.598869724721254 ], [ 30.327436886017363, 60.598983131020809 ], [ 30.327110499292353, 60.599032050813989 ], [ 30.326961541807663, 60.599070757433445 ], [ 30.326826318074559, 60.599116618244587 ], [ 30.326624308556575, 60.599199324480502 ], [ 30.326555992913253, 60.599230329051593 ], [ 30.326111424996714, 60.599453709905958 ], [ 30.325982861223991, 60.59944754530607 ], [ 30.325723194082517, 60.599462757468061 ], [ 30.325397421167914, 60.599526754154375 ], [ 30.325289591790639, 60.599505517820177 ], [ 30.325140273238866, 60.599487139024049 ], [ 30.324962921135835, 60.599474283319104 ], [ 30.324796525372221, 60.599470633231086 ], [ 30.324560241670422, 60.599484785724236 ], [ 30.323676275689216, 60.599596695555604 ], [ 30.323453828108075, 60.599640887796291 ], [ 30.323342981122018, 60.599671781155671 ], [ 30.32305579184521, 60.599797701788077 ], [ 30.322978783111807, 60.599853165836677 ], [ 30.322915736617752, 60.599932210129381 ], [ 30.322665439999188, 60.599953383897926 ], [ 30.322577585417896, 60.599965716279385 ], [ 30.322297164119561, 60.599996620604415 ], [ 30.321967764805002, 60.600039949181912 ], [ 30.321842498655236, 60.600061259947275 ], [ 30.321734844744658, 60.60004980444581 ], [ 30.321633281289856, 60.60004430105888 ], [ 30.321542067159996, 60.600041628530803 ], [ 30.321449486433959, 60.600043526823733 ], [ 30.32125418709207, 60.600052391354922 ], [ 30.321163526692651, 60.600058786038581 ], [ 30.320640143185159, 60.600108917379451 ], [ 30.320542250789742, 60.600121111422403 ], [ 30.32037747777132, 60.600146453108273 ], [ 30.320184814052009, 60.60018862617104 ], [ 30.320011335657384, 60.600239146471047 ], [ 30.319881943001249, 60.600284758523841 ], [ 30.319740962684413, 60.600344227254723 ], [ 30.319617901892407, 60.600336556717259 ], [ 30.319484971181296, 60.600292131295099 ], [ 30.319134180511675, 60.600234022965822 ], [ 30.318967690133391, 60.600225698129726 ], [ 30.318812267003697, 60.60023017000276 ], [ 30.318524075978292, 60.600266055817059 ], [ 30.318414461057753, 60.600289591334523 ], [ 30.31833100728041, 60.60031010908034 ], [ 30.318250198187165, 60.60033539608348 ], [ 30.318057032277991, 60.600403053051515 ], [ 30.317770938993455, 60.600564868057418 ], [ 30.317656921752597, 60.600710712983471 ], [ 30.317596668324644, 60.600814180334112 ], [ 30.317494428690189, 60.600852469182001 ], [ 30.317366230877152, 60.600874031155634 ], [ 30.317264461423321, 60.600897602861956 ], [ 30.316989904995506, 60.600852055855206 ], [ 30.31683634805993, 60.600844956376747 ], [ 30.316475538067671, 60.600878878340083 ], [ 30.316328685011342, 60.600911569817676 ], [ 30.316239069644077, 60.600938967902181 ], [ 30.315960356059051, 60.601077478742582 ], [ 30.315873294013663, 60.601151469554743 ], [ 30.315652586265237, 60.601133818567384 ], [ 30.315306587798915, 60.601166192144881 ], [ 30.315150939486706, 60.601200456103086 ], [ 30.314934936918508, 60.601240626037828 ], [ 30.314856538872704, 60.601217277312635 ], [ 30.314487527942802, 60.601157364976821 ], [ 30.314334127936803, 60.601151519891388 ], [ 30.314081735570866, 60.601167103102114 ], [ 30.313827799752143, 60.60121471967016 ], [ 30.313695890425667, 60.601257711012416 ], [ 30.313512337739422, 60.601336985112859 ], [ 30.313455765274746, 60.601280621275933 ], [ 30.313279247061484, 60.601169566254164 ], [ 30.313080355737423, 60.601091612356157 ], [ 30.312822545697859, 60.601039405220014 ], [ 30.312470659360166, 60.601018520938247 ], [ 30.312255634332494, 60.601036791919363 ], [ 30.312047900226862, 60.600953857975156 ], [ 30.311817043905357, 60.600904918796253 ], [ 30.311481343776361, 60.600877916332962 ], [ 30.311373276065346, 60.600878207923479 ], [ 30.311200123092945, 60.600883663285842 ], [ 30.311064187210878, 60.600853216299939 ], [ 30.31072305922731, 60.600703855062179 ], [ 30.31062334280297, 60.600678786378808 ], [ 30.31048624041566, 60.600652013021843 ], [ 30.310371857803545, 60.600574818277536 ], [ 30.310137135831081, 60.600472455697307 ], [ 30.309991980106691, 60.600428411046451 ], [ 30.309911730452988, 60.600406666060351 ], [ 30.309837122274278, 60.600367356795168 ], [ 30.309751771806908, 60.600280607386196 ], [ 30.309623185079328, 60.600192663565117 ], [ 30.309412929964768, 60.600099392008751 ], [ 30.309242071460528, 60.600044542976185 ], [ 30.30913968811171, 60.600016049844037 ], [ 30.309062840991903, 60.599988486820585 ], [ 30.308856021505154, 60.599832584468146 ], [ 30.308758214369174, 60.599766686709913 ], [ 30.308593822442568, 60.599680454911052 ], [ 30.308437435919874, 60.599623161231001 ], [ 30.308185281625889, 60.599572049237999 ], [ 30.30792302426703, 60.599551762682587 ], [ 30.307824986666962, 60.599552727821845 ], [ 30.307628167730446, 60.59956452695134 ], [ 30.30726719805903, 60.599634234056381 ], [ 30.307012357553187, 60.599690718715642 ], [ 30.306743610634783, 60.599638806185894 ], [ 30.30664416233579, 60.599628096006192 ], [ 30.306495961809226, 60.599618228114359 ], [ 30.306370079962875, 60.599615019352647 ], [ 30.306272597920607, 60.599432265144145 ], [ 30.306219611395928, 60.599389108884388 ], [ 30.305865124491937, 60.59922504130828 ], [ 30.305789684282875, 60.599127118147742 ], [ 30.305726644719691, 60.599075566373294 ], [ 30.305583315555236, 60.598986291035189 ], [ 30.305401803542289, 60.598898805970649 ], [ 30.305313476834147, 60.598861402526111 ], [ 30.304925024961246, 60.598716913905932 ], [ 30.304838529556179, 60.598688404359578 ], [ 30.304721192396183, 60.598659656143923 ], [ 30.304566851337142, 60.598628485396034 ], [ 30.304380841913609, 60.598601918356856 ], [ 30.304230705556172, 60.598588717788111 ], [ 30.304082834312894, 60.598580913073555 ], [ 30.30399935876175, 60.598547481247998 ], [ 30.303813433542672, 60.598434573049687 ], [ 30.303071138244128, 60.597904232488538 ], [ 30.303067683819606, 60.597848839196097 ], [ 30.302990358722177, 60.597681527489627 ], [ 30.302899911827094, 60.597586222546269 ], [ 30.302768787879547, 60.597507952867261 ], [ 30.302868867325447, 60.597450278487578 ], [ 30.302950908041169, 60.597363706543419 ], [ 30.303016588294714, 60.597200856477698 ], [ 30.303008867930156, 60.597130633559125 ], [ 30.302953269195349, 60.597008661635421 ], [ 30.302911293736301, 60.596953799889093 ], [ 30.302854461450067, 60.59689348112822 ], [ 30.302749723121668, 60.596801068674317 ], [ 30.302690939857246, 60.596756177628123 ], [ 30.302253486173399, 60.596463084794316 ], [ 30.301976185291853, 60.596284212662304 ], [ 30.301872437164494, 60.596224563548873 ], [ 30.301790693385978, 60.596187099889704 ], [ 30.301768704008634, 60.596100472939369 ], [ 30.301665311803031, 60.595959420887759 ], [ 30.301562042988596, 60.5958850546238 ], [ 30.301368662494117, 60.595790146767897 ], [ 30.301235278573262, 60.595743187795463 ], [ 30.301115551865134, 60.59567960122348 ], [ 30.301070759533658, 60.595574374671102 ], [ 30.30102800944584, 60.595503802051823 ], [ 30.30097799294634, 60.595440643504254 ], [ 30.300922392079322, 60.595382932656953 ], [ 30.300866313403805, 60.595339938693655 ], [ 30.300795371782623, 60.595291846447864 ], [ 30.300585173574454, 60.595189496141458 ], [ 30.300406469023283, 60.595127507168861 ], [ 30.29974115169053, 60.594914074699524 ], [ 30.299617776148942, 60.5948688680487 ], [ 30.299547139193084, 60.59482391790948 ], [ 30.299437768474274, 60.594762982985436 ], [ 30.299282697499812, 60.59469670968695 ], [ 30.299202395191902, 60.594669572844197 ], [ 30.299114228129781, 60.594643295172979 ], [ 30.299021457548079, 60.594619059307654 ], [ 30.298916603510637, 60.594578609269071 ], [ 30.298786805695048, 60.594517125553487 ], [ 30.298603635255052, 60.59442351988411 ], [ 30.298536371851274, 60.594392407358853 ], [ 30.298418012021514, 60.594343005711899 ], [ 30.298314173125593, 60.594306598956273 ], [ 30.298287845042235, 60.594236554237277 ], [ 30.298204517410966, 60.594115163032924 ], [ 30.298083333025868, 60.593961545893002 ], [ 30.29807777043197, 60.593893487175507 ], [ 30.298022394861711, 60.593761641492954 ], [ 30.297979561186828, 60.593704709661452 ], [ 30.297918452986394, 60.593639970047079 ], [ 30.297748385739553, 60.593530451330288 ], [ 30.297497838109962, 60.593420988324887 ], [ 30.297393480478561, 60.593292942072061 ], [ 30.297262273331931, 60.593184150941227 ], [ 30.296967680334063, 60.593032916912186 ], [ 30.296827625426857, 60.592991844471676 ], [ 30.296726894239637, 60.592937411597092 ], [ 30.296586543614438, 60.592874886855789 ], [ 30.296472628996536, 60.592831698027517 ], [ 30.296377790203071, 60.592801795843741 ], [ 30.296146817069747, 60.592753636477077 ], [ 30.295810576632523, 60.592731079252779 ], [ 30.295513043215657, 60.592752688928307 ], [ 30.295398780074102, 60.592771874748905 ], [ 30.294998188778177, 60.592673878345018 ], [ 30.294851675646942, 60.592645516884112 ], [ 30.294685735186206, 60.592621278342357 ], [ 30.294473498426616, 60.592603274672101 ], [ 30.294339975838685, 60.592600286272727 ], [ 30.294189740882604, 60.592602511086099 ], [ 30.29421961951665, 60.59247000496638 ], [ 30.294192267045585, 60.59236100221343 ], [ 30.294165590849293, 60.592308635964159 ], [ 30.294105762077972, 60.59222630954374 ], [ 30.29394536376698, 60.59206396970901 ], [ 30.2936624827048, 60.591831470905255 ], [ 30.293603312405565, 60.591788727894944 ], [ 30.293538821547699, 60.591747394752225 ], [ 30.293411185487113, 60.591679364477187 ], [ 30.293257284031132, 60.591619731427187 ], [ 30.293208622984174, 60.591580719683471 ], [ 30.293301343839676, 60.591516913157363 ], [ 30.293399595480658, 60.591405385930301 ], [ 30.29345181323308, 60.591260244967764 ], [ 30.293440335820808, 60.591178424961406 ], [ 30.293383593732855, 60.591061110259915 ], [ 30.29331115010881, 60.590980157509925 ], [ 30.293149053279933, 60.590874980032055 ], [ 30.292953642015249, 60.590792884243228 ], [ 30.292834139872578, 60.59075585765077 ], [ 30.29266524922047, 60.59071571603198 ], [ 30.292764332430231, 60.590572241803613 ], [ 30.292784395248773, 60.590482947925196 ], [ 30.292764307520095, 60.590375955079395 ], [ 30.292729884254676, 60.5903009330355 ], [ 30.292687069888064, 60.590234755119667 ], [ 30.292630600480116, 60.590167074009038 ], [ 30.29249448114318, 60.590005120982795 ], [ 30.292510504752297, 60.589908088634736 ], [ 30.292493377686856, 60.589817086073062 ], [ 30.292471672784721, 60.58976276936999 ], [ 30.292384911758997, 60.589641357457097 ], [ 30.292330830404897, 60.589590920254658 ], [ 30.292136372744448, 60.589471401517883 ], [ 30.292018929667446, 60.589396239894086 ], [ 30.291973946231519, 60.589257442045877 ], [ 30.29188633057268, 60.589151283347064 ], [ 30.291764537995387, 60.589065778645143 ], [ 30.291562476589725, 60.588970454523178 ], [ 30.291453543035942, 60.588934555739712 ], [ 30.291331472873051, 60.588907567288189 ], [ 30.291349804124973, 60.588849678108801 ], [ 30.29133081831322, 60.588751575837613 ], [ 30.291225251078288, 60.588604222001187 ], [ 30.291154988268211, 60.588551101753161 ], [ 30.290913058750469, 60.588433590963632 ], [ 30.290863869401697, 60.588385062050193 ], [ 30.290686804002057, 60.588272268526147 ], [ 30.290534159358039, 60.588205727568024 ], [ 30.290374860603674, 60.588152347077347 ], [ 30.290131450652328, 60.588098730672471 ], [ 30.290077023535378, 60.588020826832839 ], [ 30.290014730646739, 60.587952846556348 ], [ 30.289932619203753, 60.587881447568854 ], [ 30.289868768743855, 60.587836166682507 ], [ 30.289712672119297, 60.587751208643049 ], [ 30.289570448781994, 60.58769279569055 ], [ 30.289404004857435, 60.587632108839777 ], [ 30.289219985514649, 60.587565411284842 ], [ 30.289069860118897, 60.587509830777343 ], [ 30.288984857197253, 60.587481856672355 ], [ 30.288860608119933, 60.587445790245255 ], [ 30.288772755137437, 60.587423366505938 ], [ 30.288634893793692, 60.587392707372587 ], [ 30.28847387165882, 60.587361484707685 ], [ 30.288326640031482, 60.587307263953186 ], [ 30.288235415048376, 60.58728024583214 ], [ 30.288148480671374, 60.587257556972432 ], [ 30.287960868515331, 60.587215072811446 ], [ 30.287801705413099, 60.587182243010105 ], [ 30.287737038165588, 60.587150330031605 ], [ 30.28774686257497, 60.587089347606245 ], [ 30.287709837944888, 60.586954985467834 ], [ 30.287615930139836, 60.586836317210896 ], [ 30.287509455315515, 60.586761116134582 ], [ 30.287263150363422, 60.58665362911524 ], [ 30.287184625242844, 60.586630263303064 ], [ 30.286982443163456, 60.586586718225604 ], [ 30.286864021750397, 60.586569257417523 ], [ 30.286669520082135, 60.586551598443116 ], [ 30.286515276844902, 60.586545986256887 ], [ 30.286376771345068, 60.586547003904357 ], [ 30.286203258825275, 60.58644014557472 ], [ 30.286118658870191, 60.586357243617172 ], [ 30.286034595677759, 60.58629265360706 ], [ 30.285935178689765, 60.586229423283939 ], [ 30.28585484596605, 60.586187558860694 ], [ 30.285946373409466, 60.586075195811446 ], [ 30.285986385381456, 60.585948126755618 ], [ 30.285979397402372, 60.585879701275438 ], [ 30.285864123048853, 60.585691368044394 ], [ 30.285739978545852, 60.585606294784448 ], [ 30.28549957945199, 60.585505116417153 ], [ 30.28534832163778, 60.585469899658676 ], [ 30.285257795492537, 60.585435882317739 ], [ 30.285126110312987, 60.585389364189716 ], [ 30.284869747733829, 60.585337109675429 ], [ 30.284547645123219, 60.585314324920141 ], [ 30.284403428325476, 60.585282821961044 ], [ 30.284091664663123, 60.585254163981418 ], [ 30.283979235595059, 60.585256116813127 ], [ 30.283812996841327, 60.585257442340101 ], [ 30.283735064241998, 60.585196740728691 ], [ 30.283635422166832, 60.585065116748872 ], [ 30.283550982082232, 60.585001510526062 ], [ 30.283263069563674, 60.584869216572407 ], [ 30.283145272960009, 60.584839549324066 ], [ 30.282672194413649, 60.584795004743761 ], [ 30.282296297864544, 60.584833066842826 ], [ 30.282192731146282, 60.584856513100696 ], [ 30.282127945395146, 60.584821993972028 ], [ 30.282056383998906, 60.584788697472867 ], [ 30.28199196260104, 60.584745384430384 ], [ 30.281911422110486, 60.584696336423264 ], [ 30.281803792909997, 60.584642665351083 ], [ 30.281687052695109, 60.584597295541066 ], [ 30.281617566495154, 60.584498939185174 ], [ 30.281575704555003, 60.584441109224322 ], [ 30.281513302634856, 60.58432663293069 ], [ 30.281444870059545, 60.584239141705723 ], [ 30.281364895639033, 60.584162811666339 ], [ 30.281182222029063, 60.584050425994924 ], [ 30.281099605994079, 60.584013663083759 ], [ 30.280976136076383, 60.583967451190176 ], [ 30.28089510151851, 60.583942453544068 ], [ 30.280545722276059, 60.583863248185722 ], [ 30.280472539543339, 60.583829134934227 ], [ 30.280463580042532, 60.583777213546028 ], [ 30.280441820944418, 60.583717868390409 ], [ 30.280379679991189, 60.583617483867606 ], [ 30.280336176226271, 60.583568620447593 ], [ 30.280295232382517, 60.583528296255935 ], [ 30.280222641921981, 60.583474440446714 ], [ 30.280052278480305, 60.583367051231733 ], [ 30.279887461686712, 60.583273780630186 ], [ 30.279806743956474, 60.583233615855782 ], [ 30.279654517748945, 60.583166705361506 ], [ 30.27951635721821, 60.583116559083983 ], [ 30.279308736658543, 60.583055293889124 ], [ 30.279208726698112, 60.583012967639462 ], [ 30.279143145507724, 60.582946760667497 ], [ 30.27908749514749, 60.582894335535507 ], [ 30.278822325010182, 60.582749221764104 ], [ 30.278691877345373, 60.582705575482812 ], [ 30.278547298165645, 60.582674782329427 ], [ 30.278488838428878, 60.582529270238673 ], [ 30.278434106362479, 60.582441487240402 ], [ 30.278362854830586, 60.582358557546485 ], [ 30.27831728215579, 60.582312914110659 ], [ 30.278256219357008, 60.582266474785953 ], [ 30.278192338522476, 60.582223970344906 ], [ 30.278030780627226, 60.582141214740901 ], [ 30.277915700168922, 60.5820956704138 ], [ 30.277817216182175, 60.582041593290924 ], [ 30.277739067188879, 60.582000991402424 ], [ 30.277555107700987, 60.581855116767962 ], [ 30.277050892195742, 60.581512060450024 ], [ 30.276753524136993, 60.58130215903914 ], [ 30.276717200112934, 60.581259343935734 ], [ 30.276634352480293, 60.581172944291467 ], [ 30.276573472912602, 60.581126684601514 ], [ 30.276447495805559, 60.581044016576293 ], [ 30.276314860021419, 60.580957006775527 ], [ 30.276182272968065, 60.580832660329349 ], [ 30.275840487911243, 60.580496252047688 ], [ 30.275695155953599, 60.580344645998871 ], [ 30.275649643166002, 60.580252689975325 ], [ 30.275595798132894, 60.580175411186069 ], [ 30.275524012536312, 60.580101183141799 ], [ 30.275317935780432, 60.579975926361563 ], [ 30.275131540271545, 60.579904170992741 ], [ 30.275035909674553, 60.579879993537197 ], [ 30.274911881011882, 60.579852980003089 ], [ 30.274559756508758, 60.579768270020757 ], [ 30.274399150153211, 60.579728326365348 ], [ 30.274284377523429, 60.579694896905018 ], [ 30.274175944094885, 60.579663653448293 ], [ 30.274078314165415, 60.579639195935371 ], [ 30.273975977653087, 60.579613009256285 ], [ 30.273864225530268, 60.579574748111312 ], [ 30.27376224481236, 60.579549011826529 ], [ 30.273658822217968, 60.579487546925876 ], [ 30.273393755107929, 60.579392324691391 ], [ 30.273041740093404, 60.579337678103769 ], [ 30.272887176420582, 60.579331689432372 ], [ 30.27274454579058, 60.579330787163094 ], [ 30.272651356003561, 60.579329596836622 ], [ 30.272530336451844, 60.579315879605844 ], [ 30.272405403965909, 60.579306091507206 ], [ 30.272214979828934, 60.579279097788316 ], [ 30.272066428277352, 60.57922996800589 ], [ 30.271927207468146, 60.579196950988027 ], [ 30.271727668455647, 60.579161024884861 ], [ 30.271550694096007, 60.57913643202766 ], [ 30.271402013715871, 60.579119611525073 ], [ 30.271270519859222, 60.579109609539245 ], [ 30.271042666618243, 60.57910172069176 ], [ 30.2709402824349, 60.57910407253145 ], [ 30.270838387019509, 60.579109209085424 ], [ 30.270561634669235, 60.579145318576877 ], [ 30.27043738782735, 60.57917242014922 ], [ 30.270326968942019, 60.579201207470881 ], [ 30.270187623232829, 60.579243669344379 ], [ 30.270065380939126, 60.579288192638202 ], [ 30.269906326297541, 60.579357030750273 ], [ 30.269646138341781, 60.579351308516678 ], [ 30.269470631711915, 60.579343683486385 ], [ 30.269118032673905, 60.579377788201747 ], [ 30.268963538953365, 60.579411824698447 ], [ 30.268863119570696, 60.579442097806975 ], [ 30.268751362088732, 60.579482365255458 ], [ 30.268680870645564, 60.579512072775636 ], [ 30.268525626290543, 60.579573030514766 ], [ 30.268050025227346, 60.579488301855001 ], [ 30.26760095631489, 60.579408463831555 ], [ 30.267357035897732, 60.579375266370434 ], [ 30.26720683495213, 60.579361395244966 ], [ 30.267042065647203, 60.579354988659887 ], [ 30.266846884457358, 60.579363414979831 ], [ 30.266563979406165, 60.579405498143153 ], [ 30.26626114048085, 60.579432669652931 ], [ 30.266124681588554, 60.57939867343547 ], [ 30.265987902070538, 60.579371227327684 ], [ 30.265765170095332, 60.579336789126828 ], [ 30.265678093674889, 60.579175956539558 ], [ 30.265636459252367, 60.579134906198 ], [ 30.265546617149216, 60.579070363188286 ], [ 30.265458316412314, 60.579019201051665 ], [ 30.265178110000889, 60.578873534028496 ], [ 30.264992655473147, 60.578767304483705 ], [ 30.264687581418183, 60.578469648624612 ], [ 30.264405147261666, 60.578222907803664 ], [ 30.264175018067803, 60.578021580051974 ], [ 30.263916190775486, 60.577754406104809 ], [ 30.263838648531593, 60.577677898292301 ], [ 30.263794265766485, 60.577629024818734 ], [ 30.263741730937006, 60.577577506657803 ], [ 30.263537482643923, 60.577454933405924 ], [ 30.263303168532371, 60.577373940010538 ], [ 30.263121680920577, 60.577322117886069 ], [ 30.26281863895332, 60.577230807872773 ], [ 30.262647471310881, 60.577174101807245 ], [ 30.262543881593754, 60.577139014413788 ], [ 30.262154099808075, 60.576992418145757 ], [ 30.262021098722599, 60.576950896306258 ], [ 30.261918417657338, 60.576924608796851 ], [ 30.26171969447245, 60.576885799792024 ], [ 30.261516961275984, 60.576864022711781 ], [ 30.261282047799149, 60.576854465249376 ], [ 30.26114925995342, 60.576854409065909 ], [ 30.260987426014044, 60.576762207169637 ], [ 30.260685776202259, 60.576588955855385 ], [ 30.260079097605015, 60.576238843610305 ], [ 30.260011310456555, 60.576184462881983 ], [ 30.259739548712925, 60.576047085017336 ], [ 30.259639001079123, 60.576015062626681 ], [ 30.25944786904919, 60.575971353065839 ], [ 30.259194098197241, 60.575939794956767 ], [ 30.25906399580343, 60.575933737184315 ], [ 30.258271224726094, 60.575902979336604 ], [ 30.258097449671887, 60.575840958512011 ], [ 30.258006441669085, 60.575814997667166 ], [ 30.257307320408895, 60.575533592739426 ], [ 30.256936038275466, 60.575376845230863 ], [ 30.256806602163856, 60.575331297792822 ], [ 30.256666323378226, 60.575298079756458 ], [ 30.256580940522461, 60.575282109597389 ], [ 30.256351358518657, 60.575254171911475 ], [ 30.256185339593419, 60.575247565868686 ], [ 30.255996174247677, 60.575248647838123 ], [ 30.255636769141844, 60.575235830968346 ], [ 30.255524793936463, 60.575235159305841 ], [ 30.255342667987588, 60.575239687514795 ], [ 30.255241507988551, 60.575244995476332 ], [ 30.255084541015414, 60.575258539598558 ], [ 30.254454489264781, 60.575329396772098 ], [ 30.254244508723488, 60.575356934538327 ], [ 30.254050194614965, 60.575385361339819 ], [ 30.25317959115986, 60.575488616502199 ], [ 30.252884275825259, 60.575531772743254 ], [ 30.252796884247864, 60.575515969188139 ], [ 30.25270456731328, 60.575424030078779 ], [ 30.252579557966349, 60.575308764230719 ], [ 30.252504512617456, 60.575236391329881 ], [ 30.252329170920991, 60.575036226250312 ], [ 30.252233565338152, 60.574927755237418 ], [ 30.25218949417371, 60.57486541662341 ], [ 30.252109589318597, 60.574764746190461 ], [ 30.25205623944413, 60.574709808495172 ], [ 30.251954042561852, 60.574585685970824 ], [ 30.251897551573386, 60.574515743192642 ], [ 30.251785179737684, 60.574381425380736 ], [ 30.251687657386586, 60.574277431544928 ], [ 30.251625185891847, 60.574197315397811 ], [ 30.251536403815791, 60.574068685285447 ], [ 30.251467459231279, 60.573992753574196 ], [ 30.251415326517048, 60.573949130742214 ], [ 30.25103900596352, 60.573774479630885 ], [ 30.250815860859305, 60.573727897598182 ], [ 30.250698200734082, 60.57371202401135 ], [ 30.25060394352063, 60.573701927203878 ], [ 30.249933569377813, 60.573639539238641 ], [ 30.249744263516874, 60.573571681924875 ], [ 30.249460118995145, 60.573470118851631 ], [ 30.249243524862504, 60.573399155928911 ], [ 30.249116867865862, 60.57336088546603 ], [ 30.249186988849132, 60.573196917014016 ], [ 30.249206013113266, 60.57313535704295 ], [ 30.24921630730999, 60.573072674256963 ], [ 30.249208216105924, 60.573008369257877 ], [ 30.249195039566079, 60.572959923722763 ], [ 30.249146425130867, 60.572863544149506 ], [ 30.249103877588531, 60.572807046351691 ], [ 30.249054889314355, 60.572753207317838 ], [ 30.248900259778765, 60.572608792554249 ], [ 30.24885549748247, 60.572553539582238 ], [ 30.248768282818837, 60.572462701443754 ], [ 30.248676376534839, 60.572394815182918 ], [ 30.248573885683257, 60.572335669008758 ], [ 30.248413440070863, 60.5722578192605 ], [ 30.248322724306053, 60.572219198219067 ], [ 30.247991241471194, 60.572097907113175 ], [ 30.247659389108385, 60.571993755904394 ], [ 30.247579265618562, 60.571971345426448 ], [ 30.24712275948615, 60.571829559593944 ], [ 30.247037382630115, 60.571704803619397 ], [ 30.247019819746797, 60.571656963035487 ], [ 30.246985307750681, 60.571591800844999 ], [ 30.246947816906363, 60.571537841998754 ], [ 30.246879598357818, 60.571462809177333 ], [ 30.246765678238454, 60.571384394464211 ], [ 30.246677195092232, 60.571335552281425 ], [ 30.2464321602586, 60.571239932637241 ], [ 30.24634385909415, 60.571216311566189 ], [ 30.24617464845603, 60.571181404240853 ], [ 30.246070672218522, 60.571165778118441 ], [ 30.245889232568029, 60.57114812818444 ], [ 30.245723987802453, 60.571140525866362 ], [ 30.245614421011936, 60.571138781517725 ], [ 30.24540755438198, 60.571141460392155 ], [ 30.245229308218189, 60.571136301963378 ], [ 30.24510139927272, 60.571114266187493 ], [ 30.244692612508324, 60.571034922010298 ], [ 30.244310297305272, 60.57094602314492 ], [ 30.244202949773641, 60.570917812440619 ], [ 30.244101243179202, 60.570881823004484 ], [ 30.243755261742425, 60.5707159275387 ], [ 30.243789003173802, 60.570247778530636 ], [ 30.243800195280748, 60.570119312428339 ], [ 30.243786499649374, 60.57003657819245 ], [ 30.243754012755829, 60.569945846426762 ], [ 30.243727469747292, 60.569891944506104 ], [ 30.243697162468376, 60.569843407817324 ], [ 30.243628894106632, 60.569762808373085 ], [ 30.243507938755485, 60.569656440658839 ], [ 30.243362534871224, 60.569550661547026 ], [ 30.243096249909939, 60.569377018297722 ], [ 30.242957865750391, 60.569283930945758 ], [ 30.242807065857601, 60.569149850681846 ], [ 30.242705480390889, 60.569066920336311 ], [ 30.242535009355556, 60.568965225951139 ], [ 30.242453916801992, 60.568929254621516 ], [ 30.242255515740535, 60.568862325608194 ], [ 30.24213635643255, 60.568832614597241 ], [ 30.241907082118814, 60.568793254953029 ], [ 30.241772434038705, 60.568779706695771 ], [ 30.241608692477222, 60.568770671171229 ], [ 30.241490915069981, 60.568769508144911 ], [ 30.241364279429231, 60.56877314465742 ], [ 30.241187146003931, 60.568784411363197 ], [ 30.241058325689131, 60.568796203457232 ], [ 30.24060664195083, 60.568620763503411 ], [ 30.24046573397856, 60.568568407680822 ], [ 30.239912082205471, 60.568336508089828 ], [ 30.239219612151111, 60.568024077889888 ], [ 30.239023508186648, 60.56781992489703 ], [ 30.238595430876575, 60.567376333837743 ], [ 30.23801842693463, 60.566748583663696 ], [ 30.237520006121585, 60.566180127529741 ], [ 30.237119698768776, 60.565727704335586 ], [ 30.23681872558689, 60.56536035695207 ], [ 30.236734530477865, 60.565267282981203 ], [ 30.236676999337526, 60.565213662882215 ], [ 30.236368363407085, 60.564971029370319 ], [ 30.235856048596034, 60.564629925116215 ], [ 30.235773408598206, 60.564582273555779 ], [ 30.235615431920209, 60.564503075017164 ], [ 30.235543576893786, 60.564470738895935 ], [ 30.235575350159561, 60.564427289129604 ], [ 30.235645049687232, 60.56435900122969 ], [ 30.235710414655596, 60.564264033645031 ], [ 30.235815773745763, 60.564025675940648 ], [ 30.2358787772455, 60.563921989662447 ], [ 30.23591647445128, 60.563874442869022 ], [ 30.235999721829579, 60.563787020178736 ], [ 30.236268209968845, 60.563550969913344 ], [ 30.236362048802597, 60.563454448836318 ], [ 30.236409668082992, 60.563395107585329 ], [ 30.236439885410661, 60.563347700196111 ], [ 30.236485485846671, 60.563255857751329 ], [ 30.236688665273146, 60.563054192015073 ], [ 30.236797587660085, 60.563050824454514 ], [ 30.236969695858658, 60.563042857683925 ], [ 30.237221915298104, 60.563015123852324 ], [ 30.237463208187211, 60.562961931328331 ], [ 30.237638168995421, 60.562898870919618 ], [ 30.237719395903206, 60.562861518255779 ], [ 30.23780187307575, 60.562825338990081 ], [ 30.238611746026841, 60.562543702893997 ], [ 30.238758054443007, 60.562490002206829 ], [ 30.2388812259879, 60.562435460182058 ], [ 30.23897604401645, 60.56238516500634 ], [ 30.239099839498721, 60.562302174583451 ], [ 30.239176593325869, 60.562235896956693 ], [ 30.239233675345154, 60.562177053826808 ], [ 30.239444053035786, 60.561912146792004 ], [ 30.239550261159934, 60.561824574786797 ], [ 30.239725126405091, 60.561732162119704 ], [ 30.239840364518269, 60.561656754475912 ], [ 30.239923356652099, 60.56158853503468 ], [ 30.23998374110252, 60.561528632112534 ], [ 30.240107922644849, 60.561377879734223 ], [ 30.240145813335083, 60.561321088290967 ], [ 30.240448188651115, 60.560742714509608 ], [ 30.240634178154874, 60.560433428119218 ], [ 30.240780159316422, 60.560360785746056 ], [ 30.240907491368549, 60.560290557290585 ], [ 30.241258743629391, 60.560093350461592 ], [ 30.241637782215285, 60.559875826512709 ], [ 30.241713067867632, 60.559834490836053 ], [ 30.241795521359499, 60.559790500545986 ], [ 30.241907562517511, 60.559719023298051 ], [ 30.241972873035742, 60.559666954060177 ], [ 30.242054632754446, 60.559587956485522 ], [ 30.242160425038794, 60.559468697615394 ], [ 30.242216483466677, 60.559406167950605 ], [ 30.242292370938454, 60.559253811377445 ], [ 30.242298549932201, 60.559196312801753 ], [ 30.242287771080953, 60.559122299687012 ], [ 30.242265600588638, 60.55905235482772 ], [ 30.242240736855422, 60.558997204846413 ], [ 30.242206818014392, 60.558939314306855 ], [ 30.242125236708358, 60.558843475163158 ], [ 30.241932759816926, 60.558725238339363 ], [ 30.2417523307174, 60.558656339205385 ], [ 30.241663500760517, 60.558633609582735 ], [ 30.241560453164755, 60.558610804497427 ], [ 30.241668841100925, 60.558489495463874 ], [ 30.241810507322615, 60.558346911942479 ], [ 30.241944501666637, 60.558179964691192 ], [ 30.242018187357122, 60.558069869986952 ], [ 30.242111526440031, 60.557894629361257 ], [ 30.242184362481481, 60.557773311005256 ], [ 30.242262876986416, 60.557700758280625 ], [ 30.242380041208676, 60.557611357296658 ], [ 30.242558613406079, 60.557489701311908 ], [ 30.243004317865001, 60.557206020034776 ], [ 30.243121858460704, 60.557115902380055 ], [ 30.243195549831619, 60.557038656461621 ], [ 30.243226558776254, 60.556996008619436 ], [ 30.24327495494575, 60.556891703074442 ], [ 30.243291052122032, 60.556797278903495 ], [ 30.243282143528475, 60.556729378910312 ], [ 30.243270379399913, 60.556658681480904 ], [ 30.243296527362748, 60.556613225576037 ], [ 30.243320228889154, 60.556537869153097 ], [ 30.243446635379531, 60.556492405094865 ], [ 30.243654346744201, 60.556388224020722 ], [ 30.243732149471459, 60.556331283606013 ], [ 30.243834073806912, 60.556213079991217 ], [ 30.243866395577516, 60.556151949934723 ], [ 30.243893860375461, 60.55607948538438 ], [ 30.24427827780071, 60.555101958595856 ], [ 30.244467863323681, 60.554649530661436 ], [ 30.244526970015563, 60.554438116770726 ], [ 30.244535478195615, 60.554382245915015 ], [ 30.244539207202635, 60.554227801593029 ], [ 30.244533983682587, 60.554174730287315 ], [ 30.244480421755132, 60.553930859133381 ], [ 30.24436386651794, 60.55328214067714 ], [ 30.244370824312778, 60.55318030835339 ], [ 30.244423313072712, 60.553046674922093 ], [ 30.244520074764772, 60.552821817530742 ], [ 30.244645553161583, 60.5525922650911 ], [ 30.244720509670195, 60.552506498523471 ], [ 30.244809479569529, 60.552430050412113 ], [ 30.244870466250802, 60.552391509569503 ], [ 30.244985421830588, 60.552343739825787 ], [ 30.24532741815873, 60.552231738484359 ], [ 30.245627660493604, 60.552137107566921 ], [ 30.245983338964393, 60.552032715925193 ], [ 30.246288198832953, 60.551943493023515 ], [ 30.246541796545152, 60.551873116723293 ], [ 30.246976469033026, 60.551765009879993 ], [ 30.247291231990399, 60.551681132228921 ], [ 30.247755570793551, 60.551557921027694 ], [ 30.247931515497676, 60.551504545769973 ], [ 30.248077849383193, 60.55145505352575 ], [ 30.248280060304698, 60.551375428623807 ], [ 30.248385782590276, 60.551332813109404 ], [ 30.248597166079833, 60.551250363837852 ], [ 30.248678345270505, 60.551213273605107 ], [ 30.248813618898993, 60.551152593175296 ], [ 30.248967900648736, 60.55109784629466 ], [ 30.249084497392232, 60.551049543152416 ], [ 30.249167540609434, 60.551010487853141 ], [ 30.24930933855962, 60.550934583240668 ], [ 30.249392185627947, 60.550887718308523 ], [ 30.249477989206596, 60.550830547298041 ], [ 30.249535660121211, 60.550784806757513 ], [ 30.249614802168111, 60.550715394385193 ], [ 30.249937213153078, 60.550504550901749 ], [ 30.24999165685745, 60.550464716913758 ], [ 30.250073119629807, 60.550397470496101 ], [ 30.250146831375105, 60.55032623430359 ], [ 30.250235763290927, 60.550166312617812 ], [ 30.250243847541267, 60.550104246260126 ], [ 30.250241083179922, 60.550046610684362 ], [ 30.250216780786669, 60.549956730868416 ], [ 30.250016703030628, 60.549541923407013 ], [ 30.250367659307887, 60.549536043684938 ], [ 30.251235822988331, 60.549497058902688 ], [ 30.252569351733591, 60.549454037329866 ], [ 30.253989519078957, 60.549432994595001 ], [ 30.255219450400723, 60.549410408720803 ], [ 30.255371078325819, 60.54947851178094 ], [ 30.255531349057041, 60.549594048893979 ], [ 30.255712171060278, 60.549703140720823 ], [ 30.255810769640135, 60.549754094124985 ], [ 30.255907525541463, 60.549797498674344 ], [ 30.256041824548447, 60.549849445211933 ], [ 30.256181568230133, 60.549893970447009 ], [ 30.25638116822131, 60.549943383789255 ], [ 30.256560812074436, 60.549980038124581 ], [ 30.256684672961516, 60.550000336959947 ], [ 30.257272678419746, 60.550074113074913 ], [ 30.257714920101463, 60.550129180614007 ], [ 30.258201352086644, 60.550205926416531 ], [ 30.258936215115575, 60.550315997757494 ], [ 30.258998041710647, 60.550356706234616 ], [ 30.259724363238274, 60.550833636747655 ], [ 30.25998330850873, 60.550989528428133 ], [ 30.260081889052628, 60.551041824825276 ], [ 30.260218594524094, 60.551101139238199 ], [ 30.26031320339462, 60.551134566951674 ], [ 30.260397395526528, 60.551160760622977 ], [ 30.260494371550681, 60.551322725813222 ], [ 30.260841473803954, 60.551884213010581 ], [ 30.260911744058742, 60.552016601291363 ], [ 30.260953113421522, 60.552076769295979 ], [ 30.260991344880857, 60.552121663199912 ], [ 30.261054750728885, 60.552182662870308 ], [ 30.261149011308298, 60.552258361529752 ], [ 30.261201610999315, 60.552296149288402 ], [ 30.261706670963743, 60.552621771699911 ], [ 30.261790429464089, 60.55266860527172 ], [ 30.261986373895947, 60.55276259820036 ], [ 30.262318209729056, 60.552903333526963 ], [ 30.262626794233665, 60.553023305322455 ], [ 30.262721481083197, 60.553062027080699 ], [ 30.262823480321757, 60.553168459639203 ], [ 30.262984680871568, 60.553405517003213 ], [ 30.263191379214803, 60.553663181895459 ], [ 30.263488789797535, 60.554009808498193 ], [ 30.26362087776937, 60.55416746411926 ], [ 30.263601120555442, 60.554205238055125 ], [ 30.263695619657781, 60.554210031768605 ], [ 30.263767997454565, 60.554217942844403 ], [ 30.263851116650894, 60.554235063795481 ], [ 30.263901858853785, 60.554257583026107 ], [ 30.263966317565774, 60.554286545102777 ], [ 30.264025418978374, 60.55431027400077 ], [ 30.264093829051234, 60.554324806190323 ], [ 30.264144854761337, 60.554333953692471 ], [ 30.264213473989376, 60.5543386141429 ], [ 30.264304387362913, 60.554340606692378 ], [ 30.264382220123785, 60.554340557484899 ], [ 30.264426345045969, 60.55433988645693 ], [ 30.264455942690557, 60.554336627787762 ], [ 30.264474580282013, 60.554334479639643 ], [ 30.264528335620195, 60.554231899411619 ], [ 30.264540141541044, 60.554139156137936 ], [ 30.264525432726987, 60.55408487027016 ], [ 30.264486265928433, 60.554023547946642 ], [ 30.264329635213155, 60.553836866961042 ], [ 30.264030795305008, 60.55348852961243 ], [ 30.263832446054575, 60.553240871430546 ], [ 30.26367110730591, 60.553001480832194 ], [ 30.263480837415933, 60.552802868370861 ], [ 30.263406493979492, 60.552758866591411 ], [ 30.263200316344204, 60.552674516389004 ], [ 30.262882693083903, 60.552551088818745 ], [ 30.262582663012203, 60.552423263417523 ], [ 30.262430945825709, 60.552349424065071 ], [ 30.261925882790511, 60.552023804373079 ], [ 30.261831621070968, 60.551948106257171 ], [ 30.261793388648861, 60.55190321259095 ], [ 30.261718561752946, 60.551762095323774 ], [ 30.261366159705663, 60.551192056643664 ], [ 30.261189278292829, 60.550896397756688 ], [ 30.261149977394773, 60.550867564054009 ], [ 30.261057836767673, 60.550829482541474 ], [ 30.260946299175945, 60.550795070490331 ], [ 30.260844405863864, 60.550769952604306 ], [ 30.260749797504843, 60.550736525265982 ], [ 30.260651216805091, 60.550684229359 ], [ 30.260432607829863, 60.550551254588825 ], [ 30.259727322116071, 60.550087630246821 ], [ 30.259554600156584, 60.549974008419959 ], [ 30.259492008789859, 60.549943528016406 ], [ 30.25942861828306, 60.549924890766526 ], [ 30.259251396378939, 60.549894176481985 ], [ 30.258466583765745, 60.549776578264655 ], [ 30.257965807469066, 60.549697605016917 ], [ 30.257496125624751, 60.549639075164656 ], [ 30.25690958152812, 60.54956548709108 ], [ 30.256729939572377, 60.549528833225622 ], [ 30.256604697837297, 60.549496500430351 ], [ 30.256470399383073, 60.549444554456748 ], [ 30.256371800701196, 60.549393601536863 ], [ 30.25624427734747, 60.549314675038495 ], [ 30.256095372291501, 60.549204493227791 ], [ 30.255996681152485, 60.549149410932174 ], [ 30.255574871467136, 60.548966636405581 ], [ 30.25554313403774, 60.548959380933283 ], [ 30.25549089503474, 60.548956326956954 ], [ 30.253955415273094, 60.548984593099689 ], [ 30.252525970201411, 60.549005766455736 ], [ 30.251164740263299, 60.54904962986059 ], [ 30.250284912470516, 60.549089181297212 ], [ 30.24960237390119, 60.549098797145497 ], [ 30.24949146220888, 60.54910369033562 ], [ 30.249348309842965, 60.549116222760645 ], [ 30.249235511444731, 60.549132504408142 ], [ 30.249102756764394, 60.549161426084204 ], [ 30.248989969053859, 60.549194042537039 ], [ 30.248956812868173, 60.549210293204887 ], [ 30.24894904052136, 60.549224164043899 ], [ 30.248954000720936, 60.549239178749403 ], [ 30.249000019172101, 60.549277026602375 ], [ 30.249002183509244, 60.549303335445906 ], [ 30.248989264355231, 60.549361337502908 ], [ 30.248984530765856, 60.549445320997258 ], [ 30.248995092779797, 60.549479392634339 ], [ 30.2490282569313, 60.54951331364569 ], [ 30.249084311371416, 60.549567459343564 ], [ 30.249115013210503, 60.549614112264074 ], [ 30.249330254481237, 60.550060414036018 ], [ 30.249332690156958, 60.550099469146851 ], [ 30.249327660420921, 60.550129779100168 ], [ 30.249288903937689, 60.550168977106615 ], [ 30.249209297391573, 60.550234617247455 ], [ 30.248869691901181, 60.550456677537873 ], [ 30.248795405887659, 60.550512203334989 ], [ 30.248751438885158, 60.550556310217246 ], [ 30.248704897585633, 60.550593043863643 ], [ 30.248622050282545, 60.550639908371309 ], [ 30.248497958434637, 60.550706122239966 ], [ 30.248381362059632, 60.550754424873432 ], [ 30.248267896926357, 60.550792781331957 ], [ 30.248157220889883, 60.550836986263555 ], [ 30.248043591231681, 60.550891317611828 ], [ 30.247979166781775, 60.550920597311155 ], [ 30.247818920351694, 60.550981414864339 ], [ 30.247702717583241, 60.55102828294028 ], [ 30.247508964291828, 60.551104540861289 ], [ 30.247434082086382, 60.551128559648802 ], [ 30.247279057770271, 60.551175402641199 ], [ 30.246859285121555, 60.551286012207932 ], [ 30.246542690818764, 60.551370417705726 ], [ 30.246112975807709, 60.551477023465075 ], [ 30.24583169236751, 60.551555061449186 ], [ 30.245517113726837, 60.551647104122594 ], [ 30.245148595229054, 60.55175537586765 ], [ 30.244829453297321, 60.551855919338969 ], [ 30.244437527787472, 60.55198425986444 ], [ 30.244245507265987, 60.5520640225918 ], [ 30.244144492345857, 60.552116083745489 ], [ 30.244040671717293, 60.552188144803864 ], [ 30.243903964102035, 60.552305626199072 ], [ 30.243782646960224, 60.552444460180887 ], [ 30.243633627001696, 60.552716878785567 ], [ 30.243530134324388, 60.552957586150413 ], [ 30.243467991223653, 60.553115850114636 ], [ 30.243452828915945, 60.553192598052021 ], [ 30.243452456779572, 60.553301555624095 ], [ 30.243573380228781, 60.553974800473377 ], [ 30.243627934963467, 60.554222985383674 ], [ 30.243624213357968, 60.554376891220159 ], [ 30.243565100892024, 60.554588304703699 ], [ 30.24338484882303, 60.555013406275442 ], [ 30.242998479035382, 60.555995677146775 ], [ 30.242970430243769, 60.556069753974192 ], [ 30.242947835410824, 60.556102753033727 ], [ 30.242908775899718, 60.556130100277741 ], [ 30.242687564494332, 60.55620970628744 ], [ 30.242548985234663, 60.556278351048533 ], [ 30.242459315701797, 60.556327688715278 ], [ 30.242414271877536, 60.556370262037312 ], [ 30.242406016499945, 60.556406029541805 ], [ 30.24242541261377, 60.556452713823795 ], [ 30.242425145709134, 60.556481612705888 ], [ 30.242402853772962, 60.556517395605475 ], [ 30.242374674079706, 60.556572354338826 ], [ 30.242359231592047, 60.55662002084317 ], [ 30.242358785667651, 60.556690474169827 ], [ 30.242366152038269, 60.556745441706255 ], [ 30.242379707847565, 60.55679245406143 ], [ 30.242368539698312, 60.556844720585183 ], [ 30.242337529771628, 60.556887368227578 ], [ 30.242239283245105, 60.556962060257256 ], [ 30.241830050152569, 60.557219993906109 ], [ 30.241627237861042, 60.557358034833243 ], [ 30.241476145188237, 60.557473373170403 ], [ 30.241355577490609, 60.557584924174357 ], [ 30.241284173038011, 60.557674028551574 ], [ 30.241227407814481, 60.557785558933475 ], [ 30.241136539943358, 60.557955965441707 ], [ 30.241081564884858, 60.558035643135781 ], [ 30.240964092449719, 60.558180508380872 ], [ 30.240843929588213, 60.558298343748639 ], [ 30.240654248844315, 60.558510498712117 ], [ 30.240602411102675, 60.558596655047587 ], [ 30.240569824499133, 60.558677797715731 ], [ 30.24057924212196, 60.558763830588987 ], [ 30.240640136678721, 60.558888371380512 ], [ 30.240672613794917, 60.558920405965253 ], [ 30.240730789198285, 60.55894440952121 ], [ 30.240860465502674, 60.558974985569677 ], [ 30.241188528005299, 60.5590203464564 ], [ 30.241288127041056, 60.559042505259853 ], [ 30.241331052359619, 60.559063645315078 ], [ 30.241364969762479, 60.559121536073441 ], [ 30.241387138355169, 60.559191481078201 ], [ 30.241382760101754, 60.559224935514791 ], [ 30.241325953573249, 60.559288268639378 ], [ 30.241219411999886, 60.559408330657284 ], [ 30.241166557001165, 60.559457683300039 ], [ 30.241122875880922, 60.559487698077604 ], [ 30.241061628594966, 60.559520671198605 ], [ 30.240982548283608, 60.559560460577892 ], [ 30.240923405584653, 60.559597214409521 ], [ 30.240567826471846, 60.559800680051616 ], [ 30.240222296886277, 60.559994594643236 ], [ 30.240100131528177, 60.560061977829243 ], [ 30.239937402610241, 60.560141800389701 ], [ 30.239847129397681, 60.560201364898418 ], [ 30.239781244279712, 60.560271111286696 ], [ 30.23956951681507, 60.560623071562297 ], [ 30.239263127388526, 60.561209230524028 ], [ 30.239138942571536, 60.561359982115519 ], [ 30.239058362565753, 60.561426239359363 ], [ 30.23881746258683, 60.561553482580088 ], [ 30.23862268515893, 60.561713999888077 ], [ 30.238384736921397, 60.562013672492434 ], [ 30.238307982006781, 60.562079949664735 ], [ 30.238213163840985, 60.56213024436849 ], [ 30.238066856154948, 60.562183944463222 ], [ 30.237233475210047, 60.562473529552044 ], [ 30.237104601998617, 60.562530193700532 ], [ 30.237016008067869, 60.562570917266569 ], [ 30.236967948681976, 60.562584123626699 ], [ 30.236884364230299, 60.562596063309051 ], [ 30.236712258386731, 60.562604029974274 ], [ 30.236615385202285, 60.562606743784976 ], [ 30.236485789079289, 60.562613411366684 ], [ 30.236375221788983, 60.562625296364018 ], [ 30.236286593906986, 60.562634426406056 ], [ 30.236211727630032, 60.562639591059693 ], [ 30.236014178352349, 60.562643830779436 ], [ 30.235959559357401, 60.562648564989317 ], [ 30.235925853746437, 60.562664001755586 ], [ 30.235894684850734, 60.562696684544711 ], [ 30.235878823495288, 60.562737975638655 ], [ 30.235884483841112, 60.562787190241089 ], [ 30.235870875386706, 60.562825531545769 ], [ 30.235831645692254, 60.562876480730189 ], [ 30.235633760982719, 60.563094149433596 ], [ 30.235591136325485, 60.563158453508997 ], [ 30.235570051088789, 60.563213359002368 ], [ 30.235539832615892, 60.563260766193956 ], [ 30.235445991900875, 60.563357286693218 ], [ 30.235189073898884, 60.563581101152273 ], [ 30.235078201254957, 60.563697455306652 ], [ 30.235015932934484, 60.563776014467599 ], [ 30.234932488326749, 60.563913517365272 ], [ 30.23481964424451, 60.564168528284831 ], [ 30.234790898325659, 60.564198710721122 ], [ 30.234749446262104, 60.564218054831258 ], [ 30.234703307745704, 60.564226693295318 ], [ 30.23462666004982, 60.564229783229671 ], [ 30.234374346681339, 60.564219995173765 ], [ 30.233714551096753, 60.564233601944444 ], [ 30.233601742286321, 60.564239369482813 ], [ 30.23356718391307, 60.564252018761579 ], [ 30.233547142402511, 60.564276054694012 ], [ 30.233555774030016, 60.564322682509122 ], [ 30.233607148679795, 60.5643905416104 ], [ 30.233690682264925, 60.564447084809302 ], [ 30.233862787269679, 60.564522053259687 ], [ 30.234127430655182, 60.564592760503388 ], [ 30.234486427938041, 60.564667831946913 ], [ 30.234776900895625, 60.564741458554529 ], [ 30.234965031783801, 60.564817498639414 ], [ 30.23512300839419, 60.564896697942963 ], [ 30.235635319664613, 60.565237804987497 ], [ 30.235901779162461, 60.565449788692597 ], [ 30.235985972345066, 60.565542863182237 ], [ 30.236278750889458, 60.565901103688716 ], [ 30.236684209379209, 60.56635930108137 ], [ 30.237184574406669, 60.566930014543246 ], [ 30.237768333919018, 60.567565074302912 ], [ 30.238199966099991, 60.568012456569271 ], [ 30.238451332478142, 60.568274077353259 ], [ 30.238502595149825, 60.568306302192049 ], [ 30.238570603031327, 60.568339962462225 ], [ 30.239308396349479, 60.568672831379175 ], [ 30.239895115912912, 60.568918641315207 ], [ 30.240057369014256, 60.568978919608838 ], [ 30.240626946015141, 60.569200312311885 ], [ 30.24074597547969, 60.569235947630808 ], [ 30.240846468655981, 60.569252008206256 ], [ 30.240974325079975, 60.569259328438598 ], [ 30.241104929378437, 60.569249430683598 ], [ 30.241303956280259, 60.569229484482193 ], [ 30.241481092102081, 60.569218217626386 ], [ 30.241589754203829, 60.569219332325133 ], [ 30.241724404033253, 60.569232880768489 ], [ 30.241843564431214, 60.569262592146771 ], [ 30.241924657136408, 60.56929856384518 ], [ 30.242026241321614, 60.569381494779151 ], [ 30.242187398896128, 60.569525503551766 ], [ 30.242364237725209, 60.5696446440366 ], [ 30.242635018689718, 60.569821094867706 ], [ 30.242749701659211, 60.569905620369177 ], [ 30.242825685393335, 60.569975221572285 ], [ 30.242855991486397, 60.570023758455733 ], [ 30.242888475938383, 60.570114490434513 ], [ 30.242877933147909, 60.570229766324246 ], [ 30.242842333452998, 60.57072393347655 ], [ 30.242863252100662, 60.570868276097201 ], [ 30.242889488598586, 60.570911137032084 ], [ 30.242928744462944, 60.570942399063668 ], [ 30.243057822007376, 60.571019371500547 ], [ 30.243524458744904, 60.571230423900026 ], [ 30.243720271132069, 60.57129976057189 ], [ 30.24390106230252, 60.571347118021762 ], [ 30.244330194875861, 60.571446945825961 ], [ 30.244783297918481, 60.571534871957866 ], [ 30.244959537983068, 60.571565240769047 ], [ 30.245098287537921, 60.571583654022447 ], [ 30.245215926794888, 60.57159163427383 ], [ 30.245426417959933, 60.571590141577687 ], [ 30.24563912663417, 60.571587313956343 ], [ 30.245804373658917, 60.571594916382629 ], [ 30.245908351143342, 60.571610542713316 ], [ 30.245996653061336, 60.571634164071924 ], [ 30.246085135990739, 60.571683006702685 ], [ 30.246122625561913, 60.571736965787593 ], [ 30.24614931707189, 60.57180944669205 ], [ 30.246189286518458, 60.571875176361601 ], [ 30.246282718186869, 60.572006796476572 ], [ 30.246395087533504, 60.57211464215375 ], [ 30.246491562729751, 60.572181836044201 ], [ 30.246582646760793, 60.572220191018893 ], [ 30.246700415455297, 60.572255904070467 ], [ 30.247169154012468, 60.572372086532248 ], [ 30.247501008659523, 60.572476238956085 ], [ 30.247773292829788, 60.572577384921999 ], [ 30.247933738475965, 60.572655235435015 ], [ 30.247973808635287, 60.572682910142191 ], [ 30.248024407030918, 60.572738104321566 ], [ 30.248067344568518, 60.57279334798865 ], [ 30.248123105808141, 60.572845966436489 ], [ 30.248248782270689, 60.572962945380382 ], [ 30.24829132852177, 60.573019443446917 ], [ 30.248304503732154, 60.57306788906844 ], [ 30.248285477795051, 60.573129448908986 ], [ 30.248145411199882, 60.57344885932708 ], [ 30.248150520903881, 60.573507584097328 ], [ 30.248169187065361, 60.573546724342705 ], [ 30.248224736842673, 60.573592340955848 ], [ 30.24839518553765, 60.573671769203969 ], [ 30.2485889383562, 60.573727894243063 ], [ 30.248766331531041, 60.573781509836451 ], [ 30.248952493972812, 60.57384288988743 ], [ 30.249207130294206, 60.573934336781434 ], [ 30.249440055100102, 60.574017771164584 ], [ 30.249585820771443, 60.574058116019117 ], [ 30.249768622937466, 60.574089500083211 ], [ 30.250457033233879, 60.574144803091556 ], [ 30.250574694810979, 60.574160676892042 ], [ 30.250630503049614, 60.574177662901107 ], [ 30.250672965675182, 60.574212978232964 ], [ 30.250767404007096, 60.574349805971281 ], [ 30.250846907904613, 60.574451911167749 ], [ 30.250957085466009, 60.574569434649561 ], [ 30.251053254296828, 60.574685358974307 ], [ 30.251107609583045, 60.57475277788263 ], [ 30.251221714440817, 60.574891233923331 ], [ 30.251287198955527, 60.5749585314488 ], [ 30.251334004082818, 60.575020884659928 ], [ 30.251383380272557, 60.575090880226938 ], [ 30.251492692963208, 60.575214860873224 ], [ 30.251678886033854, 60.575427559314633 ], [ 30.251771265904608, 60.575516447899197 ], [ 30.251899847092709, 60.575635143748009 ], [ 30.251978403996713, 60.575713817977231 ], [ 30.252046759425209, 60.575783463662624 ], [ 30.252245229202359, 60.575926218745522 ], [ 30.252296670062929, 60.575976748526152 ], [ 30.252433781664433, 60.576055279433277 ], [ 30.252488561786148, 60.576069387212101 ], [ 30.252561592741642, 60.576074525262534 ], [ 30.252650740103626, 60.576068169357114 ], [ 30.252772252190287, 60.576041159776565 ], [ 30.252848445516644, 60.576018042256734 ], [ 30.252914344396849, 60.575998640580238 ], [ 30.253001919028033, 60.575980608463247 ], [ 30.25313068761017, 60.575963868148442 ], [ 30.253439364520204, 60.575918716705431 ], [ 30.254286374994976, 60.575818927071097 ], [ 30.254504110898338, 60.575787121495054 ], [ 30.254687750858491, 60.575763215843544 ], [ 30.255287088577123, 60.575696057210315 ], [ 30.255388676381315, 60.575687879366711 ], [ 30.255570804846489, 60.575683351099514 ], [ 30.255968306407958, 60.575697532777291 ], [ 30.256195416241393, 60.575696288847823 ], [ 30.25625695343204, 60.575701544707059 ], [ 30.256342337231551, 60.575717515073627 ], [ 30.256721756184586, 60.575877627261789 ], [ 30.257452164210807, 60.57617167291874 ], [ 30.257522406567759, 60.576196359751769 ], [ 30.257600393443738, 60.576217137585807 ], [ 30.257661987442038, 60.576236843169191 ], [ 30.257857856624035, 60.576323391551711 ], [ 30.257898924643335, 60.576339131367646 ], [ 30.257960359684045, 60.576349232518737 ], [ 30.258063087403883, 60.576356047134766 ], [ 30.259013934851108, 60.576381789794816 ], [ 30.259100298543647, 60.576386185440647 ], [ 30.259174760014055, 60.576401289744297 ], [ 30.259237073349613, 60.57642153682778 ], [ 30.259284607060525, 60.57645911938333 ], [ 30.259334345548634, 60.57651304818777 ], [ 30.259358944720432, 60.576531305239229 ], [ 30.259398207573422, 60.576554753935916 ], [ 30.260007054921598, 60.57688863534144 ], [ 30.260295905766654, 60.577054731714163 ], [ 30.260724641927222, 60.577298915296836 ], [ 30.260759545900811, 60.577313006891409 ], [ 30.260808825059087, 60.577320171959649 ], [ 30.260920864958226, 60.577318146943092 ], [ 30.261138794351549, 60.577303115178275 ], [ 30.261280703290456, 60.577303218375235 ], [ 30.261424832348947, 60.577310423270006 ], [ 30.26149753429727, 60.577322645135744 ], [ 30.261600216279078, 60.57734893296837 ], [ 30.262008275793431, 60.577502446092417 ], [ 30.262134686499973, 60.577545190537577 ], [ 30.262325780402399, 60.577608461939555 ], [ 30.262654561441281, 60.577707534370219 ], [ 30.262845296953376, 60.57776200748301 ], [ 30.262912009671115, 60.577781467686435 ], [ 30.262947232250852, 60.577797804141412 ], [ 30.262972046754626, 60.577823241779804 ], [ 30.263013390824511, 60.57786913809133 ], [ 30.263100223340409, 60.577954759090225 ], [ 30.263364931030566, 60.578228247480439 ], [ 30.263610278120208, 60.578442938090006 ], [ 30.263892886700678, 60.578689860996128 ], [ 30.264204724789433, 60.578995182305952 ], [ 30.264238852843185, 60.579020218733604 ], [ 30.264281832705169, 60.579049339411533 ], [ 30.26450136184102, 60.579174502892322 ], [ 30.26479582125646, 60.579327604070166 ], [ 30.264841935083229, 60.57935521484945 ], [ 30.264870440055493, 60.579387402437206 ], [ 30.264873555658138, 60.579438397515126 ], [ 30.264844348964786, 60.579482405731909 ], [ 30.264823391832753, 60.579533097883257 ], [ 30.264831008402719, 60.579586898348602 ], [ 30.264857060599034, 60.579631548881771 ], [ 30.26489125634545, 60.579653444165494 ], [ 30.264919543259545, 60.579661487350194 ], [ 30.264988736864385, 60.579667406668726 ], [ 30.265062121861238, 60.579673526937675 ], [ 30.265143262645328, 60.579692431688294 ], [ 30.265232119397975, 60.579717389306559 ], [ 30.265329592723258, 60.579740326716731 ], [ 30.265553615190761, 60.579774233731044 ], [ 30.265712707599338, 60.57979901222155 ], [ 30.265849167741255, 60.579833008859524 ], [ 30.265964663824853, 60.579874975725843 ], [ 30.266046824148678, 60.579897475219546 ], [ 30.26618878332636, 60.579921626939658 ], [ 30.266271817364871, 60.579928693433672 ], [ 30.266353218987138, 60.579926686580741 ], [ 30.266473064554337, 60.579909618489246 ], [ 30.266912945374923, 60.579820051445893 ], [ 30.266973037663998, 60.579807793325386 ], [ 30.267032592698701, 60.579803699856932 ], [ 30.267113865143603, 60.579807795012336 ], [ 30.267357788565374, 60.579840992919834 ], [ 30.267737046478022, 60.579909794869337 ], [ 30.268227737292701, 60.579997204407199 ], [ 30.268707506536916, 60.580074953002203 ], [ 30.268797848907266, 60.580081516670447 ], [ 30.26888372475613, 60.580074953735867 ], [ 30.268955930809685, 60.58005916638961 ], [ 30.269033690888318, 60.580030842040301 ], [ 30.26909178072988, 60.579992365211773 ], [ 30.269137701424299, 60.579942697123734 ], [ 30.269188113185439, 60.579904988902058 ], [ 30.269274218201126, 60.579852832922477 ], [ 30.269344709846049, 60.579823125091288 ], [ 30.269411357019393, 60.579802731841248 ], [ 30.269472865999695, 60.579792454357076 ], [ 30.269515735519317, 60.5797924034012 ], [ 30.269567590989546, 60.57979877056966 ], [ 30.270012122374066, 60.579808572384337 ], [ 30.270090245388666, 60.579814983252682 ], [ 30.270180428615468, 60.57980305628967 ], [ 30.270274670324909, 60.579780289930525 ], [ 30.270399903748647, 60.579741077015711 ], [ 30.270667757586484, 60.579625133182944 ], [ 30.270807104314894, 60.579582670813075 ], [ 30.270931352426786, 60.579555568900794 ], [ 30.271033249233735, 60.579550432278559 ], [ 30.271197653676918, 60.57955692183657 ], [ 30.271346335956867, 60.5795737425684 ], [ 30.27147200796902, 60.579591792581652 ], [ 30.271602288864184, 60.579616238256364 ], [ 30.27169629320673, 60.579648218339422 ], [ 30.2717563020427, 60.579674640710621 ], [ 30.271815697840658, 60.579712907190746 ], [ 30.271866955495895, 60.57973910559646 ], [ 30.271912888044749, 60.579749570384401 ], [ 30.271965123770265, 60.579755220535979 ], [ 30.27203505227985, 60.579752254495567 ], [ 30.272114305704619, 60.579748258698039 ], [ 30.272191671187382, 60.579747304841497 ], [ 30.272325262673942, 60.579753098209693 ], [ 30.272510524149091, 60.579774141963746 ], [ 30.272576124039173, 60.579777526078296 ], [ 30.272726943939411, 60.579779457294428 ], [ 30.272875595727911, 60.579780390084323 ], [ 30.272949033212598, 60.579784082983302 ], [ 30.273001269404229, 60.579798438662166 ], [ 30.273047654069714, 60.579822188624355 ], [ 30.273067062408064, 60.579844904406798 ], [ 30.27307860716693, 60.579877273555432 ], [ 30.27309413983777, 60.579893417816095 ], [ 30.273117109363174, 60.579902868353876 ], [ 30.273169387128654, 60.579915249635548 ], [ 30.273254681264461, 60.579927708345238 ], [ 30.273400102561396, 60.579961024610022 ], [ 30.273464323600901, 60.579986749517765 ], [ 30.273533712015904, 60.580009628491936 ], [ 30.273611389254498, 60.580028690053112 ], [ 30.273715088014271, 60.580050845066602 ], [ 30.273823522290254, 60.580082088896674 ], [ 30.273960233222713, 60.580122002111018 ], [ 30.2741536888153, 60.580170100333149 ], [ 30.274527052732267, 60.58025994482788 ], [ 30.274667427649653, 60.580290451888771 ], [ 30.274729531525701, 60.580321550593041 ], [ 30.2747634143727, 60.580358789306715 ], [ 30.274824676146903, 60.580482687108848 ], [ 30.274859546933815, 60.580525046642144 ], [ 30.275020054342992, 60.580692347072926 ], [ 30.275370414372173, 60.58103714767158 ], [ 30.275525900061439, 60.581183061181399 ], [ 30.275625559032658, 60.581259224897458 ], [ 30.275745209472674, 60.581330283795197 ], [ 30.275839852625985, 60.581393318275595 ], [ 30.275884616070755, 60.581442548569171 ], [ 30.275944608684355, 60.581513844853632 ], [ 30.275987356414639, 60.581546012100169 ], [ 30.276307194108714, 60.581771824806147 ], [ 30.276816083103732, 60.582118048782938 ], [ 30.276973967950799, 60.582245663264459 ], [ 30.277041204795545, 60.58229339079584 ], [ 30.277138355874367, 60.582341358657736 ], [ 30.27728626498239, 60.582422431107837 ], [ 30.277458885262771, 60.582490793242663 ], [ 30.277522765655981, 60.582533298031763 ], [ 30.277594015413722, 60.582616228168398 ], [ 30.27765385599427, 60.58276533767971 ], [ 30.277675228751317, 60.582886879354525 ], [ 30.277700007604103, 60.582932328652731 ], [ 30.277783185571536, 60.58299440651983 ], [ 30.277896843251735, 60.583038328257565 ], [ 30.27802367695574, 60.583062750261661 ], [ 30.278227766742106, 60.583091868580077 ], [ 30.278292969560926, 60.58311472400009 ], [ 30.278332864325524, 60.583152709999489 ], [ 30.278416479160413, 60.58323776611158 ], [ 30.278490445321694, 60.583295489153485 ], [ 30.278598295395451, 60.583346830501654 ], [ 30.27877391091754, 60.58342068080718 ], [ 30.279046809538738, 60.583501301930603 ], [ 30.279199036054589, 60.583568213113914 ], [ 30.279363852352319, 60.583661484559215 ], [ 30.279500699379415, 60.583748691864997 ], [ 30.279544202121187, 60.583797555553907 ], [ 30.27956595962468, 60.583856900852361 ], [ 30.279559073692585, 60.583960260318868 ], [ 30.279549675840087, 60.584008768867776 ], [ 30.279558776924862, 60.584036188804774 ], [ 30.279583544023602, 60.58405596867695 ], [ 30.279816571627357, 60.58413288786938 ], [ 30.279855272209993, 60.584158212415012 ], [ 30.279878308934904, 60.584199882978709 ], [ 30.279896679333035, 60.584255441660758 ], [ 30.279925010005613, 60.584288163585015 ], [ 30.280020164663672, 60.584336119294022 ], [ 30.280091221883989, 60.584358374905548 ], [ 30.280142749801275, 60.584363390017664 ], [ 30.280201630213906, 60.584356953736162 ], [ 30.280302112255246, 60.584332685797015 ], [ 30.280369019296256, 60.584326289662151 ], [ 30.280430999329589, 60.584328754231457 ], [ 30.280487738086208, 60.584346450310164 ], [ 30.280570354270736, 60.584383213597825 ], [ 30.280632244053642, 60.584442939223401 ], [ 30.280704137558235, 60.584574695799773 ], [ 30.280758236477638, 60.584649460637252 ], [ 30.280825415664903, 60.584744574832399 ], [ 30.28087175104962, 60.584824237093343 ], [ 30.280910516506271, 60.584881782517058 ], [ 30.280943617387482, 60.584904475905404 ], [ 30.280983240689714, 60.584920560307694 ], [ 30.281075658881299, 60.584942204298599 ], [ 30.281161349594679, 60.584962737537936 ], [ 30.281210003600673, 60.584983264898867 ], [ 30.281255605199856, 60.585010239092078 ], [ 30.281339459494482, 60.585066663712084 ], [ 30.281414098578193, 60.585109938429945 ], [ 30.281519687906307, 60.58515641946957 ], [ 30.281561458972604, 60.585183374396969 ], [ 30.281583003263762, 60.585217946801528 ], [ 30.281588598405055, 60.585282685764575 ], [ 30.281601841842519, 60.585312818817741 ], [ 30.281628309365122, 60.585338709919625 ], [ 30.281674684190126, 60.585363623543095 ], [ 30.281729405005425, 60.585373141587844 ], [ 30.281787810835812, 60.585372087332843 ], [ 30.281860527129759, 60.585358359850567 ], [ 30.281941614035688, 60.585336865771474 ], [ 30.281990530741087, 60.585327058081461 ], [ 30.282023939719572, 60.585326058287329 ], [ 30.282071201286431, 60.585334551642831 ], [ 30.28213004642015, 60.585374067202743 ], [ 30.282179162694565, 60.585407610511943 ], [ 30.282224498195369, 60.585421030532032 ], [ 30.282270173652847, 60.585426823340711 ], [ 30.282330081627492, 60.585423712064241 ], [ 30.282370258305289, 60.585413052808327 ], [ 30.282402263546238, 60.585391672272024 ], [ 30.28254635558314, 60.58527885604272 ], [ 30.282609987749534, 60.585254402336297 ], [ 30.282669138760298, 60.58524374798661 ], [ 30.282749778645989, 60.585243881346628 ], [ 30.282798982226563, 60.585255525449462 ], [ 30.282840873978763, 60.585285532132779 ], [ 30.282871100884176, 60.585359189652451 ], [ 30.282913166657487, 60.585442689189257 ], [ 30.282954895878134, 60.585480593172392 ], [ 30.282997821582324, 60.585513566770175 ], [ 30.283050923651075, 60.585539680255728 ], [ 30.283216685444597, 60.585596961143743 ], [ 30.283338047026394, 60.585648545509635 ], [ 30.283506921037276, 60.585723073880054 ], [ 30.283610463635281, 60.585754015999832 ], [ 30.283741456528979, 60.585780966303318 ], [ 30.283815968387373, 60.585786363816538 ], [ 30.283863865834157, 60.585781755958337 ], [ 30.283896439388403, 60.585768186296214 ], [ 30.283956794309486, 60.585725675530185 ], [ 30.283988125848097, 60.585710394374615 ], [ 30.284023829696565, 60.585704289669671 ], [ 30.284082425880985, 60.585702876352364 ], [ 30.284131319356554, 60.585711915616386 ], [ 30.284261125103203, 60.58575223249516 ], [ 30.284299800575411, 60.58576131055154 ], [ 30.284346232482385, 60.585765849892056 ], [ 30.284477310310681, 60.585762104823189 ], [ 30.284589658022615, 60.585764189987145 ], [ 30.284662037676327, 60.585775679526677 ], [ 30.284695861093237, 60.585790028662473 ], [ 30.28475306435336, 60.585838599797157 ], [ 30.284781272721492, 60.585859831840843 ], [ 30.284813651571412, 60.585873455742941 ], [ 30.284855323810618, 60.585878778982149 ], [ 30.284908972405884, 60.585878417699227 ], [ 30.284984610663496, 60.585882294386579 ], [ 30.285035509596764, 60.585891433048076 ], [ 30.285069574550192, 60.585911796651402 ], [ 30.285074212001589, 60.585943591812274 ], [ 30.28505440135023, 60.585975355094043 ], [ 30.285003338671554, 60.586018540846318 ], [ 30.28489181115226, 60.586100736928294 ], [ 30.284863952751635, 60.586133447401778 ], [ 30.28482653719529, 60.58617840628358 ], [ 30.284802097558284, 60.586195696472572 ], [ 30.284771123729389, 60.586202453190374 ], [ 30.284744893227021, 60.586209233510694 ], [ 30.284723879520769, 60.586219629859599 ], [ 30.284718875561644, 60.58624114535138 ], [ 30.284734013763849, 60.586250285620785 ], [ 30.284788723759512, 60.586269316026495 ], [ 30.28479744902857, 60.586279770645604 ], [ 30.284802772351966, 60.586349175175016 ], [ 30.284806398340628, 60.586368041070465 ], [ 30.284821086846335, 60.58638130766785 ], [ 30.284860732344299, 60.586396493498654 ], [ 30.285112718824955, 60.586466766307339 ], [ 30.285193132640046, 60.586495797092134 ], [ 30.285266230462739, 60.586534574372521 ], [ 30.285350292743491, 60.586599164861987 ], [ 30.285376594643708, 60.586633311531571 ], [ 30.285397268799684, 60.58665719852339 ], [ 30.285434520817088, 60.58669122012661 ], [ 30.285488866866306, 60.586728019257897 ], [ 30.285816567538504, 60.586914267257427 ], [ 30.28584385612297, 60.586935943255561 ], [ 30.285852620600501, 60.586953398626079 ], [ 30.285861292917343, 60.586993111945652 ], [ 30.285873376359369, 60.587017763937943 ], [ 30.285888616604772, 60.587030853652564 ], [ 30.285938321614331, 60.587053807782375 ], [ 30.285978244876048, 60.587064417322047 ], [ 30.286006657765814, 60.587066892020097 ], [ 30.286048324330036, 60.587063688446527 ], [ 30.286133842914388, 60.587039700794115 ], [ 30.286241790531161, 60.587016362984919 ], [ 30.286347231827833, 60.586999564513917 ], [ 30.286447891043025, 60.586993512415553 ], [ 30.286602136401118, 60.586999124682492 ], [ 30.286720559243246, 60.587016585723617 ], [ 30.28679074237181, 60.587037487117797 ], [ 30.286821365339513, 60.587056756164621 ], [ 30.28683465669527, 60.5870848246227 ], [ 30.28682349383066, 60.587122016163121 ], [ 30.286777996958136, 60.58716074261848 ], [ 30.286723856660942, 60.587184976152699 ], [ 30.286680789800936, 60.587203071758672 ], [ 30.286645693272238, 60.587223989209335 ], [ 30.286594903569686, 60.587271664497372 ], [ 30.286543519223134, 60.587357212003425 ], [ 30.286526499685614, 60.587413042786686 ], [ 30.286531094415913, 60.587438106299942 ], [ 30.286551941155224, 60.587453647060734 ], [ 30.286586718039757, 60.587466115654408 ], [ 30.286622617027515, 60.587468358122365 ], [ 30.286684896459157, 60.587465436157579 ], [ 30.28680048428313, 60.587461073405478 ], [ 30.286861608298789, 60.587461107429071 ], [ 30.286919887102854, 60.587466422655673 ], [ 30.287117939089093, 60.587506985516825 ], [ 30.287234230650991, 60.587539513797033 ], [ 30.287337775278953, 60.587570812006724 ], [ 30.287430754479828, 60.587592364585959 ], [ 30.287608270719947, 60.58762896559459 ], [ 30.287764822790074, 60.587664654732137 ], [ 30.287856048459943, 60.587691673173829 ], [ 30.287942645744813, 60.587730874846237 ], [ 30.287993858775891, 60.587751591880348 ], [ 30.288067217527647, 60.587769008009815 ], [ 30.288259050664312, 60.587801550476073 ], [ 30.288396913389022, 60.587832209997202 ], [ 30.288521163427845, 60.587868276854614 ], [ 30.28867491092694, 60.587925222168536 ], [ 30.288862552589141, 60.587993284658637 ], [ 30.289027731226042, 60.588053427410642 ], [ 30.289119089192781, 60.588091933840595 ], [ 30.289182939103529, 60.588137215082313 ], [ 30.28924523059429, 60.588205195742233 ], [ 30.289283436477412, 60.588282122223298 ], [ 30.289346487850768, 60.588437973397994 ], [ 30.289379991706447, 60.588486066345418 ], [ 30.289406457917533, 60.588503519209468 ], [ 30.289439533526942, 60.588510055038462 ], [ 30.289615772205742, 60.588511284912762 ], [ 30.289776414762731, 60.588516745593928 ], [ 30.28991081067657, 60.58853868050749 ], [ 30.290009195730811, 60.588572733442497 ], [ 30.290069288501051, 60.588605520228334 ], [ 30.290122886248003, 60.588661520580715 ], [ 30.290174027583515, 60.588703776792613 ], [ 30.290248134031131, 60.588747313112471 ], [ 30.290328329911663, 60.58877858347801 ], [ 30.290407281738858, 60.588808232127306 ], [ 30.290430667233828, 60.588824682314936 ], [ 30.290437547947942, 60.588845179627839 ], [ 30.290415859503966, 60.588879716711261 ], [ 30.290340301396416, 60.588952042607566 ], [ 30.290300069207337, 60.588974281938015 ], [ 30.290254728305449, 60.588996496040359 ], [ 30.290219471648335, 60.589016336612964 ], [ 30.290209365896224, 60.58903764760376 ], [ 30.290221118981339, 60.589069746931848 ], [ 30.290314478401243, 60.589144522039881 ], [ 30.290477271854268, 60.589232563928526 ], [ 30.290572825816554, 60.589271359300078 ], [ 30.290638428071066, 60.589284607159534 ], [ 30.290740957394881, 60.589294536814293 ], [ 30.2909163768525, 60.589309313405394 ], [ 30.290989494685405, 60.58932089287071 ], [ 30.291039506329202, 60.589338102484 ], [ 30.291091737746783, 60.589371747557117 ], [ 30.291106679494867, 60.589399644197854 ], [ 30.291107070621869, 60.589425225321115 ], [ 30.291077302878048, 60.589471210880511 ], [ 30.290982174677268, 60.589581585070015 ], [ 30.290980855936454, 60.589610478570656 ], [ 30.291003893417212, 60.589635094329303 ], [ 30.291060967879108, 60.589663916704573 ], [ 30.291171954344623, 60.589697671878568 ], [ 30.291483668523764, 60.58978492068541 ], [ 30.291536229773069, 60.589811387079408 ], [ 30.291576515061049, 60.58984928118079 ], [ 30.291598218516302, 60.589903598026133 ], [ 30.291586658128551, 60.589960533316493 ], [ 30.291555047716496, 60.590007407416664 ], [ 30.291538370104806, 60.59003784078719 ], [ 30.291538792359081, 60.59007087143754 ], [ 30.291555821978246, 60.590103804394793 ], [ 30.291640363145717, 60.590199716470686 ], [ 30.291817714722303, 60.590370848565243 ], [ 30.291860527486939, 60.590437026755573 ], [ 30.291872092751159, 60.590478459160103 ], [ 30.291858117396398, 60.590510611152453 ], [ 30.291828944996738, 60.590536315954701 ], [ 30.291788250326423, 60.590554335131216 ], [ 30.29173698360378, 60.590580738876781 ], [ 30.291689577471221, 60.59061470074586 ], [ 30.291662196065527, 60.590659980168603 ], [ 30.291631931228924, 60.590846873312209 ], [ 30.291630137144647, 60.590863289007018 ], [ 30.291647058406266, 60.590874681044369 ], [ 30.291683769704207, 60.590882041976933 ], [ 30.291768090794811, 60.590899240772202 ], [ 30.291811700819256, 60.590917316074105 ], [ 30.291846950270894, 60.590942709821839 ], [ 30.291907096231583, 60.591000087931199 ], [ 30.291962100884902, 60.591041105923189 ], [ 30.292013973056076, 60.591065683941807 ], [ 30.292079811168914, 60.591085484099139 ], [ 30.292212929292894, 60.591108038620689 ], [ 30.292370081711425, 60.591142199452506 ], [ 30.292464736761136, 60.591171744604758 ], [ 30.29251652193383, 60.591200630071199 ], [ 30.292532989330571, 60.591225392738956 ], [ 30.292539488691929, 60.591255760722142 ], [ 30.292515826587817, 60.59128867289656 ], [ 30.292483884202728, 60.591307004589403 ], [ 30.2924333321881, 60.591316179824119 ], [ 30.292289730241436, 60.591315563065066 ], [ 30.292059074284925, 60.591306440046608 ], [ 30.292011027512839, 60.591309075591688 ], [ 30.291979838589953, 60.591317268951357 ], [ 30.291951982992984, 60.591341005728147 ], [ 30.291849884020589, 60.591444076321871 ], [ 30.291801983283367, 60.591511243860282 ], [ 30.291797626978244, 60.591545956250535 ], [ 30.291811004852995, 60.591570075533326 ], [ 30.291840374265135, 60.591588529456878 ], [ 30.291890794979938, 60.591603766213304 ], [ 30.291998389657373, 60.591634183160785 ], [ 30.29208167988326, 60.591666275427471 ], [ 30.292170197812403, 60.591710509824345 ], [ 30.292232482722326, 60.591743575638446 ], [ 30.29231135772682, 60.591777441063599 ], [ 30.292421513319496, 60.591825551315885 ], [ 30.292477297373367, 60.591855264227078 ], [ 30.292548226393077, 60.591903001908548 ], [ 30.292600328479551, 60.591934312184847 ], [ 30.29263829295197, 60.591951910685232 ], [ 30.292694387597351, 60.591975342425435 ], [ 30.292768566828578, 60.591997875794767 ], [ 30.292815005372475, 60.592020541994003 ], [ 30.292879495845526, 60.59206187548353 ], [ 30.293162373273308, 60.59229437592996 ], [ 30.293280494728759, 60.592417646610841 ], [ 30.293307169579762, 60.592470013033726 ], [ 30.293307170385528, 60.59250591363795 ], [ 30.293283614054577, 60.592542596025204 ], [ 30.293273093603599, 60.592584368537814 ], [ 30.293276799663126, 60.592671445699622 ], [ 30.293337984082001, 60.592803770732935 ], [ 30.293368531171744, 60.592845206478927 ], [ 30.293401517480468, 60.592865383094633 ], [ 30.293471688457913, 60.592887716870905 ], [ 30.293534692017865, 60.592912528452921 ], [ 30.293633549270439, 60.592969108584882 ], [ 30.293759207652514, 60.59304493728655 ], [ 30.293811131752491, 60.593067181301606 ], [ 30.293894624145945, 60.593089580245646 ], [ 30.293969092651427, 60.59309802337043 ], [ 30.294022019599506, 60.593097834352903 ], [ 30.294077190455361, 60.593085988631969 ], [ 30.294163830303479, 60.593061193570392 ], [ 30.294223307638426, 60.593052958977516 ], [ 30.294330876456886, 60.593048999073169 ], [ 30.29442590593257, 60.593051439692957 ], [ 30.294591848401286, 60.593075678558712 ], [ 30.295239411027765, 60.593234122078492 ], [ 30.295331241661277, 60.59325036811083 ], [ 30.295419662691756, 60.593254750189367 ], [ 30.29548547404957, 60.593249148844485 ], [ 30.295606049344819, 60.59321572336313 ], [ 30.295733989676265, 60.593188077916139 ], [ 30.295801497602778, 60.593179792176123 ], [ 30.295866993724573, 60.593180740958545 ], [ 30.295913744778851, 60.593188149844586 ], [ 30.295973941923346, 60.593207471696317 ], [ 30.296114292799231, 60.593269997077876 ], [ 30.296179852172845, 60.593312949700604 ], [ 30.296216678170289, 60.59333287513909 ], [ 30.296255905445463, 60.593351376287508 ], [ 30.29631627287451, 60.593371327075971 ], [ 30.296420062663469, 60.593391849157094 ], [ 30.296477485238988, 60.593413041994012 ], [ 30.296608690664588, 60.59352183388846 ], [ 30.296621637251924, 60.593549450866817 ], [ 30.29662308341835, 60.593586256032161 ], [ 30.296604219793782, 60.593652759408492 ], [ 30.296602527246158, 60.593718449199791 ], [ 30.296609804359065, 60.593746666726183 ], [ 30.296634238851283, 60.593765723713766 ], [ 30.296675635559136, 60.593776247459665 ], [ 30.29676490170915, 60.59378404332854 ], [ 30.296936931952388, 60.593796282318124 ], [ 30.296989857629089, 60.593805246763822 ], [ 30.2970651371215, 60.593827872845822 ], [ 30.297123790579711, 60.593860469845858 ], [ 30.297166622951035, 60.593917401948119 ], [ 30.297170931448768, 60.593957093128402 ], [ 30.297169134201571, 60.594009947952273 ], [ 30.297162699541531, 60.594084589728702 ], [ 30.297180669317218, 60.594116539249356 ], [ 30.297272181476771, 60.594202968007004 ], [ 30.297390494012902, 60.594317888996109 ], [ 30.297423224284103, 60.594405197427115 ], [ 30.297425868931338, 60.594518297147125 ], [ 30.297408920386417, 60.594607517085798 ], [ 30.29740903260732, 60.594638122872681 ], [ 30.297426703644366, 60.594657774951017 ], [ 30.297465369920875, 60.594668015862922 ], [ 30.297525201229377, 60.594669474678959 ], [ 30.297615247490786, 60.594665875346159 ], [ 30.297700825386666, 60.594666651968929 ], [ 30.297766407487977, 60.594672536558846 ], [ 30.297827656698299, 60.594685131334899 ], [ 30.297946016871673, 60.594734533502347 ], [ 30.298141108140126, 60.594834301296018 ], [ 30.298317184539233, 60.59491773109599 ], [ 30.298522006222189, 60.594996633678583 ], [ 30.298685580164506, 60.595039434414204 ], [ 30.298765882953138, 60.595066571566583 ], [ 30.298825105904839, 60.595098273061424 ], [ 30.298895742451521, 60.595143223579576 ], [ 30.298943335238185, 60.595181509978289 ], [ 30.298998798622407, 60.595209603027733 ], [ 30.299237754470365, 60.595288401469446 ], [ 30.299907972676952, 60.595503386023921 ], [ 30.300056766041482, 60.595555357578988 ], [ 30.300127707137346, 60.595603450213851 ], [ 30.300177722224085, 60.595666609075735 ], [ 30.30023681043324, 60.595805023685614 ], [ 30.300328206692555, 60.59592510649518 ], [ 30.300427927906568, 60.596003315792039 ], [ 30.300558851386739, 60.596063726322967 ], [ 30.300747119499395, 60.596122350960478 ], [ 30.300828113429365, 60.59615164424531 ], [ 30.300870617707911, 60.596179942826161 ], [ 30.300884113357725, 60.596216806423683 ], [ 30.300868584072056, 60.596263042730008 ], [ 30.300823922541802, 60.596342166075672 ], [ 30.300835056594408, 60.596378479700668 ], [ 30.300871356371687, 60.596406748150002 ], [ 30.300994612883127, 60.596449170738182 ], [ 30.301179064823511, 60.596516212856443 ], [ 30.301282812600761, 60.596575862504643 ], [ 30.301525853694773, 60.596733837321239 ], [ 30.301955015661484, 60.597021597008244 ], [ 30.30205724061976, 60.59711184387227 ], [ 30.302099214831699, 60.597166705883474 ], [ 30.302104094438661, 60.597196437231439 ], [ 30.302083138352248, 60.597222094306417 ], [ 30.302038975257002, 60.597240010031953 ], [ 30.301975968932311, 60.597251013300408 ], [ 30.301858232626415, 60.597260763938984 ], [ 30.301548964641643, 60.597274073136148 ], [ 30.301487242781242, 60.597284723400072 ], [ 30.301446064728793, 60.597308487250061 ], [ 30.301432323403276, 60.597338397539758 ], [ 30.301440489866195, 60.597377119995173 ], [ 30.30149082303053, 60.597442882664197 ], [ 30.301558050418052, 60.597521741206378 ], [ 30.301613041564895, 60.597600989123265 ], [ 30.301684879991726, 60.59766838178826 ], [ 30.301737118979045, 60.597693765492096 ], [ 30.301819170603473, 60.597716062677307 ], [ 30.30199930198005, 60.597762350111836 ], [ 30.302105186056725, 60.597806751718565 ], [ 30.302155532978304, 60.597862821047713 ], [ 30.302162045881083, 60.597965887154778 ], [ 30.302173447981964, 60.598025357798747 ], [ 30.30228264239539, 60.598132331986861 ], [ 30.303081793958103, 60.598703340168434 ], [ 30.303349948966918, 60.598866279632816 ], [ 30.303576117817652, 60.598956586224865 ], [ 30.303710460142586, 60.5989929567628 ], [ 30.303828467124653, 60.599015606010774 ], [ 30.303946904307427, 60.599025871551419 ], [ 30.304070019068554, 60.599030415502909 ], [ 30.304220157408832, 60.5990436162542 ], [ 30.304374500109969, 60.59907478740282 ], [ 30.304762953801696, 60.599219277617053 ], [ 30.304944465874119, 60.599306763544526 ], [ 30.305007504636368, 60.599358315684647 ], [ 30.305019753799343, 60.599393916295526 ], [ 30.305018346863285, 60.599427835499384 ], [ 30.305004942506898, 60.599459273536588 ], [ 30.304977294887362, 60.599500156490912 ], [ 30.304968158237294, 60.599518960181605 ], [ 30.304981470559788, 60.599537872183028 ], [ 30.305038342423117, 60.599560045877226 ], [ 30.305108953038026, 60.599570618151162 ], [ 30.305229958579385, 60.59958035642795 ], [ 30.305339399691071, 60.59959335962958 ], [ 30.305440842509718, 60.599623017920408 ], [ 30.305477849575315, 60.599652814262434 ], [ 30.305477803012497, 60.599682611467131 ], [ 30.30546937695393, 60.599711560512532 ], [ 30.305445600106047, 60.59973226818127 ], [ 30.305354073069513, 60.59978199785175 ], [ 30.305201120612992, 60.599863921185886 ], [ 30.305174478559358, 60.599900141961534 ], [ 30.305176276551464, 60.599928960798401 ], [ 30.305196011181454, 60.599946198477717 ], [ 30.305246544234759, 60.599965918221784 ], [ 30.305367492233774, 60.599978617883643 ], [ 30.305552093205517, 60.599993868064892 ], [ 30.305622704936532, 60.600004440068616 ], [ 30.305789697189532, 60.600033157492405 ], [ 30.305914287014126, 60.600046322962989 ], [ 30.306213724568533, 60.600060420149703 ], [ 30.306448889994595, 60.600066398934523 ], [ 30.306548339575087, 60.600077109260688 ], [ 30.306615464686875, 60.600097805851817 ], [ 30.306669417273241, 60.600138363806359 ], [ 30.306718197380036, 60.600191192775 ], [ 30.306753461132416, 60.600207786930106 ], [ 30.306803826955473, 60.600217632635925 ], [ 30.306902035218798, 60.600226541699506 ], [ 30.30695756155777, 60.600233899134857 ], [ 30.307029982011993, 60.600254531233986 ], [ 30.307115993558739, 60.600289319598467 ], [ 30.307188297758184, 60.60030663025497 ], [ 30.307270638168379, 60.600314924243499 ], [ 30.307355000059861, 60.600313355258862 ], [ 30.307444357140024, 60.600299245051723 ], [ 30.30751872883306, 60.600267651025888 ], [ 30.307576786925853, 60.600211925230255 ], [ 30.307636826313999, 60.600111602549738 ], [ 30.307678314283866, 60.600053822565464 ], [ 30.307725853710803, 60.60002218925932 ], [ 30.30777835609771, 60.600007183761711 ], [ 30.307849659894327, 60.600001333429887 ], [ 30.307914110787156, 60.600000476218611 ], [ 30.307973435913723, 60.600009556751509 ], [ 30.308021011313663, 60.600031235765556 ], [ 30.308118817740656, 60.600097134059233 ], [ 30.308307627814539, 60.600240655189609 ], [ 30.308420529927073, 60.600318562628452 ], [ 30.308491408501155, 60.600352559470117 ], [ 30.308578274836854, 60.600381158152665 ], [ 30.308743239977495, 60.600420273291888 ], [ 30.308914099612895, 60.600475122960404 ], [ 30.308957026174827, 60.600501177154761 ], [ 30.30901030944635, 60.600557257907461 ], [ 30.309081961872064, 60.60065354550688 ], [ 30.309141338126565, 60.600706155115134 ], [ 30.30920172828317, 60.600735254729607 ], [ 30.309298548371856, 60.600759054078289 ], [ 30.309512744312531, 60.600810251339908 ], [ 30.309657901091715, 60.600854296509944 ], [ 30.309713262620946, 60.600888487625809 ], [ 30.309765548712292, 60.600939716725549 ], [ 30.309826369553118, 60.600983986074993 ], [ 30.309897662314985, 60.601015650609597 ], [ 30.309985417625814, 60.601045598890231 ], [ 30.310059672870651, 60.601056724486753 ], [ 30.310198178615202, 60.601077222404577 ], [ 30.310259070895057, 60.601090258467387 ], [ 30.31031023454582, 60.601106030242271 ], [ 30.310363865703781, 60.601144700365971 ], [ 30.310580604617773, 60.601307468839686 ], [ 30.310623014798121, 60.601322839622831 ], [ 30.310710235316392, 60.601333757604841 ], [ 30.311018437602744, 60.601339180027331 ], [ 30.311259542816916, 60.60133144677102 ], [ 30.311431968088627, 60.601325987848597 ], [ 30.311514067705396, 60.60132817497864 ], [ 30.311583924091746, 60.601340265980411 ], [ 30.311626910675077, 60.601363447551478 ], [ 30.311660600918351, 60.601422933964201 ], [ 30.311703718363752, 60.60160587329068 ], [ 30.311728250955788, 60.60162995398548 ], [ 30.31176858168871, 60.601639749899121 ], [ 30.311808536760946, 60.601640838140121 ], [ 30.311854958128318, 60.601628763805813 ], [ 30.31235186783292, 60.601488340509363 ], [ 30.312473124894332, 60.601467288735826 ], [ 30.312546873124905, 60.601467191626597 ], [ 30.312616389931179, 60.601478023950712 ], [ 30.31266102015007, 60.601501213021812 ], [ 30.312705014907468, 60.601547375356375 ], [ 30.312745645552432, 60.601625293566094 ], [ 30.312746666248056, 60.601684623974435 ], [ 30.31272332090527, 60.60174841555289 ], [ 30.312715445607498, 60.601805280274441 ], [ 30.312725257022922, 60.601844638066275 ], [ 30.312736983421821, 60.601860938927082 ], [ 30.312766164769581, 60.601871489154775 ], [ 30.312830490122163, 60.601877180801836 ], [ 30.313179839917431, 60.601906847638105 ], [ 30.313481788414617, 60.601933505608663 ], [ 30.313606370544424, 60.60193831697871 ], [ 30.313669079414172, 60.60193340988689 ], [ 30.31372585501498, 60.601923897218427 ], [ 30.313765590958656, 60.601899045737326 ], [ 30.313902610470279, 60.601782033905636 ], [ 30.314012842327614, 60.601718296466899 ], [ 30.314184250496488, 60.601643989992759 ], [ 30.314222424926232, 60.601624246768786 ], [ 30.314276461250373, 60.601605476469842 ], [ 30.314325302843017, 60.601600233879559 ], [ 30.314392592441976, 60.601603695090581 ], [ 30.314461735292671, 60.601624307553713 ], [ 30.31458165140436, 60.601680702769066 ], [ 30.314671633746002, 60.601755534127257 ], [ 30.314884665061697, 60.601922496214328 ], [ 30.314927996917362, 60.601946845117695 ], [ 30.314984354286278, 60.601958600958255 ], [ 30.315077284744046, 60.601957785797204 ], [ 30.31517298561446, 60.601946034082957 ], [ 30.315235182717764, 60.601929994682017 ], [ 30.315265915586966, 60.601908061802675 ], [ 30.31544600786955, 60.601716759416576 ], [ 30.315550972435361, 60.601614312963733 ], [ 30.315599616805883, 60.601591208488934 ], [ 30.315651445481308, 60.601582569044417 ], [ 30.315715881730679, 60.601582605506408 ], [ 30.315806350768245, 60.601604844216311 ], [ 30.316050494503273, 60.60169350949149 ], [ 30.316122764409339, 60.601712969153937 ], [ 30.316249763701304, 60.601734124236074 ], [ 30.31637183543598, 60.601745921722625 ], [ 30.316419729096538, 60.601742468898799 ], [ 30.316452968407951, 60.601732305029877 ], [ 30.316471900821803, 60.601716329284862 ], [ 30.316505461762457, 60.601615248995621 ], [ 30.316576026714223, 60.601488854688171 ], [ 30.316684538623075, 60.601354203493329 ], [ 30.316732922594571, 60.601316378184166 ], [ 30.316777372600956, 60.601302318284944 ], [ 30.316827557799453, 60.60129367060275 ], [ 30.316877668834227, 60.601298126221153 ], [ 30.316903614551556, 60.601315481310422 ], [ 30.316926597168536, 60.601353644634365 ], [ 30.316955100033919, 60.601370922070657 ], [ 30.317024223200416, 60.60138327600572 ], [ 30.317147620083354, 60.601420568392577 ], [ 30.317276239965448, 60.601470809550079 ], [ 30.317322689802307, 60.601503788542871 ], [ 30.317350048515898, 60.601532907632318 ], [ 30.317376259757875, 60.601546045579816 ], [ 30.317432847272869, 60.601555378196451 ], [ 30.317696366133593, 60.601558958276954 ], [ 30.317746109195301, 60.601554257209798 ], [ 30.317769474055897, 60.601544943829865 ], [ 30.317774167101966, 60.601528990316709 ], [ 30.317756572996025, 60.60150458455233 ], [ 30.317641642228786, 60.601370401522672 ], [ 30.317640901852261, 60.601342934165764 ], [ 30.317663557721911, 60.601313872195732 ], [ 30.31769170671015, 60.601293272810608 ], [ 30.317748136034414, 60.601282679789648 ], [ 30.317908048455561, 60.601263600923112 ], [ 30.317967048762725, 60.60125221220494 ], [ 30.318001268133877, 60.601238552291676 ], [ 30.318055928117069, 60.601206410499401 ], [ 30.318101374226551, 60.601188046815004 ], [ 30.31815722226915, 60.601169822026492 ], [ 30.318217728100855, 60.601156106783421 ], [ 30.318257942411336, 60.601143911152789 ], [ 30.318295337972735, 60.601117162504117 ], [ 30.318433956072813, 60.601010744270233 ], [ 30.318512800052702, 60.600927289121529 ], [ 30.318530786466653, 60.600894255899561 ], [ 30.318538870469922, 60.60082617295258 ], [ 30.318556860306874, 60.600792960240753 ], [ 30.318586543813666, 60.600768508616753 ], [ 30.318779710807576, 60.600700850889318 ], [ 30.318889326860152, 60.600677315075643 ], [ 30.318958929670483, 60.600674412581952 ], [ 30.319030531736527, 60.600681302363675 ], [ 30.319100059897085, 60.600700926984331 ], [ 30.319172818159632, 60.600742107086866 ], [ 30.3192215568316, 60.600760736036015 ], [ 30.319279893403124, 60.60077393542678 ], [ 30.31935004435741, 60.600780369434801 ], [ 30.319474334943621, 60.600781224925448 ], [ 30.319581040641019, 60.60078522842327 ], [ 30.319700537253336, 60.60079790824971 ], [ 30.319833694299156, 60.600830846366598 ], [ 30.319907714541191, 60.600854171534756 ], [ 30.319941907595901, 60.600860525509752 ], [ 30.319974750710241, 60.600861218792254 ], [ 30.320002421441526, 60.600855694864194 ], [ 30.320336149960514, 60.600684406355214 ], [ 30.32047639535492, 60.600625202791655 ], [ 30.32064987510158, 60.600574681893356 ], [ 30.320814650092835, 60.60054933987648 ], [ 30.321338040466944, 60.600499207866278 ], [ 30.321533342486035, 60.600490343217196 ], [ 30.321634907323876, 60.600495846681738 ], [ 30.321730437987576, 60.600511284088384 ], [ 30.321831231505072, 60.600537695792944 ], [ 30.321878917011418, 60.600544830676917 ], [ 30.321932398373701, 60.600544902432503 ], [ 30.321990144488925, 60.600532159788145 ], [ 30.322107916248253, 60.600492683954386 ], [ 30.322203572414139, 60.600473477675251 ], [ 30.322532975836207, 60.60043014852593 ], [ 30.322806258109974, 60.600400466721652 ], [ 30.322887167675276, 60.600388640117075 ], [ 30.322960905031085, 60.600379562109943 ], [ 30.323010751443825, 60.600378808626488 ], [ 30.323071265168888, 60.600392734580893 ], [ 30.32315686542972, 60.600411983698599 ], [ 30.323203344775738, 60.60041543265875 ], [ 30.323278820275466, 60.600410850181632 ], [ 30.323352366528979, 60.600392795950839 ], [ 30.323486152420021, 60.600355727499924 ], [ 30.323598597213238, 60.600336688652312 ], [ 30.32374036795191, 60.600330262492328 ], [ 30.323849116936803, 60.600322963518835 ], [ 30.323895326822068, 60.600312050797783 ], [ 30.323936254114209, 60.60029115094909 ], [ 30.32394378076733, 60.600270094682514 ], [ 30.323933471179927, 60.600246352108691 ], [ 30.323774271884574, 60.600153701349818 ], [ 30.323758406993278, 60.600134061291421 ], [ 30.323754031989115, 60.600105499940952 ], [ 30.323764724080316, 60.600081227470966 ], [ 30.323793021070177, 60.600062153276212 ], [ 30.323903868969037, 60.600031259547059 ], [ 30.32478784606063, 60.599919348235161 ], [ 30.324918660661112, 60.599922472964188 ], [ 30.325067981094115, 60.599940852009318 ], [ 30.325340673981977, 60.600016889097631 ], [ 30.325608345845822, 60.600116686217966 ], [ 30.325682356507205, 60.600140636397583 ], [ 30.325731215382035, 60.600143736587356 ], [ 30.325802031131484, 60.600134643375405 ], [ 30.32584560230859, 60.600109088233253 ], [ 30.325843431876105, 60.600060792006275 ], [ 30.325820584754062, 60.599977306562373 ], [ 30.325830572369227, 60.599942170758936 ], [ 30.325849662001168, 60.599917757830418 ], [ 30.325890268124855, 60.599903946226128 ], [ 30.325974198382315, 60.599896260413097 ], [ 30.326073135897936, 60.59990542804303 ], [ 30.326218206045375, 60.599935992116258 ], [ 30.326310726285563, 60.599946655396216 ], [ 30.326391522633344, 60.599940570220888 ], [ 30.326464977059906, 60.599917667298371 ], [ 30.327208322502806, 60.599544177600279 ], [ 30.327410332692214, 60.599461470487526 ], [ 30.327534889432968, 60.599429291338531 ], [ 30.327621862028934, 60.599424670198694 ], [ 30.327712311442244, 60.599438553911995 ], [ 30.327777459596899, 60.599467756996326 ], [ 30.327863896185477, 60.599528920756242 ], [ 30.32792569781332, 60.599551825617063 ], [ 30.327984931626148, 60.599556409278954 ], [ 30.328028337439388, 60.599548802880477 ], [ 30.328075170578636, 60.599524339206724 ], [ 30.328076261875687, 60.599467621593142 ], [ 30.328082085021158, 60.599373679287687 ], [ 30.32812341914731, 60.59930296820243 ], [ 30.328210964185672, 60.599240100883499 ], [ 30.328330746823383, 60.599199821194432 ], [ 30.32843587397624, 60.599181282776797 ], [ 30.32852473434189, 60.599182862654473 ], [ 30.328581112580832, 60.599193535853985 ], [ 30.328626360418188, 60.599223005025976 ], [ 30.328659750957591, 60.599280600916344 ], [ 30.328698447545126, 60.59930905235278 ], [ 30.328768181867144, 60.59932759588709 ], [ 30.328948182986867, 60.599335612291341 ], [ 30.329036761534898, 60.599332882466058 ], [ 30.329106555368082, 60.599319833717466 ], [ 30.329378060593406, 60.599191763087383 ], [ 30.329509035055281, 60.599148393015355 ], [ 30.329576429824073, 60.599136679154441 ], [ 30.329635019191642, 60.599136771542518 ], [ 30.329685173410265, 60.599148402655679 ], [ 30.329714536894937, 60.599168643141859 ], [ 30.329714557444998, 60.599196107068309 ], [ 30.329658796421214, 60.59927689356433 ], [ 30.329667846107572, 60.599299911833093 ], [ 30.329694218964526, 60.599314304625707 ], [ 30.329743782922247, 60.599318663139428 ], [ 30.329799548875805, 60.599304202680067 ], [ 30.329916500823806, 60.599249638023011 ], [ 30.330004347198845, 60.599227966684197 ], [ 30.330124286147708, 60.59920796986453 ], [ 30.330249784591391, 60.599183600907665 ], [ 30.330314026450235, 60.59916496122657 ], [ 30.330366807752796, 60.599134780258709 ], [ 30.330385324990747, 60.599092413823797 ], [ 30.330387000077064, 60.598976463194454 ], [ 30.330404256832178, 60.59893319340344 ], [ 30.330451168129461, 60.598904510965433 ], [ 30.330553761645675, 60.598865675403623 ], [ 30.330656281454054, 60.598849725947169 ], [ 30.330738544909366, 60.598852620060505 ], [ 30.330826630340027, 60.598875555577955 ], [ 30.330926417438949, 60.598906981825991 ], [ 30.330990895157331, 60.598914101472609 ], [ 30.331084376084384, 60.598912649509465 ], [ 30.331201260763621, 60.598899548421436 ], [ 30.331270166014789, 60.598885148169551 ], [ 30.331310914539579, 60.598863706746712 ], [ 30.331377523797507, 60.598797599196565 ], [ 30.331441966417643, 60.598758855665828 ], [ 30.331564280702878, 60.598709968706949 ], [ 30.331736681386477, 60.598638067754422 ], [ 30.331786540377642, 60.598607872715917 ], [ 30.331809525458031, 60.598570373306003 ], [ 30.331855799282618, 60.598508120530632 ], [ 30.331911719552938, 60.59846637558379 ], [ 30.332005282389673, 60.598422381351689 ], [ 30.332088350787259, 60.598402212333653 ], [ 30.332168326416905, 60.59840060744277 ], [ 30.332233452819242, 60.598411947791362 ], [ 30.332346566293044, 60.598443255060957 ], [ 30.332390683223476, 60.598446061662834 ], [ 30.332435045344393, 60.598436034980054 ], [ 30.332537250334234, 60.598388669759927 ], [ 30.33256946426938, 60.598345738031831 ], [ 30.332560106964284, 60.598310063640334 ], [ 30.33251245865641, 60.598262814003107 ], [ 30.332369840948338, 60.598199508933902 ], [ 30.332236058498061, 60.598141898856291 ], [ 30.332206185597901, 60.598110078679952 ], [ 30.332205752626475, 60.59807543276419 ], [ 30.332246822648628, 60.598046632956326 ], [ 30.33232063364645, 60.5980237284857 ], [ 30.332737554463222, 60.597964084948202 ], [ 30.333033071961562, 60.597915368018889 ], [ 30.333264843138572, 60.59784993192325 ], [ 30.333469311505507, 60.597780510218676 ], [ 30.333622717500745, 60.597737508846514 ], [ 30.333783682133035, 60.597700106707343 ], [ 30.33386468925092, 60.597673016259535 ], [ 30.333899912077825, 60.597644458252454 ], [ 30.333909067811323, 60.597614164587291 ], [ 30.333885524872596, 60.597585335744405 ], [ 30.333786451306498, 60.597564415858258 ], [ 30.333604820312289, 60.59754661555472 ], [ 30.333518462264593, 60.597528895385345 ], [ 30.333471530438953, 60.597501484375982 ], [ 30.333450670304117, 60.597456422883177 ], [ 30.333449982908906, 60.597406338614263 ], [ 30.333495225799769, 60.597359607457022 ], [ 30.333589536631209, 60.597323962425499 ], [ 30.333873312769317, 60.597268458187074 ], [ 30.334149560545082, 60.597224855559702 ], [ 30.334267863706167, 60.597213553367403 ], [ 30.334387015679862, 60.597215179133279 ], [ 30.334545863494753, 60.597231257972183 ], [ 30.334658080256482, 60.597242454931333 ], [ 30.334710887709363, 60.59723928745386 ], [ 30.334769660095862, 60.597219992215891 ], [ 30.334795154482798, 60.597194261236773 ], [ 30.334797108814602, 60.5971395220812 ], [ 30.334736626338138, 60.597018528543991 ], [ 30.334693702315171, 60.596933964977538 ], [ 30.334689221257985, 60.596891312594437 ], [ 30.334723982390642, 60.596848571577887 ], [ 30.334794659609454, 60.596807880616694 ], [ 30.334872316987482, 60.596793608551835 ], [ 30.334935650492476, 60.596793540958842 ], [ 30.335062702815133, 60.596801933806674 ], [ 30.335165061822579, 60.596803571385927 ], [ 30.335252800657187, 60.596796615303909 ], [ 30.335322944782195, 60.596774320582519 ], [ 30.335399810706711, 60.596724862155639 ], [ 30.335658811720094, 60.596599234413198 ], [ 30.33580913399625, 60.596545176999761 ], [ 30.335958816231422, 60.596495963036013 ], [ 30.336055354392567, 60.59645808273175 ], [ 30.336122508838958, 60.596420157178407 ], [ 30.336172518303538, 60.596352804269173 ], [ 30.336206191804774, 60.596290312643639 ], [ 30.336246513905508, 60.596252533077632 ], [ 30.336333199501883, 60.596204824473013 ], [ 30.336480853702962, 60.596175794609238 ], [ 30.336619346067106, 60.596167903795468 ], [ 30.336760478739244, 60.596165140761116 ], [ 30.336845334748336, 60.596156106141066 ], [ 30.336893290794755, 60.596139183643011 ], [ 30.336933283045791, 60.59610912095053 ], [ 30.336975379449086, 60.595987342311261 ], [ 30.337007413215996, 60.595953473555852 ], [ 30.337054266688742, 60.595927301585526 ], [ 30.337138935647168, 60.595908842061938 ], [ 30.337220561673693, 60.595887227249186 ], [ 30.337290101276899, 60.595848504288249 ], [ 30.337368911580587, 60.595802105187104 ], [ 30.337438098820591, 60.595781959004476 ], [ 30.337513621043161, 60.5957742274583 ], [ 30.337566950076042, 60.595781921128669 ], [ 30.337617430145905, 60.595805128659642 ], [ 30.337629502509188, 60.595842251149811 ], [ 30.337613272735176, 60.595899348224975 ], [ 30.337613323807901, 60.595925555767543 ], [ 30.337644634975458, 60.59593943111328 ], [ 30.337691847941809, 60.595942429661179 ], [ 30.337738927086605, 60.595933221435885 ], [ 30.337787477401509, 60.595913788311385 ], [ 30.337842669149037, 60.595871319561631 ], [ 30.338317166143113, 60.595313175762527 ], [ 30.338488297846538, 60.595132930839014 ], [ 30.338569353072764, 60.595073796655342 ], [ 30.338643261430928, 60.595045145097792 ], [ 30.33878688242228, 60.595007029403298 ], [ 30.339124267610948, 60.594894498029696 ], [ 30.339259931930318, 60.594862089536811 ], [ 30.33933343574326, 60.594854796503377 ], [ 30.339393522493221, 60.594862161316577 ], [ 30.339488986916457, 60.594890330423887 ], [ 30.339615079536291, 60.594939551314766 ], [ 30.339693119247439, 60.594953011288055 ], [ 30.339758909111307, 60.594957978695646 ], [ 30.339814299352145, 60.594953115735784 ], [ 30.339852198324532, 60.594937043786878 ], [ 30.339866856191733, 60.594904979814245 ], [ 30.339865590744555, 60.594788297671215 ], [ 30.339875641073089, 60.594748942831551 ], [ 30.339908069416211, 60.594713280168236 ], [ 30.340057072092659, 60.594641261781035 ], [ 30.340141675381787, 60.594616337993223 ], [ 30.34022626129018, 60.594602004697059 ], [ 30.340291525374145, 60.59459610956926 ], [ 30.34033034936391, 60.594589016810261 ], [ 30.340349760793032, 60.594575822185988 ], [ 30.340366582720147, 60.594535421180773 ], [ 30.340390685109778, 60.59450573375058 ], [ 30.340424533070841, 60.594491527938636 ], [ 30.340477592410981, 60.59448441030095 ], [ 30.340651646077312, 60.594467792127396 ], [ 30.340721586938578, 60.594455815038145 ], [ 30.340760088140211, 60.594436783794237 ], [ 30.340839645885669, 60.594350267351587 ], [ 30.340882979397772, 60.594326591039099 ], [ 30.340946007461131, 60.594313415569722 ], [ 30.341033310803432, 60.594309774522188 ], [ 30.341215607044049, 60.594320567237226 ], [ 30.341321711293375, 60.594336128597135 ], [ 30.341381844843234, 60.594340979702885 ], [ 30.341437619026411, 60.594335040809824 ], [ 30.341478949878923, 60.594320779047969 ], [ 30.341529852414009, 60.594273083703548 ], [ 30.341764564432506, 60.593981114724869 ], [ 30.341898012588917, 60.593784808075164 ], [ 30.342004469198613, 60.593674808785792 ], [ 30.342080570739707, 60.593626240584605 ], [ 30.342182860240609, 60.59360193445432 ], [ 30.342341868735851, 60.593579591367444 ], [ 30.34252415610375, 60.593542096208239 ], [ 30.342672567641923, 60.59350094660229 ], [ 30.342752352749574, 60.593450509986027 ], [ 30.342839378071748, 60.593374078406072 ], [ 30.342881104791715, 60.593338636765878 ], [ 30.34293058073672, 60.593318128979938 ], [ 30.342995360020254, 60.593308730048491 ], [ 30.343097846550297, 60.593303002583355 ], [ 30.34318930462214, 60.593291750161754 ], [ 30.3432502797849, 60.593271114957503 ], [ 30.343298900746674, 60.59322807564331 ], [ 30.343342419401889, 60.59316517817426 ], [ 30.343374396550409, 60.593133820681139 ], [ 30.343429594963922, 60.593119531503689 ], [ 30.343481999586327, 60.593117974275202 ], [ 30.343546072306516, 60.593136484446831 ], [ 30.343618769361491, 60.593162213794535 ], [ 30.343700548580617, 60.593170752097471 ], [ 30.343832068493541, 60.593183554720518 ], [ 30.343881701481045, 60.593193562650363 ], [ 30.343945820795049, 60.593219342674452 ], [ 30.343995659026596, 60.593237877840785 ], [ 30.344057022876285, 60.593245156605136 ], [ 30.344170952997469, 60.593242262475442 ], [ 30.344501934790987, 60.593216298345801 ], [ 30.344597380745586, 60.593216192155595 ], [ 30.344705331318941, 60.59323050268722 ], [ 30.344799041358925, 60.593254890523646 ], [ 30.344863353627659, 60.593260656498927 ], [ 30.34490738793858, 60.593257804303605 ], [ 30.34493633594057, 60.593241959657696 ], [ 30.344936501122373, 60.593223381942273 ], [ 30.344898157511697, 60.593165947215496 ], [ 30.344842516895554, 60.593086893922255 ], [ 30.344848271276696, 60.593052455577173 ], [ 30.344883609774083, 60.59302667750908 ], [ 30.344959668457349, 60.593009340848177 ], [ 30.3450486778544, 60.592992332009281 ], [ 30.345176643615098, 60.592970742580881 ], [ 30.345227765545527, 60.592969448118417 ], [ 30.345298935896906, 60.592979283710712 ], [ 30.345391067467968, 60.593029512289512 ], [ 30.345552661464261, 60.593112634549399 ], [ 30.345619731789597, 60.593136811593375 ], [ 30.345671283974969, 60.593141801477692 ], [ 30.345745813579409, 60.593137920110991 ], [ 30.346154433707106, 60.593078287202403 ], [ 30.34622932471099, 60.593074586701441 ], [ 30.346301630680909, 60.593082272863242 ], [ 30.346340108043858, 60.593093575761131 ], [ 30.346392002999863, 60.593129082261882 ], [ 30.346487363737385, 60.593231290498174 ], [ 30.346523463994117, 60.593252634723562 ], [ 30.346572413238196, 60.593260215287422 ], [ 30.346685084274856, 60.593256326071241 ], [ 30.346972599306746, 60.593222261550601 ], [ 30.347085780658887, 60.593200783101253 ], [ 30.347121514361763, 60.593183083820911 ], [ 30.347129189989644, 60.593162924461723 ], [ 30.347113736157063, 60.593140237506724 ], [ 30.347065135130361, 60.593123773361071 ], [ 30.346944460632113, 60.593087149081008 ], [ 30.34690856954245, 60.59306436989651 ], [ 30.346895727502069, 60.593028860304038 ], [ 30.346908537675532, 60.592987812136514 ], [ 30.346984437696978, 60.592929995903461 ], [ 30.347334433033627, 60.592755034117147 ], [ 30.347472341090672, 60.592679636715715 ], [ 30.347551537704248, 60.592640682736494 ], [ 30.347597144438158, 60.592631733676477 ], [ 30.347649154706868, 60.592631698807892 ], [ 30.347743770672427, 60.592646664807354 ], [ 30.3479392133045, 60.592715486766394 ], [ 30.348173940277892, 60.592811141364223 ], [ 30.348210656229696, 60.592848463584815 ], [ 30.348225935712232, 60.592890356342501 ], [ 30.348204526207269, 60.592942495041299 ], [ 30.348174006555457, 60.593003657571224 ], [ 30.348173986399861, 60.593043955681615 ], [ 30.348210563166962, 60.593069160887921 ], [ 30.348268192931343, 60.593080998208094 ], [ 30.348344320965221, 60.593079456116094 ], [ 30.34838088440468, 60.593066158035271 ], [ 30.348402187754509, 60.593039328614836 ], [ 30.348439072239511, 60.592949923112563 ], [ 30.348521390041974, 60.592802024889629 ], [ 30.348643264184872, 60.592597581943977 ], [ 30.348762117116227, 60.59242794868743 ], [ 30.348810677751704, 60.592387689400184 ], [ 30.348896125729265, 60.59236572568679 ], [ 30.349458095728675, 60.592321670919247 ], [ 30.349606710317342, 60.592317940734702 ], [ 30.349695993722374, 60.592325252566162 ], [ 30.349796434772362, 60.592350833892333 ], [ 30.349851646079912, 60.59239461102959 ], [ 30.349892312043952, 60.592425667951332 ], [ 30.349932838736994, 60.592434735240687 ], [ 30.350003460992731, 60.592434783009935 ], [ 30.350267972596601, 60.592390825316492 ], [ 30.350849794547042, 60.592270026925334 ], [ 30.351199040067563, 60.592193149564849 ], [ 30.351421375744927, 60.592140294806718 ], [ 30.351699477877141, 60.592061841022499 ], [ 30.351837098392831, 60.59203086460375 ], [ 30.351940954585412, 60.592019841198436 ], [ 30.352033887130965, 60.592027167797347 ], [ 30.352111750705269, 60.592059916208576 ], [ 30.352200836272555, 60.592127268891026 ], [ 30.35232690596046, 60.592247291210484 ], [ 30.352378626989854, 60.592272742489143 ], [ 30.352452948142226, 60.592279985581683 ], [ 30.352549321889562, 60.59226901800362 ], [ 30.352619583668353, 60.592249048313157 ], [ 30.352649469116624, 60.592221718073993 ], [ 30.352645882243372, 60.592168928469398 ], [ 30.352653394660397, 60.592117893735264 ], [ 30.352683241336539, 60.592043264549105 ], [ 30.352769403074998, 60.591942948954717 ], [ 30.352838016218534, 60.591883750606478 ], [ 30.352879796680678, 60.591864461294598 ], [ 30.352935738691709, 60.591858967127891 ], [ 30.353011344598634, 60.59186576689698 ], [ 30.353131437355486, 60.591894485018017 ], [ 30.353215306176452, 60.591908411895311 ], [ 30.353285331854387, 60.591911058049568 ], [ 30.353352115826958, 60.591901483564328 ], [ 30.353443979366411, 60.591887623181577 ], [ 30.353533605527698, 60.591886228137398 ], [ 30.353628218750881, 60.591901369463024 ], [ 30.353703155424395, 60.591924680033237 ], [ 30.353736726342717, 60.591954716865942 ], [ 30.35372515827536, 60.592008067090212 ], [ 30.353688641220767, 60.592058613484056 ], [ 30.353680529265599, 60.592092772414638 ], [ 30.353735624583678, 60.592143099238584 ], [ 30.353890363398531, 60.592232732622456 ], [ 30.353940530589917, 60.592243546956261 ], [ 30.353987661457637, 60.592240885087506 ], [ 30.354026417923013, 60.592227236246025 ], [ 30.354099420286168, 60.592167428571436 ], [ 30.354164286677545, 60.59206387586967 ], [ 30.354173460967932, 60.59202155430858 ], [ 30.354176960429992, 60.591950487141169 ], [ 30.354198909806378, 60.591888297807785 ], [ 30.354248982590988, 60.591795269735776 ], [ 30.354332607388173, 60.591693685326355 ], [ 30.354413423540805, 60.591595947641657 ], [ 30.354513945151375, 60.5914388825556 ], [ 30.354561743158836, 60.591409836674245 ], [ 30.354620392336688, 60.591396007024947 ], [ 30.354698962558128, 60.591390433412393 ], [ 30.354783142083647, 60.591397360117398 ], [ 30.35483364919364, 60.591419394505444 ], [ 30.354897714864755, 60.591497942599645 ], [ 30.354917046244232, 60.591577907026625 ], [ 30.354922898981851, 60.591646592572594 ], [ 30.354939338441248, 60.591675475820132 ], [ 30.355023081919004, 60.591735892004905 ], [ 30.355198291192657, 60.591813947368152 ], [ 30.355248323578721, 60.591822157834912 ], [ 30.355289747628916, 60.591822162645144 ], [ 30.355392634250272, 60.591804221426536 ], [ 30.355492358406423, 60.591779624492318 ], [ 30.355504024668964, 60.591760469674924 ], [ 30.355501376458903, 60.591735776382635 ], [ 30.35543851540487, 60.591680928198393 ], [ 30.355375708837954, 60.591603283481454 ], [ 30.355336145405246, 60.591521972601655 ], [ 30.355327931117035, 60.591432813348526 ], [ 30.355355086785575, 60.591355299575831 ], [ 30.355414300653322, 60.59130081490401 ], [ 30.355497576440857, 60.591277491063934 ], [ 30.355611174972751, 60.59127234196184 ], [ 30.355704791550025, 60.591282092332214 ], [ 30.355795186293097, 60.591318215097417 ], [ 30.355855289961003, 60.59135429290945 ], [ 30.355892001663872, 60.591362443925718 ], [ 30.355935463599771, 60.591360752327368 ], [ 30.355992545737109, 60.591342786569335 ], [ 30.356338114621515, 60.591156832088359 ], [ 30.356405448895099, 60.591137026919277 ], [ 30.35648239575621, 60.591130368040609 ], [ 30.356576405122272, 60.591138593779263 ], [ 30.356806843991542, 60.59119023619656 ], [ 30.35688497406559, 60.591198660497753 ], [ 30.356928430793005, 60.591197237807208 ], [ 30.356972094910901, 60.59118450740236 ], [ 30.356989248893012, 60.59116456904578 ], [ 30.356977778658003, 60.591143247180092 ], [ 30.356893498297953, 60.591102036542964 ], [ 30.356620642947099, 60.590985226282164 ], [ 30.35660573252617, 60.590962453095365 ], [ 30.356608705374967, 60.59093966954913 ], [ 30.356626043905923, 60.590909679949718 ], [ 30.356666583453926, 60.590878267573878 ], [ 30.356777299724556, 60.590841153348968 ], [ 30.357151965554923, 60.590759616531834 ], [ 30.357318416186185, 60.590728134112389 ], [ 30.357382311537492, 60.590726622401185 ], [ 30.357423158738644, 60.590738112119709 ], [ 30.357452147346233, 60.590759421860241 ], [ 30.357452249045931, 60.590783744820271 ], [ 30.357403001105453, 60.590842313363147 ], [ 30.357370830804072, 60.590895034044202 ], [ 30.357379874772302, 60.590929269256698 ], [ 30.357420513248886, 60.590962118776602 ], [ 30.357469757464784, 60.590973466204652 ], [ 30.357525440700478, 60.590972007769892 ], [ 30.357644470769525, 60.59094920008252 ], [ 30.357754717684326, 60.590937661992626 ], [ 30.357923537578795, 60.590936255886142 ], [ 30.358059982329884, 60.590948976594497 ], [ 30.358216786273086, 60.590975967953561 ], [ 30.35827820359934, 60.591000203363336 ], [ 30.358289646722568, 60.591023050761585 ], [ 30.358275125494902, 60.591048744998517 ], [ 30.358234485155261, 60.591065797259589 ], [ 30.358188079909134, 60.591088747546031 ], [ 30.358173795244785, 60.591111481038247 ], [ 30.358188157659718, 60.591124379015788 ], [ 30.358231589745539, 60.591134264412169 ], [ 30.358286725826158, 60.591132803237286 ], [ 30.358429348297218, 60.591107137509589 ], [ 30.358510293687878, 60.591081378211257 ], [ 30.358574397647143, 60.591048543772544 ], [ 30.358667593394348, 60.590991515504697 ], [ 30.358783835561844, 60.59094149993583 ], [ 30.358972600949517, 60.590877175565112 ], [ 30.359108573872987, 60.590845825404578 ], [ 30.359187093999573, 60.590832889362211 ], [ 30.359274251514517, 60.590836595371407 ], [ 30.359304131676524, 60.590809173885887 ], [ 30.359311973411362, 60.59078946333387 ] ] ] } },
{ "type": "Feature", "properties": { }, "geometry": { "type": "Polygon", "coordinates": [ [ [ 30.399615706396585, 60.603975955947455 ], [ 30.399967068182512, 60.604054138553636 ], [ 30.400066763629574, 60.604042163108716 ], [ 30.399758234663604, 60.603689161708793 ], [ 30.399461072172134, 60.603355143710694 ], [ 30.399376395378994, 60.603246466201334 ], [ 30.399351995403947, 60.60318928442026 ], [ 30.399345062743823, 60.603114044987883 ], [ 30.399393582200627, 60.602837723672629 ], [ 30.399466410130426, 60.602377424240267 ], [ 30.399506248967679, 60.602289094333408 ], [ 30.399648257388314, 60.602011003812386 ], [ 30.399729227157799, 60.60187626265953 ], [ 30.399746599138368, 60.601799418012348 ], [ 30.399745843007381, 60.601683008543944 ], [ 30.399687397078488, 60.601556309561353 ], [ 30.399616419548355, 60.601468779915152 ], [ 30.399541626543748, 60.601412377933364 ], [ 30.399396598552048, 60.601332082285502 ], [ 30.399117578688674, 60.601230950803021 ], [ 30.398779441489754, 60.601139178294986 ], [ 30.398616871472424, 60.60111364700564 ], [ 30.398537152861994, 60.601110715426088 ], [ 30.398470257171137, 60.601115824493803 ], [ 30.398422426673299, 60.601116165663498 ], [ 30.398378470289018, 60.601103419230398 ], [ 30.398284110640137, 60.601059949617486 ], [ 30.398232564399127, 60.601010643364276 ], [ 30.398196369806449, 60.600938873083088 ], [ 30.398122532689943, 60.600762567580539 ], [ 30.398096840741911, 60.600706457210222 ], [ 30.398026726937456, 60.600632841584556 ], [ 30.397919101618697, 60.600564635546348 ], [ 30.39784930457931, 60.600504573457563 ], [ 30.397809685096409, 60.600462406581755 ], [ 30.397788711903146, 60.60041861145686 ], [ 30.397785142607745, 60.600381799008005 ], [ 30.397807047821839, 60.600338988750266 ], [ 30.397839164938055, 60.600307439480041 ], [ 30.397838939347157, 60.600288590942952 ], [ 30.397829024902421, 60.600270599892617 ], [ 30.397781212411655, 60.600248593028745 ], [ 30.397723605297802, 60.600222955664606 ], [ 30.397703712205331, 60.600201423111166 ], [ 30.397689718016224, 60.600176504406384 ], [ 30.397689523073904, 60.600102459434453 ], [ 30.397706829859562, 60.600008292903823 ], [ 30.397697584101184, 60.599908452142309 ], [ 30.397659118847415, 60.599798797601117 ], [ 30.397621426863402, 60.599740034781284 ], [ 30.397563037104479, 60.599674814133508 ], [ 30.397391330203945, 60.59957564814605 ], [ 30.397168494418874, 60.599456435641827 ], [ 30.397114918502162, 60.599419326611148 ], [ 30.397060574453494, 60.599373777832419 ], [ 30.397032412767512, 60.599334171118265 ], [ 30.396999768557848, 60.599268518203793 ], [ 30.396951126934045, 60.599167078391218 ], [ 30.396926139997241, 60.599144627136702 ], [ 30.396883255850277, 60.599133410394238 ], [ 30.396815483950057, 60.599125949926083 ], [ 30.396651253165647, 60.599123475219983 ], [ 30.396492780197629, 60.599115190367939 ], [ 30.396393010701463, 60.599100327403868 ], [ 30.396312461996903, 60.59908222320572 ], [ 30.396234685351786, 60.599051475616939 ], [ 30.396197233283512, 60.599021523293935 ], [ 30.396145348914562, 60.598960367732047 ], [ 30.396057333635401, 60.598802849863389 ], [ 30.396015156827843, 60.598707808769625 ], [ 30.396003901760757, 60.598661630351032 ], [ 30.396021193109988, 60.598621852769078 ], [ 30.396067015400767, 60.598589373454296 ], [ 30.396161536898521, 60.598558890903739 ], [ 30.396823956163498, 60.598438944677895 ], [ 30.396867608292592, 60.59842656023045 ], [ 30.396892351652379, 60.598409879259322 ], [ 30.396897769032034, 60.598391951566917 ], [ 30.396879396277775, 60.598356334336636 ], [ 30.396645578294454, 60.5981542357218 ], [ 30.396524496100636, 60.598019826650983 ], [ 30.396439497640902, 60.597920659354408 ], [ 30.396401250232344, 60.597862611866141 ], [ 30.396352536427333, 60.597786929911429 ], [ 30.396287267391013, 60.597665496335352 ], [ 30.396224348496396, 60.597577369914028 ], [ 30.396089272845941, 60.597471622633392 ], [ 30.395927156337088, 60.597378238461992 ], [ 30.395745044290852, 60.597301464789709 ], [ 30.39552661297995, 60.597235310291431 ], [ 30.39538691485761, 60.597207715852235 ], [ 30.395256910354092, 60.597189585303177 ], [ 30.395149276685533, 60.597176035011493 ], [ 30.395062876468412, 60.597158893008391 ], [ 30.394998512124172, 60.597133944389846 ], [ 30.394961692588712, 60.597099237548861 ], [ 30.394929564019879, 60.597014559109439 ], [ 30.394948402076043, 60.596895358823701 ], [ 30.39496607009287, 60.596716738796992 ], [ 30.394958817641079, 60.596660794077273 ], [ 30.394933959719793, 60.59662039285373 ], [ 30.394901198058637, 60.596593870143437 ], [ 30.394852213230301, 60.596576793612776 ], [ 30.394760918750716, 60.596568426638768 ], [ 30.394360178261152, 60.596554645180142 ], [ 30.393905197904871, 60.59655347122419 ], [ 30.393751426333328, 60.596559113981392 ], [ 30.393605137361455, 60.596575378275801 ], [ 30.393488584665917, 60.596592394464494 ], [ 30.393391540334253, 60.596589387652386 ], [ 30.393334082574338, 60.596576852562819 ], [ 30.39326036992837, 60.596543786616088 ], [ 30.393208266291865, 60.596495912039082 ], [ 30.39312858825857, 60.596385366411297 ], [ 30.393087946651857, 60.596307832087732 ], [ 30.393087225664924, 60.596254337730706 ], [ 30.393093029648121, 60.596192882754458 ], [ 30.393121421476977, 60.596155126285169 ], [ 30.39324092752889, 60.596061924465872 ], [ 30.393546916700107, 60.595907391545282 ], [ 30.393781972029721, 60.595823376009037 ], [ 30.393927058452537, 60.595791938676577 ], [ 30.394046948854424, 60.595782295542811 ], [ 30.39410895933246, 60.595774116877131 ], [ 30.394169588115545, 60.595750764587606 ], [ 30.394197771116506, 60.595714443033096 ], [ 30.394198428431768, 60.595676212014041 ], [ 30.39415989821908, 60.59557131286072 ], [ 30.393966629011896, 60.59523152105826 ], [ 30.393937497611159, 60.595153227104205 ], [ 30.393935277930861, 60.595091289955398 ], [ 30.393948897805341, 60.595031572711427 ], [ 30.393989656049779, 60.594975019872166 ], [ 30.394135108349374, 60.594869001092228 ], [ 30.394297163025957, 60.594763230677785 ], [ 30.394346480279363, 60.594707700568627 ], [ 30.394363111576823, 60.59464261076355 ], [ 30.394340397164555, 60.594551957981864 ], [ 30.394283138055297, 60.594443121711109 ], [ 30.394268592462403, 60.594386877357621 ], [ 30.394270021012861, 60.594303774232515 ], [ 30.394299989549495, 60.594248432946493 ], [ 30.394345870116421, 60.594201684108072 ], [ 30.394391830669552, 60.59418213002153 ], [ 30.394453887341182, 60.594171079375371 ], [ 30.394584555685302, 60.59417108388422 ], [ 30.394772296135823, 60.594184608431434 ], [ 30.395052822144596, 60.594214942321805 ], [ 30.395348010627565, 60.594241656689391 ], [ 30.395458495053326, 60.59424803863309 ], [ 30.395533751310602, 60.594244132543572 ], [ 30.395601691870013, 60.594230503004866 ], [ 30.395674589971353, 60.594193828086567 ], [ 30.39569221965623, 60.594155487938906 ], [ 30.395692944406893, 60.594113218411245 ], [ 30.395648616836258, 60.594048234647993 ], [ 30.395512919998801, 60.59391582817652 ], [ 30.395460268112984, 60.593846771038173 ], [ 30.395442731738697, 60.593794553182029 ], [ 30.395430064543422, 60.593713814831212 ], [ 30.39540229462764, 60.593651771693736 ], [ 30.395279574280597, 60.593465209440154 ], [ 30.395211312712128, 60.593380650308212 ], [ 30.395149423559538, 60.593328876566517 ], [ 30.395055375742924, 60.593290072875341 ], [ 30.39490011890452, 60.593255592218561 ], [ 30.394727045348439, 60.593238448988117 ], [ 30.394578049015372, 60.59323262441103 ], [ 30.394444987554934, 60.59323404594857 ], [ 30.394353956518206, 60.593232141805366 ], [ 30.39431086159577, 60.59322307734223 ], [ 30.394246313913598, 60.593198666064708 ], [ 30.394068187562969, 60.593103956429204 ], [ 30.393928913467711, 60.593020986021102 ], [ 30.393820116324623, 60.592969824255611 ], [ 30.393681415318458, 60.592938462583334 ], [ 30.393524598733507, 60.592931168269317 ], [ 30.393332726698784, 60.592946075690797 ], [ 30.393083720476945, 60.592983002958299 ], [ 30.392929857510847, 60.593005517465187 ], [ 30.392879801280845, 60.593008629612918 ], [ 30.392825167645324, 60.593002029592476 ], [ 30.392779294566367, 60.592984785744548 ], [ 30.39272188240539, 60.592917053912608 ], [ 30.392671689351413, 60.592822247461541 ], [ 30.392649834116593, 60.592787961337471 ], [ 30.392613566175278, 60.592774616759485 ], [ 30.392564526329128, 60.592771719733598 ], [ 30.392508555340857, 60.592779204856122 ], [ 30.392441289031904, 60.592806746983733 ], [ 30.392320502241784, 60.592858388214246 ], [ 30.392130327922647, 60.592944114253584 ], [ 30.391947345463866, 60.593014881692547 ], [ 30.391762034921758, 60.593083036391 ], [ 30.391692259895958, 60.593128966549344 ], [ 30.391622255693314, 60.593177588233551 ], [ 30.391591702469899, 60.593224310433953 ], [ 30.391574839589982, 60.593313093124621 ], [ 30.391563013646572, 60.593395524560144 ], [ 30.39154155425819, 60.59345458057863 ], [ 30.391503114125783, 60.593493012747224 ], [ 30.391449244112842, 60.593516122820077 ], [ 30.391390475440147, 60.593527006311987 ], [ 30.39132434286633, 60.593531037951294 ], [ 30.391179590971092, 60.59352244506006 ], [ 30.391068360393835, 60.593506632633186 ], [ 30.390866660244342, 60.593456426211553 ], [ 30.390761975760462, 60.593399804365447 ], [ 30.390677975537344, 60.593339589213095 ], [ 30.390620762175455, 60.593313322105161 ], [ 30.390564214389777, 60.593301328111771 ], [ 30.390496925961251, 60.593298353952441 ], [ 30.390407304304141, 60.593309915619969 ], [ 30.390326123973761, 60.593329320879384 ], [ 30.390236346105656, 60.593339356017495 ], [ 30.390151021644346, 60.59333460089006 ], [ 30.390051679832219, 60.593317311647006 ], [ 30.389898335269287, 60.593246484162549 ], [ 30.389845846399023, 60.59321090244876 ], [ 30.389832687586505, 60.593180421829921 ], [ 30.389841937381906, 60.593141598557672 ], [ 30.389881837339509, 60.593103262728093 ], [ 30.389941098183101, 60.59308502240728 ], [ 30.390047297875142, 60.593064555436754 ], [ 30.390195714293743, 60.593051086246277 ], [ 30.390342957206602, 60.593052690088463 ], [ 30.390474642881362, 60.593056921166479 ], [ 30.390558193888818, 60.593048116317952 ], [ 30.390602810963756, 60.59303241718365 ], [ 30.390642867520423, 60.59299551779521 ], [ 30.390648966034369, 60.592959463551971 ], [ 30.390619469607032, 60.592871204969349 ], [ 30.390558622278338, 60.592791341478971 ], [ 30.390471115019597, 60.592733534775043 ], [ 30.390305143452498, 60.592654308075979 ], [ 30.390109675095239, 60.592592369244741 ], [ 30.389997643120751, 60.592570359761567 ], [ 30.389823482564701, 60.592553115860255 ], [ 30.389618232937504, 60.592539690425319 ], [ 30.389476672475766, 60.592536763347702 ], [ 30.389287056831638, 60.592526813489627 ], [ 30.389171167540372, 60.592516813720678 ], [ 30.389070314468206, 60.592502658670462 ], [ 30.388902931275268, 60.592484005998202 ], [ 30.388795953935748, 60.592475748576469 ], [ 30.388675239786288, 60.592480895983662 ], [ 30.388538237266467, 60.592509758793184 ], [ 30.388384081980529, 60.592559551052716 ], [ 30.388316396344859, 60.592611052784754 ], [ 30.38824229898637, 60.592695466035487 ], [ 30.388178262398117, 60.592767984692706 ], [ 30.388097551506018, 60.592823380596087 ], [ 30.387930239950144, 60.592895016195172 ], [ 30.387821071469649, 60.592918251271961 ], [ 30.38773293640428, 60.592917790808798 ], [ 30.387666767473068, 60.592902972841458 ], [ 30.387578737775328, 60.592854496104927 ], [ 30.387520107411067, 60.592804976269548 ], [ 30.387456829208546, 60.59277087396449 ], [ 30.387418704548093, 60.592748993842129 ], [ 30.38737880851955, 60.592713553899095 ], [ 30.387334770551956, 60.592664454403888 ], [ 30.38729154173328, 60.592631782675646 ], [ 30.387213770723012, 60.592591605943632 ], [ 30.387025227482237, 60.592520088418773 ], [ 30.386975429691599, 60.59249788974946 ], [ 30.386945245876664, 60.592470657896179 ], [ 30.386929682367338, 60.592431730284787 ], [ 30.386904543490211, 60.592376786709337 ], [ 30.38685632657425, 60.592337183019424 ], [ 30.386776774966446, 60.592315487169408 ], [ 30.386681985403857, 60.592309523175921 ], [ 30.386581285829305, 60.592318073816465 ], [ 30.386505618508984, 60.592345757061281 ], [ 30.386397699338598, 60.59241252533085 ], [ 30.386288957503204, 60.59248458533564 ], [ 30.386227258135449, 60.592527495199022 ], [ 30.386145814334924, 60.592561974930447 ], [ 30.386075914621518, 60.592572809132641 ], [ 30.386004162618104, 60.592574750163564 ], [ 30.385899467820312, 60.592561204763328 ], [ 30.385717248509369, 60.592514393516637 ], [ 30.385602815561139, 60.592483754138364 ], [ 30.385562855212669, 60.592462583735802 ], [ 30.385541908324683, 60.592439429349028 ], [ 30.38553694799959, 60.592409970170721 ], [ 30.38554742761298, 60.592363703061885 ], [ 30.385655326608852, 60.592214544240406 ], [ 30.385678354345249, 60.592170753368769 ], [ 30.385678746743672, 60.592137816516043 ], [ 30.385665717606315, 60.592100155960679 ], [ 30.385605390646337, 60.592022625883509 ], [ 30.385460692630289, 60.591896453571842 ], [ 30.38536989518931, 60.591839616850365 ], [ 30.38516110650167, 60.591747099223682 ], [ 30.385000128981623, 60.591706838792611 ], [ 30.384859380417357, 60.591689011627544 ], [ 30.384737358989344, 60.591675122793738 ], [ 30.384680097362441, 60.59166249502082 ], [ 30.384596523126113, 60.591630998020264 ], [ 30.384495853784312, 60.591564874612509 ], [ 30.384459056549783, 60.591529895642822 ], [ 30.384428722375102, 60.591480135140465 ], [ 30.384370916064722, 60.59139435808617 ], [ 30.384306158992676, 60.591309538845486 ], [ 30.384238740280122, 60.591262134359901 ], [ 30.384182330379613, 60.591242599169249 ], [ 30.384101941869535, 60.591227270470682 ], [ 30.384001568388999, 60.591206920806883 ], [ 30.383883379012474, 60.591172314993941 ], [ 30.383788758033401, 60.591136103653547 ], [ 30.383731228384068, 60.591097177368312 ], [ 30.383641183266914, 60.591028944294514 ], [ 30.383588196781766, 60.590991114205551 ], [ 30.383543278412141, 60.590971896691258 ], [ 30.383438891768094, 60.590941118507111 ], [ 30.383271453873647, 60.590915816961981 ], [ 30.383118509616239, 60.590906911313105 ], [ 30.382969033770745, 60.590908341538899 ], [ 30.382775413573434, 60.590919277347069 ], [ 30.382343058928612, 60.590964291725633 ], [ 30.381977937067479, 60.591015065243127 ], [ 30.381747297357702, 60.591055729238235 ], [ 30.381565361563311, 60.591097407730821 ], [ 30.381461453022688, 60.591122544752857 ], [ 30.381344023423878, 60.591138290091976 ], [ 30.381218748279881, 60.591143590854912 ], [ 30.38107837007556, 60.591136082608607 ], [ 30.380945852992618, 60.591117388838342 ], [ 30.380796001717652, 60.591077888693114 ], [ 30.380663660549601, 60.591028500630415 ], [ 30.380026662089861, 60.590726018214163 ], [ 30.37984525226641, 60.590655059392297 ], [ 30.379772811380295, 60.590634197433602 ], [ 30.379681481795167, 60.59061863988633 ], [ 30.379590092136656, 60.590606492549526 ], [ 30.379509647227355, 60.59059457136668 ], [ 30.379432789550741, 60.590575844389349 ], [ 30.379182610257306, 60.590493282480949 ], [ 30.378912949364434, 60.590377339320909 ], [ 30.378606877008473, 60.590225788393397 ], [ 30.378517365774279, 60.590200365231581 ], [ 30.378252708950871, 60.590152562969237 ], [ 30.378134943523609, 60.590146135603995 ], [ 30.37805287065876, 60.590154131250266 ], [ 30.377994450974672, 60.590176318949212 ], [ 30.377948844566546, 60.590216870625582 ], [ 30.377876870792893, 60.590303800336152 ], [ 30.377779201124458, 60.590388824985766 ], [ 30.377663765711613, 60.590456900342687 ], [ 30.377538455046746, 60.590505547134086 ], [ 30.377362692120396, 60.590548861871163 ], [ 30.37719466449262, 60.590567528059466 ], [ 30.376926435764172, 60.590577058630636 ], [ 30.376626605107415, 60.590567874686656 ], [ 30.376281771075778, 60.590534264189287 ], [ 30.375853405346504, 60.59046744521379 ], [ 30.37572906504489, 60.590451025149001 ], [ 30.375626160590066, 60.590450313726855 ], [ 30.375510865278901, 60.590458883052776 ], [ 30.375383056198054, 60.590483643379166 ], [ 30.375291667841694, 60.590512598976431 ], [ 30.375180483900198, 60.590546495425585 ], [ 30.375108740087526, 60.590568714318707 ], [ 30.375040298622107, 60.590600191712923 ], [ 30.37499836859228, 60.59062873159845 ], [ 30.374957548153009, 60.590666700080078 ], [ 30.374883847767602, 60.590716822938631 ], [ 30.374671402462024, 60.590821635117599 ], [ 30.374392309497157, 60.590980010450686 ], [ 30.374232942135215, 60.591065484828334 ], [ 30.374091820639421, 60.591151037634503 ], [ 30.374017936722886, 60.591190837884987 ], [ 30.373899815709759, 60.591245166568584 ], [ 30.373756723386194, 60.591297861731114 ], [ 30.373571546116072, 60.5913569270636 ], [ 30.373335040085244, 60.591429053822722 ], [ 30.373156142036567, 60.591494069227586 ], [ 30.373042167221161, 60.591551107576663 ], [ 30.372957413011203, 60.591586372782352 ], [ 30.372895080243968, 60.591602528068421 ], [ 30.372810966401861, 60.591612127212798 ], [ 30.372508432005869, 60.591600588864317 ], [ 30.372309398122002, 60.591587253427512 ], [ 30.372201432317869, 60.591583645478813 ], [ 30.372100643408913, 60.591586889535392 ], [ 30.371959128485408, 60.591591931916597 ], [ 30.371826972900724, 60.591583821261672 ], [ 30.371598326939171, 60.591563086855167 ], [ 30.371497022300986, 60.591544159770123 ], [ 30.371435721875848, 60.591522982500578 ], [ 30.37138557746329, 60.591480044044303 ], [ 30.371362962119335, 60.591407965975435 ], [ 30.371338482726408, 60.591378870480938 ], [ 30.371287129163186, 60.591352530655385 ], [ 30.371075739664857, 60.591285379128848 ], [ 30.370958760810392, 60.591255254638192 ], [ 30.370862136542911, 60.591229795531952 ], [ 30.370766796941989, 60.591193751323281 ], [ 30.370681415289173, 60.591151916401216 ], [ 30.3706196241668, 60.591137826942322 ], [ 30.370547458949588, 60.591132398313086 ], [ 30.370458342734331, 60.591136050734654 ], [ 30.370376606288222, 60.591145389402506 ], [ 30.370249879931908, 60.591160276941864 ], [ 30.370102721973755, 60.591174806467436 ], [ 30.36990647538596, 60.591189392048904 ], [ 30.369629668310949, 60.591198601521185 ], [ 30.369488679165695, 60.591194758233087 ], [ 30.369294557930644, 60.591182426892473 ], [ 30.369054291518779, 60.591148534010394 ], [ 30.36879298996568, 60.5910971375625 ], [ 30.368614076881219, 60.5910509455355 ], [ 30.368449969956522, 60.591013523521788 ], [ 30.368334045780781, 60.590995966433297 ], [ 30.368188132713229, 60.590992010592011 ], [ 30.368072297445476, 60.590999942908631 ], [ 30.367949777025252, 60.591014308076133 ], [ 30.367854518285871, 60.59102466332876 ], [ 30.367771618852316, 60.591027623029049 ], [ 30.367635158393945, 60.591025682278691 ], [ 30.367504066848273, 60.591029598593209 ], [ 30.367270189889229, 60.591046349832148 ], [ 30.367033336221269, 60.591076370809013 ], [ 30.366494635383944, 60.591168348358188 ], [ 30.366301153816853, 60.591201519155426 ], [ 30.366210315346304, 60.591209559019909 ], [ 30.366095464090563, 60.591213455135794 ], [ 30.365957588611071, 60.591208993469422 ], [ 30.365865849789948, 60.591206259060449 ], [ 30.36579242017099, 60.591210246179955 ], [ 30.36571016645004, 60.591227926570973 ], [ 30.36564659324144, 60.591251971142903 ], [ 30.365570189603428, 60.591289242716094 ], [ 30.365520534008066, 60.591310565804001 ], [ 30.365470524011499, 60.591321206968722 ], [ 30.36536504376356, 60.591331605502745 ], [ 30.365281181372108, 60.59134739382641 ], [ 30.365112792700138, 60.591395481574253 ], [ 30.364913268591629, 60.591449805138247 ], [ 30.364798676239062, 60.591469587183312 ], [ 30.364684992328435, 60.591479500511163 ], [ 30.364562739970467, 60.591478875359769 ], [ 30.364442684930335, 60.591467758868703 ], [ 30.364323428122859, 60.591452876229823 ], [ 30.364195390540313, 60.591449263613505 ], [ 30.364065411207541, 60.591452104426807 ], [ 30.363936593637565, 60.591461322521106 ], [ 30.363787502693867, 60.591481580690534 ], [ 30.363624165983261, 60.591502494206743 ], [ 30.363451665048935, 60.591535663182391 ], [ 30.363336063087331, 60.591560734849914 ], [ 30.363233962038166, 60.591585955436621 ], [ 30.363164091039305, 60.591594893037289 ], [ 30.362875916671399, 60.591606731164305 ], [ 30.362826749378584, 60.591601040381512 ], [ 30.362781334171128, 60.591589711757678 ], [ 30.362660043513568, 60.591516031858241 ], [ 30.362556954886685, 60.591424840666825 ], [ 30.362404708778708, 60.59129735343685 ], [ 30.362345674542908, 60.591272322653595 ], [ 30.362248908587112, 60.591255024013392 ], [ 30.362169993251396, 60.591249561177548 ], [ 30.362102015895825, 60.591254737012122 ], [ 30.362019246612, 60.591280580204362 ], [ 30.361997643323566, 60.591294486312663 ], [ 30.361990772236329, 60.591321112106364 ], [ 30.361993004943034, 60.591348854959925 ], [ 30.361984527860873, 60.591363447066087 ], [ 30.361959324107485, 60.591374644801647 ], [ 30.361912636447219, 60.591383145233841 ], [ 30.361785587721091, 60.591395420570628 ], [ 30.36175388889254, 60.591392498791407 ], [ 30.361720152306212, 60.591381221201253 ], [ 30.361690094076334, 60.591378396378367 ], [ 30.361652790593741, 60.591382629979634 ], [ 30.361621353401315, 60.591395415730382 ], [ 30.361583873053146, 60.591419393734917 ], [ 30.361523435940946, 60.591441385890903 ], [ 30.361436673146159, 60.591455992278306 ], [ 30.361383331925655, 60.591459078173671 ], [ 30.361313300003438, 60.591456795235182 ], [ 30.361154133749555, 60.591428989358739 ], [ 30.360948656511056, 60.591378990234013 ], [ 30.360826036579507, 60.591328458533333 ], [ 30.360768196218331, 60.591278032801888 ], [ 30.360720560192448, 60.591218407687485 ], [ 30.36067596050594, 60.591122357067015 ], [ 30.360659400892619, 60.590999684289564 ], [ 30.360678877163721, 60.590892248551484 ], [ 30.360678916246716, 60.590870080244585 ], [ 30.360661275859044, 60.590846756975928 ], [ 30.360633807825202, 60.59083200646063 ], [ 30.360587802903741, 60.590823097759809 ], [ 30.360516296337146, 60.590821705405872 ], [ 30.360447019459162, 60.590828131179357 ], [ 30.360399153945792, 60.590841203184901 ], [ 30.360376074158022, 60.590876014487186 ], [ 30.360372914098395, 60.590949237306191 ], [ 30.360365334756363, 60.591014632298581 ], [ 30.360339121788208, 60.591051135040082 ], [ 30.360295803610068, 60.591074997181515 ], [ 30.360190749536859, 60.591101997439097 ], [ 30.360096152460905, 60.591115940129733 ], [ 30.360016921091212, 60.591117834202549 ], [ 30.359934353870969, 60.591112533427648 ], [ 30.35979985192937, 60.591093271397071 ], [ 30.359630884179147, 60.591052765535231 ], [ 30.359388241759799, 60.59097971334824 ], [ 30.359332001038005, 60.590941769433051 ], [ 30.359310544567858, 60.590917621361505 ], [ 30.359292602513872, 60.590890886040732 ], [ 30.359255171634207, 60.590872142169061 ], [ 30.359208387985451, 60.590865922079217 ], [ 30.359064376357971, 60.590887812952559 ], [ 30.358931405052637, 60.590924651149528 ], [ 30.358729599209983, 60.591003547181295 ], [ 30.35861939178557, 60.5910727961056 ], [ 30.358503398669093, 60.591119132846167 ], [ 30.358323423471649, 60.591161685991032 ], [ 30.35824020734346, 60.591171908210491 ], [ 30.358164054541277, 60.591165108974032 ], [ 30.358112079361515, 60.591153390706616 ], [ 30.358091254956932, 60.591134630293574 ], [ 30.358097750918301, 60.591088796326197 ], [ 30.358126471684841, 60.591054997649771 ], [ 30.358152391464504, 60.591034649206769 ], [ 30.358152305791812, 60.591019391166398 ], [ 30.358131488020693, 60.591000271784623 ], [ 30.358082268173867, 60.590987578444867 ], [ 30.357952232551561, 60.590973629635364 ], [ 30.357838114300936, 60.590967380049051 ], [ 30.357750065648126, 60.590972464749072 ], [ 30.357640956122388, 60.590991636706967 ], [ 30.357539623430558, 60.591014612587159 ], [ 30.357467015123511, 60.5910235350797 ], [ 30.357412660044766, 60.591022217099159 ], [ 30.357342432213546, 60.591010776611263 ], [ 30.357298302097039, 60.590989220205181 ], [ 30.357266908724181, 60.590949770075348 ], [ 30.357264300507001, 60.590912870866219 ], [ 30.357282366914173, 60.590863049449879 ], [ 30.357331517925559, 60.590819738183747 ], [ 30.357352259921399, 60.590803136475657 ], [ 30.357354658398403, 60.590791748738752 ], [ 30.357339083240923, 60.59078530736118 ], [ 30.35731068622821, 60.590781501656124 ], [ 30.357269010301469, 60.590785355642126 ], [ 30.357004414290675, 60.590835160563891 ], [ 30.356877239123541, 60.590854341500233 ], [ 30.356773167702109, 60.590877394398355 ], [ 30.3566979499989, 60.590909191387105 ], [ 30.356682516879864, 60.590934791656508 ], [ 30.356685034188423, 60.5909666644216 ], [ 30.356706400125251, 60.590985696713503 ], [ 30.357032725976669, 60.591132182332338 ], [ 30.357051110223622, 60.591154611876412 ], [ 30.357045188359656, 60.591188960221672 ], [ 30.357011510337436, 60.591214389837816 ], [ 30.356941756464764, 60.591236787353296 ], [ 30.356864010702083, 60.591237250135606 ], [ 30.356646151390365, 60.591196164523801 ], [ 30.356543633806755, 60.591174258913497 ], [ 30.356501070042455, 60.591166800098961 ], [ 30.35644130626407, 60.591171830026262 ], [ 30.356366046782011, 60.591195908061913 ], [ 30.356223216529742, 60.591262586860672 ], [ 30.356141108796898, 60.591311764617153 ], [ 30.356049930183872, 60.591358029985834 ], [ 30.355992427059437, 60.591379045430109 ], [ 30.355940876604528, 60.591393894489769 ], [ 30.35589845831328, 60.591398373008523 ], [ 30.355850337913449, 60.59139537683776 ], [ 30.355780463825678, 60.591374603003302 ], [ 30.355722525695189, 60.591329918693205 ], [ 30.355661569637718, 60.591310440959035 ], [ 30.355606933358878, 60.591304543696218 ], [ 30.355530965892555, 60.591307526639007 ], [ 30.355473337810093, 60.591325400021397 ], [ 30.355418991931401, 60.591373175051032 ], [ 30.355394838410252, 60.591446214642893 ], [ 30.355410655294548, 60.591518893533248 ], [ 30.35546680708924, 60.591601175685192 ], [ 30.355509380251096, 60.591667691001724 ], [ 30.355530603086663, 60.591684568820668 ], [ 30.355564756536175, 60.591702850406215 ], [ 30.355607280533182, 60.591722425719382 ], [ 30.355625576686435, 60.591749611868472 ], [ 30.35561221316922, 60.591781683286939 ], [ 30.355579896488273, 60.591802451549349 ], [ 30.355499261446138, 60.591821030387145 ], [ 30.355433010827362, 60.591831416073518 ], [ 30.355375058076696, 60.591847044196989 ], [ 30.355319526904921, 60.591859990540357 ], [ 30.35527182617728, 60.591863906854606 ], [ 30.355208321493212, 60.591863893536235 ], [ 30.355147538156555, 60.591854827451542 ], [ 30.355062145300497, 60.591814597972693 ], [ 30.354930042945259, 60.591744273427636 ], [ 30.354867751606307, 60.591708095709514 ], [ 30.354838621035071, 60.591684630753882 ], [ 30.35483134146935, 60.591653813758967 ], [ 30.354846178943625, 60.591581361043424 ], [ 30.354838885559833, 60.591521554424105 ], [ 30.354817041599418, 60.591488877557225 ], [ 30.354765187909067, 60.591450771743254 ], [ 30.354695082364461, 60.591432688838459 ], [ 30.354621111749548, 60.591436218664739 ], [ 30.354569829658541, 60.591456273949611 ], [ 30.354547396340664, 60.591485343080599 ], [ 30.354536207941731, 60.591537977057776 ], [ 30.354517819918065, 60.591585193901068 ], [ 30.354484851484933, 60.591641320879596 ], [ 30.354429288123917, 60.591695641907364 ], [ 30.354359226186482, 60.591744513246056 ], [ 30.354314945821244, 60.591800500022941 ], [ 30.354278128018493, 60.591907049839755 ], [ 30.354263252160177, 60.591971604236896 ], [ 30.354230362889634, 60.592063003634671 ], [ 30.354201008175817, 60.592121031419275 ], [ 30.354120508694781, 60.592221283412641 ], [ 30.354054600151905, 60.592262544276295 ], [ 30.353981457710436, 60.592280437601097 ], [ 30.353926312871312, 60.592282255971895 ], [ 30.35388606533791, 60.592267895833409 ], [ 30.353753616961082, 60.592196581324906 ], [ 30.353641980898093, 60.592124821033501 ], [ 30.353617175157289, 60.592094464282226 ], [ 30.353620375346107, 60.592059475681779 ], [ 30.353642373386943, 60.592024391447907 ], [ 30.353664232341682, 60.591996845671567 ], [ 30.353676937914056, 60.591970874573505 ], [ 30.353654886267705, 60.591949505212376 ], [ 30.353599172287193, 60.591932742456031 ], [ 30.353502255096586, 60.591923783645726 ], [ 30.353421020829941, 60.591925305875243 ], [ 30.353348920332937, 60.591936202928018 ], [ 30.353302188211032, 60.591946943938446 ], [ 30.353246106703889, 60.591950104110509 ], [ 30.353179947621289, 60.591945590429944 ], [ 30.353073631062376, 60.591911997572197 ], [ 30.353017504454691, 60.591897835507964 ], [ 30.35296339851293, 60.591892837045478 ], [ 30.352916011021861, 60.591899536199826 ], [ 30.352844891313662, 60.591946248003374 ], [ 30.352767193233728, 60.592052704528875 ], [ 30.352716779135381, 60.592154077372456 ], [ 30.352721818942136, 60.592177614648634 ], [ 30.352741580990784, 60.592204358992475 ], [ 30.352723156697824, 60.592243497843434 ], [ 30.352671776082158, 60.592278630129314 ], [ 30.352579406865157, 60.592300026807123 ], [ 30.352469498526649, 60.592312639172825 ], [ 30.352422256283006, 60.592311440717197 ], [ 30.352365316436625, 60.592301762294568 ], [ 30.352306001177617, 60.592282380120089 ], [ 30.352230537262461, 60.592238244182219 ], [ 30.35216233274053, 60.592176549476903 ], [ 30.352078228710798, 60.592096384662455 ], [ 30.352022744347821, 60.59206723663916 ], [ 30.351944625080254, 60.592058181292153 ], [ 30.351833355505001, 60.592065491734971 ], [ 30.351692233001597, 60.592098337245645 ], [ 30.351389529436286, 60.592194631040819 ], [ 30.351268469576713, 60.592228014708198 ], [ 30.351050083010726, 60.592274514589363 ], [ 30.350649279030918, 60.592356545450201 ], [ 30.350235570672993, 60.592435645182015 ], [ 30.350099584176981, 60.592466896547108 ], [ 30.350022116348093, 60.592481716767537 ], [ 30.349951399053424, 60.592486784388655 ], [ 30.349897262625621, 60.592483400068673 ], [ 30.349840113216072, 60.592465372785995 ], [ 30.349775827236233, 60.592409079507 ], [ 30.349736067106491, 60.592378385621238 ], [ 30.349683933059374, 60.592355623990159 ], [ 30.349643029924714, 60.592347183191009 ], [ 30.349582704680135, 60.592342963187015 ], [ 30.3494380410357, 60.592350121634823 ], [ 30.348897880547444, 60.592398941450853 ], [ 30.348841027414409, 60.592423905803713 ], [ 30.348780900312519, 60.592487538090779 ], [ 30.348625427996701, 60.592742180321089 ], [ 30.348491863778349, 60.592996202948051 ], [ 30.348459172067965, 60.593066241116055 ], [ 30.348432459553916, 60.593089545912946 ], [ 30.348376984054692, 60.593109041459535 ], [ 30.348313197603165, 60.593114229164136 ], [ 30.348239042919921, 60.593107792283163 ], [ 30.348180934177655, 60.593092273002931 ], [ 30.348143664252788, 60.593065090145522 ], [ 30.348127539237595, 60.593019603532071 ], [ 30.348135404271833, 60.592979430495234 ], [ 30.348162119475589, 60.592936380547734 ], [ 30.348172505310835, 60.592888231018591 ], [ 30.348145955834195, 60.592843953984904 ], [ 30.348060510273971, 60.592797078210324 ], [ 30.347919820083352, 60.592747530277236 ], [ 30.347709127986914, 60.59267442128202 ], [ 30.347647956893994, 60.592666606554694 ], [ 30.347592114599053, 60.592666624153161 ], [ 30.347552636708421, 60.592679639630198 ], [ 30.347489236727689, 60.59272288311206 ], [ 30.347359690615519, 60.592800023499862 ], [ 30.347174981021194, 60.592889659640754 ], [ 30.347064869550167, 60.592932512751979 ], [ 30.347010675894197, 60.592961527123506 ], [ 30.346985288363165, 60.593001800553573 ], [ 30.347000715295035, 60.593035706279849 ], [ 30.347054219654442, 60.593063231941969 ], [ 30.347138974551573, 60.593088385500003 ], [ 30.347197588479904, 60.593115934148337 ], [ 30.347218218755632, 60.593144837256538 ], [ 30.347200133791151, 60.593184964154482 ], [ 30.347156523628783, 60.593223809172201 ], [ 30.347100513086978, 60.593242583770845 ], [ 30.347013521372908, 60.593259064569352 ], [ 30.346621653449677, 60.593310877633655 ], [ 30.346513224447474, 60.593312362671313 ], [ 30.346460307523525, 60.593302251143022 ], [ 30.346425514757694, 60.593279297286358 ], [ 30.34633459921999, 60.593154043069745 ], [ 30.346305602583929, 60.593123666021739 ], [ 30.346261627418627, 60.593113594796868 ], [ 30.346220566687229, 60.593113588836076 ], [ 30.346132418219899, 60.59312360176353 ], [ 30.345753643642887, 60.593177894712028 ], [ 30.345656201917844, 60.593187147308448 ], [ 30.345599503380772, 60.59318410867148 ], [ 30.345536551096082, 60.593164168538074 ], [ 30.345262906691218, 60.593032253324743 ], [ 30.345216906771252, 60.593013376993618 ], [ 30.345148128187837, 60.593012258030591 ], [ 30.344989686947095, 60.593033799249731 ], [ 30.34494176156689, 60.593049558007003 ], [ 30.344926698782039, 60.59306456799758 ], [ 30.344931086533371, 60.593093397940414 ], [ 30.344977126077129, 60.593149162222737 ], [ 30.34502320608167, 60.593202772646691 ], [ 30.345018834435063, 60.59324134580352 ], [ 30.34499904842896, 60.593264950523768 ], [ 30.344966467668449, 60.593279881229925 ], [ 30.344920300105617, 60.593289455115453 ], [ 30.344868065991449, 60.593291641937284 ], [ 30.344778784390822, 60.593284147394364 ], [ 30.344634705989364, 60.593250017836361 ], [ 30.344567141110829, 60.593242531749283 ], [ 30.344490838451751, 60.593243622146481 ], [ 30.344331441995937, 60.593257619175944 ], [ 30.344129269857362, 60.593275460935473 ], [ 30.344059532954596, 60.59327676034853 ], [ 30.343997926009976, 60.59327271152079 ], [ 30.343930867503243, 60.593257688320492 ], [ 30.343833113478006, 60.593215421078327 ], [ 30.343788398955954, 60.593205884191718 ], [ 30.343718605929833, 60.593200451843963 ], [ 30.343618413225311, 60.593190932512314 ], [ 30.343571117182513, 60.593182819858534 ], [ 30.343537504621278, 60.593165165909113 ], [ 30.343495837841076, 60.593148821672401 ], [ 30.343462516881136, 60.59314481118551 ], [ 30.343423750870503, 60.59314894332654 ], [ 30.343396069452368, 60.593165331901368 ], [ 30.343354728395859, 60.593248343503952 ], [ 30.3432879781456, 60.593294711092746 ], [ 30.343207431197389, 60.593327463612162 ], [ 30.34315198191825, 60.593335648488974 ], [ 30.343074553801859, 60.593338348488238 ], [ 30.343010473555104, 60.593339673038379 ], [ 30.342957943860938, 60.593347871092583 ], [ 30.342891371468038, 60.593384725682014 ], [ 30.34282150095941, 60.593461145468311 ], [ 30.34272642012105, 60.593519500480284 ], [ 30.342564510509483, 60.593570012667847 ], [ 30.34234362194141, 60.593612537971595 ], [ 30.34220186763751, 60.593629574453146 ], [ 30.342129812150862, 60.593647376512742 ], [ 30.34206115666375, 60.593688170265345 ], [ 30.341960441305261, 60.593784015049224 ], [ 30.341813444434653, 60.593992376507785 ], [ 30.341568728261286, 60.594282594766064 ], [ 30.341517526674469, 60.594326788473069 ], [ 30.341471567901909, 60.594354222582517 ], [ 30.341413537997131, 60.594363651510797 ], [ 30.34135529683747, 60.59436491210699 ], [ 30.341302188885798, 60.594355246424954 ], [ 30.341207217796633, 60.594339646003149 ], [ 30.341036968771164, 60.594328728657722 ], [ 30.340961055460308, 60.594328382805898 ], [ 30.34091599196076, 60.59433733208872 ], [ 30.340882220337669, 60.594357192688179 ], [ 30.340807860191337, 60.594439065788343 ], [ 30.340765119426852, 60.594470014613208 ], [ 30.340715797639227, 60.594482175459227 ], [ 30.340632270156703, 60.594488795298339 ], [ 30.34044977806877, 60.594507708495634 ], [ 30.340415948715407, 60.594520927137204 ], [ 30.340402546966295, 60.594554163661599 ], [ 30.340378216096681, 60.594595966443677 ], [ 30.340356555610146, 60.594612292101651 ], [ 30.340327045130149, 60.594619068342162 ], [ 30.340276346309651, 60.594617131831555 ], [ 30.340212553914011, 60.594622405408195 ], [ 30.340154247569828, 60.594636768839088 ], [ 30.3400796132305, 60.594665328162897 ], [ 30.33998934982338, 60.5947193951746 ], [ 30.339947174870073, 60.594768655536996 ], [ 30.339941928601274, 60.594843573722521 ], [ 30.339953629909587, 60.594919825765501 ], [ 30.339947189135039, 60.594951657994606 ], [ 30.339917995398153, 60.594970641734022 ], [ 30.339834202261695, 60.594991261029982 ], [ 30.339698787979966, 60.594991091614808 ], [ 30.339579673747163, 60.594968558733385 ], [ 30.339460853439469, 60.594920807041589 ], [ 30.339403359246038, 60.594901786464177 ], [ 30.339351832360709, 60.594895358269206 ], [ 30.339278669699219, 60.594903909386353 ], [ 30.339128947961317, 60.594946216026912 ], [ 30.338758981741741, 60.595054110885478 ], [ 30.338634056656915, 60.59509760736983 ], [ 30.338540376663833, 60.595148785751682 ], [ 30.338415057721573, 60.595299891750862 ], [ 30.338139364089045, 60.595604681248076 ], [ 30.337981369757351, 60.595794499485677 ], [ 30.337889911241454, 60.595901692244965 ], [ 30.337830789630225, 60.595939655464832 ], [ 30.337717042327021, 60.595970906394008 ], [ 30.337626068977539, 60.59597533623829 ], [ 30.337575858994953, 60.595966759371599 ], [ 30.337546338185351, 60.595945083870433 ], [ 30.337534746481403, 60.595901860503446 ], [ 30.337546783042519, 60.595854168087165 ], [ 30.337541098566348, 60.595826678219453 ], [ 30.33750867559613, 60.595813695265292 ], [ 30.337455619684921, 60.595810849380555 ], [ 30.337390893838705, 60.595826707966808 ], [ 30.337302366476482, 60.595894692549734 ], [ 30.337246475365443, 60.595916245875991 ], [ 30.337146314971985, 60.595933557434655 ], [ 30.337061504724069, 60.59595946565323 ], [ 30.337031858733791, 60.595992537610783 ], [ 30.337014825094244, 60.596063093588562 ], [ 30.336982546975307, 60.596129092104341 ], [ 30.336924341846402, 60.596176393239752 ], [ 30.336845455711245, 60.596197840938792 ], [ 30.336737091867843, 60.596204972696306 ], [ 30.336609308354525, 60.596206360943128 ], [ 30.33650246399613, 60.596210358195755 ], [ 30.336383706822154, 60.596236199940769 ], [ 30.336303265022245, 60.596272269603901 ], [ 30.336266587940504, 60.596319938538336 ], [ 30.336243194082034, 60.596388939451749 ], [ 30.336172987320481, 60.596453058359963 ], [ 30.33608648502112, 60.596500677952534 ], [ 30.335926247153843, 60.596548317802622 ], [ 30.335790349059561, 60.596592479253317 ], [ 30.335657423430455, 60.5966530786718 ], [ 30.335469536504768, 60.596743761173364 ], [ 30.33533059729, 60.596823000846385 ], [ 30.335239496523165, 60.596843583680972 ], [ 30.335159306543126, 60.596847074182762 ], [ 30.33503614622628, 60.59683555804417 ], [ 30.334928743986737, 60.59682079350668 ], [ 30.334854237078467, 60.596822963707304 ], [ 30.334806456327669, 60.596840155538892 ], [ 30.334767204595302, 60.596879106364931 ], [ 30.334763177844845, 60.596937246525137 ], [ 30.334856437005342, 60.597119780607983 ], [ 30.334865923905738, 60.597177534196341 ], [ 30.334840209046568, 60.597224445425233 ], [ 30.334766411643589, 60.597256416197816 ], [ 30.334666064986809, 60.597273635304298 ], [ 30.334521284798917, 60.597256813618088 ], [ 30.334418039595736, 60.597244132088669 ], [ 30.33433195422241, 60.597240863620172 ], [ 30.334242672344537, 60.597242516681519 ], [ 30.334106016458954, 60.59725911936367 ], [ 30.333815142096043, 60.597313604114994 ], [ 30.333580976593982, 60.597370862766034 ], [ 30.333529224297266, 60.597404819282019 ], [ 30.33351680315651, 60.597443624216424 ], [ 30.333523855501241, 60.597475787622017 ], [ 30.333563822084159, 60.597495178650028 ], [ 30.333660096755022, 60.597509713472348 ], [ 30.333800901929195, 60.597524453491197 ], [ 30.333920840454304, 60.597542328237466 ], [ 30.333976708476399, 60.597570139270822 ], [ 30.33399566963368, 60.597609537610793 ], [ 30.33394628570197, 60.597691611771054 ], [ 30.333914832649182, 60.597713904588794 ], [ 30.333842727591701, 60.597733586758984 ], [ 30.333687166667936, 60.597765180062474 ], [ 30.333462584761499, 60.597826970248839 ], [ 30.333278241856128, 60.59788427864401 ], [ 30.333118752135114, 60.597930392838137 ], [ 30.332939190721994, 60.597966631331296 ], [ 30.332707245012003, 60.598002896962015 ], [ 30.332403812617009, 60.598045473536857 ], [ 30.332313071560446, 60.598066056052666 ], [ 30.332287184770806, 60.598083527651681 ], [ 30.33229402707677, 60.598107522804227 ], [ 30.332358643652032, 60.598145516807058 ], [ 30.332549636027807, 60.598237137410528 ], [ 30.332607658866756, 60.598295474328651 ], [ 30.332620538609238, 60.598347409927186 ], [ 30.33259171180076, 60.59839457561052 ], [ 30.332524274030398, 60.598437344654677 ], [ 30.332450231716706, 60.598462761200111 ], [ 30.332392338324635, 60.598474071642443 ], [ 30.332337637664637, 60.598471126391168 ], [ 30.332184137948314, 60.598432811398425 ], [ 30.332135253578365, 60.5984311494583 ], [ 30.332089899262186, 60.598435786391612 ], [ 30.33202796211906, 60.598458117367613 ], [ 30.33195306017457, 60.598509377974082 ], [ 30.331903822403628, 60.598583464220205 ], [ 30.331869221015666, 60.598627102759586 ], [ 30.331815679301442, 60.598658986069701 ], [ 30.331457348072664, 60.598813495486382 ], [ 30.331392118648065, 60.598855197169108 ], [ 30.331343103189276, 60.598898499621889 ], [ 30.331303947412898, 60.598922551206741 ], [ 30.331232304453, 60.598936938804755 ], [ 30.331053183857204, 60.598949751794748 ], [ 30.33097466689529, 60.598951362777292 ], [ 30.33091583487284, 60.598944897525072 ], [ 30.330847274267715, 60.5989222319972 ], [ 30.330765023566375, 60.598890079159425 ], [ 30.330719394262228, 60.598880443935279 ], [ 30.330650553883135, 60.598881920049486 ], [ 30.330487147314255, 60.598941475641553 ], [ 30.330444638767172, 60.598978525346304 ], [ 30.33043866824698, 60.599013859601527 ], [ 30.330461990872486, 60.599063600031478 ], [ 30.330459212839131, 60.599113309254008 ], [ 30.330419717434168, 60.599164553584316 ], [ 30.330352585006363, 60.599200681378107 ], [ 30.330208165744732, 60.599231335040415 ], [ 30.329984660293626, 60.599274186939077 ], [ 30.329916583564273, 60.599292898426924 ], [ 30.329850986161699, 60.599325084043244 ], [ 30.329810363509775, 60.59933988402878 ], [ 30.329752844707446, 60.59935056681509 ], [ 30.329684814280068, 60.599347827892387 ], [ 30.329640849652137, 60.599337033261982 ], [ 30.329610623454467, 60.599314185975693 ], [ 30.329607772377464, 60.59928204185789 ], [ 30.329648415950025, 60.599228110559103 ], [ 30.329675684324215, 60.599195836948567 ], [ 30.329672736693642, 60.599178232059138 ], [ 30.329648013443609, 60.599163487911952 ], [ 30.329604129963304, 60.599157988958822 ], [ 30.329554745250785, 60.599163324341362 ], [ 30.329458611676582, 60.599188816215623 ], [ 30.329308806995094, 60.599252741564307 ], [ 30.329205106694175, 60.599311047023491 ], [ 30.329128223844819, 60.599341564362646 ], [ 30.329027468229178, 60.599360572385343 ], [ 30.328894401532636, 60.599360761996209 ], [ 30.328757318169345, 60.599351508945276 ], [ 30.328656252162226, 60.599329678501128 ], [ 30.328611253581197, 60.599306223821891 ], [ 30.32858085845152, 60.599263720026265 ], [ 30.328548944648919, 60.599224260700773 ], [ 30.328516497747259, 60.59921253197647 ], [ 30.328453822662777, 60.59920658628247 ], [ 30.328379364640764, 60.599215394702014 ], [ 30.328269198603767, 60.599249167327855 ], [ 30.328200691072972, 60.599290223964317 ], [ 30.328144373892815, 60.599361762890901 ], [ 30.328133948118978, 60.599495712776282 ], [ 30.328133178065791, 60.59953573818116 ], [ 30.328097788019022, 60.599563127141948 ], [ 30.328024051687706, 60.599581811343363 ], [ 30.327953200329311, 60.599583366469354 ], [ 30.327896910862616, 60.599577539979336 ], [ 30.327802267840511, 60.599544430141385 ], [ 30.327679875264689, 60.599473675107092 ], [ 30.327613253677114, 60.59946412060571 ], [ 30.32752940442472, 60.599467679269701 ], [ 30.327427069842347, 60.599492781813431 ], [ 30.327222196535104, 60.599591451309685 ], [ 30.326614354093117, 60.599895297879101 ], [ 30.326512683974602, 60.599952084964826 ], [ 30.326421965722421, 60.599980471958737 ], [ 30.326349728454609, 60.599987584342102 ], [ 30.326258564297909, 60.599982312482567 ], [ 30.326137942272862, 60.599952311297969 ], [ 30.325998764583609, 60.599919082107782 ], [ 30.325943120048279, 60.599917655610902 ], [ 30.325900417320941, 60.599926610884069 ], [ 30.325876314339233, 60.599945974353446 ], [ 30.325873042885469, 60.599973602421422 ], [ 30.325909876286072, 60.600032292090965 ], [ 30.325920170506905, 60.600066355813958 ], [ 30.325896824626874, 60.600103224286364 ], [ 30.325831761570658, 60.600154706927036 ], [ 30.325774438661824, 60.600174005030361 ], [ 30.325716855868183, 60.600178403212482 ], [ 30.325658502623256, 60.600175438181282 ], [ 30.32561236709796, 60.600163644826935 ], [ 30.32550640999164, 60.600120966906431 ], [ 30.325354291858027, 60.600067841604115 ], [ 30.325084273443657, 60.599985624220267 ], [ 30.324946035600533, 60.59996047592513 ], [ 30.324799392367428, 60.599954674419962 ], [ 30.323987280336684, 60.600059832001413 ], [ 30.323892754571624, 60.600077339572742 ], [ 30.323861380910383, 60.600104476979872 ], [ 30.323870052949616, 60.60013736650513 ], [ 30.323962096725474, 60.60019146872061 ], [ 30.324029873011536, 60.600235674376577 ], [ 30.324042378139147, 60.600278005703892 ], [ 30.324011842294915, 60.600327854101131 ], [ 30.32395309436416, 60.600354683849204 ], [ 30.323874674452131, 60.600369933299525 ], [ 30.323701812996308, 60.600379444997685 ], [ 30.323580131134861, 60.600385336988374 ], [ 30.323505651562925, 60.600404463983821 ], [ 30.323388302534021, 60.600441070987863 ], [ 30.323298084418617, 60.600462278128262 ], [ 30.323223460481749, 60.600470005898195 ], [ 30.323143837630443, 60.600462542248039 ], [ 30.323047682806081, 60.600432204238913 ], [ 30.322960284949776, 60.600420934470492 ], [ 30.322892854090906, 60.600424836494135 ], [ 30.322761955123863, 60.600444775433552 ], [ 30.322643755986935, 60.60045929902148 ], [ 30.322517571252028, 60.600471451496034 ], [ 30.322362968916796, 60.6004900222771 ], [ 30.322164222123074, 60.600525887050324 ], [ 30.321998242769247, 60.60056630325905 ], [ 30.321932403001508, 60.600582238925334 ], [ 30.321882689939077, 60.600585505666182 ], [ 30.321839170903981, 60.60058000588058 ], [ 30.321711369760685, 60.600553198009678 ], [ 30.321624698632586, 60.600542110285787 ], [ 30.321524165941266, 60.600539842706951 ], [ 30.321368053453533, 60.60054216028562 ], [ 30.321280508479532, 60.600547851692227 ], [ 30.321179485990761, 60.600561377751376 ], [ 30.320824301545603, 60.600597402158876 ], [ 30.32072515107474, 60.600608513404964 ], [ 30.320644802496965, 60.600628957456088 ], [ 30.320513278364452, 60.600671508546419 ], [ 30.320194072510681, 60.600828236472104 ], [ 30.32009860550642, 60.600875085564013 ], [ 30.320031704648102, 60.600898554395727 ], [ 30.319974449852129, 60.600904746680079 ], [ 30.319916827669683, 60.60090169284053 ], [ 30.319811074508539, 60.600867537716574 ], [ 30.319669031615266, 60.600831595895656 ], [ 30.319518376521561, 60.600816076571348 ], [ 30.319393338211611, 60.60081611510671 ], [ 30.319306601037809, 60.600817770232887 ], [ 30.319268025928707, 60.600811485172748 ], [ 30.319203409695628, 60.600792691576856 ], [ 30.319109679748941, 60.600769183258187 ], [ 30.319051334171615, 60.600747098386016 ], [ 30.318980208821934, 60.600725132671741 ], [ 30.318918632961047, 60.600718918449203 ], [ 30.318819270911796, 60.600731463305294 ], [ 30.318650991142391, 60.60078658370518 ], [ 30.318621906065676, 60.600808435385787 ], [ 30.318614330241097, 60.600831824660602 ], [ 30.31861464913959, 60.600890254170523 ], [ 30.318574729373431, 60.600952801697858 ], [ 30.318515729261524, 60.601029619276638 ], [ 30.318377837797573, 60.601126886409276 ], [ 30.318306600475911, 60.601166668606311 ], [ 30.318164290080926, 60.601219128814378 ], [ 30.318096281499471, 60.601252464075877 ], [ 30.318044101372475, 60.601297811026569 ], [ 30.318022154835408, 60.601309285186211 ], [ 30.31798661034189, 60.601316028001577 ], [ 30.317938391041938, 60.601317505319152 ], [ 30.317837750899294, 60.601320619538043 ], [ 30.317774415520418, 60.601329654169611 ], [ 30.317742007139817, 60.601344040598896 ], [ 30.317731297818082, 60.601368940775366 ], [ 30.317742076982885, 60.601405789726577 ], [ 30.3178218884592, 60.601478327069032 ], [ 30.317855488466773, 60.601524348782903 ], [ 30.317847808332438, 60.601562366959257 ], [ 30.317802547549842, 60.601589886052849 ], [ 30.317748674800221, 60.60160040143694 ], [ 30.317403944656078, 60.601595808967815 ], [ 30.317335664998719, 60.60158695951818 ], [ 30.317291404947063, 60.601572659135151 ], [ 30.317249514624706, 60.601539881213576 ], [ 30.317197640057763, 60.601504273735799 ], [ 30.317101293162096, 60.601465224676339 ], [ 30.316984028128442, 60.601431730829297 ], [ 30.316933834830511, 60.601412824924367 ], [ 30.316866195287442, 60.601380642960869 ], [ 30.316824778734937, 60.601370304938527 ], [ 30.316780237891656, 60.60137036324123 ], [ 30.316741956646574, 60.601386337135011 ], [ 30.316653345592094, 60.601511479276773 ], [ 30.316565491875085, 60.601681769784257 ], [ 30.316536424481473, 60.601730546448955 ], [ 30.316495337556795, 60.601759251644971 ], [ 30.316428158690407, 60.601778050307459 ], [ 30.316351869776426, 60.601786663878407 ], [ 30.316295911975683, 60.601782449606361 ], [ 30.316227922102897, 60.601768126144059 ], [ 30.316112705847594, 60.601751155462154 ], [ 30.315991907702035, 60.601720964788584 ], [ 30.315740082052276, 60.601633070724482 ], [ 30.315699481292302, 60.601627672538683 ], [ 30.31566422241082, 60.601629120775002 ], [ 30.315625601682221, 60.601643746473087 ], [ 30.315486563234877, 60.601789560595357 ], [ 30.315317754175584, 60.601936130762951 ], [ 30.315251972007108, 60.601967410881073 ], [ 30.315151958418394, 60.601984975999819 ], [ 30.315066179076886, 60.601993454024004 ], [ 30.314971820045166, 60.60199264687116 ], [ 30.314900277677197, 60.601982613916931 ], [ 30.314832090502858, 60.601959762445766 ], [ 30.314765592083532, 60.601916006938715 ], [ 30.314655707699949, 60.601832105954124 ], [ 30.314515831213743, 60.601704622749175 ], [ 30.31447295856783, 60.601675519079429 ], [ 30.314424703543395, 60.60166021149103 ], [ 30.314350195803339, 60.60165249767288 ], [ 30.314284214497821, 60.601656761263733 ], [ 30.314206246204161, 60.601676494773763 ], [ 30.314066851046867, 60.601756607875821 ], [ 30.313819252297815, 60.601936458080182 ], [ 30.313755458243406, 60.601959400066711 ], [ 30.313694138871611, 60.601967903859709 ], [ 30.313612582038783, 60.601975144532247 ], [ 30.313454120612736, 60.601966581822595 ], [ 30.313028571724665, 60.601940860750993 ], [ 30.312742497970746, 60.601914546676561 ], [ 30.312693772186311, 60.601904621290664 ], [ 30.312653169339175, 60.601880823174334 ], [ 30.312636792398006, 60.601841164824421 ], [ 30.312645183076199, 60.601767429338736 ], [ 30.312673653179989, 60.601693699819975 ], [ 30.312665420134291, 60.601629847469326 ], [ 30.312620702653955, 60.601527766677783 ], [ 30.312599478133702, 60.601511779527911 ], [ 30.312566761962621, 60.6015046229546 ], [ 30.312489701672924, 60.601506050550093 ], [ 30.312333139526402, 60.601530883008266 ], [ 30.312265044339529, 60.601549764967459 ], [ 30.312205961922931, 60.601574433964878 ], [ 30.31215027996776, 60.601593285331212 ], [ 30.312067763374074, 60.601612188138191 ], [ 30.311958750568717, 60.601632490219487 ], [ 30.311894250509017, 60.60165417143552 ], [ 30.311840999526225, 60.601670072486556 ], [ 30.311782414527183, 60.601678767957338 ], [ 30.311723145498142, 60.601675882230964 ], [ 30.311684647066684, 60.601665736047011 ], [ 30.311654927587519, 60.601645489881221 ], [ 30.311577420216505, 60.601401535002822 ], [ 30.311547483138522, 60.601373838421473 ], [ 30.31149678624644, 60.60136210815773 ], [ 30.311384160945302, 60.601362018991182 ], [ 30.311005366058367, 60.601372505006694 ], [ 30.310818992711326, 60.601372511623815 ], [ 30.310669210873201, 60.601368295156199 ], [ 30.31060071908183, 60.601361056768013 ], [ 30.310541768563674, 60.601342106569916 ], [ 30.310372486734778, 60.601225607467512 ], [ 30.310283665588752, 60.601157240818566 ], [ 30.31021234238786, 60.601117857741208 ], [ 30.310140950906536, 60.601100373598648 ], [ 30.310040265526805, 60.601087326512243 ], [ 30.309924542958402, 60.601068553031169 ], [ 30.309826274318461, 60.601034874569336 ], [ 30.309744681023503, 60.600997955096851 ], [ 30.30968559184446, 60.600949206441783 ], [ 30.309646753052011, 60.600910247887747 ], [ 30.309600653834035, 60.600878434643583 ], [ 30.309538829567845, 60.60084798207324 ], [ 30.309377488544211, 60.600810052059934 ], [ 30.30921292586925, 60.600778119742799 ], [ 30.309129109126417, 60.60075213888399 ], [ 30.309063786433498, 60.600714040465377 ], [ 30.309013977783316, 60.600657617390318 ], [ 30.308951697074463, 60.60054898901835 ], [ 30.308895503490845, 60.600501600157223 ], [ 30.308796018774878, 60.600464953303643 ], [ 30.308532334769982, 60.60040579883507 ], [ 30.308469935416138, 60.600386023402379 ], [ 30.308367528684958, 60.60034029732828 ], [ 30.308205611223737, 60.600230472360067 ], [ 30.308049496496448, 60.600104250572301 ], [ 30.307990797922759, 60.600054426008732 ], [ 30.307951178297113, 60.600036554744563 ], [ 30.307901189912865, 60.600026083024716 ], [ 30.307826700648, 60.600026892012259 ], [ 30.307779428139256, 60.600035909316951 ], [ 30.307743100629377, 60.600063647448685 ], [ 30.307716436288047, 60.600101125131467 ], [ 30.307632333020287, 60.600245848854584 ], [ 30.307566659214235, 60.600299025043036 ], [ 30.307470621536737, 60.600327822432462 ], [ 30.307327912417662, 60.600344548241516 ], [ 30.307185535119547, 60.600344581758328 ], [ 30.307073549325057, 60.600321695202723 ], [ 30.306946256501266, 60.600279169150838 ], [ 30.306865817832659, 60.600257870175938 ], [ 30.306760220977843, 60.600244168719883 ], [ 30.306710966297935, 60.600233520582812 ], [ 30.30667677084255, 60.600218277826329 ], [ 30.306651944142022, 60.600190873971613 ], [ 30.306636303999547, 60.600160462777083 ], [ 30.306605148591892, 60.600139221295692 ], [ 30.306524862640199, 60.600119448620056 ], [ 30.306407005692591, 60.600107303396292 ], [ 30.306071936026253, 60.600095099306792 ], [ 30.305903796464598, 60.600087288759134 ], [ 30.305764977462452, 60.600073695707628 ], [ 30.30561503408077, 60.600050445506007 ], [ 30.305329652488886, 60.600008861111114 ], [ 30.305205193737706, 60.59998914388251 ], [ 30.305133161561635, 60.599967435646064 ], [ 30.305100713732994, 60.599937840705536 ], [ 30.305106805098333, 60.599906995644062 ], [ 30.305149498034861, 60.599843926914637 ], [ 30.305220514230111, 60.599797598763622 ], [ 30.305360248374633, 60.599728625609139 ], [ 30.305398007225545, 60.599702420791075 ], [ 30.305416099367545, 60.599673877359841 ], [ 30.305393027690982, 60.599650071777845 ], [ 30.305311569924889, 60.599625087140851 ], [ 30.305129038004981, 60.599597730174686 ], [ 30.304926902364237, 60.599574047924335 ], [ 30.304860965659266, 60.599557933528011 ], [ 30.304835724033346, 60.599533130112214 ], [ 30.304830288861258, 60.599494510823817 ], [ 30.304849006322456, 60.599443801913452 ], [ 30.304856554903253, 60.599385679496891 ], [ 30.304827712144057, 60.599330971516729 ], [ 30.304680243696509, 60.599247957825447 ], [ 30.304345801782173, 60.599113421373545 ], [ 30.304195891522234, 60.599070514182145 ], [ 30.30406743980615, 60.599049879076105 ], [ 30.303922636864971, 60.599043704540193 ], [ 30.303806756547186, 60.599033361585676 ], [ 30.30368696210741, 60.599008818899797 ], [ 30.303542261610268, 60.598970154468745 ], [ 30.303306479069839, 60.59887683952212 ], [ 30.30302987676642, 60.598716461879562 ], [ 30.302353102490159, 60.598232207586349 ], [ 30.302237208755376, 60.59814072798104 ], [ 30.30212135716479, 60.598028964672146 ], [ 30.302104689548933, 60.597968122234747 ], [ 30.302105139739368, 60.597872808486152 ], [ 30.302063732725436, 60.597826026856055 ], [ 30.301972557547078, 60.597785376322406 ], [ 30.301773859487287, 60.597736575539692 ], [ 30.30164145468191, 60.597704071730107 ], [ 30.301593116687343, 60.597675296358005 ], [ 30.301534518201279, 60.597612096428868 ], [ 30.301433933047321, 60.597485597578959 ], [ 30.30137715768749, 60.597386146872076 ], [ 30.301367195656479, 60.597327760152481 ], [ 30.301384890698564, 60.597273636184283 ], [ 30.301422232026265, 60.597240968354157 ], [ 30.301508933902749, 60.597222451427136 ], [ 30.301666269529278, 60.597222137538004 ], [ 30.301910976355455, 60.597215425955547 ], [ 30.301956809756618, 60.597205236985786 ], [ 30.301981618192436, 60.597178611339146 ], [ 30.301969355209209, 60.597143907871065 ], [ 30.301811763465196, 60.596993169333231 ], [ 30.301230797247221, 60.596594009113105 ], [ 30.301071889895706, 60.596518205684724 ], [ 30.300863173607759, 60.596450686591574 ], [ 30.300771277437615, 60.596409852209035 ], [ 30.300729675951811, 60.596372941850483 ], [ 30.300725305106003, 60.596336122556046 ], [ 30.300758742432844, 60.596288806471662 ], [ 30.300792222914577, 60.596239336555342 ], [ 30.300796148906901, 60.596198339239976 ], [ 30.300758804935267, 60.596167552658393 ], [ 30.300525025801633, 60.596075857929627 ], [ 30.300395446502019, 60.596012133096131 ], [ 30.300299326474647, 60.595936364564615 ], [ 30.300195375997408, 60.595805271041527 ], [ 30.300140886584035, 60.595674148631915 ], [ 30.300095175538871, 60.595614780239572 ], [ 30.300024314111411, 60.59557180380444 ], [ 30.299873905391603, 60.595518478086511 ], [ 30.299212068900751, 60.595304162426729 ], [ 30.298958062319496, 60.595220533815649 ], [ 30.298895758418695, 60.59518774035827 ], [ 30.29880825540819, 60.595128437205119 ], [ 30.298758218220964, 60.595093728905461 ], [ 30.298679084418726, 60.595062917636376 ], [ 30.298487577472134, 60.595011544125121 ], [ 30.298280135850533, 60.594935859768249 ], [ 30.297997538415402, 60.594804162657255 ], [ 30.297861900477077, 60.594733674415536 ], [ 30.297788642313641, 60.594701185998744 ], [ 30.297729387742852, 60.594689229197613 ], [ 30.297624670652052, 60.594687282174199 ], [ 30.297523431201487, 60.594693878429084 ], [ 30.297467988531242, 60.59469199227793 ], [ 30.297405414959581, 60.594681724408638 ], [ 30.297363887396475, 60.59465953256948 ], [ 30.297350152319694, 60.594625718972544 ], [ 30.297364657262033, 60.594521947378297 ], [ 30.297372336453247, 60.594412757370961 ], [ 30.297337633427396, 60.594323734018083 ], [ 30.297230309298534, 60.594215957004756 ], [ 30.297130005494214, 60.594131100806521 ], [ 30.297110034463934, 60.594089807354486 ], [ 30.297115107820176, 60.594001247457498 ], [ 30.29711597881245, 60.593940041225665 ], [ 30.297079865633535, 60.593884757452415 ], [ 30.296991280660556, 60.593843218578129 ], [ 30.296878348767809, 60.5938234600439 ], [ 30.296737214792078, 60.593817564821286 ], [ 30.296636231787627, 60.593811596446841 ], [ 30.296583809000239, 60.593795813208715 ], [ 30.296539958783292, 60.593762211317149 ], [ 30.296531874161928, 60.593710744212707 ], [ 30.296564415106207, 60.593617651523189 ], [ 30.296580563788424, 60.593568097906122 ], [ 30.296556362351332, 60.593528488963223 ], [ 30.296441636587094, 60.593435035338324 ], [ 30.296389746367055, 60.593410997490402 ], [ 30.296293678636069, 60.593387641102616 ], [ 30.296223902236235, 60.593363695222436 ], [ 30.296183050821238, 60.59334428860614 ], [ 30.296142145836541, 60.593318509361239 ], [ 30.296071599741005, 60.593278494123439 ], [ 30.295915659454728, 60.593210776583092 ], [ 30.29584469716416, 60.593200377171058 ], [ 30.295777471556306, 60.593203727983948 ], [ 30.295624603649149, 60.593236726286051 ], [ 30.295493718784158, 60.593274588879424 ], [ 30.295426456649128, 60.593279734366995 ], [ 30.295320539623731, 60.593274189588492 ], [ 30.295211213015836, 60.593256780830103 ], [ 30.294566347182016, 60.593100324931029 ], [ 30.294433482263184, 60.593082800116754 ], [ 30.294311900488346, 60.593075831439528 ], [ 30.294190518515439, 60.59308600616535 ], [ 30.294122146186538, 60.593109903610078 ], [ 30.294067782086309, 60.593126958894416 ], [ 30.293996180682328, 60.593130107836991 ], [ 30.293890001431834, 60.59311953455272 ], [ 30.293766022796852, 60.593086794937619 ], [ 30.29362495619003, 60.59301483965092 ], [ 30.293540366710818, 60.592965599453166 ], [ 30.293444960719523, 60.592927794265307 ], [ 30.293352834017874, 60.592890274371996 ], [ 30.293295618573836, 60.59285902903175 ], [ 30.293244466434636, 60.592807798872876 ], [ 30.293218880428526, 60.5927377567455 ], [ 30.293209260299296, 60.592636380035728 ], [ 30.29321858122319, 60.592554841719718 ], [ 30.293237582763595, 60.592499827658763 ], [ 30.293230817640705, 60.592455546929642 ], [ 30.293195482570976, 60.592389316207189 ], [ 30.293099034185015, 60.592304116845881 ], [ 30.292810298040347, 60.592072574727005 ], [ 30.292766368339962, 60.592043189498717 ], [ 30.292691762007827, 60.592014730428637 ], [ 30.292585574070372, 60.591977858856808 ], [ 30.292514055436442, 60.591941157732663 ], [ 30.292396732137906, 60.591859624732734 ], [ 30.292334008886538, 60.591830146901046 ], [ 30.292202555792191, 60.591779418729118 ], [ 30.292142808958101, 60.59174717315625 ], [ 30.292080171980668, 60.591713477306584 ], [ 30.291938481684426, 60.591654710597716 ], [ 30.291844688518431, 60.591636567765669 ], [ 30.291782507682832, 60.59162531190178 ], [ 30.29175124965878, 60.591609989968674 ], [ 30.29171980442857, 60.591568010902535 ], [ 30.291713417465591, 60.591523193436032 ], [ 30.291732800028033, 60.591485413743861 ], [ 30.291940860790852, 60.591295716202687 ], [ 30.291977647842494, 60.59128144730672 ], [ 30.292023266072459, 60.591272606963891 ], [ 30.29235374656955, 60.591281413453785 ], [ 30.292388382121331, 60.591274224230638 ], [ 30.292414308662298, 60.591255593710834 ], [ 30.292428612179602, 60.591234213462116 ], [ 30.292420107598858, 60.591212721009526 ], [ 30.29237388398149, 60.591188529947033 ], [ 30.292160497870476, 60.591137847354794 ], [ 30.29201058018327, 60.591115838346205 ], [ 30.291950604640704, 60.591094900246702 ], [ 30.291887089681595, 60.591059584448487 ], [ 30.29183791864839, 60.591009889250827 ], [ 30.291795378551182, 60.590957175134257 ], [ 30.291764841882578, 60.590942305510424 ], [ 30.291721855501901, 60.590938414007347 ], [ 30.291646054763948, 60.590941900002463 ], [ 30.291600668968837, 60.590939342915533 ], [ 30.291559918135089, 60.59092424342959 ], [ 30.291539884330117, 60.590904399404003 ], [ 30.291554641901982, 60.590789051621648 ], [ 30.29161748126722, 60.590624487575184 ], [ 30.291640536113619, 60.590594534364961 ], [ 30.291706549867616, 60.590551868503994 ], [ 30.29177027870352, 60.590522833593177 ], [ 30.291793263703791, 60.590505265725596 ], [ 30.291795807834912, 60.590478891300364 ], [ 30.291760016095896, 60.590417414745019 ], [ 30.291604519736634, 60.590239389608293 ], [ 30.291457912836027, 60.590055035717192 ], [ 30.291452374224345, 60.59003131402001 ], [ 30.291475348685033, 60.589996334353607 ], [ 30.291518724488927, 60.589936235003435 ], [ 30.291528720591618, 60.589902358161112 ], [ 30.291516060935916, 60.589869895484945 ], [ 30.291477541778821, 60.589834882116222 ], [ 30.291368167718243, 60.589793596013742 ], [ 30.290983924913302, 60.589683730975118 ], [ 30.290948228458685, 60.589662463356014 ], [ 30.290920243203594, 60.58962992505365 ], [ 30.290917774789339, 60.589589883685846 ], [ 30.290948326180239, 60.589532324074128 ], [ 30.291024707808891, 60.589446449414623 ], [ 30.291029713571746, 60.589424664463813 ], [ 30.291011064698967, 60.589390646431177 ], [ 30.290962761363723, 60.589361239017833 ], [ 30.290912494106674, 60.589347618178039 ], [ 30.290764991729912, 60.589332889523007 ], [ 30.29060565194585, 60.589317025289446 ], [ 30.290543317336315, 60.589304601299986 ], [ 30.290460549122464, 60.58927412614225 ], [ 30.290308293224516, 60.589197265437889 ], [ 30.290220808660706, 60.589147560015171 ], [ 30.290165376262504, 60.589091999410293 ], [ 30.290151684002829, 60.589056569695835 ], [ 30.29016318599076, 60.589029431749559 ], [ 30.290190517344296, 60.589004525981167 ], [ 30.290271207723528, 60.588940033887646 ], [ 30.290338209650397, 60.588884628850629 ], [ 30.29035685264817, 60.588856269608613 ], [ 30.290349581451665, 60.588837026886381 ], [ 30.290319708302505, 60.588816595595652 ], [ 30.290218150937704, 60.588785937794754 ], [ 30.290176940336814, 60.588766707029038 ], [ 30.290063403142412, 60.588670381564093 ], [ 30.290024617319268, 60.588630699361524 ], [ 30.28998286405854, 60.58860231119349 ], [ 30.289923131887342, 60.588578680810905 ], [ 30.289815089147556, 60.588552927008408 ], [ 30.289700542785088, 60.588541860249613 ], [ 30.289579289034066, 60.588537581372002 ], [ 30.289446829881417, 60.58854590198159 ], [ 30.289417267565916, 60.588546025135756 ], [ 30.289383078894705, 60.588540381315973 ], [ 30.28935541163456, 60.588528128103277 ], [ 30.289330124464968, 60.588506552483857 ], [ 30.289276077256709, 60.588436907343024 ], [ 30.289196693986639, 60.58824094617993 ], [ 30.289152668329915, 60.588180953950307 ], [ 30.28910656247854, 60.588142402051275 ], [ 30.289033268469282, 60.588103895192141 ], [ 30.288710089074609, 60.587980593456656 ], [ 30.288574574831916, 60.58792427692476 ], [ 30.288493796878441, 60.587894887393432 ], [ 30.288335112296188, 60.58785631650882 ], [ 30.288032789183397, 60.587801866095461 ], [ 30.287961838906273, 60.587782666844745 ], [ 30.287902292171573, 60.587759036464973 ], [ 30.287817775256087, 60.587716255008793 ], [ 30.287751454407623, 60.587693757770765 ], [ 30.287649710013067, 60.587672520986999 ], [ 30.287376311979685, 60.5876224307409 ], [ 30.287301647401513, 60.587606443781034 ], [ 30.287251406486281, 60.587591744658063 ], [ 30.286995914102011, 60.587513829658171 ], [ 30.286932838025407, 60.587502208052442 ], [ 30.286872174508357, 60.587497509261738 ], [ 30.286772683921615, 60.587499887666191 ], [ 30.286591711224791, 60.587507336436303 ], [ 30.286543291714654, 60.58750171100062 ], [ 30.28649866102316, 60.587489283231768 ], [ 30.286467450001826, 60.587471985729579 ], [ 30.286449439372863, 60.587451612447438 ], [ 30.286448373728131, 60.587423514896138 ], [ 30.28648043256787, 60.587346128639737 ], [ 30.286567495828315, 60.587229075934161 ], [ 30.286609996663984, 60.587194104247892 ], [ 30.286732265792132, 60.587121922484748 ], [ 30.286748598314137, 60.587099565624911 ], [ 30.286748960891607, 60.587081886352266 ], [ 30.286730872997907, 60.58706528229196 ], [ 30.286676519871513, 60.587046523717611 ], [ 30.286584440406443, 60.587034578496151 ], [ 30.286450480798287, 60.587027361640111 ], [ 30.286333409169387, 60.587032973240007 ], [ 30.28619565184685, 60.587059663390868 ], [ 30.286094084016611, 60.587092187520682 ], [ 30.286035852158875, 60.587102399198152 ], [ 30.285979516518914, 60.58710023454455 ], [ 30.285909328254565, 60.587088487365385 ], [ 30.285852148660414, 60.587065226828734 ], [ 30.285820122028337, 60.587043258033503 ], [ 30.285803484971588, 60.587018224401042 ], [ 30.28579809480523, 60.586978617139891 ], [ 30.285779860071283, 60.586951421525008 ], [ 30.285746945404462, 60.586919396113842 ], [ 30.285638366356817, 60.586858004830653 ], [ 30.285392135424217, 60.58672942307745 ], [ 30.285359250726593, 60.58670484710386 ], [ 30.285333818559916, 60.586672769044554 ], [ 30.285305688761735, 60.586629907365818 ], [ 30.285267911769999, 60.586594806094936 ], [ 30.285204444480684, 60.586549076089277 ], [ 30.285109115112714, 60.586508931659061 ], [ 30.284832354029987, 60.586427855102819 ], [ 30.28478669730622, 60.586412190587176 ], [ 30.284756286287649, 60.586391575846321 ], [ 30.284731813299508, 60.586357258650715 ], [ 30.284719280951467, 60.58629239556938 ], [ 30.284705165682716, 60.586277875290463 ], [ 30.284681342526035, 60.586265191470396 ], [ 30.284661634530387, 60.586247591789935 ], [ 30.284657759738682, 60.586231955711291 ], [ 30.284669594769376, 60.586215410568457 ], [ 30.284709488347588, 60.586191914712757 ], [ 30.284756010476741, 60.586165490033132 ], [ 30.284810016683821, 60.586121152252559 ], [ 30.284976929039455, 60.585980803494486 ], [ 30.285000664760627, 60.585953367833326 ], [ 30.285004614474605, 60.585929872548824 ], [ 30.284990642918238, 60.585917237799165 ], [ 30.284966517531796, 60.585910386383254 ], [ 30.284918635081084, 60.585905391282779 ], [ 30.284862946441059, 60.585907357947264 ], [ 30.284829009945017, 60.585907368558765 ], [ 30.284781105369969, 60.585903450318852 ], [ 30.28473954571604, 60.585892652765253 ], [ 30.284695489568534, 60.585870175054438 ], [ 30.284665704294888, 60.585836908418777 ], [ 30.284629675713646, 60.585805585231739 ], [ 30.284593751373418, 60.58579580295482 ], [ 30.284551789754321, 60.585795683789698 ], [ 30.284458234067039, 60.585802487836609 ], [ 30.284350264218624, 60.58580930978205 ], [ 30.284308542279476, 60.585806409432479 ], [ 30.284278618031259, 60.585797644223661 ], [ 30.284102528525104, 60.585736723141608 ], [ 30.284058621196795, 60.585733632322011 ], [ 30.284018765704051, 60.58573756230885 ], [ 30.283979134088874, 60.585757199943068 ], [ 30.283919412764408, 60.585804380963936 ], [ 30.283873739061981, 60.585816180059503 ], [ 30.283815619721153, 60.585821006226645 ], [ 30.283759868893288, 60.58581713826235 ], [ 30.28360571784922, 60.585789534003169 ], [ 30.283428394489945, 60.585735427004686 ], [ 30.283262372199289, 60.585673029238428 ], [ 30.283084154238185, 60.585600428467743 ], [ 30.282943242326343, 60.585541386656658 ], [ 30.282901362285045, 60.585519637222056 ], [ 30.282873246153397, 60.58549400740295 ], [ 30.282791052287898, 60.585339224193881 ], [ 30.282769809396495, 60.585298819633778 ], [ 30.282749762234857, 60.58528005119819 ], [ 30.28270763640289, 60.58527023744896 ], [ 30.282675504517417, 60.585271243790238 ], [ 30.282621112427986, 60.585289999558931 ], [ 30.282489181489201, 60.585379361661133 ], [ 30.282417503363103, 60.585440034807654 ], [ 30.282375767178035, 60.585455532879294 ], [ 30.282328212638095, 60.585461218937134 ], [ 30.282266917398438, 60.585460822965949 ], [ 30.282205740750744, 60.585454683450465 ], [ 30.282170042588941, 60.585442837358961 ], [ 30.282112510328691, 60.58541041876272 ], [ 30.282057103544741, 60.585372266654602 ], [ 30.282035047096112, 60.585362463239292 ], [ 30.282003158696849, 60.585360508830057 ], [ 30.281959051889807, 60.585367109505214 ], [ 30.281842827594563, 60.585402608709096 ], [ 30.281772977458786, 60.585410067892859 ], [ 30.281721568858067, 60.585408015819212 ], [ 30.281678106811786, 60.585401067118575 ], [ 30.281610694157056, 60.585370034924686 ], [ 30.281561403518044, 60.585336131525366 ], [ 30.281545526981137, 60.585318640289557 ], [ 30.281537572232825, 60.585288623433911 ], [ 30.281529659503207, 60.585247746831143 ], [ 30.281503869268057, 60.585215576476941 ], [ 30.281461964008592, 60.585186287315985 ], [ 30.281330918610706, 60.585117958960701 ], [ 30.281275268319732, 60.58509165252984 ], [ 30.281242995659998, 60.585073002196914 ], [ 30.281207072022255, 60.585045627670368 ], [ 30.281151283513189, 60.585008370786042 ], [ 30.281085925838688, 60.584983900480452 ], [ 30.280943159844838, 60.584944233625826 ], [ 30.280899633123948, 60.58493162998704 ], [ 30.280870095413885, 60.584913083006128 ], [ 30.280833078617864, 60.584868021815105 ], [ 30.28074404458253, 60.584726935060182 ], [ 30.280654589137143, 60.584632696530058 ], [ 30.280604887705611, 60.584565851826568 ], [ 30.280565019991339, 60.584482272786545 ], [ 30.280521640722032, 60.584418511274784 ], [ 30.280472441839301, 60.584380299836987 ], [ 30.280435291666535, 60.584368176745031 ], [ 30.280360733482706, 60.584365200398153 ], [ 30.28027689082818, 60.584378871307081 ], [ 30.280186838488202, 60.584401665719277 ], [ 30.28012212780018, 60.584407713765266 ], [ 30.28007566870242, 60.58440460883962 ], [ 30.280014106820506, 60.584381952062166 ], [ 30.279841360750687, 60.584292501010005 ], [ 30.279813672653923, 60.584272796291835 ], [ 30.279798121332597, 60.584248485339501 ], [ 30.279800921845638, 60.584201379720689 ], [ 30.279791574860102, 60.584177010127725 ], [ 30.279760573498795, 60.58415872481055 ], [ 30.279507881154814, 60.584071116162207 ], [ 30.279484212354333, 60.584051162282663 ], [ 30.279478112066904, 60.584028603989772 ], [ 30.279487048444981, 60.583984760221142 ], [ 30.279490291947955, 60.58389870457075 ], [ 30.279484213698691, 60.583848682353981 ], [ 30.279447095668171, 60.583791055008916 ], [ 30.279363195730419, 60.583719550645952 ], [ 30.279254753049305, 60.583652679899068 ], [ 30.279065976680457, 60.583553543923806 ], [ 30.278884066173571, 60.583492855905867 ], [ 30.278645686168716, 60.583428024658041 ], [ 30.278517668952961, 60.583381428620612 ], [ 30.278368558904329, 60.583313904051082 ], [ 30.278310476009501, 60.583273223852984 ], [ 30.27826700774272, 60.583214038470281 ], [ 30.278235273601609, 60.583169631343537 ], [ 30.278201541775505, 60.583142356754529 ], [ 30.278137124300891, 60.583125608358309 ], [ 30.277987968103123, 60.583104305284607 ], [ 30.277868916708545, 60.583082884194681 ], [ 30.27781045999507, 60.583060242000656 ], [ 30.277706960311349, 60.583010357919868 ], [ 30.277645325972237, 60.582956286546533 ], [ 30.277611121580794, 60.582899122086381 ], [ 30.277582267290825, 60.582795223858845 ], [ 30.277514209523527, 60.582672818998027 ], [ 30.277469886331708, 60.58255834194361 ], [ 30.277356175874086, 60.582499520770227 ], [ 30.277251885561665, 60.582452683905828 ], [ 30.277030774719261, 60.582365049954809 ], [ 30.27693612150361, 60.582319787148172 ], [ 30.276899257007866, 60.582294111975614 ], [ 30.276834954542096, 60.58223688546272 ], [ 30.276703487076997, 60.58212852104095 ], [ 30.276264004869859, 60.581822137347125 ], [ 30.275872016621179, 60.581556918573916 ], [ 30.275844190036882, 60.581517825919498 ], [ 30.275820105221193, 60.581474264544362 ], [ 30.275786227478896, 60.58143666713142 ], [ 30.275731216597062, 60.581397706561305 ], [ 30.275599741184323, 60.581342563803325 ], [ 30.275523457266495, 60.58129146904929 ], [ 30.275346025197035, 60.581139431379228 ], [ 30.275158699897357, 60.580928286805964 ], [ 30.274824362737711, 60.580558884832946 ], [ 30.274764545742588, 60.580514334955367 ], [ 30.274727392583976, 60.58047645145583 ], [ 30.274711841088656, 60.580426201597056 ], [ 30.274700147011945, 60.580383420630746 ], [ 30.274684274049108, 60.580357312387832 ], [ 30.274644269632979, 60.580333684997377 ], [ 30.274550994377186, 60.580310237117303 ], [ 30.274087093645445, 60.58020557451168 ], [ 30.273906823843056, 60.580163735780815 ], [ 30.273835359012658, 60.580144167315247 ], [ 30.273782371214399, 60.580122089504002 ], [ 30.273713777651331, 60.58009607336836 ], [ 30.273624151780222, 60.580072643304092 ], [ 30.273460732116213, 60.580036364111379 ], [ 30.273394739861899, 60.580016823112778 ], [ 30.273318073963804, 60.579984303767795 ], [ 30.273248952932605, 60.579966093131482 ], [ 30.27316953494179, 60.579951779390456 ], [ 30.273066531040588, 60.579940038686473 ], [ 30.273031797740728, 60.579934836637968 ], [ 30.273005719900841, 60.579925729346577 ], [ 30.272986945374118, 60.579907594111326 ], [ 30.272976506145088, 60.579865986113752 ], [ 30.272955497579968, 60.579841287669908 ], [ 30.272910609921198, 60.579824456153816 ], [ 30.27282058507236, 60.579811434739916 ], [ 30.272625058322987, 60.579810174547362 ], [ 30.27251672987358, 60.579808817644746 ], [ 30.272421250230838, 60.579803666471911 ], [ 30.272318457674935, 60.57979057998228 ], [ 30.272226891236457, 60.579781499432116 ], [ 30.272123878812025, 60.579778912646042 ], [ 30.271977835147005, 60.579784095380113 ], [ 30.27188245717462, 60.579782803668216 ], [ 30.271819136446062, 60.579775122689512 ], [ 30.271774014391983, 60.57976080265221 ], [ 30.271747792389437, 60.579741193412559 ], [ 30.271676717570507, 60.579694430945274 ], [ 30.271600127412896, 60.579667116598195 ], [ 30.271497270103534, 60.579639758596905 ], [ 30.271295904630193, 60.57961252851851 ], [ 30.271132133708182, 60.579601913714122 ], [ 30.271008044732973, 60.579595359665177 ], [ 30.270910006403987, 60.579599169597799 ], [ 30.270807102862737, 60.579617494537196 ], [ 30.270651209661601, 60.579674771606591 ], [ 30.270456949490043, 60.579778255130606 ], [ 30.270344395832549, 60.579813044992314 ], [ 30.270226407656914, 60.579846012078448 ], [ 30.270097490113599, 60.579852177393754 ], [ 30.270005002124705, 60.579852245324439 ], [ 30.269647664737111, 60.579842528417188 ], [ 30.269462441066377, 60.579837097713117 ], [ 30.26938784001262, 60.579854039907879 ], [ 30.26932633125292, 60.579881639470379 ], [ 30.269259086003569, 60.579921775049066 ], [ 30.269177437196053, 60.579996212191631 ], [ 30.269102838004365, 60.580047708718155 ], [ 30.26898477695859, 60.58009270109747 ], [ 30.268892907420419, 60.580106682956824 ], [ 30.268833895481833, 60.580110959526934 ], [ 30.268711969278815, 60.58010558115096 ], [ 30.268320485960498, 60.580054041741178 ], [ 30.267544483933591, 60.579940942820912 ], [ 30.267236507061092, 60.579882915746602 ], [ 30.267128230583527, 60.579861809321393 ], [ 30.267049879664579, 60.579848933417672 ], [ 30.266974390857595, 60.57984738083799 ], [ 30.266860732211271, 60.579865199019686 ], [ 30.26638665990837, 60.579949834141836 ], [ 30.266315130922784, 60.579959430685271 ], [ 30.266243005071505, 60.579962741501987 ], [ 30.266138571042955, 60.579949731607243 ], [ 30.265369200247171, 60.579782354036169 ], [ 30.26519328372958, 60.579742320846222 ], [ 30.265102253352882, 60.579716634046932 ], [ 30.265007442132152, 60.57969721044114 ], [ 30.264909687892903, 60.5796875546419 ], [ 30.264847653420706, 60.579679517940789 ], [ 30.264797302068416, 60.579662476168473 ], [ 30.264762357862075, 60.579632858355644 ], [ 30.264739714329739, 60.579590917840825 ], [ 30.26472269156249, 60.579498924559267 ], [ 30.264738906406489, 60.579456824292329 ], [ 30.264755212271769, 60.579427648770263 ], [ 30.264747527338489, 60.579385695205204 ], [ 30.264715169446962, 60.57934594866952 ], [ 30.264582754204394, 60.579284776765817 ], [ 30.264242878492261, 60.579105683253459 ], [ 30.264174443418021, 60.579064046157967 ], [ 30.264116112536762, 60.579019050312418 ], [ 30.263766906467531, 60.578686701072158 ], [ 30.263383986612642, 60.578344574197736 ], [ 30.26295796390032, 60.577953848264983 ], [ 30.262863346248178, 60.5778654945818 ], [ 30.262811844643579, 60.577834085811119 ], [ 30.262673825819366, 60.577788140990599 ], [ 30.262318010830146, 60.5776650554646 ], [ 30.261562944823659, 60.57738607779266 ], [ 30.261491695107427, 60.577365606261083 ], [ 30.261418231053618, 60.57735490624961 ], [ 30.261303442908048, 60.577348929591054 ], [ 30.261135310411767, 60.577346806447103 ], [ 30.260913496308177, 60.577355804790429 ], [ 30.260795061321097, 60.577358335330587 ], [ 30.260746592705772, 60.577355931294868 ], [ 30.260705547612378, 60.57734755214895 ], [ 30.260666215928964, 60.577327244811165 ], [ 30.259994768397849, 60.576951577821703 ], [ 30.259344802225616, 60.576587147663801 ], [ 30.259293332514762, 60.576545954705232 ], [ 30.259253898129856, 60.576504913691203 ], [ 30.259226971800906, 60.576476053849547 ], [ 30.259180479108881, 60.576449516156181 ], [ 30.259116814358919, 60.576432762388968 ], [ 30.25903580088977, 60.576425522354008 ], [ 30.258038986616718, 60.576391284645204 ], [ 30.257921570494357, 60.57638044484824 ], [ 30.257862863422456, 60.576370716817522 ], [ 30.257796985999242, 60.576355117734551 ], [ 30.25771260009974, 60.576317971991777 ], [ 30.257629360580804, 60.576269882383578 ], [ 30.257573020959612, 60.576251819549512 ], [ 30.257492031441121, 60.57623497522971 ], [ 30.257441059590406, 60.576221786768357 ], [ 30.257335856528417, 60.576177262975406 ], [ 30.256535191498344, 60.575850810604642 ], [ 30.256370347277482, 60.575780756181651 ], [ 30.256260669201399, 60.575757928303126 ], [ 30.256123611327471, 60.575744561635233 ], [ 30.255845430609195, 60.575737282961988 ], [ 30.255594217954737, 60.575739747328043 ], [ 30.255511774363853, 60.575739767634779 ], [ 30.255385396769473, 60.575747188448133 ], [ 30.255229912170776, 60.575751047228643 ], [ 30.254841903708229, 60.575795879866369 ], [ 30.254686297575425, 60.575822354910656 ], [ 30.254530745200462, 60.575846316995744 ], [ 30.254436747051994, 60.575857764771541 ], [ 30.254342829876411, 60.575865443314953 ], [ 30.254256424837493, 60.57587154536786 ], [ 30.254189175114082, 60.575877477854121 ], [ 30.254095580113191, 60.575887132447988 ], [ 30.253968180608947, 60.575908099169439 ], [ 30.253748460396313, 60.575938816512419 ], [ 30.25339330648853, 60.575982380107241 ], [ 30.253223231776509, 60.576003033894018 ], [ 30.253115672997396, 60.576017371852998 ], [ 30.253020123978342, 60.576033028896838 ], [ 30.252888071581516, 60.576066715123254 ], [ 30.252712429227099, 60.576108700218732 ], [ 30.252629622442047, 60.576117063802158 ], [ 30.252544599459906, 60.57611823559845 ], [ 30.25245245934833, 60.576111112994688 ], [ 30.252367456195522, 60.576085987413109 ], [ 30.252240787041327, 60.576013793613733 ], [ 30.25189385392369, 60.575769202107388 ], [ 30.251830425632079, 60.575716365732532 ], [ 30.25171560417208, 60.575602408833433 ], [ 30.251311021138672, 60.575164547410736 ], [ 30.250819243582114, 60.574584240587569 ], [ 30.250677627044396, 60.574427689776051 ], [ 30.250605707573321, 60.574337561210591 ], [ 30.250565250793539, 60.574260072845576 ], [ 30.250550139456056, 60.574233516860296 ], [ 30.250528583226124, 60.574218235907743 ], [ 30.250503437879647, 60.574208680300998 ], [ 30.250429775127909, 60.574199229697278 ], [ 30.250038658165799, 60.574169089032587 ], [ 30.249880325131016, 60.574153181169898 ], [ 30.249671647583462, 60.574129111076864 ], [ 30.249551160007645, 60.574109003313716 ], [ 30.249447564931252, 60.574083688628434 ], [ 30.249324434105429, 60.574042475041921 ], [ 30.249180582577075, 60.573981137932144 ], [ 30.249116699574138, 60.573949658859448 ], [ 30.249058774123313, 60.573929430029004 ], [ 30.248941479670489, 60.573896683405259 ], [ 30.248754606480176, 60.573842838793297 ], [ 30.248606582954388, 60.573797365297949 ], [ 30.2484517920104, 60.573735969970031 ], [ 30.248235711552198, 60.573649750241017 ], [ 30.248131096704959, 60.573595887973681 ], [ 30.248059724896493, 60.573539776951428 ], [ 30.248026657355606, 60.573483508117597 ], [ 30.248031200748141, 60.573408588907704 ], [ 30.248112718788857, 60.57324916848372 ], [ 30.248157764134213, 60.573139997171708 ], [ 30.248182115165722, 60.573085196732507 ], [ 30.248168538283885, 60.573013233913834 ], [ 30.248105829385302, 60.572936166394733 ], [ 30.247937659313013, 60.572802359892378 ], [ 30.24791009720774, 60.572761377820875 ], [ 30.247871893516475, 60.572706517985907 ], [ 30.247819676192183, 60.572667111627432 ], [ 30.247610487390602, 60.572583081111802 ], [ 30.247331453695562, 60.572490425778319 ], [ 30.247184936189175, 60.572443163545792 ], [ 30.246961358080696, 60.57237521171173 ], [ 30.246696447454525, 60.572312606586756 ], [ 30.246566865357924, 60.572283383253065 ], [ 30.246451260666007, 60.572240411548243 ], [ 30.246339309449226, 60.572180406059793 ], [ 30.246255778988985, 60.572105023032762 ], [ 30.246047303475621, 60.571854413654698 ], [ 30.246026503719325, 60.571796144624045 ], [ 30.245998884737183, 60.571741160492593 ], [ 30.245953386288033, 60.571694877864239 ], [ 30.245883585824046, 60.571667494630525 ], [ 30.245778867041114, 60.571652402887736 ], [ 30.245564303767143, 60.571639873322532 ], [ 30.245311612634826, 60.571644644017894 ], [ 30.245140481329379, 60.571639253747847 ], [ 30.244943305883375, 60.57161550612647 ], [ 30.244756359586322, 60.571582657475481 ], [ 30.244261700273768, 60.571468483612591 ], [ 30.243890593169024, 60.571392297834599 ], [ 30.243707799820601, 60.571344750283579 ], [ 30.243510404958247, 60.571281059620055 ], [ 30.243266383620874, 60.571164527216816 ], [ 30.242981229571839, 60.571019235489139 ], [ 30.242868518474303, 60.570944413898218 ], [ 30.242836148760343, 60.57091516284472 ], [ 30.242812390682762, 60.570875725603457 ], [ 30.2427856763661, 60.570729557252207 ], [ 30.242798684979999, 60.570443047076182 ], [ 30.242823927804913, 60.570230916533184 ], [ 30.242824355540492, 60.570136230136249 ], [ 30.242800447206413, 60.570061968203653 ], [ 30.242758628127792, 60.569997843220733 ], [ 30.242676282166283, 60.569918963812547 ], [ 30.242578735589881, 60.569834708484777 ], [ 30.242348408769651, 60.569676332514057 ], [ 30.24214218197698, 60.56954177842514 ], [ 30.241863496378549, 60.569318433971581 ], [ 30.24179256166029, 60.569284939392297 ], [ 30.241691083860104, 60.569263848181251 ], [ 30.24155676912773, 60.569251647766258 ], [ 30.241373388829107, 60.569256598942054 ], [ 30.241153087099917, 60.569273739808189 ], [ 30.241009999124763, 60.569287430716543 ], [ 30.240901183972202, 60.569284968450155 ], [ 30.240771298689907, 60.569270367440751 ], [ 30.240678324660276, 60.569252372176884 ], [ 30.240453081507439, 60.569170488845721 ], [ 30.239753803600593, 60.568909632972797 ], [ 30.238500609437317, 60.568346859681128 ], [ 30.238433844408029, 60.568314731784398 ], [ 30.238364893857263, 60.568265898274738 ], [ 30.238048152957575, 60.567942179349956 ], [ 30.237630586218859, 60.567485537327812 ], [ 30.237259164338031, 60.567070336451721 ], [ 30.236775169352072, 60.566542702082629 ], [ 30.236280277747028, 60.565988979452371 ], [ 30.235851035885602, 60.5654687244716 ], [ 30.235782370651826, 60.565415672734197 ], [ 30.23566468397642, 60.565344857134193 ], [ 30.235354687134535, 60.565122857044656 ], [ 30.235023766023481, 60.564907296161088 ], [ 30.234886264095255, 60.564842207717902 ], [ 30.234689621898781, 60.564771776354362 ], [ 30.234515955616878, 60.564717802693188 ], [ 30.234347330966525, 60.564674985114166 ], [ 30.234150903954493, 60.564636146962108 ], [ 30.233962558714396, 60.564594659262291 ], [ 30.233777165797541, 60.564526889654509 ], [ 30.233615823307776, 60.564451709548614 ], [ 30.233523422992651, 60.564375642467233 ], [ 30.23347578259915, 60.564295597027083 ], [ 30.233476807148573, 60.564257547479947 ], [ 30.233506352673881, 60.564232485500504 ], [ 30.233568024056968, 60.564214057977473 ], [ 30.233728859800571, 60.56420495787561 ], [ 30.234354200377311, 60.564182819492913 ], [ 30.234497510004573, 60.564182958836113 ], [ 30.234629191305967, 60.564189497935246 ], [ 30.234664173040422, 60.564190672527232 ], [ 30.234703708691757, 60.564183793772656 ], [ 30.234748024275856, 60.564158631098692 ], [ 30.234776255209265, 60.564110495424956 ], [ 30.234809180897841, 60.564031420284088 ], [ 30.23493199805209, 60.563770628842242 ], [ 30.235023009947604, 60.563645462528662 ], [ 30.235278316551639, 60.563403868778636 ], [ 30.235394926191276, 60.563300110490871 ], [ 30.235450411937631, 60.563247902097174 ], [ 30.23550553463604, 60.563170830309815 ], [ 30.235560216919797, 60.56307239506075 ], [ 30.235666472165132, 60.562925499985639 ], [ 30.235812563912429, 60.56270010489893 ], [ 30.235858342418453, 60.562649818995183 ], [ 30.235910922092614, 60.562630085265724 ], [ 30.235991265148545, 60.562616333817076 ], [ 30.236300990346049, 60.562593396696286 ], [ 30.23648079606572, 60.562575239907311 ], [ 30.236653498151146, 60.562565032913135 ], [ 30.236826257461942, 60.562552223180617 ], [ 30.236911323950213, 60.562539214416468 ], [ 30.237006675838774, 60.562514502923442 ], [ 30.237309862730385, 60.562407520286712 ], [ 30.237992776740676, 60.562153392832329 ], [ 30.238147620868538, 60.562101174345905 ], [ 30.238237946288752, 60.562064498121799 ], [ 30.238317721462355, 60.562001827177021 ], [ 30.23855422369374, 60.561701608473882 ], [ 30.238752361565428, 60.561537519058618 ], [ 30.238906313843021, 60.561451009522692 ], [ 30.238994599838556, 60.561399153774765 ], [ 30.239078200082805, 60.561336502739721 ], [ 30.239188207656277, 60.561200395167369 ], [ 30.239492121764556, 60.560585861433331 ], [ 30.239699136608163, 60.560265917842223 ], [ 30.239752384967908, 60.560198796879511 ], [ 30.239851026634039, 60.560131737716802 ], [ 30.239972412935224, 60.560083288382138 ], [ 30.240059865224953, 60.560044262108313 ], [ 30.240256694799864, 60.559914089958681 ], [ 30.241032886568536, 60.559484527925981 ], [ 30.241112626377863, 60.559422932172922 ], [ 30.241196254050895, 60.559333623496791 ], [ 30.241264698849019, 60.559205012394877 ], [ 30.241283952137209, 60.559124965609868 ], [ 30.241264755648942, 60.559085821445429 ], [ 30.24121187165353, 60.559061576944302 ], [ 30.241132305441891, 60.5590486791437 ], [ 30.240829539986372, 60.559013594450811 ], [ 30.240679316911443, 60.558980575705398 ], [ 30.240610148182682, 60.558950769589153 ], [ 30.240571520745466, 60.558916548266623 ], [ 30.240519630879444, 60.558788734429555 ], [ 30.240519873288974, 60.558661197470052 ], [ 30.240554837296578, 60.558554757245602 ], [ 30.240610976448558, 60.558480291591501 ], [ 30.24073277313861, 60.55833787293102 ], [ 30.240892769746647, 60.55817420611443 ], [ 30.240999159567941, 60.558052617747883 ], [ 30.241077191798635, 60.557935635680622 ], [ 30.241250755808682, 60.557601690260725 ], [ 30.241298702369424, 60.557543246540867 ], [ 30.241423507174677, 60.557438000736866 ], [ 30.241560070151312, 60.557345203020525 ], [ 30.241644940951424, 60.557273761394399 ], [ 30.241796092129643, 60.557180681790932 ], [ 30.242211549781285, 60.55691317771452 ], [ 30.242303459817546, 60.556844824558532 ], [ 30.242316436629732, 60.556818236828285 ], [ 30.242308391705091, 60.556794320048716 ], [ 30.242288707516, 60.556744133879612 ], [ 30.242274309022736, 60.556702322692715 ], [ 30.242273923632514, 60.556661573029075 ], [ 30.242290454128653, 60.556605834576537 ], [ 30.242346821107024, 60.556528946088569 ], [ 30.2423631079822, 60.556501029602373 ], [ 30.24236064878184, 60.556471757268064 ], [ 30.242347589065183, 60.556418734120669 ], [ 30.242353494781028, 60.55637370966663 ], [ 30.242375028189837, 60.556339269043335 ], [ 30.242410211789888, 60.556314145233173 ], [ 30.242542371170249, 60.556230657454101 ], [ 30.24283507415679, 60.556116067724517 ], [ 30.242884034821195, 60.556094427323906 ], [ 30.242916419099572, 60.556063903414184 ], [ 30.242938304334274, 60.555988268178787 ], [ 30.243151375203261, 60.555396311549323 ], [ 30.243270266071573, 60.555102014017727 ], [ 30.243421090360766, 60.554772612581829 ], [ 30.2435086613701, 60.554551835931719 ], [ 30.24356443577604, 60.554384832297806 ], [ 30.243570618983632, 60.55422672111446 ], [ 30.24349925041518, 60.553980601302676 ], [ 30.243469837731805, 60.553816557662223 ], [ 30.24340711292518, 60.553458382629337 ], [ 30.243375420039492, 60.553290288026282 ], [ 30.243375839720365, 60.553195870610843 ], [ 30.243428631373575, 60.553006772108454 ], [ 30.243591536560505, 60.552657778528783 ], [ 30.243719178697976, 60.552437931647624 ], [ 30.24388089548194, 60.552243485253271 ], [ 30.244027480871615, 60.552116003812017 ], [ 30.244195912097613, 60.552023102624347 ], [ 30.244607472791095, 60.551871979617275 ], [ 30.246119929769304, 60.551433799408159 ], [ 30.247351321480263, 60.551104070599578 ], [ 30.247571287298019, 60.551037733792327 ], [ 30.24774521259355, 60.550968102962834 ], [ 30.248064556353921, 60.550832191156523 ], [ 30.248235784849278, 60.550760750470481 ], [ 30.248371566668673, 60.550710215189568 ], [ 30.248506875221175, 60.550656266691391 ], [ 30.248599827241691, 60.550605685717805 ], [ 30.248759563402494, 60.550484102122667 ], [ 30.248947483018263, 60.550348664893136 ], [ 30.249181077824542, 60.550199555452132 ], [ 30.24924917823007, 60.55014345847264 ], [ 30.249266856340196, 60.550092930823809 ], [ 30.249255373532041, 60.550042429676147 ], [ 30.249201694262002, 60.549945843592688 ], [ 30.249071429805667, 60.549657413492277 ], [ 30.249025967799763, 60.549602246356798 ], [ 30.248960413328252, 60.549523907345318 ], [ 30.248934554254536, 60.549480869909154 ], [ 30.248927061039375, 60.549448160664035 ], [ 30.248937855253143, 60.549353618190516 ], [ 30.248950331641044, 60.549316077384489 ], [ 30.248950439177349, 60.549294268090854 ], [ 30.248933568544683, 60.549273805713128 ], [ 30.248906497489568, 60.549244673544969 ], [ 30.24890170824904, 60.549221761514772 ], [ 30.248909416878679, 60.549202415441165 ], [ 30.248961177993422, 60.549177017939364 ], [ 30.24912861468875, 60.549128712371704 ], [ 30.249279047058081, 60.549099793670855 ], [ 30.249385009794498, 60.549087784247092 ], [ 30.249589351043319, 60.549077367752894 ], [ 30.250301902121635, 60.549070422286682 ], [ 30.251150411549045, 60.549021103344103 ], [ 30.252531618030687, 60.548988922487005 ], [ 30.253963051406323, 60.548968477455354 ], [ 30.255491525025345, 60.548943944395972 ], [ 30.255547782583204, 60.548946570506189 ], [ 30.255586396461933, 60.54895610554366 ], [ 30.256025772431133, 60.549144087204397 ], [ 30.256125305527998, 60.549202404940509 ], [ 30.256269237091541, 60.549306547470103 ], [ 30.256394573741922, 60.549385462587935 ], [ 30.256493943619262, 60.549434444942314 ], [ 30.256621925555482, 60.549483486020627 ], [ 30.256747299546067, 60.54951815304949 ], [ 30.256923306490375, 60.549554339265647 ], [ 30.257513479649923, 60.549628664116206 ], [ 30.257986071294557, 60.549687478242639 ], [ 30.258479955319423, 60.549764889936881 ], [ 30.259277253576521, 60.549886681261881 ], [ 30.259432532684585, 60.549912255919715 ], [ 30.259507881534116, 60.549934186081103 ], [ 30.259571487852028, 60.54996835157219 ], [ 30.259743515339146, 60.55008035424499 ], [ 30.260452731949705, 60.55054767864447 ], [ 30.260664289203156, 60.550678014166046 ], [ 30.260761258432542, 60.550728955461615 ], [ 30.260851358628425, 60.550760115720578 ], [ 30.260961065141974, 60.550786350939902 ], [ 30.261070960687015, 60.550820844260926 ], [ 30.261167269833503, 60.550860024292597 ], [ 30.261214140690086, 60.550892846134794 ], [ 30.261393734893048, 60.551189506251148 ], [ 30.26174083333084, 60.551760415049827 ], [ 30.261811480194151, 60.551900972251744 ], [ 30.261848454104005, 60.551945051657306 ], [ 30.261936797173369, 60.552016231652956 ], [ 30.262447464057612, 60.552344034208168 ], [ 30.262600618264088, 60.552418868213472 ], [ 30.262902068252991, 60.552548495925571 ], [ 30.2632106743953, 60.552667389466613 ], [ 30.263419570495682, 60.552752471646237 ], [ 30.263499506527587, 60.552799194733808 ], [ 30.263696711455196, 60.552997394042499 ], [ 30.263856273509447, 60.553234621426853 ], [ 30.264053848279985, 60.553484429650787 ], [ 30.26435375341639, 60.55383411870001 ], [ 30.26450972742688, 60.554017385699638 ], [ 30.264551681166559, 60.554084825474128 ], [ 30.264561841253698, 60.554138728986302 ], [ 30.264551073840614, 60.554234080407475 ], [ 30.264498727226066, 60.554339001433803 ], [ 30.264509603469527, 60.554359072012929 ], [ 30.264539037658579, 60.554372147401878 ], [ 30.264592822104191, 60.554380142110389 ], [ 30.264638574086348, 60.55438010762758 ], [ 30.264692119462705, 60.554373561199753 ], [ 30.264726556418811, 60.554365570429638 ], [ 30.264761621780703, 60.55435372352656 ], [ 30.264799392472916, 60.554343236777179 ], [ 30.264833926182742, 60.554339285328496 ], [ 30.264895900780495, 60.554339244223605 ], [ 30.264965839584598, 60.554341846753388 ], [ 30.265021896578151, 60.554345814092031 ], [ 30.265080968422087, 60.554353745967369 ], [ 30.265118349929907, 60.554361656349229 ], [ 30.265180311354765, 60.554370859529193 ], [ 30.265233843406865, 60.554373557300799 ], [ 30.265289983978224, 60.55437357585501 ], [ 30.265351567567791, 60.554374789065918 ], [ 30.265389495934915, 60.554382702174742 ], [ 30.265410998496684, 60.554391608110613 ], [ 30.265436126270394, 60.554341116618133 ], [ 30.265461010432993, 60.554259031071588 ], [ 30.265473115165271, 60.554143402426142 ], [ 30.265469351583192, 60.554097250467272 ], [ 30.265459189998179, 60.55404334702132 ], [ 30.265422995951486, 60.553953409236826 ], [ 30.265350212612812, 60.553843987148127 ], [ 30.265193348079027, 60.553659549792997 ], [ 30.264898415071951, 60.553315722048701 ], [ 30.264713969894952, 60.553082586628449 ], [ 30.26456182496382, 60.552856348128323 ], [ 30.264515082957871, 60.552799923297442 ], [ 30.26429338722204, 60.552578892135159 ], [ 30.264196420587442, 60.552510092759604 ], [ 30.26411648425815, 60.552463370086485 ], [ 30.26400030634942, 60.552406678220613 ], [ 30.263772252752851, 60.552313959317893 ], [ 30.263482991992362, 60.552202526193426 ], [ 30.26322181960677, 60.552090249595359 ], [ 30.263133065734245, 60.55204689156951 ], [ 30.262674414784428, 60.551749964872855 ], [ 30.262613862083523, 60.551631718668176 ], [ 30.262266926131147, 60.551061082269506 ], [ 30.262087320817084, 60.550764602794338 ], [ 30.262007990034203, 60.550672557001064 ], [ 30.261912714091785, 60.550601879821471 ], [ 30.261747634947501, 60.550514059179037 ], [ 30.261651326121903, 60.550474879564248 ], [ 30.261560705947932, 60.550442460629888 ], [ 30.261450811159428, 60.550407967710996 ], [ 30.261346616416844, 60.550379697005582 ], [ 30.261173736437947, 60.550273166924732 ], [ 30.26047026651116, 60.549809645619277 ], [ 30.26024316176207, 60.549665138329118 ], [ 30.260179555326797, 60.54963097315602 ], [ 30.259896208652048, 60.549525935061084 ], [ 30.259721539140205, 60.5494867081038 ], [ 30.259547191001829, 60.549458073360711 ], [ 30.258753172773755, 60.549336749344405 ], [ 30.258209324001083, 60.549252438149871 ], [ 30.257738011954167, 60.54919372117368 ], [ 30.257213278722347, 60.549127634978639 ], [ 30.257078180718988, 60.549087532783773 ], [ 30.257005532924332, 60.549041741106805 ], [ 30.256878650384664, 60.548949894185803 ], [ 30.256822746531835, 60.548913703063448 ], [ 30.256723213059455, 60.548855385843815 ], [ 30.256623320983486, 60.548805323910301 ], [ 30.25618394611433, 60.548617344207074 ], [ 30.256050284732574, 60.548569888720934 ], [ 30.255956224353824, 60.548545436028817 ], [ 30.25557746255117, 60.548497244591317 ], [ 30.255461776168733, 60.548495476219344 ], [ 30.253934965619006, 60.54851992778066 ], [ 30.252488602044661, 60.548540653474745 ], [ 30.251043572705022, 60.548575461640517 ], [ 30.250239415128764, 60.548622229936747 ], [ 30.249495488810805, 60.54863098502247 ], [ 30.249291150348746, 60.548641401378525 ], [ 30.249180695589239, 60.548650515070889 ], [ 30.249074734209213, 60.548662524335633 ], [ 30.248947657789245, 60.548681782383753 ], [ 30.248797227069929, 60.548710700716029 ], [ 30.248668077402815, 60.548741525688001 ], [ 30.24850064202959, 60.548789830683504 ], [ 30.248266228026722, 60.548884544612626 ], [ 30.248125238304254, 60.548973915242662 ], [ 30.248007652864899, 60.549135390265448 ], [ 30.247990575940392, 60.549216975289781 ], [ 30.248000096875483, 60.549290622396299 ], [ 30.24802693122485, 60.54933905029646 ], [ 30.248015922359912, 60.549443374601402 ], [ 30.248029147082569, 60.54953113231474 ], [ 30.248060828124753, 60.549608216730199 ], [ 30.248086686137274, 60.549651254332893 ], [ 30.248117999423592, 60.549694859115171 ], [ 30.248198466699947, 60.549791406915091 ], [ 30.248303852739792, 60.550024868400477 ], [ 30.248195158936923, 60.550095471008575 ], [ 30.247994457465243, 60.550240353771002 ], [ 30.247810044931402, 60.550356780583442 ], [ 30.247646685502776, 60.550418389331618 ], [ 30.247468652596783, 60.550492665551893 ], [ 30.247159794430615, 60.55062414349365 ], [ 30.247043599788537, 60.550670652030362 ], [ 30.246895366550678, 60.55071537625868 ], [ 30.245657928284963, 60.551047043515105 ], [ 30.244145483185484, 60.551485218539682 ], [ 30.2440626948278, 60.551512245249938 ], [ 30.243651136186223, 60.551663366590461 ], [ 30.243516211352127, 60.551724223181068 ], [ 30.243347779742884, 60.551817123515377 ], [ 30.243234538667814, 60.551894878271931 ], [ 30.243087951170725, 60.552022358843871 ], [ 30.24303762531359, 60.552073430911484 ], [ 30.242875904331662, 60.552267876282983 ], [ 30.242842988880955, 60.552314552828378 ], [ 30.24270336009225, 60.552557222312359 ], [ 30.242525914748313, 60.552945628937195 ], [ 30.242473117930771, 60.553134727075921 ], [ 30.24246451242789, 60.553194905427475 ], [ 30.242468083445207, 60.553331796928752 ], [ 30.242499440489457, 60.553498364191157 ], [ 30.242561984842453, 60.553856000213088 ], [ 30.242597066166773, 60.554044038010034 ], [ 30.242658092582115, 60.554254292308855 ], [ 30.242654496032692, 60.554343846255755 ], [ 30.242611586882319, 60.554472413843236 ], [ 30.242529215202673, 60.554680203357115 ], [ 30.242376453806166, 60.555014440193986 ], [ 30.24225407244062, 60.555317962973483 ], [ 30.242064473816374, 60.555844433577477 ], [ 30.241975118704076, 60.555879412189725 ], [ 30.24182363171543, 60.555954808970014 ], [ 30.241659839130616, 60.556059399633376 ], [ 30.241590723566194, 60.556110730521425 ], [ 30.24148249778737, 60.556241643882743 ], [ 30.241443966707163, 60.556344744602491 ], [ 30.241438059732982, 60.556389769014416 ], [ 30.241433202419163, 60.556453467510259 ], [ 30.241388631313711, 60.556541008992205 ], [ 30.241372099300442, 60.556596747331142 ], [ 30.24136261441987, 60.556663652362282 ], [ 30.241365590905488, 60.556719224938078 ], [ 30.241078080866075, 60.55690420498204 ], [ 30.240933026370286, 60.556993546539651 ], [ 30.240858206177762, 60.557047180334855 ], [ 30.240795805683089, 60.557099713248576 ], [ 30.240636397571844, 60.557211775407275 ], [ 30.240511591091089, 60.55731702047683 ], [ 30.240453624387921, 60.557375141436417 ], [ 30.240405676555518, 60.557433584852355 ], [ 30.240367788948781, 60.557490466152878 ], [ 30.240201828092456, 60.557809821210348 ], [ 30.240146033354534, 60.557893533034452 ], [ 30.240063203789408, 60.557988050954812 ], [ 30.239892730746853, 60.558163777685479 ], [ 30.239756500006685, 60.558324159096017 ], [ 30.239700359165912, 60.55839862438998 ], [ 30.239655118494998, 60.558483110150554 ], [ 30.239620151611426, 60.558589550135856 ], [ 30.239608380639737, 60.558660750998847 ], [ 30.239608134641223, 60.55878828795062 ], [ 30.239625883446624, 60.558876698768941 ], [ 30.239677769921919, 60.559004512945613 ], [ 30.239815950962441, 60.559170930711069 ], [ 30.240009896747864, 60.559288460382106 ], [ 30.24009986683177, 60.559325737056682 ], [ 30.239525505037797, 60.559646151306616 ], [ 30.239378822020697, 60.559742483230877 ], [ 30.23927693174511, 60.559783137540954 ], [ 30.239112804042183, 60.559868516313088 ], [ 30.238968005690197, 60.559970242968518 ], [ 30.238903311429222, 60.560035507647157 ], [ 30.23883068870445, 60.560129720129858 ], [ 30.238606415294452, 60.560479727327142 ], [ 30.238317741538545, 60.561063734722133 ], [ 30.238214097315183, 60.561159038132793 ], [ 30.238066790046012, 60.561241812687719 ], [ 30.23796888429009, 60.561308246203268 ], [ 30.237769816598615, 60.561473047533987 ], [ 30.237704364028929, 60.561539384623714 ], [ 30.237524871195873, 60.561767296187206 ], [ 30.237443121078226, 60.561795401436491 ], [ 30.236769402359776, 60.562046074832047 ], [ 30.236531298344818, 60.56212028519564 ], [ 30.236297590170505, 60.56213564101094 ], [ 30.236141541037526, 60.562151411427358 ], [ 30.235855742681267, 60.562172591274503 ], [ 30.235611603390041, 60.562206199631774 ], [ 30.235463745305942, 60.562239066029981 ], [ 30.23530575947796, 60.562292969912647 ], [ 30.235073931542043, 60.56242124225713 ], [ 30.235026444094917, 60.562466313107826 ], [ 30.234980664560602, 60.562516598726233 ], [ 30.234944071294446, 60.562563702411147 ], [ 30.234802688314762, 60.56278203133725 ], [ 30.234680923567772, 60.562954063138122 ], [ 30.234634787544771, 60.563036926874069 ], [ 30.234592099807713, 60.563087498173743 ], [ 30.234469531644965, 60.563196788509238 ], [ 30.234214220661553, 60.563438380714132 ], [ 30.234164669324151, 60.563494210498696 ], [ 30.234073654544407, 60.563619376225631 ], [ 30.234043924847672, 60.563669298773689 ], [ 30.234008150215338, 60.563745217130858 ], [ 30.233624768428346, 60.563759137791237 ], [ 30.233463934871448, 60.563768237772173 ], [ 30.233120853877526, 60.563823031005946 ], [ 30.23303331058321, 60.563848858683187 ], [ 30.232688287950502, 60.56403234543329 ], [ 30.232564229260966, 60.564290704888677 ], [ 30.232600890939512, 60.564421760860206 ], [ 30.232648529351607, 60.564501806607318 ], [ 30.232741034821739, 60.564605967383287 ], [ 30.232833433948617, 60.564682035000914 ], [ 30.232989037442966, 60.564777559057845 ], [ 30.23315038009039, 60.564852739917065 ], [ 30.233233675628451, 60.564887113263353 ], [ 30.23341906945959, 60.564954883622953 ], [ 30.233498176717951, 60.564980797606786 ], [ 30.233590284059709, 60.565004268187849 ], [ 30.233811118640926, 60.565052572256846 ], [ 30.233967609140539, 60.565083478149056 ], [ 30.234062800597464, 60.565107682950995 ], [ 30.234177614527709, 60.56514330163165 ], [ 30.234339964829871, 60.565206100596697 ], [ 30.234614979126192, 60.565385373088979 ], [ 30.23495914003626, 60.565629008580352 ], [ 30.235039036803766, 60.56567709471318 ], [ 30.235445721711184, 60.566169677689885 ], [ 30.235944343466862, 60.566727372479576 ], [ 30.236426545905449, 60.567253115508095 ], [ 30.236799205819917, 60.567669671612521 ], [ 30.237226742556384, 60.568136870470113 ], [ 30.237543477120703, 60.568460591321362 ], [ 30.237616161663826, 60.568522010496217 ], [ 30.237685111625296, 60.568570844389285 ], [ 30.237796382647161, 60.568635610510633 ], [ 30.237886073286763, 60.568678361943029 ], [ 30.239203069445541, 60.569267239322222 ], [ 30.239911394766402, 60.56953146697095 ], [ 30.240136639047854, 60.569613351212503 ], [ 30.240213955401252, 60.569638533608753 ], [ 30.24034456600274, 60.569670012442614 ], [ 30.240437541042972, 60.569688007939234 ], [ 30.240568225456514, 60.569707819143964 ], [ 30.240698112399436, 60.569722420352555 ], [ 30.240859266400424, 60.569733238287611 ], [ 30.241000169284696, 60.569736140116333 ], [ 30.241183987794329, 60.569727960684581 ], [ 30.241291626748119, 60.56971758189632 ], [ 30.241414295094092, 60.569812023668995 ], [ 30.241613689755201, 60.569942055042375 ], [ 30.241809878167963, 60.570077005491989 ], [ 30.241912497420934, 60.570171071265861 ], [ 30.24191221559138, 60.570217292203743 ], [ 30.241887070606776, 60.570433013206674 ], [ 30.241873940038428, 60.570724728309848 ], [ 30.241877514931968, 60.570769713151968 ], [ 30.241904225178946, 60.570915881676996 ], [ 30.241961996383942, 60.571042738547327 ], [ 30.242074041738459, 60.571164587575247 ], [ 30.24213611203696, 60.571211677364388 ], [ 30.242248822363656, 60.571286499568622 ], [ 30.24232535772688, 60.571330973319107 ], [ 30.242631440708003, 60.571486608999933 ], [ 30.242875462171408, 60.571603142556967 ], [ 30.24301053234646, 60.571656362387372 ], [ 30.24328168753058, 60.571741445962466 ], [ 30.243539604514787, 60.57180644423515 ], [ 30.243892378074477, 60.57187885424225 ], [ 30.244449694400306, 60.572005297365727 ], [ 30.24463664282089, 60.572038146447127 ], [ 30.244726630687605, 60.572051366282594 ], [ 30.244923808624936, 60.572075114226244 ], [ 30.2450822150407, 60.57208707929896 ], [ 30.245260093885978, 60.57209259497602 ], [ 30.245411870305169, 60.572275053930106 ], [ 30.24545521177382, 60.572319889329542 ], [ 30.245544825784819, 60.572400600314417 ], [ 30.245667576527513, 60.57248390922296 ], [ 30.245779527540943, 60.572543915270955 ], [ 30.245901627769172, 60.572598499819144 ], [ 30.246017233003673, 60.572641471997933 ], [ 30.246102522470732, 60.572669565012099 ], [ 30.246187038875366, 60.572691281491714 ], [ 30.246309180679507, 60.572718850463801 ], [ 30.246523288922184, 60.572769431347659 ], [ 30.246695412303826, 60.57282176545263 ], [ 30.246826535548852, 60.572864100584177 ], [ 30.247075678494195, 60.572947534745524 ], [ 30.247162160255453, 60.573038370139102 ], [ 30.247242838708821, 60.573102518548041 ], [ 30.247223210770724, 60.57314971472595 ], [ 30.24714683069649, 60.573299109404445 ], [ 30.247119757438224, 60.573395181352382 ], [ 30.247114842438265, 60.573478714795272 ], [ 30.247150696464281, 60.57360814655793 ], [ 30.247183762606859, 60.573664415605073 ], [ 30.247286717300874, 60.573777865343651 ], [ 30.247358088288642, 60.57383397677529 ], [ 30.247471976344972, 60.573905928592744 ], [ 30.247576591090354, 60.573959791373255 ], [ 30.247661477063986, 60.573998292502374 ], [ 30.247879546811323, 60.574085331374796 ], [ 30.248034338331411, 60.574146727363129 ], [ 30.248123759822697, 60.574177982094007 ], [ 30.24829389307898, 60.574230034383483 ], [ 30.248491461264027, 60.574286987353418 ], [ 30.248583393936119, 60.57432022950448 ], [ 30.24872724583091, 60.574381567254456 ], [ 30.248811546772025, 60.57441351266327 ], [ 30.248934678349691, 60.574454726721214 ], [ 30.249041983416458, 60.574485625895932 ], [ 30.249145579457686, 60.574510940895621 ], [ 30.24925834464177, 60.574533970342841 ], [ 30.249463568921136, 60.574566010909621 ], [ 30.249697906873305, 60.574592818614143 ], [ 30.249844537310945, 60.574610191152821 ], [ 30.249981696188918, 60.574761872885645 ], [ 30.250480946461121, 60.575350299630685 ], [ 30.250898543152637, 60.575801694489748 ], [ 30.25104520320474, 60.575944629067678 ], [ 30.251146134986808, 60.576026023631492 ], [ 30.25149306518021, 60.576270617064139 ], [ 30.251550465251128, 60.576306997447233 ], [ 30.251677134004044, 60.576379191896905 ], [ 30.251897871411046, 60.576470635881464 ], [ 30.251988131316164, 60.576497315002634 ], [ 30.252310844472134, 60.576554377360715 ], [ 30.252402985813035, 60.576561500063654 ], [ 30.252534926785405, 60.576566945645666 ], [ 30.252655158131674, 60.57656559858318 ], [ 30.252895753586987, 60.576548275234195 ], [ 30.253110848964479, 60.576512329537316 ], [ 30.253307765030055, 60.576465069704376 ], [ 30.253451726245117, 60.576437458527714 ], [ 30.253613939521145, 60.576417750748448 ], [ 30.253997632135565, 60.576370475861239 ], [ 30.254257431209009, 60.576333684133736 ], [ 30.254401754883165, 60.57631460027396 ], [ 30.254492365445412, 60.576308071251951 ], [ 30.254655928474907, 60.576293395354433 ], [ 30.254803164016497, 60.576274595471013 ], [ 30.254984343826798, 60.576246458257891 ], [ 30.255095832731474, 60.576227472125609 ], [ 30.255358226377435, 60.576197153908772 ], [ 30.255493478715461, 60.576192741059216 ], [ 30.255612313096211, 60.576188422263201 ], [ 30.255830326710186, 60.57618623415285 ], [ 30.255953412477972, 60.576196297470915 ], [ 30.256747568282613, 60.576520206473269 ], [ 30.256846445996924, 60.576562005353516 ], [ 30.257016682523634, 60.576618983326938 ], [ 30.257104614367442, 60.576652378307593 ], [ 30.257189000435829, 60.576689524432602 ], [ 30.257332718092396, 60.576741338391066 ], [ 30.257467338446713, 60.576775064884096 ], [ 30.257630479829686, 60.576805707944814 ], [ 30.257753445635412, 60.576821513103759 ], [ 30.257870863299523, 60.576832353050236 ], [ 30.257975422114264, 60.576838907955747 ], [ 30.258659399079242, 60.576883105982404 ], [ 30.259309902922755, 60.577247901250232 ], [ 30.259981348605365, 60.57762357165997 ], [ 30.260045387805853, 60.577657110562868 ], [ 30.260241300028763, 60.57773378288293 ], [ 30.260397025221085, 60.57777039764148 ], [ 30.260703648626674, 60.577804828844869 ], [ 30.260834578256365, 60.577806670914221 ], [ 30.260988424883273, 60.57780306639394 ], [ 30.261154377861985, 60.577796293031 ], [ 30.261793443132234, 60.578032133175618 ], [ 30.262154320487486, 60.578166016380074 ], [ 30.262585169315106, 60.578561077806526 ], [ 30.262962174788434, 60.578897970957748 ], [ 30.263347219744901, 60.579260393867635 ], [ 30.263405549987599, 60.579305390045995 ], [ 30.263465246679324, 60.579346174875873 ], [ 30.263576220587325, 60.579411904862368 ], [ 30.263814485007714, 60.579539589000376 ], [ 30.263831505213151, 60.579631582392842 ], [ 30.263880841486355, 60.579748064480881 ], [ 30.264008491368411, 60.579887745566211 ], [ 30.264280335553597, 60.580032205323668 ], [ 30.264383421533577, 60.580065762950085 ], [ 30.264615362385637, 60.58011344420138 ], [ 30.26472161843153, 60.58012655438101 ], [ 30.264810333562568, 60.58014962675815 ], [ 30.265000414517626, 60.580192784613587 ], [ 30.265769793134986, 60.580360164309496 ], [ 30.265914663083841, 60.58038477997534 ], [ 30.266019098423978, 60.580397790046298 ], [ 30.266233520809514, 60.580411452583206 ], [ 30.266399818679652, 60.58040620021545 ], [ 30.26655498764849, 60.580392364295044 ], [ 30.266697714772491, 60.580371643434255 ], [ 30.266996737742488, 60.580318243848986 ], [ 30.26728548781184, 60.580371236882272 ], [ 30.268084782525772, 60.58048750768728 ], [ 30.268476270703133, 60.58053904779181 ], [ 30.268630499996195, 60.580552489247076 ], [ 30.268824447085386, 60.580559670840017 ], [ 30.269025849944647, 60.58055064505119 ], [ 30.269162441671376, 60.580535365164003 ], [ 30.269254312312547, 60.580521383122132 ], [ 30.269432604648387, 60.580483608144981 ], [ 30.269543365902688, 60.580447463638151 ], [ 30.269661427472691, 60.580402470768782 ], [ 30.269860645217047, 60.580297757093298 ], [ 30.27000633179928, 60.580301011523488 ], [ 30.270185699247541, 60.580298782763826 ], [ 30.270314618554313, 60.580292617366702 ], [ 30.270676815682108, 60.580236210042408 ], [ 30.270829497316498, 60.580193007661791 ], [ 30.270942051779461, 60.580158217394931 ], [ 30.271145787580043, 60.580072641927387 ], [ 30.271354986224935, 60.580161392032494 ], [ 30.271664086421183, 60.580218517764841 ], [ 30.271857366485769, 60.580231345944512 ], [ 30.272043429647685, 60.580231661723339 ], [ 30.272192698395354, 60.580238073258947 ], [ 30.272409619631727, 60.580254431114668 ], [ 30.27247779512977, 60.580291664784355 ], [ 30.272567659662357, 60.580321110201517 ], [ 30.272766146324194, 60.580364120080439 ], [ 30.272854546089732, 60.58037641527558 ], [ 30.27299659768352, 60.580422639164127 ], [ 30.273085691878546, 60.580445348938248 ], [ 30.273245907186439, 60.580486638458119 ], [ 30.273391901378744, 60.580536292457936 ], [ 30.273517624048417, 60.580569598599162 ], [ 30.273706974533823, 60.580613458340785 ], [ 30.273905880899715, 60.580671457195685 ], [ 30.273970049428776, 60.580734697854993 ], [ 30.274021740016462, 60.580775257903198 ], [ 30.274324154137712, 60.581109317781248 ], [ 30.274510047617003, 60.581318930515145 ], [ 30.274555101900997, 60.581362867374033 ], [ 30.274732531465631, 60.581514906084692 ], [ 30.274788385951325, 60.581557102396289 ], [ 30.274864669329148, 60.58160819756683 ], [ 30.275011141593485, 60.581705241138714 ], [ 30.275077502160858, 60.581777287991507 ], [ 30.275134241518447, 60.581820834899858 ], [ 30.275522450491504, 60.582083433959859 ], [ 30.275938192742206, 60.582373275776895 ], [ 30.276044010854697, 60.582460509687351 ], [ 30.27610473136906, 60.582514487455654 ], [ 30.276191145679729, 60.582578646941549 ], [ 30.276300390333478, 60.582641575182002 ], [ 30.276458501644477, 60.582714532562477 ], [ 30.276634415760501, 60.582791169524036 ], [ 30.276686643205419, 60.582885133524016 ], [ 30.276707345759441, 60.582959821555967 ], [ 30.276736073571133, 60.583025844089505 ], [ 30.276770276547712, 60.58308300877016 ], [ 30.276849713260354, 60.583175763483879 ], [ 30.276912422522571, 60.583230738156878 ], [ 30.277068695433741, 60.583330880323949 ], [ 30.277172195152144, 60.583380764896475 ], [ 30.277304602946398, 60.583435461987911 ], [ 30.277404790858039, 60.583469174388924 ], [ 30.277564048419027, 60.58353118648342 ], [ 30.277622130834196, 60.583571867003428 ], [ 30.277750710454807, 60.583644045980854 ], [ 30.277899820726361, 60.583711571236513 ], [ 30.277975079832718, 60.583742196029043 ], [ 30.278103097687556, 60.583788792584549 ], [ 30.278204419340192, 60.583820715042521 ], [ 30.278469751301635, 60.583896811709863 ], [ 30.278575752884272, 60.583958195973274 ], [ 30.27856599400782, 60.584024024732543 ], [ 30.278580074592551, 60.584110346904055 ], [ 30.278719959991378, 60.584297284459581 ], [ 30.278959582274762, 60.584425666015861 ], [ 30.27901911807459, 60.584493188980112 ], [ 30.279090966064917, 60.584547669968693 ], [ 30.279179975451171, 60.5846016087932 ], [ 30.279352721331545, 60.584691060695476 ], [ 30.279529278460458, 60.584763927418997 ], [ 30.279611550083764, 60.584790906629614 ], [ 30.279834075782418, 60.58482900034025 ], [ 30.279891212613332, 60.584889151232481 ], [ 30.279987419699104, 60.585036108384919 ], [ 30.280024435506601, 60.58508116980736 ], [ 30.280075532236861, 60.58513348193766 ], [ 30.280181626985755, 60.585208328117425 ], [ 30.280512058602415, 60.585339764704734 ], [ 30.280580686257885, 60.585382561016708 ], [ 30.280670422296165, 60.585428065804415 ], [ 30.280712506182031, 60.585501603702504 ], [ 30.280766834615036, 60.585556534542093 ], [ 30.280868741964774, 60.585631089939191 ], [ 30.280987418273806, 60.585697651542112 ], [ 30.281054831009214, 60.585728684048867 ], [ 30.281213992916534, 60.58578737042108 ], [ 30.281439618241134, 60.585834811111035 ], [ 30.2816991489182, 60.585857290481599 ], [ 30.281820508343426, 60.585855922716142 ], [ 30.282084509259878, 60.585900502601966 ], [ 30.282254916717466, 60.585909521484602 ], [ 30.282404437896346, 60.585905062823258 ], [ 30.282502299535519, 60.585946029614931 ], [ 30.282708571460521, 60.586029631176835 ], [ 30.282947614360818, 60.586116716788169 ], [ 30.283141621322493, 60.586175844001886 ], [ 30.283293607907964, 60.586211156637042 ], [ 30.283447760689814, 60.586238761257057 ], [ 30.283688235742595, 60.586265360043996 ], [ 30.283756086793531, 60.586301868210462 ], [ 30.283830740353391, 60.586415596684397 ], [ 30.283895501574339, 60.586540135764196 ], [ 30.283961713057504, 60.586611997807644 ], [ 30.28404834555058, 60.586675704414347 ], [ 30.284264777165518, 60.586780266295143 ], [ 30.28436554109911, 60.586813437762451 ], [ 30.284509291920504, 60.586867914836496 ], [ 30.284564673873266, 60.586925272632314 ], [ 30.284630225033261, 60.586976129157947 ], [ 30.284728045934589, 60.587037108709396 ], [ 30.284952943290264, 60.587182728096543 ], [ 30.285025539970697, 60.587263686281297 ], [ 30.285110729675541, 60.587326756740772 ], [ 30.28532802042486, 60.587434282941956 ], [ 30.285445240447178, 60.587474805298669 ], [ 30.285554938363465, 60.587499583620556 ], [ 30.285630835391238, 60.587650923155834 ], [ 30.285672861780753, 60.587692417800355 ], [ 30.285816338477346, 60.587787190562345 ], [ 30.286093898851625, 60.587892232672935 ], [ 30.286382042134417, 60.587944014278484 ], [ 30.286582506268267, 60.587956048882141 ], [ 30.286704638146308, 60.587952975211238 ], [ 30.28683756871801, 60.587992766531322 ], [ 30.286937592441927, 60.588017854714167 ], [ 30.287057869728933, 60.588042953527818 ], [ 30.287270736708724, 60.588081974098039 ], [ 30.287389045572468, 60.588131924048902 ], [ 30.287497765549791, 60.588168991884658 ], [ 30.287593026479108, 60.588195043233185 ], [ 30.287719080770714, 60.588223221632369 ], [ 30.288014267933121, 60.588278804168574 ], [ 30.28815087736724, 60.588335126686786 ], [ 30.288332654394694, 60.588404507145917 ], [ 30.288381288867246, 60.588524566281642 ], [ 30.288423783045118, 60.588596936905716 ], [ 30.288477828681437, 60.588666582386878 ], [ 30.288565120548128, 60.588752278403007 ], [ 30.288772656798216, 60.58887384164089 ], [ 30.288919011549936, 60.58892671125426 ], [ 30.289127025475729, 60.588971448935588 ], [ 30.289254903152447, 60.588982043573694 ], [ 30.289239422211743, 60.589052063032085 ], [ 30.289269191336125, 60.589175798122987 ], [ 30.289346421547673, 60.589289715620893 ], [ 30.289426204640559, 60.589368014310416 ], [ 30.289531090705115, 60.589441231402049 ], [ 30.289654854404226, 60.589510413100129 ], [ 30.28980711021384, 60.589587274544783 ], [ 30.289913828276614, 60.589633395402906 ], [ 30.290020886618308, 60.589671799219751 ], [ 30.290108016831102, 60.589837282537225 ], [ 30.290153616697232, 60.58988292194482 ], [ 30.290280314282921, 60.589969439584188 ], [ 30.290551603807188, 60.590106213396119 ], [ 30.29060825398669, 60.590218502815617 ], [ 30.290766256115145, 60.590416556084669 ], [ 30.290764160560492, 60.590465639848247 ], [ 30.29072082369861, 60.590541625172577 ], [ 30.290657979938274, 60.590706188792765 ], [ 30.290644091342891, 60.590760868728218 ], [ 30.29062757017477, 60.590899902130111 ], [ 30.290722680049551, 60.591103927770149 ], [ 30.290765279468015, 60.591144705569519 ], [ 30.29092983200789, 60.591272335947401 ], [ 30.290828780779226, 60.591413375839451 ], [ 30.29080327345584, 60.59155460872212 ], [ 30.290809659163461, 60.591599426229919 ], [ 30.290895152675176, 60.59176508038766 ], [ 30.290956595411899, 60.591830453198568 ], [ 30.29113842716632, 60.591943179978934 ], [ 30.291318424444189, 60.592011649964384 ], [ 30.29145936428916, 60.592044565189681 ], [ 30.291528135770097, 60.592081702105567 ], [ 30.291639333053727, 60.592132420925999 ], [ 30.291711758222959, 60.59216042108585 ], [ 30.291769341097641, 60.592200374822944 ], [ 30.291855343629194, 60.592251687404612 ], [ 30.291926862197741, 60.592288388879233 ], [ 30.292093914925672, 60.592356435071672 ], [ 30.292307554258699, 60.592529629791706 ], [ 30.292298231046331, 60.592611168040911 ], [ 30.292297840149701, 60.592657298392737 ], [ 30.292307457427736, 60.592758675163303 ], [ 30.292320868745858, 60.592817079627466 ], [ 30.292346452867903, 60.592887121922885 ], [ 30.292425434367711, 60.593005623455987 ], [ 30.292500944052684, 60.59307950136624 ], [ 30.292674792102041, 60.593190571198413 ], [ 30.292770957106036, 60.593235919792107 ], [ 30.292899833148837, 60.593288070727404 ], [ 30.292968039608915, 60.593326281121918 ], [ 30.293109106103682, 60.593398237098071 ], [ 30.293334425133391, 60.593482184774935 ], [ 30.293458404841878, 60.593514924789922 ], [ 30.29370898284234, 60.593559325729878 ], [ 30.293815163475525, 60.593569899159363 ], [ 30.293987076334776, 60.593578820570762 ], [ 30.294149050866356, 60.593573871272959 ], [ 30.294337240666973, 60.593545086721001 ], [ 30.294807592358797, 60.593659223262662 ], [ 30.294930099219059, 60.593683697550851 ], [ 30.295039427115704, 60.593701106539982 ], [ 30.295223905527532, 60.593720409342502 ], [ 30.295417372087666, 60.593728447218879 ], [ 30.295622156917151, 60.593745335864995 ], [ 30.295630240098884, 60.593796803021895 ], [ 30.29574528402313, 60.593982702901037 ], [ 30.295815883877893, 60.594038155816691 ], [ 30.296172174879317, 60.594197951268377 ], [ 30.296242237351734, 60.594234912526019 ], [ 30.296341063485858, 60.594356650015015 ], [ 30.296425037532217, 60.594427694996952 ], [ 30.296453347278863, 60.594498826799295 ], [ 30.296437732140038, 60.59462126117711 ], [ 30.296469127182391, 60.594747425691295 ], [ 30.296569196135049, 60.594880028994325 ], [ 30.296734054138419, 60.594985574658629 ], [ 30.296941354671027, 60.595068081843841 ], [ 30.297179252819578, 60.595117619852466 ], [ 30.297387080815437, 60.595137931175437 ], [ 30.29765250349778, 60.595261557881095 ], [ 30.29773648611787, 60.595296252728566 ], [ 30.297943928767978, 60.595371937926203 ], [ 30.298050565897906, 60.595405486555094 ], [ 30.298157139650669, 60.595451240981582 ], [ 30.298228912581742, 60.595494133108708 ], [ 30.298291216392659, 60.595526926875152 ], [ 30.298450482940464, 60.595593401260537 ], [ 30.298710292839846, 60.595678943879122 ], [ 30.299301283671866, 60.595895071203536 ], [ 30.299345255561796, 60.595968253118791 ], [ 30.299449203108519, 60.59609934729496 ], [ 30.299525088386321, 60.596173851214871 ], [ 30.299621207298518, 60.596249620298451 ], [ 30.299750097914153, 60.596329408030748 ], [ 30.299818780316265, 60.596399119917805 ], [ 30.299931557475919, 60.596590479822524 ], [ 30.299976566192445, 60.59663036879337 ], [ 30.300159556731444, 60.596742819412299 ], [ 30.300251453069979, 60.596783654213382 ], [ 30.300361579460741, 60.596825564806082 ], [ 30.300536451837065, 60.596887983931651 ], [ 30.300636518390721, 60.597012775690445 ], [ 30.300589336486713, 60.59705374237852 ], [ 30.300483958374798, 60.597202397212413 ], [ 30.300466261865406, 60.597256521059684 ], [ 30.30045787139996, 60.597365258953289 ], [ 30.300467831799931, 60.597423645737798 ], [ 30.300498636290119, 60.597507443677685 ], [ 30.300584130565802, 60.597649037915879 ], [ 30.300704151361607, 60.597798249151936 ], [ 30.300798379862396, 60.597895817744785 ], [ 30.300937945404637, 60.597989836834202 ], [ 30.301226237253601, 60.598103515150001 ], [ 30.301308334712733, 60.598232706726151 ], [ 30.30146257233821, 60.598377954713754 ], [ 30.301600941336883, 60.598486327501732 ], [ 30.302277709619364, 60.598970585573511 ], [ 30.302333934897096, 60.599006668752537 ], [ 30.302610536212971, 60.599167047825951 ], [ 30.302734195913665, 60.59922643370372 ], [ 30.302969979338844, 60.599319749655734 ], [ 30.303106528097043, 60.599364478346814 ], [ 30.303251229831705, 60.599403143248928 ], [ 30.303335890470489, 60.599423028816098 ], [ 30.303455686174306, 60.59944757181686 ], [ 30.303643692961412, 60.599474867793063 ], [ 30.303842334665514, 60.599490636986175 ], [ 30.303925377489218, 60.599564095889946 ], [ 30.304019637162725, 60.599733912090102 ], [ 30.304066204645419, 60.599778474234327 ], [ 30.304198480447173, 60.59986365898844 ], [ 30.304188142270206, 60.599933435561724 ], [ 30.304338392311358, 60.600187977943705 ], [ 30.304656233750858, 60.600349987872249 ], [ 30.304741149900028, 60.600375528100699 ], [ 30.304925244177944, 60.600416266060037 ], [ 30.305070267952935, 60.600439134292806 ], [ 30.305348191267075, 60.600479606249202 ], [ 30.305490493970421, 60.600501653141997 ], [ 30.305586813140252, 60.600513785108504 ], [ 30.305725633954498, 60.600527378346797 ], [ 30.305818047003289, 60.600534016494443 ], [ 30.306004426337552, 60.600542633013298 ], [ 30.306097967099078, 60.600565970136472 ], [ 30.306246936894631, 60.600619910033345 ], [ 30.306392814604809, 60.600654987109976 ], [ 30.306504693588895, 60.600674104164796 ], [ 30.306609522974465, 60.600708085910796 ], [ 30.306723233156347, 60.600736096969534 ], [ 30.306835220134385, 60.600758983818849 ], [ 30.307185919598265, 60.600793339932231 ], [ 30.307328298872314, 60.600793306417998 ], [ 30.30753955511511, 60.600781038577921 ], [ 30.307682266054002, 60.600764312546914 ], [ 30.307878331678552, 60.600726481833533 ], [ 30.307975441622204, 60.600763207716263 ], [ 30.308068324606118, 60.60079219462412 ], [ 30.308176789342834, 60.600836244729734 ], [ 30.308226596803365, 60.600892668113246 ], [ 30.308269025462398, 60.600934606108076 ], [ 30.308366049807322, 60.601003282736229 ], [ 30.308431372258166, 60.601041381493616 ], [ 30.308642419490486, 60.601131696578044 ], [ 30.30874891845253, 60.601164517875716 ], [ 30.30887790516654, 60.601195562151105 ], [ 30.308960689211403, 60.601227641295317 ], [ 30.309126632248244, 60.601328150476427 ], [ 30.309208225665966, 60.601365070324327 ], [ 30.309304401520308, 60.601403047267674 ], [ 30.309460539840355, 60.601454953622579 ], [ 30.309642826343278, 60.60149540712743 ], [ 30.309799141203598, 60.601602959689941 ], [ 30.3100423880202, 60.601717659546047 ], [ 30.310136719810032, 60.601747459694188 ], [ 30.310477443271775, 60.601806979472933 ], [ 30.31061708704004, 60.601816263484693 ], [ 30.31082837304827, 60.601821222809647 ], [ 30.310860161260511, 60.601866070882132 ], [ 30.310944543083526, 60.601928312828889 ], [ 30.311292015026719, 60.602071421151344 ], [ 30.311633277490479, 60.602122414175284 ], [ 30.311773553832676, 60.602127481687482 ], [ 30.311884145632007, 60.602119752457348 ], [ 30.311994599652504, 60.602192978061083 ], [ 30.312229790041261, 60.602291031472447 ], [ 30.312393146079405, 60.602329147113572 ], [ 30.312574622142115, 60.602355591538412 ], [ 30.312917203854337, 60.602386214037708 ], [ 30.313354427965468, 60.602412619297027 ], [ 30.31360374663544, 60.60242385840192 ], [ 30.313856306839053, 60.602409533378605 ], [ 30.314003249922447, 60.60239129496091 ], [ 30.314204129142915, 60.602350157079769 ], [ 30.314318057111404, 60.602330594546402 ], [ 30.314436320729289, 60.602369031786452 ], [ 30.314721468600442, 60.602424147945591 ], [ 30.314955884875072, 60.602441327045874 ], [ 30.315057363839298, 60.60244216801884 ], [ 30.315331886926561, 60.602424892972479 ], [ 30.315458914255814, 60.602407545679036 ], [ 30.315558928987745, 60.602389980333633 ], [ 30.315700661134375, 60.602358162901005 ], [ 30.315886553103798, 60.602289936296067 ], [ 30.315952335318432, 60.602258655867431 ], [ 30.316032727756102, 60.602208417439506 ], [ 30.316213750078326, 60.602230187707747 ], [ 30.316343072455247, 60.602235377998838 ], [ 30.316632432370646, 60.602215388322456 ], [ 30.316946792592006, 60.602149204802679 ], [ 30.317208476111716, 60.602032331089539 ], [ 30.317379283941463, 60.602044358311147 ], [ 30.317739896929748, 60.602049115690861 ], [ 30.318139214172305, 60.602006935670033 ], [ 30.31825126234347, 60.601980629576907 ], [ 30.318557491478167, 60.60184448772371 ], [ 30.318633754392845, 60.601790458694012 ], [ 30.318763476766129, 60.601569475651203 ], [ 30.318854142553704, 60.601525656378001 ], [ 30.318991537010394, 60.601463209858423 ], [ 30.319062774147191, 60.601423427298045 ], [ 30.319126529418174, 60.601383519644145 ], [ 30.319342025975995, 60.601266154582376 ], [ 30.31945294615657, 60.601288128286221 ], [ 30.3198190509966, 60.601347833686376 ], [ 30.3199657031175, 60.601353461173218 ], [ 30.320227788861043, 60.601336835511241 ], [ 30.320480436884036, 60.601289290507566 ], [ 30.320628698925116, 60.601240356158627 ], [ 30.320743348523592, 60.601192699466097 ], [ 30.320838999805765, 60.601145761032228 ], [ 30.321074167668304, 60.601030191043193 ], [ 30.321363877981675, 60.601000858701703 ], [ 30.3214810414132, 60.600992793450217 ], [ 30.32165556424486, 60.60102009038178 ], [ 30.321873969798446, 60.601034220345113 ], [ 30.322053362448013, 60.601026985451988 ], [ 30.322403329507011, 60.60096840574851 ], [ 30.322524926161446, 60.600938820125187 ], [ 30.322713684885969, 60.600909818784288 ], [ 30.322901714628493, 60.600890147875049 ], [ 30.323052637530918, 60.600910780451422 ], [ 30.32321475898766, 60.600918720699987 ], [ 30.323486162032182, 60.600901414340946 ], [ 30.32369163336746, 60.600867104873871 ], [ 30.323781852357502, 60.600845897470563 ], [ 30.323871582778452, 60.600821636180804 ], [ 30.323976105879616, 60.600815843077044 ], [ 30.324288727317093, 60.600771982263161 ], [ 30.324401866559466, 60.600745406895363 ], [ 30.324632849252332, 60.60065664668933 ], [ 30.324797802103895, 60.60055590967653 ], [ 30.324952274630235, 60.600477920245254 ], [ 30.325033962122021, 60.600510792031741 ], [ 30.32514856417388, 60.600550100184996 ], [ 30.325237552418461, 60.600573582101781 ], [ 30.325564636832095, 60.600621780781047 ], [ 30.325708189077229, 60.600627118247381 ], [ 30.325914459171823, 60.60061740090741 ], [ 30.32622323040847, 60.600564722004691 ], [ 30.326347390479832, 60.600525003006986 ], [ 30.326601122343785, 60.600420459596705 ], [ 30.326911883576713, 60.600359082535448 ], [ 30.327002602465075, 60.600330695211831 ], [ 30.327197670359734, 60.600248584319317 ], [ 30.327282732182091, 60.60020114322235 ], [ 30.3276675660574, 60.600008713821815 ], [ 30.327765138686267, 60.600022451149179 ], [ 30.32794456478053, 60.600032081735087 ], [ 30.328064708436731, 60.600030127672035 ], [ 30.328442039415094, 60.599980724382391 ], [ 30.328546599452991, 60.599953836384763 ], [ 30.328897095017378, 60.599809529929367 ], [ 30.329030163560638, 60.599809340318551 ], [ 30.329414634272577, 60.599768134806979 ], [ 30.329610337541034, 60.599795070925019 ], [ 30.32974423421264, 60.599799282249499 ], [ 30.330132870754969, 60.599759709523035 ], [ 30.330259192589057, 60.59973058756362 ], [ 30.330353591472207, 60.599700420017008 ], [ 30.33043028290993, 60.599670349844324 ], [ 30.330569888060992, 60.599643353427027 ], [ 30.330714308824604, 60.599612699378191 ], [ 30.33080141872615, 60.599591383108276 ], [ 30.33102633726822, 60.599503391599576 ], [ 30.331093469575841, 60.599467263469073 ], [ 30.331206064615298, 60.59939230402852 ], [ 30.33136362026033, 60.599381006557522 ], [ 30.331649004745021, 60.599337989827163 ], [ 30.331752788806661, 60.599313249771726 ], [ 30.332055614725611, 60.599178946254156 ], [ 30.332142628281655, 60.599114817414119 ], [ 30.33241740401434, 60.598996359132101 ], [ 30.332519328076028, 60.59894468457523 ], [ 30.332585078047188, 60.598904331017273 ], [ 30.332787237667826, 60.598879775207934 ], [ 30.332899080634952, 60.598853455956075 ], [ 30.333046567322928, 60.598805312099238 ], [ 30.333245469772521, 60.59871226051186 ], [ 30.333312907166757, 60.598669491105277 ], [ 30.333377685513987, 60.598622580851654 ], [ 30.333465722397225, 60.598523722219134 ], [ 30.333494548048375, 60.598476556346633 ], [ 30.33358136505873, 60.598317199798608 ], [ 30.333765822262603, 60.598263571303534 ], [ 30.333929600992235, 60.598212719297045 ], [ 30.334085561797441, 60.598169818916759 ], [ 30.334191103756051, 60.598148316119556 ], [ 30.334363688952504, 60.598104594483921 ], [ 30.334664677922785, 60.597969738138467 ], [ 30.334732251958584, 60.597919609064668 ], [ 30.334821411958082, 60.597818959696312 ], [ 30.334870793867172, 60.597736885211575 ], [ 30.334966639442467, 60.597697297227697 ], [ 30.335066987256518, 60.59768007789846 ], [ 30.33521527193577, 60.597647103267441 ], [ 30.335369613172602, 60.597593154572344 ], [ 30.335443410751715, 60.597561183468756 ], [ 30.335626170303204, 60.597452437474061 ], [ 30.335721367486443, 60.597341224632387 ], [ 30.33574708116236, 60.597294313233157 ], [ 30.335779458425431, 60.597213686048995 ], [ 30.33602168594129, 60.597116072616139 ], [ 30.336135900596602, 60.597050899364163 ], [ 30.336287315377728, 60.596977819206096 ], [ 30.336414019422783, 60.596927691480929 ], [ 30.336558657557365, 60.596884646516465 ], [ 30.336767058947338, 60.596799621166184 ], [ 30.336853561049491, 60.596752001135272 ], [ 30.336958939305934, 60.596681042589005 ], [ 30.337009444695163, 60.596635590904697 ], [ 30.337286987561946, 60.596590551744455 ], [ 30.337373213339689, 60.596567073146112 ], [ 30.337715983340601, 60.596421900580893 ], [ 30.337806957934667, 60.596417470677579 ], [ 30.338162067791558, 60.596362643040372 ], [ 30.338279668823166, 60.596330332353809 ], [ 30.338555299022694, 60.596212493723755 ], [ 30.338614420286085, 60.596174530184641 ], [ 30.338675862014696, 60.59612966640087 ], [ 30.338731276962559, 60.596075351171017 ], [ 30.338825905133472, 60.595964492544987 ], [ 30.338978666839107, 60.595780931983143 ], [ 30.339259957646853, 60.595469345276314 ], [ 30.33937113163201, 60.595409899458751 ], [ 30.339696521666234, 60.595439836508746 ], [ 30.339831937826791, 60.595440005928928 ], [ 30.340242557531738, 60.595392606250087 ], [ 30.340366886466654, 60.595361311691001 ], [ 30.340675019764188, 60.595222345955086 ], [ 30.340733131435154, 60.595179620080067 ], [ 30.340858836869359, 60.59497834287032 ], [ 30.34103336666201, 60.594897823622354 ], [ 30.34112470831699, 60.594883341031455 ], [ 30.341214013832754, 60.594860681760792 ], [ 30.341346849056205, 60.594813628853807 ], [ 30.341453644302234, 60.594811961049572 ], [ 30.341757740984978, 60.594780316701915 ], [ 30.341920469256344, 60.594744887375562 ], [ 30.342221721634246, 60.594612079622173 ], [ 30.342310326541547, 60.594548938721204 ], [ 30.342361527400364, 60.59450474471106 ], [ 30.342411565415183, 60.59445444232562 ], [ 30.342675538079593, 60.594139449005162 ], [ 30.342764409994587, 60.594013393541509 ], [ 30.342897199994781, 60.593987879149893 ], [ 30.343053236911853, 60.593948917776316 ], [ 30.343215147663962, 60.593898405001546 ], [ 30.343438544169747, 60.593800064494268 ], [ 30.343528270326036, 60.593745005473963 ], [ 30.343722824802871, 60.593695627451176 ], [ 30.343938596449917, 60.593721556711316 ], [ 30.344051123062957, 60.593725477393576 ], [ 30.344163753968832, 60.593723833889911 ], [ 30.344290349226661, 60.593717137760507 ], [ 30.344466748908342, 60.593701602281207 ], [ 30.344714520182432, 60.593733957813676 ], [ 30.344859667311248, 60.593740359048326 ], [ 30.344997705037521, 60.593736586082578 ], [ 30.345320984363134, 60.593693352856377 ], [ 30.345415396471484, 60.593670534393318 ], [ 30.345523982324774, 60.593631445274362 ], [ 30.345647814206945, 60.593635864491738 ], [ 30.345853315706002, 60.593625484814943 ], [ 30.3459968521754, 60.593688779679979 ], [ 30.346182763738913, 60.593730635816847 ], [ 30.346538612575838, 60.593760963095932 ], [ 30.346647043080971, 60.593759478039928 ], [ 30.346858476523217, 60.593744187286738 ], [ 30.347250349325051, 60.593692373538808 ], [ 30.347341504006117, 60.593677796124013 ], [ 30.347428496681772, 60.593661315114559 ], [ 30.347549467191961, 60.593633229808447 ], [ 30.347670450631249, 60.593594643584538 ], [ 30.347835950729902, 60.593507702507502 ], [ 30.348154596987804, 60.593556167097475 ], [ 30.34830484677666, 60.593562946571531 ], [ 30.348525874462084, 60.5935517351691 ], [ 30.348825951757572, 60.593499683238939 ], [ 30.348962930669238, 60.593454615966287 ], [ 30.349254029618237, 60.593286564428311 ], [ 30.3493484169894, 60.593166632514567 ], [ 30.349378440495613, 60.593102595463264 ], [ 30.349495167787733, 60.592880268188729 ], [ 30.349836379136647, 60.592931971443008 ], [ 30.349943071165999, 60.592935501973145 ], [ 30.350153664555911, 60.592925766819583 ], [ 30.35035287727937, 60.592899914854023 ], [ 30.350485857542104, 60.592873406547717 ], [ 30.350594354207061, 60.592848493589848 ], [ 30.35099982731953, 60.592770881602341 ], [ 30.351412544616913, 60.592686300254684 ], [ 30.351630933449005, 60.592639799787676 ], [ 30.351716360261154, 60.592618911193824 ], [ 30.351801075955596, 60.592656177997796 ], [ 30.351901945939598, 60.592688311473935 ], [ 30.352124258251507, 60.592735527777577 ], [ 30.352461205629805, 60.592761356975352 ], [ 30.352676760463286, 60.59274966551159 ], [ 30.35278667020799, 60.5927370529784 ], [ 30.35296809157764, 60.592706001830088 ], [ 30.353120784270306, 60.592669257595084 ], [ 30.353278644702396, 60.59259968740264 ], [ 30.35335032995976, 60.592631150986868 ], [ 30.353462961278087, 60.592668810588215 ], [ 30.353918040193914, 60.592730973895428 ], [ 30.354042549584605, 60.592728208291277 ], [ 30.35438775677634, 60.592682178940315 ], [ 30.354503624844789, 60.592653167123217 ], [ 30.354772148082645, 60.592539751167728 ], [ 30.354838056279185, 60.592498489951637 ], [ 30.354906485129355, 60.592449162339427 ], [ 30.354969144843228, 60.592386077114604 ], [ 30.355037877137224, 60.592300401649268 ], [ 30.355271418645863, 60.592312659827257 ], [ 30.355469785685742, 60.592302592665362 ], [ 30.355710256247722, 60.592265517872683 ], [ 30.355798972205168, 60.592244192549522 ], [ 30.355886328284754, 60.592227348670974 ], [ 30.356028933276434, 60.59219306931849 ], [ 30.356336780166519, 60.59205442545916 ], [ 30.356398189500197, 60.59200955346094 ], [ 30.356519376681071, 60.591839654538767 ], [ 30.356537926124499, 60.591753665736427 ], [ 30.356594052513458, 60.591718194042699 ], [ 30.356702025145854, 60.591671643845586 ], [ 30.356855779127443, 60.591685968368772 ], [ 30.356952869386383, 60.591685501666518 ], [ 30.357390801912494, 60.591627400594618 ], [ 30.357510281726984, 60.591590145113202 ], [ 30.357648793954088, 60.591539959984608 ], [ 30.357783773194562, 60.591573047935775 ], [ 30.358077198452357, 60.591613389327478 ], [ 30.358231994880693, 60.591620626559617 ], [ 30.358544473640723, 60.591597058858802 ], [ 30.358718763557544, 60.591566147884912 ], [ 30.358952461379925, 60.591509740874486 ], [ 30.359078599680302, 60.591467487388449 ], [ 30.359231180508939, 60.59145613522751 ], [ 30.359400149859788, 60.591496641594169 ], [ 30.359544722345319, 60.591524115842347 ], [ 30.3596792259235, 60.591543378130616 ], [ 30.359898763467601, 60.591562836216163 ], [ 30.360060202642568, 60.591566061866146 ], [ 30.360240016696, 60.591672402455153 ], [ 30.36036263700964, 60.59172293469112 ], [ 30.360544059769907, 60.591781175468242 ], [ 30.360749538930612, 60.591831175214374 ], [ 30.360848799883144, 60.591851806716271 ], [ 30.361007967950879, 60.591879612956888 ], [ 30.361252956462817, 60.591904566010079 ], [ 30.361375162967288, 60.591907796757155 ], [ 30.361543344477923, 60.591901626456767 ], [ 30.361732052875887, 60.591880557885396 ], [ 30.36181881667828, 60.591865951308705 ], [ 30.362005395750607, 60.591831500097996 ], [ 30.362072177134614, 60.591872092009559 ], [ 30.362318098192482, 60.591976297255798 ], [ 30.362413997825154, 60.592001220855551 ], [ 30.362666884944687, 60.592043527956385 ], [ 30.362951922099349, 60.592053934711977 ], [ 30.363240100425429, 60.592042096427512 ], [ 30.36346367691738, 60.592020280963169 ], [ 30.363643482540382, 60.591986964509061 ], [ 30.363802000483677, 60.591950143923391 ], [ 30.363906199169655, 60.591930047900547 ], [ 30.364030396350756, 60.591914078258981 ], [ 30.364151649482505, 60.591899441862068 ], [ 30.364273928190592, 60.59190877333576 ], [ 30.364393984807791, 60.591919889979813 ], [ 30.364553337811294, 60.591927588602729 ], [ 30.364676869163006, 60.591928219358365 ], [ 30.364844333282793, 60.591921323759408 ], [ 30.364958018698939, 60.591911410298863 ], [ 30.365100872793665, 60.591893008298975 ], [ 30.365215466464416, 60.591873225997972 ], [ 30.365355077243422, 60.591842423916823 ], [ 30.365561939165939, 60.591786067505872 ], [ 30.365649798253219, 60.591761231638536 ], [ 30.365882802754847, 60.591722400690081 ], [ 30.365969684231949, 60.591701150376288 ], [ 30.366158183135205, 60.591661137220861 ], [ 30.366273035973538, 60.591657241053539 ], [ 30.366371868712378, 60.591651210568699 ], [ 30.366462708384269, 60.59164317059669 ], [ 30.366601536401536, 60.591625287927471 ], [ 30.366794471173542, 60.591592204056148 ], [ 30.367297301123589, 60.591506351473555 ], [ 30.36745020729732, 60.591486913783051 ], [ 30.367649697571832, 60.591474769203984 ], [ 30.36776353865255, 60.591476342153314 ], [ 30.367920548996938, 60.591472179450065 ], [ 30.368051375882359, 60.591462786767643 ], [ 30.368209939534797, 60.591453424937974 ], [ 30.368368874706523, 60.591494414767652 ], [ 30.368454110392772, 60.59151381282151 ], [ 30.368715414765749, 60.591565209932284 ], [ 30.368802743509427, 60.591579860069814 ], [ 30.369043012856313, 60.591613753405788 ], [ 30.369177622470119, 60.591627442030074 ], [ 30.369438115343037, 60.591642844106431 ], [ 30.369579106434696, 60.591646687450258 ], [ 30.369691158962137, 60.591646276471231 ], [ 30.370042859695854, 60.59163308379982 ], [ 30.370282242541709, 60.591614736069438 ], [ 30.370431324097925, 60.591625344916864 ], [ 30.370562279988526, 60.591659658994978 ], [ 30.37059434135465, 60.591703506635277 ], [ 30.370644485059934, 60.591746445385809 ], [ 30.370911257201019, 60.591890215492086 ], [ 30.371033890971791, 60.591930775605235 ], [ 30.371173085667149, 60.591963688750859 ], [ 30.371274391426883, 60.591982616081673 ], [ 30.371432946878329, 60.592004393926693 ], [ 30.371714080352785, 60.592029125232173 ], [ 30.371846237727212, 60.592037236000579 ], [ 30.372025033031733, 60.592039535006975 ], [ 30.372216744140147, 60.592033901782408 ], [ 30.372437848632966, 60.592047960972423 ], [ 30.372802955914544, 60.592060846697166 ], [ 30.373101334917646, 60.592039607385331 ], [ 30.373320485501747, 60.59199953694413 ], [ 30.373406656984802, 60.591976932486219 ], [ 30.373546748541212, 60.591928981544527 ], [ 30.3736315030106, 60.59189371596748 ], [ 30.373756294968711, 60.591833851727358 ], [ 30.373847397055119, 60.591800767399093 ], [ 30.374067943427274, 60.591733417510362 ], [ 30.374303612813467, 60.591657067565222 ], [ 30.374446705841734, 60.591604371821262 ], [ 30.374522996200874, 60.591572928520719 ], [ 30.374691748302261, 60.591493417745731 ], [ 30.374800292251212, 60.591433751855114 ], [ 30.374924072751313, 60.591358714294046 ], [ 30.375081784764461, 60.591273949983901 ], [ 30.37534004760035, 60.591127330772728 ], [ 30.375530032545772, 60.591033639855603 ], [ 30.375623141030268, 60.590979830513255 ], [ 30.375714411041336, 60.590916499622288 ], [ 30.376005935860313, 60.590961999008577 ], [ 30.376104436563892, 60.590974448580262 ], [ 30.376449275098501, 60.591008059538879 ], [ 30.376569940499198, 60.591015757332208 ], [ 30.376869775289805, 60.591024941408271 ], [ 30.376992224602873, 60.591024658648855 ], [ 30.377260457024917, 60.591015127951415 ], [ 30.377395668128504, 60.591005206421222 ], [ 30.377563697916571, 60.590986539984527 ], [ 30.377771457858127, 60.590950093278089 ], [ 30.377987739479533, 60.590896091565511 ], [ 30.378103743580969, 60.590857815624751 ], [ 30.378229054766297, 60.590809168306926 ], [ 30.378371144409666, 60.590740398703772 ], [ 30.378582128441153, 60.590831141391 ], [ 30.378674213534048, 60.590865909584856 ], [ 30.378969766844609, 60.590962487910751 ], [ 30.37910456412235, 60.59099663051753 ], [ 30.379326856939155, 60.591036172625962 ], [ 30.379424544116986, 60.591063784154514 ], [ 30.380029872612944, 60.59135132549968 ], [ 30.38011210902237, 60.59138596094332 ], [ 30.380244450804636, 60.591435349550039 ], [ 30.380364949245656, 60.591473378955868 ], [ 30.380514801820961, 60.591512879583611 ], [ 30.380694281199883, 60.59154873670245 ], [ 30.380826799901751, 60.591567430723018 ], [ 30.380979643974054, 60.591582172357356 ], [ 30.381120024090198, 60.591589680709404 ], [ 30.381297015049711, 60.591590703133953 ], [ 30.381422291913292, 60.591585402300367 ], [ 30.381584039566334, 60.591571191625455 ], [ 30.381701470622207, 60.591555446078594 ], [ 30.381864230156879, 60.591525173984266 ], [ 30.3819593433143, 60.591502153287287 ], [ 30.382094558957128, 60.591471225349871 ], [ 30.382256375416212, 60.591442654037301 ], [ 30.382561867248441, 60.591400152935023 ], [ 30.382993211207918, 60.591361057097266 ], [ 30.383050740434911, 60.591399983697954 ], [ 30.383228538807753, 60.591490219225122 ], [ 30.383323160191097, 60.591526430960556 ], [ 30.383416587848711, 60.591557880779312 ], [ 30.383558467945836, 60.591615204584357 ], [ 30.383585077510869, 60.591658756702671 ], [ 30.383648686566151, 60.591736122116792 ], [ 30.383701830221121, 60.59178588968652 ], [ 30.383765590377685, 60.591833817443984 ], [ 30.383866259057559, 60.591899941397926 ], [ 30.384041559682785, 60.591987203469785 ], [ 30.3841251342952, 60.592018700816027 ], [ 30.384217121650003, 60.592049156711219 ], [ 30.384364132705784, 60.59208460219034 ], [ 30.38453171760143, 60.592112326234151 ], [ 30.384653919922716, 60.592126395516715 ], [ 30.38472221057847, 60.592165815653907 ], [ 30.384687802296988, 60.592213327762757 ], [ 30.384640602533292, 60.592314007932217 ], [ 30.384630121639695, 60.592360274968627 ], [ 30.384624575374065, 60.59240611412303 ], [ 30.384632652791431, 60.592476423095732 ], [ 30.384708214779057, 60.59262186957897 ], [ 30.384768816834022, 60.592683605095779 ], [ 30.384934134470001, 60.592789043145658 ], [ 30.385166534624958, 60.592877891342717 ], [ 30.385294774128329, 60.592912179447616 ], [ 30.385476995062383, 60.592958991269398 ], [ 30.385667249487948, 60.59299515642558 ], [ 30.38577194559107, 60.593008702008461 ], [ 30.385996334837653, 60.59302347061265 ], [ 30.386125949021178, 60.593020876181818 ], [ 30.386420116217529, 60.592989986062825 ], [ 30.386624671747914, 60.592970026219753 ], [ 30.386725812809967, 60.593040996510787 ], [ 30.386790277438973, 60.593080309699921 ], [ 30.386898134972263, 60.593153372423167 ], [ 30.386986164458406, 60.593201849605286 ], [ 30.387203809568888, 60.593289644824004 ], [ 30.387354825359196, 60.593326180852785 ], [ 30.387813268784882, 60.593366971837796 ], [ 30.388183458327688, 60.593330115009124 ], [ 30.388292627941237, 60.593306879639435 ], [ 30.388379683072895, 60.593285525780331 ], [ 30.388529318813315, 60.593233470770166 ], [ 30.388696630801391, 60.593161834425764 ], [ 30.38883921843572, 60.593084709037051 ], [ 30.388919928714657, 60.593029312687392 ], [ 30.389016226907749, 60.592958993349633 ], [ 30.388926425475777, 60.593128155444383 ], [ 30.388920292556314, 60.593176595061401 ], [ 30.388953301066408, 60.593304089809713 ], [ 30.389051818748868, 60.59343194922959 ], [ 30.389159777866961, 60.59351003657018 ], [ 30.389273646583401, 60.593573609004928 ], [ 30.389426991321358, 60.59364443720245 ], [ 30.389588744435773, 60.593703991891864 ], [ 30.38974724974701, 60.593740377102186 ], [ 30.389846592693306, 60.59375766657184 ], [ 30.390133545389485, 60.593785255468781 ], [ 30.390261638750935, 60.593786330428522 ], [ 30.39045459476657, 60.593856784799733 ], [ 30.390656296766231, 60.593906991842282 ], [ 30.39081490207192, 60.59393772190775 ], [ 30.390926134005447, 60.593953534546223 ], [ 30.391070239458447, 60.593967958794451 ], [ 30.39121499331716, 60.593976551806115 ], [ 30.391316588587429, 60.593979758744275 ], [ 30.39150268045071, 60.593972369100435 ], [ 30.391770847538432, 60.593936063280914 ], [ 30.391898738375914, 60.593906620609431 ], [ 30.392102976081478, 60.593831185164014 ], [ 30.392289385902647, 60.593720672278323 ], [ 30.392360272090407, 60.593652667790977 ], [ 30.392439704409352, 60.593533541053034 ], [ 30.392461162211834, 60.593474484889015 ], [ 30.392475390361181, 60.593411359787879 ], [ 30.392662058312954, 60.593444448479126 ], [ 30.392872068745373, 60.593457350559966 ], [ 30.393044274814855, 60.593450708658295 ], [ 30.393189982389224, 60.593435609345441 ], [ 30.393398306742434, 60.593408654296724 ], [ 30.39357643279979, 60.593503364819803 ], [ 30.393754709398305, 60.59357877934373 ], [ 30.393847978392564, 60.593609772405408 ], [ 30.393995197341905, 60.593644759349672 ], [ 30.394406259347605, 60.59368236882645 ], [ 30.39445393390346, 60.593722326502402 ], [ 30.394081175191474, 60.59376017725139 ], [ 30.393942302450878, 60.593791640583369 ], [ 30.393748919151289, 60.593862277462406 ], [ 30.393524153916285, 60.594006648180986 ], [ 30.393478272441438, 60.594053396737678 ], [ 30.393418321502264, 60.594132935422238 ], [ 30.393388351566255, 60.594188276509769 ], [ 30.393357593604911, 60.594299977696679 ], [ 30.393356162710344, 60.59438308080896 ], [ 30.393363334638785, 60.594443512839362 ], [ 30.393377878681868, 60.594499757288808 ], [ 30.393399731521932, 60.594555493666341 ], [ 30.393378761903289, 60.594618052275358 ], [ 30.393203341805343, 60.594747370324448 ], [ 30.393129549147091, 60.594825145957742 ], [ 30.393088789590454, 60.594881698534408 ], [ 30.393042173405238, 60.594981576241295 ], [ 30.393028551878672, 60.595041293391191 ], [ 30.39302299233027, 60.595099159369106 ], [ 30.3930252102639, 60.59516109653066 ], [ 30.393039831426844, 60.595234034945868 ], [ 30.393087797740751, 60.595352436342985 ], [ 30.393165564878185, 60.595489001734428 ], [ 30.393010394130386, 60.595544359632335 ], [ 30.392893094746142, 60.595594310655279 ], [ 30.392587105429406, 60.595748842086927 ], [ 30.392469029495818, 60.595822573412207 ], [ 30.392335084726014, 60.59592747164281 ], [ 30.392237191066918, 60.596037276952117 ], [ 30.392181573350015, 60.59617202977843 ], [ 30.392174809759915, 60.596257264624889 ], [ 30.39217552923769, 60.596310758984835 ], [ 30.392204308735824, 60.59641983630506 ], [ 30.392268568696373, 60.596535254446877 ], [ 30.392348244153641, 60.596645800581143 ], [ 30.392403755240576, 60.596707690800855 ], [ 30.392466283552199, 60.596764853482512 ], [ 30.392645432013037, 60.5968752757706 ], [ 30.392719144782099, 60.59690834205481 ], [ 30.392871139489582, 60.596963543971242 ], [ 30.39302145812486, 60.596999532104633 ], [ 30.393334184342411, 60.597037273481419 ], [ 30.393480859447717, 60.597041115215546 ], [ 30.393748379023474, 60.597022573299867 ], [ 30.393886676970112, 60.597004121586949 ], [ 30.394017060032134, 60.597010766973618 ], [ 30.394032552352723, 60.597096902209159 ], [ 30.394064678652253, 60.597181580860024 ], [ 30.394152687901421, 60.597306789887796 ], [ 30.394204423060128, 60.597355021553625 ], [ 30.394497959952197, 60.597511330656282 ], [ 30.39459994565259, 60.597545590383604 ], [ 30.394721361785191, 60.597574994463734 ], [ 30.394807762930558, 60.597592136687638 ], [ 30.394922976711392, 60.597610744756572 ], [ 30.395019137073749, 60.597622901335036 ], [ 30.395114343391661, 60.597637477149071 ], [ 30.395205493856157, 60.597665049893372 ], [ 30.395279244928876, 60.597696140396792 ], [ 30.395351897288894, 60.597738086117495 ], [ 30.395414213342157, 60.597797400524222 ], [ 30.395482521919178, 60.597922347412428 ], [ 30.39553319219706, 60.5980009098203 ], [ 30.39559856352988, 60.598094970271312 ], [ 30.395661107467518, 60.598183633930667 ], [ 30.395566586598729, 60.598214116130059 ], [ 30.395317220511004, 60.598333616646876 ], [ 30.395234775967751, 60.598394215154734 ], [ 30.395111513969187, 60.598567819631008 ], [ 30.39509135113191, 60.59865784548473 ], [ 30.395097852630759, 60.598715043569179 ], [ 30.39512353071796, 60.598803464689418 ], [ 30.395177353339967, 60.598921710043989 ], [ 30.39526536464988, 60.599079228483738 ], [ 30.395303134752908, 60.599133145782766 ], [ 30.395355017802732, 60.599194301668021 ], [ 30.395403105953502, 60.599242607462166 ], [ 30.395457292645794, 60.59928654076009 ], [ 30.395662859035291, 60.599401197004198 ], [ 30.395740635974221, 60.599431944924319 ], [ 30.395849518441121, 60.599468924778058 ], [ 30.396013663183687, 60.599508467074742 ], [ 30.396128473319333, 60.599529764921613 ], [ 30.396218776293807, 60.599543242606345 ], [ 30.396273460962362, 60.599600819709501 ], [ 30.396370685013359, 60.599679125834889 ], [ 30.396424260503196, 60.599716235161679 ], [ 30.396496521569194, 60.599760063371512 ], [ 30.396707599353373, 60.599873035542089 ], [ 30.396772125047782, 60.599910279797072 ], [ 30.396792340794882, 60.599998229208062 ], [ 30.396776857791679, 60.600102993735767 ], [ 30.396777050644125, 60.600177038706278 ], [ 30.396824055637676, 60.600320834032445 ], [ 30.396872935598079, 60.600387092657066 ], [ 30.396877141537843, 60.60043997310806 ], [ 30.396900388802784, 60.60052147300037 ], [ 30.396921360858101, 60.6005652682624 ], [ 30.396981232162446, 60.600650599422252 ], [ 30.397056951131137, 60.600727200552654 ], [ 30.397126747174813, 60.600787263051643 ], [ 30.397232081518005, 60.60086129403755 ], [ 30.397310501539586, 60.601046863289852 ], [ 30.39734669428428, 60.601118633807133 ], [ 30.397420786161867, 60.601215780857245 ], [ 30.39748994737316, 60.601281046061978 ], [ 30.397660080700796, 60.601387385409005 ], [ 30.397754440461512, 60.601430855460144 ], [ 30.397959479059047, 60.601502874415964 ], [ 30.398458763538645, 60.601564708991461 ], [ 30.398624107937621, 60.60160963801092 ], [ 30.398813128925724, 60.601689846628879 ], [ 30.398833550617837, 60.601733998306784 ], [ 30.398831000274093, 60.601787209823648 ], [ 30.39876296740713, 60.60190172018018 ], [ 30.398615269255753, 60.602191902633159 ], [ 30.398575428107112, 60.602280232272882 ], [ 30.398556474310325, 60.602342620420963 ], [ 30.398483848206148, 60.602801035469334 ], [ 30.398435718268917, 60.603075473325141 ], [ 30.398433253190667, 60.603134339456581 ], [ 30.398440183732756, 60.603209578933189 ], [ 30.398458672296979, 60.603281455573075 ], [ 30.398483070759905, 60.603338637514362 ], [ 30.398524072805749, 60.603407016995924 ], [ 30.39862484785888, 60.603534968038254 ], [ 30.398920748522414, 60.603867636447077 ], [ 30.398997386611867, 60.603955279501079 ], [ 30.399141712591767, 60.603981004359049 ], [ 30.399615706396585, 60.603975955947455 ] ] ] } },
{ "type": "Feature", "properties": { }, "geometry": { "type": "Polygon", "coordinates": [ [ [ 30.357834175579121, 60.590365402946318 ], [ 30.35791204757486, 60.5903878266597 ], [ 30.357971089832201, 60.590402179090439 ], [ 30.357995812697105, 60.590407314647358 ], [ 30.357835242322672, 60.590337046369349 ], [ 30.357708365521876, 60.590320149526072 ], [ 30.357729902594834, 60.590329848314262 ], [ 30.357834175579121, 60.590365402946318 ] ] ] } },
{ "type": "Feature", "properties": { }, "geometry": { "type": "Polygon", "coordinates": [ [ [ 30.387458002781393, 60.592661472818406 ], [ 30.387432661808983, 60.592670520736078 ], [ 30.387441306442419, 60.592687609749483 ], [ 30.387460088558246, 60.592709408462639 ], [ 30.38748744240695, 60.592731512498354 ], [ 30.387508643818922, 60.592740128035054 ], [ 30.387540312171076, 60.59273451725457 ], [ 30.387541031340884, 60.592724647705523 ], [ 30.387517342599931, 60.59270166159736 ], [ 30.387492304943599, 60.592672297509466 ], [ 30.387458002781393, 60.592661472818406 ] ] ] } },
{ "type": "Feature", "properties": { }, "geometry": { "type": "Polygon", "coordinates": [ [ [ 30.359768751919447, 60.591037578241128 ], [ 30.359921515631562, 60.591066075520018 ], [ 30.360049727112798, 60.591070052006053 ], [ 30.360142552542086, 60.591063191853671 ], [ 30.360218437287934, 60.591044679018061 ], [ 30.360251893366396, 60.591011259789731 ], [ 30.360271692355798, 60.590956240074512 ], [ 30.360269310803634, 60.590876710242071 ], [ 30.360283176656552, 60.590836832254226 ], [ 30.360316881177049, 60.590809786421715 ], [ 30.360406378887085, 60.590785230473742 ], [ 30.360538490563751, 60.590775402055201 ], [ 30.360660565141345, 60.590785633459596 ], [ 30.360745955514489, 60.590806203892363 ], [ 30.360779219230867, 60.590833365561778 ], [ 30.360782316003203, 60.590883729483522 ], [ 30.360763940232722, 60.591030929747227 ], [ 30.360781166571734, 60.59110702471952 ], [ 30.36084557069028, 60.591227844102335 ], [ 30.36090678737289, 60.591293273084837 ], [ 30.360980708665803, 60.59133246100496 ], [ 30.361151011834909, 60.591379971604617 ], [ 30.361312515617573, 60.591409672549972 ], [ 30.361373392988444, 60.591413620442239 ], [ 30.361450372173099, 60.591405163830238 ], [ 30.361546797926721, 60.591380996627962 ], [ 30.361603028795351, 60.591349472348554 ], [ 30.361638396189353, 60.591321266744941 ], [ 30.361685483058181, 60.591310883396368 ], [ 30.361739133427125, 60.591310850272848 ], [ 30.361790912633893, 60.591333426123477 ], [ 30.361830859629865, 60.591344372020558 ], [ 30.36186446961473, 60.591342545392664 ], [ 30.361891147808599, 60.59133054640413 ], [ 30.361897192448833, 60.591319264385014 ], [ 30.3618856340393, 60.591302609610182 ], [ 30.361874440576553, 60.591285956440068 ], [ 30.361883108317024, 60.591270916424918 ], [ 30.36191001461621, 60.591256405410832 ], [ 30.362017801507449, 60.591229595329452 ], [ 30.36212029994109, 60.591202582400101 ], [ 30.362180041697798, 60.591198716602179 ], [ 30.362285634612377, 60.591202232465051 ], [ 30.362372278502356, 60.591214191275988 ], [ 30.362489745849572, 60.591257159829595 ], [ 30.362587145061042, 60.591319964787708 ], [ 30.362656429902827, 60.591383453894309 ], [ 30.362696417376608, 60.591452468544368 ], [ 30.362742086276747, 60.591490005576162 ], [ 30.362815480768312, 60.591528202898402 ], [ 30.362886552316112, 60.591543593247408 ], [ 30.363001768412779, 60.591549843337063 ], [ 30.36313554749583, 60.591548815257418 ], [ 30.363216197099089, 60.591539206983093 ], [ 30.363389654487136, 60.591493567133341 ], [ 30.363503849993364, 60.591455475368718 ], [ 30.363579896684339, 60.591438038350958 ], [ 30.363637084148547, 60.591434160695002 ], [ 30.36370624290662, 60.591434284564663 ], [ 30.363757980707181, 60.591429036689476 ], [ 30.363854479909975, 60.591410791709308 ], [ 30.363970996820353, 60.591395596205587 ], [ 30.364099600752493, 60.59138808240936 ], [ 30.364242818704259, 60.591389787124761 ], [ 30.364387653298749, 60.591402986883629 ], [ 30.364521590754695, 60.591423408575608 ], [ 30.364584979236358, 60.591429789277718 ], [ 30.364671990646759, 60.59143160635314 ], [ 30.364801229679301, 60.591419248115514 ], [ 30.364930171293064, 60.591393066815016 ], [ 30.365282227244599, 60.591299650931447 ], [ 30.365618838766256, 60.591212538915414 ], [ 30.365666697047484, 60.591189682169052 ], [ 30.365725043446485, 60.591162024704779 ], [ 30.365789746128755, 60.591146152362867 ], [ 30.365885653061632, 60.591140378705887 ], [ 30.366015648127632, 60.591146690785877 ], [ 30.36618341712218, 60.591152988233247 ], [ 30.366257917061755, 60.591150351837072 ], [ 30.366367666067365, 60.591135932450996 ], [ 30.366866351584012, 60.591046832372747 ], [ 30.367241329416327, 60.590997309780398 ], [ 30.367502727669617, 60.590982383799584 ], [ 30.367725902893845, 60.590982279197306 ], [ 30.367872064569099, 60.590982556840473 ], [ 30.367957072779674, 60.590973951956542 ], [ 30.368076607416718, 60.59095311172122 ], [ 30.368212040629516, 60.590941136166634 ], [ 30.368344488137645, 60.590942969115346 ], [ 30.36848660327961, 60.590965307190103 ], [ 30.368704431307084, 60.591029170054405 ], [ 30.368848712867511, 60.591073147120653 ], [ 30.369044905671913, 60.591112323620976 ], [ 30.369231755749862, 60.591143381660814 ], [ 30.369414407091075, 60.591154227258791 ], [ 30.369641706154574, 60.591158265907232 ], [ 30.369900608579343, 60.591150235217214 ], [ 30.370146926498279, 60.591131648583868 ], [ 30.370396660454656, 60.591105716741396 ], [ 30.370538181526467, 60.591100227291349 ], [ 30.370649407412511, 60.59110510723098 ], [ 30.370732498866726, 60.591121981515052 ], [ 30.370824697697614, 60.591160166160094 ], [ 30.370969950575446, 60.591211235451503 ], [ 30.371181279001267, 60.59127156582008 ], [ 30.371375492541624, 60.59133998908856 ], [ 30.371432973998175, 60.591380805289205 ], [ 30.371465938387843, 60.591435426728239 ], [ 30.371482074585362, 60.59148207725093 ], [ 30.371527061364649, 60.591507312435787 ], [ 30.371597765677432, 60.591523055556706 ], [ 30.371755843914983, 60.591540792174065 ], [ 30.371923972579978, 60.59155776431372 ], [ 30.37208015027252, 60.591559337178531 ], [ 30.37221306812971, 60.59155542426808 ], [ 30.37234188184247, 60.591556519534677 ], [ 30.372527217523274, 60.591570513749907 ], [ 30.372753629829578, 60.591583518349367 ], [ 30.372848968610782, 60.591578904005345 ], [ 30.372929013698222, 60.591562107205711 ], [ 30.373039168111475, 60.591504424205908 ], [ 30.37318789512538, 60.591432637198864 ], [ 30.373342617324056, 60.591372543498743 ], [ 30.373727065396725, 60.591252050701868 ], [ 30.373922573106871, 60.591166194186201 ], [ 30.374050087073204, 60.591086506476834 ], [ 30.374632907038333, 60.590780184038373 ], [ 30.374920131960153, 60.59060559829792 ], [ 30.375131543511607, 60.590486959655394 ], [ 30.375256126872383, 60.590448633325231 ], [ 30.375468858679334, 60.590409608801586 ], [ 30.375585165699729, 60.590405710902388 ], [ 30.375745603979709, 60.59041367011995 ], [ 30.376014205636569, 60.590455032229698 ], [ 30.376219110482619, 60.590476554696878 ], [ 30.376656787546363, 60.590512268911993 ], [ 30.376867415255251, 60.590519813806985 ], [ 30.377124838424336, 60.590512480812478 ], [ 30.377304094629245, 60.590488298274956 ], [ 30.377556379551496, 60.590431040992591 ], [ 30.377681244174397, 60.590376648223973 ], [ 30.37774649395633, 60.590319128090378 ], [ 30.377803785566506, 60.590226660796759 ], [ 30.377871459533097, 60.59014554652088 ], [ 30.377925722327713, 60.59012109731367 ], [ 30.378024429388258, 60.590101146323924 ], [ 30.378162676383205, 60.590094737301342 ], [ 30.378351423836417, 60.590111520335647 ], [ 30.378564494581141, 60.590156229840481 ], [ 30.378909750594389, 60.590279497297033 ], [ 30.379377888024575, 60.59046072901679 ], [ 30.379537540617601, 60.590513286463711 ], [ 30.379608771909592, 60.590530284106109 ], [ 30.379728060915507, 60.590543537727534 ], [ 30.379827564789839, 60.590561194382069 ], [ 30.379956938526941, 60.59060276231196 ], [ 30.380408988469028, 60.590786255290581 ], [ 30.380851447109247, 60.591006952446051 ], [ 30.380961617558196, 60.591051130143121 ], [ 30.381064190152713, 60.591081184538794 ], [ 30.381157749209972, 60.591094596604982 ], [ 30.38126231226985, 60.591094503064554 ], [ 30.38136267762761, 60.591084070247128 ], [ 30.381680709566002, 60.591023584609587 ], [ 30.382000152752756, 60.590965796738296 ], [ 30.3825856560752, 60.590876468574891 ], [ 30.382849116662548, 60.59084752025624 ], [ 30.383076299061063, 60.59083735495701 ], [ 30.383268845890687, 60.590845979825737 ], [ 30.383450655762836, 60.590873765565114 ], [ 30.383603560967746, 60.590916147694976 ], [ 30.383682223222223, 60.590957048343292 ], [ 30.383897196048903, 60.591081456020319 ], [ 30.383962257302077, 60.591117542105899 ], [ 30.384024493238353, 60.591137820066535 ], [ 30.384109425897144, 60.591154155309674 ], [ 30.384208548706855, 60.591172973836379 ], [ 30.384276904011976, 60.591198124121455 ], [ 30.384412170781697, 60.591289255057539 ], [ 30.384513424965789, 60.591374049159462 ], [ 30.384546247411887, 60.591417178616162 ], [ 30.3845767744276, 60.591487223571534 ], [ 30.384606338155503, 60.591539314299361 ], [ 30.384653100784941, 60.59157837416118 ], [ 30.384721139885446, 60.591611241438812 ], [ 30.3848533344052, 60.591638187156633 ], [ 30.385087607475882, 60.591671577506013 ], [ 30.385195407936557, 60.591695188756553 ], [ 30.385387872051236, 60.591771571996716 ], [ 30.385610558256143, 60.59189385543479 ], [ 30.385742385869619, 60.591994214797815 ], [ 30.385805157288502, 60.592067626598265 ], [ 30.385813510494849, 60.592132731119172 ], [ 30.38579789394834, 60.592201503993081 ], [ 30.385703584128287, 60.59231446101402 ], [ 30.385675975639771, 60.592380221472077 ], [ 30.385669659459658, 60.592417979851625 ], [ 30.38568592943782, 60.592437255192785 ], [ 30.385729118777167, 60.592451169382976 ], [ 30.38588288803016, 60.59248646220864 ], [ 30.385975078071333, 60.592515930481532 ], [ 30.386024078669667, 60.592531484609815 ], [ 30.386058818735687, 60.592538093235433 ], [ 30.386106713350294, 60.592533359009181 ], [ 30.386156115348275, 60.592515437771816 ], [ 30.386207874128797, 60.592467011219753 ], [ 30.386273856028698, 60.592398271225512 ], [ 30.386324659241449, 60.592362764699004 ], [ 30.386430027347814, 60.592316718143266 ], [ 30.386598456520968, 60.592264744527817 ], [ 30.38670047702119, 60.592253686422019 ], [ 30.386860332956513, 60.592264322333996 ], [ 30.38696127419469, 60.592294275550088 ], [ 30.387030615629161, 60.592346892276474 ], [ 30.387097011013633, 60.592453436724981 ], [ 30.387138615871368, 60.592485024671412 ], [ 30.387259425699796, 60.592526818664126 ], [ 30.387541770401398, 60.592650696251148 ], [ 30.387588101415481, 60.592693881780576 ], [ 30.387618385384048, 60.592746872353317 ], [ 30.387664743173577, 60.592788532205923 ], [ 30.387729308201457, 60.592832602150509 ], [ 30.387776179704669, 60.592844736150205 ], [ 30.387832549515998, 60.59284587074778 ], [ 30.387893147589462, 60.592834727259671 ], [ 30.388004769140721, 60.592785833744259 ], [ 30.388076711850534, 60.592741440369203 ], [ 30.388095776777664, 60.592715492818876 ], [ 30.38811633892217, 60.592676896713719 ], [ 30.388154120815368, 60.59263451370844 ], [ 30.388243708403245, 60.592551332366575 ], [ 30.3882973030105, 60.592523106633564 ], [ 30.388414392539346, 60.592485005838647 ], [ 30.388621344967405, 60.592431845271477 ], [ 30.388730860796663, 60.59242000934082 ], [ 30.388810419769868, 60.592420343393009 ], [ 30.389022103475675, 60.592441515632878 ], [ 30.389245303618011, 60.592461569092805 ], [ 30.389401154763785, 60.592471736407255 ], [ 30.389740994293163, 60.592490124166169 ], [ 30.389993065174785, 60.592508053618467 ], [ 30.390192844276417, 60.592531776893615 ], [ 30.390312211710821, 60.592562253491558 ], [ 30.390506597831564, 60.592644560896687 ], [ 30.39069067621082, 60.592732030422219 ], [ 30.39077776232752, 60.592803656820656 ], [ 30.390819097557966, 60.592882720578068 ], [ 30.390810119464302, 60.592948111246578 ], [ 30.39075830950258, 60.593020951522959 ], [ 30.390692922708983, 60.593055770442547 ], [ 30.39061507904141, 60.593072228065914 ], [ 30.390451629564428, 60.593089673571065 ], [ 30.390003456349291, 60.593119747926032 ], [ 30.389958448441657, 60.593126380407142 ], [ 30.389934998468163, 60.593142168019931 ], [ 30.389926538752515, 60.593166993505932 ], [ 30.389926290583205, 60.5931918533987 ], [ 30.389942571260754, 60.593210679502945 ], [ 30.389991650043715, 60.593232425290303 ], [ 30.390078349191491, 60.593252623391855 ], [ 30.39017729256453, 60.593261294884059 ], [ 30.390252491210223, 60.59326062255311 ], [ 30.390346482970688, 60.593249617790832 ], [ 30.3904563814379, 60.593236884537887 ], [ 30.390550318707188, 60.593229020677477 ], [ 30.39061250999718, 60.59323125547396 ], [ 30.390664459982418, 60.593245294472638 ], [ 30.390716199709551, 60.593282039486162 ], [ 30.390827717272241, 60.593365615150553 ], [ 30.390918233469623, 60.593418408158037 ], [ 30.391019041492651, 60.593445934460256 ], [ 30.391168432995823, 60.593471150793142 ], [ 30.391302189285948, 60.593482390257847 ], [ 30.391389874651068, 60.593477281944793 ], [ 30.39144238044916, 60.593459192231144 ], [ 30.391470726823687, 60.593424038676957 ], [ 30.39148744151613, 60.5933015988888 ], [ 30.391501517938227, 60.593141722053339 ], [ 30.391528028779597, 60.593096598495002 ], [ 30.391594124949989, 60.593052358315113 ], [ 30.391719534076131, 60.593007917094816 ], [ 30.391979745343217, 60.592935138882993 ], [ 30.392104814857852, 60.592889170124636 ], [ 30.392234452575867, 60.592821680157527 ], [ 30.392395884367737, 60.592730628532976 ], [ 30.392464140177186, 60.592709193599468 ], [ 30.392538915409542, 60.592701248418116 ], [ 30.392609830657225, 60.59270549318633 ], [ 30.392701630100373, 60.59272624936041 ], [ 30.392742688719551, 60.592758102519809 ], [ 30.392775059393315, 60.592859924948456 ], [ 30.392799217415355, 60.592898259429482 ], [ 30.39283730876037, 60.592932882458456 ], [ 30.392904686345144, 60.592951831427222 ], [ 30.392994940206179, 60.592956425840057 ], [ 30.393081117624124, 60.592943412082455 ], [ 30.393243833279385, 60.592904868912953 ], [ 30.393371627694446, 60.592891310304665 ], [ 30.393584020487108, 60.592882232293405 ], [ 30.3937124012403, 60.592887613184516 ], [ 30.393839107934056, 60.592916052899206 ], [ 30.394019534248379, 60.592983039469523 ], [ 30.394142988329882, 60.593062712973335 ], [ 30.394247489009395, 60.593119690400094 ], [ 30.394387580716341, 60.593165776363797 ], [ 30.394511254794814, 60.593190253802426 ], [ 30.394710861468653, 60.593203199512878 ], [ 30.394926869877601, 60.593217469545905 ], [ 30.395078433953813, 60.593233176962485 ], [ 30.395164755937092, 60.593254267697681 ], [ 30.395207577014727, 60.593279306357921 ], [ 30.395249355633936, 60.593322560052655 ], [ 30.395347374738726, 60.593459657007102 ], [ 30.395538418962264, 60.593716597852968 ], [ 30.395557576244869, 60.593770078928777 ], [ 30.395567249971791, 60.593833841984946 ], [ 30.395587741036067, 60.593894688137063 ], [ 30.395620382930051, 60.593938711567112 ], [ 30.395744099715841, 60.594035437263877 ], [ 30.395796439851946, 60.594101441472979 ], [ 30.395814158493895, 60.594143069463129 ], [ 30.39579878374926, 60.594198920342613 ], [ 30.395749257117682, 60.594245564804794 ], [ 30.395682398559785, 60.594270597231493 ], [ 30.395583686506004, 60.594290740728759 ], [ 30.395447007260149, 60.594300674576914 ], [ 30.395254102357359, 60.59429027081778 ], [ 30.394835780904906, 60.594239171234015 ], [ 30.394566106852572, 60.594214536270407 ], [ 30.394496929612984, 60.594215146306418 ], [ 30.394446578133678, 60.594224719861828 ], [ 30.394392450934877, 60.594252227826239 ], [ 30.394347886323729, 60.594296738385395 ], [ 30.394338310561306, 60.594333586079763 ], [ 30.394360533479112, 60.594399734906204 ], [ 30.394424929802732, 60.594507434050954 ], [ 30.394471805721732, 60.594604559527909 ], [ 30.394469635393708, 60.59465651610779 ], [ 30.394445897569049, 60.594710357564388 ], [ 30.394339604413457, 60.594810436426982 ], [ 30.394146380326319, 60.594935194160186 ], [ 30.394063490886136, 60.595000816142097 ], [ 30.394034359606103, 60.595060468883219 ], [ 30.394034700921413, 60.595136130059608 ], [ 30.394087319431026, 60.595249524405695 ], [ 30.394174739565649, 60.595429927636253 ], [ 30.394294966644381, 60.595623570777704 ], [ 30.394308217318635, 60.595691477309998 ], [ 30.394284148952529, 60.59574325309481 ], [ 30.394244982450115, 60.595781503515958 ], [ 30.394159963146013, 60.595811665216701 ], [ 30.394052688281985, 60.595830605231477 ], [ 30.393970003357975, 60.595841749395298 ], [ 30.393869862543561, 60.595859731682083 ], [ 30.39377114170415, 60.595890643888175 ], [ 30.393601121562742, 60.595949799955733 ], [ 30.393289843087135, 60.596114722040411 ], [ 30.393219293588164, 60.596173573847153 ], [ 30.393185130169368, 60.596228538409534 ], [ 30.393181952675882, 60.59631764751181 ], [ 30.39322943388667, 60.596432546539233 ], [ 30.393267632188081, 60.596493018029236 ], [ 30.393304190861635, 60.596521531469968 ], [ 30.39335401927924, 60.596542561109018 ], [ 30.39342392085684, 60.596553173489454 ], [ 30.393500763403104, 60.596552865157591 ], [ 30.393649826865854, 60.596534458510675 ], [ 30.393741954150173, 60.596526225851761 ], [ 30.393914739323542, 60.59651868769037 ], [ 30.394165392406379, 60.59651488363275 ], [ 30.394566083975239, 60.596520857173232 ], [ 30.394760132394843, 60.596529202370796 ], [ 30.394890416635956, 60.596541500787183 ], [ 30.394973614025833, 60.596564373646729 ], [ 30.395006375716726, 60.596590896339379 ], [ 30.395041794671879, 60.596643367971062 ], [ 30.395064352259588, 60.596743354003912 ], [ 30.395055297594514, 60.596824271429142 ], [ 30.395036888146485, 60.596939793736041 ], [ 30.395042334122657, 60.597015924826842 ], [ 30.395067486612209, 60.597060455775484 ], [ 30.39512072979241, 60.597095320511812 ], [ 30.39521687404703, 60.597118964958625 ], [ 30.395615389465021, 60.597199060264977 ], [ 30.395830292215042, 60.597258109696817 ], [ 30.396014688600019, 60.597318737620405 ], [ 30.396144013905644, 60.597387214676687 ], [ 30.396267331193503, 60.597486810160305 ], [ 30.396354392824644, 60.597571985036595 ], [ 30.396392767381208, 60.59762258377301 ], [ 30.396421404762656, 60.597676911698215 ], [ 30.396426643578181, 60.597722706171922 ], [ 30.396446366014832, 60.597775381662963 ], [ 30.396488135218725, 60.597862253646539 ], [ 30.396544355956806, 60.59791525974255 ], [ 30.396648745286836, 60.59800122415934 ], [ 30.39676385671941, 60.598100605696487 ], [ 30.396944216406066, 60.598258864190107 ], [ 30.397010703166, 60.59833067041636 ], [ 30.397027006850919, 60.598380549404524 ], [ 30.397016725703452, 60.598426728400554 ], [ 30.396987074406837, 60.598452902647836 ], [ 30.396931341370575, 60.598467301415432 ], [ 30.396779809132823, 60.598490907048806 ], [ 30.396434085574239, 60.598545749456385 ], [ 30.396259798417361, 60.598576440316421 ], [ 30.396188077323497, 60.598597144836219 ], [ 30.396133520807002, 60.598628062245723 ], [ 30.396109461336749, 60.598668709304526 ], [ 30.396102805926162, 60.598716249513025 ], [ 30.396130287691406, 60.598763482409858 ], [ 30.396207354706274, 60.598835602119451 ], [ 30.396254429570202, 60.598889826945509 ], [ 30.39628106942493, 60.598943608110496 ], [ 30.39630808976538, 60.598996493340081 ], [ 30.396337614366761, 60.599020399513989 ], [ 30.396384057727772, 60.5990369264536 ], [ 30.3965313060061, 60.599061140558049 ], [ 30.396632436001447, 60.599071162522414 ], [ 30.396743773225246, 60.599071354096104 ], [ 30.396850733222792, 60.59907134796407 ], [ 30.396922871496852, 60.599079634234272 ], [ 30.396998593831935, 60.599102474876567 ], [ 30.397074162392677, 60.599155650516394 ], [ 30.397109359092962, 60.599200132847216 ], [ 30.397122338205445, 60.59925233157923 ], [ 30.397132895397153, 60.599318072621806 ], [ 30.397162285370033, 60.59938191703435 ], [ 30.397203681926865, 60.599416103667153 ], [ 30.397326199279032, 60.599467050025495 ], [ 30.397455051346594, 60.599521163721121 ], [ 30.397593643087806, 60.599603499198608 ], [ 30.397663537415838, 60.599668408365275 ], [ 30.397726519583355, 60.599785344234469 ], [ 30.397803783191581, 60.599931777228512 ], [ 30.397811206921066, 60.599988709713713 ], [ 30.397804026288433, 60.600067121995551 ], [ 30.397793833324993, 60.600150906863597 ], [ 30.397789784403574, 60.60019558588975 ], [ 30.397806544061829, 60.600218900497602 ], [ 30.397871560931176, 60.600248876452866 ], [ 30.397911474566271, 60.600273812430714 ], [ 30.397921320075167, 60.600295841962676 ], [ 30.397896749298653, 60.600334422956976 ], [ 30.397884907243029, 60.600365158472172 ], [ 30.397888898413068, 60.600398651891936 ], [ 30.39794475804889, 60.600483876297936 ], [ 30.39802276725781, 60.600554742303828 ], [ 30.398178310237679, 60.600638852394241 ], [ 30.398241577230003, 60.600696553843832 ], [ 30.398292801057512, 60.60075402606148 ], [ 30.398308263165493, 60.600821312988579 ], [ 30.398324808449487, 60.600900002695077 ], [ 30.398349593163534, 60.600966520331482 ], [ 30.398385623483083, 60.601015852270152 ], [ 30.398435408520406, 60.601040021061046 ], [ 30.398484232972745, 60.601045607519623 ], [ 30.398571512980293, 60.601043993045494 ], [ 30.39868306403493, 60.601042747859772 ], [ 30.398837094521543, 60.601055230043514 ], [ 30.398957758900774, 60.601076190569614 ], [ 30.399151411600347, 60.60113083892665 ], [ 30.399388648774067, 60.601220130699559 ], [ 30.399652125710816, 60.601322902889812 ], [ 30.399737823702896, 60.601371361903929 ], [ 30.399797700251519, 60.601424740621539 ], [ 30.399843233749404, 60.601495023126418 ], [ 30.399880501724482, 60.601611223842674 ], [ 30.399885899474274, 60.601701624774563 ], [ 30.399844068747836, 60.601907070957466 ], [ 30.399801184654308, 60.60203496838777 ], [ 30.399641411275525, 60.602348706619232 ], [ 30.399586135666429, 60.602485976762438 ], [ 30.399548049852058, 60.6026750139212 ], [ 30.399492745177316, 60.603017543189623 ], [ 30.399505275039839, 60.603192877413946 ], [ 30.399537563813869, 60.60326920849289 ], [ 30.399620795763113, 60.603344851785813 ], [ 30.399844361183089, 60.603584149129155 ], [ 30.399964958552374, 60.603727617785061 ], [ 30.40019481844914, 60.604026444947714 ], [ 30.400533704538745, 60.603979552404837 ], [ 30.400807429292602, 60.604060913967572 ], [ 30.401080791153905, 60.604077742919571 ], [ 30.401107521384276, 60.604030195187669 ], [ 30.401048578956726, 60.603867684411739 ], [ 30.400808521135609, 60.603556251776624 ], [ 30.40067377023648, 60.603396839905244 ], [ 30.400413560957244, 60.603122211151046 ], [ 30.400406776021558, 60.603027406790098 ], [ 30.400457179010338, 60.60271492342347 ], [ 30.400490072722157, 60.602551802561187 ], [ 30.400532381642947, 60.602446878677398 ], [ 30.400701701989533, 60.602107958757493 ], [ 30.400752183215467, 60.601951731117275 ], [ 30.40079400823269, 60.601746284644321 ], [ 30.400798094864552, 60.601688412386004 ], [ 30.400792694566206, 60.601598011487432 ], [ 30.400781975178926, 60.601541334909449 ], [ 30.400744704042044, 60.601425134439054 ], [ 30.400712790981057, 60.601358857229137 ], [ 30.400667255781634, 60.601288575016603 ], [ 30.400596887283239, 60.601208048932058 ], [ 30.400531973892733, 60.601150252098336 ], [ 30.400426618834363, 60.601076941656991 ], [ 30.400340920585556, 60.601028483081784 ], [ 30.400219410518869, 60.60097135088661 ], [ 30.399943421514116, 60.600863771549818 ], [ 30.399706185412324, 60.600774480757522 ], [ 30.399605619838916, 60.60074166683895 ], [ 30.399411968695297, 60.600687019138441 ], [ 30.399261773138502, 60.600653103044216 ], [ 30.399162586478582, 60.600635821304436 ], [ 30.399128777271414, 60.600573933658531 ], [ 30.399044891863571, 60.600483568231461 ], [ 30.398972453023863, 60.600417751814454 ], [ 30.398833917363714, 60.60029960757975 ], [ 30.398802778771341, 60.600177508273738 ], [ 30.398717580209027, 60.600067930609825 ], [ 30.39872296785251, 60.600008896999128 ], [ 30.398721976910764, 60.599959978890837 ], [ 30.398714551583804, 60.599903046453868 ], [ 30.398687143626422, 60.599819106458881 ], [ 30.398608636945191, 60.59967042509345 ], [ 30.398545651807105, 60.599553489633742 ], [ 30.398470064989088, 60.599458401275562 ], [ 30.398387764387689, 60.599382402027899 ], [ 30.398296697603929, 60.599317405863161 ], [ 30.398158105290875, 60.599235071109938 ], [ 30.398015254448367, 60.599145628335677 ], [ 30.397959789307155, 60.599037429432684 ], [ 30.397924591611709, 60.598992947323232 ], [ 30.397822163395386, 60.598898645235685 ], [ 30.397746594200612, 60.598845470015611 ], [ 30.397586148484883, 60.598771121920684 ], [ 30.397813901272134, 60.59864506588292 ], [ 30.397923937905421, 60.598475532864654 ], [ 30.39793421777367, 60.598429353797528 ], [ 30.397939549952838, 60.598384321053786 ], [ 30.397928054244989, 60.59830933188929 ], [ 30.39791174920498, 60.598259453008673 ], [ 30.397841248184744, 60.598144729900696 ], [ 30.397740287496283, 60.598039484226859 ], [ 30.397556868541542, 60.597878521650323 ], [ 30.397432217683871, 60.597771203318281 ], [ 30.397349064890765, 60.597702738916126 ], [ 30.397332598487854, 60.59765169253285 ], [ 30.397304706793967, 60.597564339690372 ], [ 30.397276068026265, 60.597510011951556 ], [ 30.397247804984652, 60.597465737820492 ], [ 30.397209429273726, 60.597415139326721 ], [ 30.397169674862184, 60.597370458655583 ], [ 30.397046835561284, 60.597253454379612 ], [ 30.396923516754846, 60.597153859609278 ], [ 30.396812684787367, 60.597081869815582 ], [ 30.396683359279923, 60.597013393402499 ], [ 30.39652189886953, 60.596945681319049 ], [ 30.396275403754867, 60.596866398007343 ], [ 30.396060502787261, 60.596807349289612 ], [ 30.395976848863917, 60.596747138984433 ], [ 30.395971373503016, 60.596693894206958 ], [ 30.395948813143971, 60.596593908322703 ], [ 30.395907863146018, 60.596502013509401 ], [ 30.395872442938032, 60.596449542104367 ], [ 30.395753464256877, 60.596331385847293 ], [ 30.395418908828429, 60.596172665525899 ], [ 30.395335712128261, 60.596149792942931 ], [ 30.395062424367062, 60.596100821631666 ], [ 30.394889668134205, 60.596085564741855 ], [ 30.395031329162627, 60.596009146946621 ], [ 30.39509922693632, 60.595945077651457 ], [ 30.395173795222075, 60.595843251013825 ], [ 30.395197862240121, 60.595791475067898 ], [ 30.395220684129136, 60.595695267410981 ], [ 30.395216557694635, 60.595648579981287 ], [ 30.395203305129783, 60.595580673536105 ], [ 30.39516776859297, 60.595492570465375 ], [ 30.39505570335244, 60.595312245090064 ], [ 30.394973217311257, 60.595141825248405 ], [ 30.395065489988628, 60.5950823447033 ], [ 30.395148352964, 60.595018158005978 ], [ 30.39525464430676, 60.594918078501337 ], [ 30.395337608010561, 60.594805426784383 ], [ 30.395439309933391, 60.594749395631766 ], [ 30.395580465550101, 60.59474459613719 ], [ 30.395717146632421, 60.594734662155709 ], [ 30.395933367318186, 60.594705222871823 ], [ 30.396032080422007, 60.594685079119081 ], [ 30.396131954444009, 60.594661080828701 ], [ 30.396301950889857, 60.594602639471042 ], [ 30.396558000662932, 60.594453277869867 ], [ 30.3966075264495, 60.594406633108548 ], [ 30.396702943169977, 60.594259119128239 ], [ 30.396718316383065, 60.594203268143318 ], [ 30.396726581854534, 60.594146849232928 ], [ 30.396689513677369, 60.594009467138854 ], [ 30.396646566082737, 60.593938386382391 ], [ 30.396594224472032, 60.593872382502489 ], [ 30.396538096680917, 60.593814350727143 ], [ 30.396471119649604, 60.593761120532307 ], [ 30.396456239765349, 60.593692220201852 ], [ 30.396437081041533, 60.593638739252299 ], [ 30.396395318510699, 60.59356245778104 ], [ 30.396206231075645, 60.593308129044964 ], [ 30.396110169927805, 60.593173733357716 ], [ 30.396073507445699, 60.59313005238262 ], [ 30.396001559040339, 60.593058222962 ], [ 30.395862996807622, 60.592965384963897 ], [ 30.395570758347301, 60.592852433588192 ], [ 30.395484437168815, 60.592831343114874 ], [ 30.395266635561892, 60.592794090373708 ], [ 30.395048379321906, 60.592772721249133 ], [ 30.394817243663365, 60.592757491065996 ], [ 30.394745227644353, 60.59271106010199 ], [ 30.394569328226467, 60.592624886684412 ], [ 30.394388902763211, 60.592557900853379 ], [ 30.394301981270381, 60.592529357813483 ], [ 30.394217859202904, 60.592507826906242 ], [ 30.394091153771313, 60.592479387550377 ], [ 30.393789804218933, 60.592440528378923 ], [ 30.393661425226501, 60.592435147564103 ], [ 30.393505031844061, 60.592435214533687 ], [ 30.393377013393277, 60.592440694774389 ], [ 30.39316451428499, 60.592339558215329 ], [ 30.393082756361707, 60.592318574942603 ], [ 30.392990957828122, 60.592297819030101 ], [ 30.392649153144543, 60.592255826914275 ], [ 30.392546652328281, 60.592252527445311 ], [ 30.392271515376773, 60.592270586322499 ], [ 30.392014655638416, 60.592318697653454 ], [ 30.391904763347927, 60.592352433857172 ], [ 30.391708246132502, 60.592435709545661 ], [ 30.391558792595667, 60.592519989340573 ], [ 30.391473702648867, 60.592501773432261 ], [ 30.39132456452479, 60.592409335240788 ], [ 30.391101917111126, 60.592304473190239 ], [ 30.390907531509793, 60.592222166646984 ], [ 30.390732620436577, 60.592163994481794 ], [ 30.390613254071621, 60.592133518258713 ], [ 30.39040697103416, 60.592095587769137 ], [ 30.390123569998689, 60.592063975506512 ], [ 30.389840695724864, 60.592044122187538 ], [ 30.389511071503339, 60.592026226257147 ], [ 30.389387303384638, 60.592018168146268 ], [ 30.389195081366452, 60.592000847660678 ], [ 30.388992325995432, 60.591980610666248 ], [ 30.388738650451629, 60.59197128864043 ], [ 30.388534997614364, 60.591981741917486 ], [ 30.388425483199025, 60.59199357769041 ], [ 30.388198862064147, 60.592034090186154 ], [ 30.38799191149382, 60.592087250105138 ], [ 30.38791102597126, 60.592110783668595 ], [ 30.387796197546908, 60.592102851429033 ], [ 30.387726855385853, 60.592050235096728 ], [ 30.387432572222011, 60.591910062753684 ], [ 30.38732328021738, 60.591877651466937 ], [ 30.386982677939102, 60.591819674267775 ], [ 30.386822824159353, 60.591809038504202 ], [ 30.386708294788392, 60.591804965866551 ], [ 30.386574961030355, 60.591811853202998 ], [ 30.386508689602568, 60.591750722856148 ], [ 30.386376860595529, 60.59165036424303 ], [ 30.386290243392232, 60.59159444328116 ], [ 30.386067556666557, 60.591472160968792 ], [ 30.385960760864297, 60.591422347451235 ], [ 30.385768297465546, 60.591345965032588 ], [ 30.385658366884257, 60.591308523636172 ], [ 30.385566619872652, 60.591285249799434 ], [ 30.385458820503846, 60.591261638848131 ], [ 30.38536781640304, 60.591216738087837 ], [ 30.385300059870197, 60.591146805281994 ], [ 30.385149092526625, 60.59102464489736 ], [ 30.385013824779065, 60.590933514701732 ], [ 30.38475515622369, 60.590813680834515 ], [ 30.38467151192318, 60.590786312108122 ], [ 30.384525579238755, 60.590752128016582 ], [ 30.384345092640849, 60.590648689467621 ], [ 30.38426643029376, 60.590607789207247 ], [ 30.384051457036122, 60.590525205953952 ], [ 30.383898553086571, 60.590482824335481 ], [ 30.383721295463261, 60.590445275653749 ], [ 30.383539487762803, 60.590417490283485 ], [ 30.38335167641841, 60.590399103041342 ], [ 30.383159132225281, 60.590390478294864 ], [ 30.382993625622252, 60.590390494293487 ], [ 30.382766446337591, 60.59040065945716 ], [ 30.382650234446384, 60.590409590046093 ], [ 30.382315265498317, 60.590447837600799 ], [ 30.381685296403877, 60.590544604321124 ], [ 30.38133381667657, 60.590608447937853 ], [ 30.381058682507426, 60.59047121491394 ], [ 30.380989705627414, 60.590440136772536 ], [ 30.380537657206059, 60.590256645749648 ], [ 30.380455882066531, 60.590227038563796 ], [ 30.380290571489216, 60.590174547845528 ], [ 30.380137187435881, 60.590139070668194 ], [ 30.380037684688393, 60.59012141424445 ], [ 30.379914571248914, 60.590097464239278 ], [ 30.37944570462226, 60.58991632102007 ], [ 30.379027510529021, 60.589769587666545 ], [ 30.378922502277018, 60.589743470313209 ], [ 30.378709433749712, 60.589698761379054 ], [ 30.378513785157097, 60.589669922728312 ], [ 30.378325040193602, 60.58965313992551 ], [ 30.378170611886631, 60.589646017262766 ], [ 30.378077151748961, 60.589647950898168 ], [ 30.377938906647405, 60.589654359835315 ], [ 30.377677591709666, 60.589686089931753 ], [ 30.377578885704533, 60.589706040668169 ], [ 30.377476449355573, 60.58973055264417 ], [ 30.377255261547774, 60.589814688766062 ], [ 30.377085376472365, 60.589917802357625 ], [ 30.377027427932678, 60.589975173971034 ], [ 30.376874291593591, 60.59007010202042 ], [ 30.37676487540686, 60.590066222270508 ], [ 30.376389156560833, 60.590035531097428 ], [ 30.376246362034145, 60.590020558072631 ], [ 30.376018161592899, 60.58998547297697 ], [ 30.375837106534494, 60.589967193924096 ], [ 30.375676670445095, 60.589959234818799 ], [ 30.375523230806976, 60.589958036903745 ], [ 30.375406925389264, 60.589961934751493 ], [ 30.375150064337948, 60.589989191527522 ], [ 30.374937334916865, 60.590028215549737 ], [ 30.374772396992462, 60.590068162930237 ], [ 30.374647814528938, 60.590106488813149 ], [ 30.374445402380701, 60.590191149886337 ], [ 30.374210939553638, 60.590323330276128 ], [ 30.373944374666806, 60.590485348681682 ], [ 30.373333143400746, 60.590808957221476 ], [ 30.373255085020077, 60.590857714125057 ], [ 30.373174526369279, 60.590893177071315 ], [ 30.372852290609902, 60.590994101992678 ], [ 30.372777187721905, 60.591020343923731 ], [ 30.372622466164827, 60.591080436973655 ], [ 30.372480280564726, 60.591112940756162 ], [ 30.372357562165895, 60.59110783317238 ], [ 30.372221086634571, 60.591106704796125 ], [ 30.372125498869462, 60.591084482114162 ], [ 30.37190683338585, 60.590975207300488 ], [ 30.371639315739191, 60.590883491411617 ], [ 30.371465388934304, 60.590833824499768 ], [ 30.371320209239435, 60.590778717269984 ], [ 30.371195622157504, 60.590735366665875 ], [ 30.370997526363301, 60.590690351271377 ], [ 30.370730407410388, 60.590658140085218 ], [ 30.370619183048198, 60.590653260214722 ], [ 30.370466455718951, 60.590652867351579 ], [ 30.370324936592983, 60.590658356728767 ], [ 30.370208184275864, 60.590666645917182 ], [ 30.369983317011783, 60.590689992784498 ], [ 30.369802600504048, 60.590703658337866 ], [ 30.369629514697362, 60.590709009951269 ], [ 30.36948576655077, 60.590706500936477 ], [ 30.369362862526827, 60.590691517197421 ], [ 30.369263585157984, 60.590671699703996 ], [ 30.369171570713075, 60.590643746369594 ], [ 30.368949751113945, 60.590578700144299 ], [ 30.36876435765404, 60.590537865187187 ], [ 30.368622244194761, 60.59051552740852 ], [ 30.368370074956044, 60.590494415877423 ], [ 30.368220114431903, 60.590492416970484 ], [ 30.368050648080903, 60.590499487558596 ], [ 30.367915216659238, 60.590511462952982 ], [ 30.367725042746503, 60.590533521093967 ], [ 30.367501870618295, 60.590533625699116 ], [ 30.367397438496624, 60.590536670823859 ], [ 30.367136043798777, 60.590551596604755 ], [ 30.367004802014652, 60.590563948352106 ], [ 30.366554803313626, 60.590625079684678 ], [ 30.36609525414902, 60.590699630418968 ], [ 30.365893759199142, 60.590691659708739 ], [ 30.365774722797447, 60.590694998749441 ], [ 30.365678817166138, 60.590700772329043 ], [ 30.365382591341255, 60.590744621702797 ], [ 30.36527590362947, 60.590771439293739 ], [ 30.365078401776088, 60.590845337637994 ], [ 30.364849044954934, 60.590904736097471 ], [ 30.364553854540397, 60.59096178155734 ], [ 30.364409021851465, 60.590948581980278 ], [ 30.364264813470928, 60.590941218790142 ], [ 30.364107731746547, 60.590939363571835 ], [ 30.363991983518037, 60.590942446189288 ], [ 30.363863381333775, 60.590949959884952 ], [ 30.363737071411144, 60.59096188130556 ], [ 30.363549182703295, 60.59098843109085 ], [ 30.363455295962062, 60.590993493929972 ], [ 30.363215123620606, 60.590984990451794 ], [ 30.363034239736045, 60.59089704810858 ], [ 30.362916772967733, 60.590854080031789 ], [ 30.362835502868318, 60.590827605529888 ], [ 30.362532170518996, 60.590770178354475 ], [ 30.362347238114957, 60.590754556514476 ], [ 30.362188199255563, 60.590749997905974 ], [ 30.362001200635756, 60.590757701738667 ], [ 30.361684591669025, 60.590808274336297 ], [ 30.361527531299263, 60.590574679294107 ], [ 30.361147267869406, 60.590403195805045 ], [ 30.361061878301889, 60.590382625628429 ], [ 30.360813878783024, 60.590343298762321 ], [ 30.360691805824562, 60.590333067499451 ], [ 30.360546670750566, 60.59032668346255 ], [ 30.360402057758261, 60.59033169994003 ], [ 30.360269947853769, 60.590341528226922 ], [ 30.359961893084741, 60.59039339099985 ], [ 30.359867811632, 60.590419182924904 ], [ 30.3597375074079, 60.590450020379897 ], [ 30.359352855116814, 60.590389534290651 ], [ 30.359195292950638, 60.590384170882544 ], [ 30.358818729902183, 60.590420291029062 ], [ 30.358721300473757, 60.590439515522867 ], [ 30.358585149707594, 60.590470684998643 ], [ 30.358585128889398, 60.590491776379992 ], [ 30.35859067880611, 60.590507597104036 ], [ 30.358601339334825, 60.590523350689352 ], [ 30.3586229952613, 60.590536550145089 ], [ 30.358654967620655, 60.590544410182602 ], [ 30.358706051039682, 60.590554957535119 ], [ 30.358773033412195, 60.590564228930731 ], [ 30.358810662198586, 60.590572113950799 ], [ 30.358845506471152, 60.59058258942251 ], [ 30.358899157982894, 60.590602392406375 ], [ 30.358931143965552, 60.590619496785088 ], [ 30.358952813588036, 60.59064194059458 ], [ 30.358971381355062, 60.590664370684642 ], [ 30.358987626326872, 60.590684097972904 ], [ 30.35900380695713, 60.59069736290661 ], [ 30.359024964979671, 60.590707867566231 ], [ 30.359060016534531, 60.590716997633471 ], [ 30.359092012139811, 60.590723601154977 ], [ 30.359140598452264, 60.590721033662746 ], [ 30.359183444293098, 60.590713055722219 ], [ 30.359223464150737, 60.590699949473645 ], [ 30.359269253961251, 60.590690638253754 ], [ 30.35932020289221, 60.590698581998403 ], [ 30.359365581205811, 60.590711796413373 ], [ 30.359387117904962, 60.590731547035517 ], [ 30.359389701287036, 60.590749957393541 ], [ 30.359384754451618, 60.590771027005971 ], [ 30.35937104930964, 60.590792057917035 ], [ 30.359352319241449, 60.590818451678317 ], [ 30.359322697477708, 60.590851708127438 ], [ 30.359382533744331, 60.590902592070485 ], [ 30.359476042191758, 60.590948239698129 ], [ 30.359768751919447, 60.591037578241128 ] ] ] } },
{ "type": "Feature", "properties": { }, "geometry": { "type": "Polygon", "coordinates": [ [ [ 30.21897256268748, 60.569961008184542 ], [ 30.218869870029724, 60.569937738894104 ], [ 30.21874340962734, 60.569949432685888 ], [ 30.218419929822755, 60.569988230036586 ], [ 30.218072443932382, 60.569999879589353 ], [ 30.217756740131918, 60.569968980210767 ], [ 30.217433082369052, 60.569910841452533 ], [ 30.217275471682999, 60.569856574443939 ], [ 30.217101588326504, 60.569747827940837 ], [ 30.216983219881627, 60.569732369429857 ], [ 30.216841266126149, 60.569751784893704 ], [ 30.21675414134484, 60.569806145601248 ], [ 30.216714831150906, 60.569899182770158 ], [ 30.216730794856471, 60.570015589690669 ], [ 30.216896819327101, 60.57020560936099 ], [ 30.217291292162258, 60.57053519044144 ], [ 30.217433463426893, 60.57065937974366 ], [ 30.217551941771429, 60.57069431474298 ], [ 30.217686267473873, 60.570705911082243 ], [ 30.217859769128015, 60.570678679605741 ], [ 30.218672654478812, 60.570449685039563 ], [ 30.218980301723317, 60.570345011841304 ], [ 30.219059567379158, 60.570275169267269 ], [ 30.219082906235705, 60.570170376239808 ], [ 30.219043486882413, 60.570042442745923 ], [ 30.21897256268748, 60.569961008184542 ] ] ] } },
{ "type": "Feature", "properties": { }, "geometry": { "type": "Polygon", "coordinates": [ [ [ 30.218214775064347, 60.571810698393769 ], [ 30.218078599162048, 60.571840378627385 ], [ 30.217791289286087, 60.571948212824481 ], [ 30.217655136466846, 60.571944594572116 ], [ 30.217473714802761, 60.571918559140343 ], [ 30.21729223550442, 60.571911191669699 ], [ 30.217156353397325, 60.57195200189193 ], [ 30.217095764369727, 60.572026253915787 ], [ 30.217088217474799, 60.572134005298985 ], [ 30.217148711955044, 60.572200843722683 ], [ 30.217322616223761, 60.572252866599179 ], [ 30.217489338416151, 60.572267692332986 ], [ 30.217655638865551, 60.572252807464793 ], [ 30.217814209103665, 60.572200722491118 ], [ 30.217874907736565, 60.572137689813125 ], [ 30.217965211091801, 60.57205588152253 ], [ 30.218237368053622, 60.571940694013541 ], [ 30.218320544709041, 60.571899773601352 ], [ 30.218343241188524, 60.571847751674632 ], [ 30.218290295070965, 60.571818022919111 ], [ 30.218214775064347, 60.571810698393769 ] ] ] } },
{ "type": "Feature", "properties": { }, "geometry": { "type": "Polygon", "coordinates": [ [ [ 30.213846140513077, 60.572437048140294 ], [ 30.21369813393623, 60.572393241165429 ], [ 30.21347107071005, 60.572393336037187 ], [ 30.213194456771269, 60.572471062518289 ], [ 30.21291793943978, 60.572616552145668 ], [ 30.21257250840635, 60.572936857895343 ], [ 30.212523086775892, 60.573072739765969 ], [ 30.212532794037852, 60.573198985434267 ], [ 30.212622101943587, 60.573305655572518 ], [ 30.212809792268903, 60.573392943392491 ], [ 30.213066395551831, 60.573441478911349 ], [ 30.213411938814133, 60.573460796152318 ], [ 30.213718209231114, 60.573402619167588 ], [ 30.213866257480277, 60.573276435018343 ], [ 30.213935276752075, 60.573072538453651 ], [ 30.21398471262545, 60.572815490227875 ], [ 30.213954850561944, 60.572572814356313 ], [ 30.213846140513077, 60.572437048140294 ] ] ] } },
{ "type": "Feature", "properties": { }, "geometry": { "type": "Polygon", "coordinates": [ [ [ 30.175682465826501, 60.579561514433081 ], [ 30.17591706840183, 60.579927000868025 ], [ 30.175974168214108, 60.579995543760774 ], [ 30.176053473577291, 60.58005856079609 ], [ 30.176173644742843, 60.580136713386544 ], [ 30.176274117621809, 60.580191864847286 ], [ 30.176391583929995, 60.580238229068712 ], [ 30.17654398953675, 60.580288206008859 ], [ 30.176675936815556, 60.580324062949074 ], [ 30.176818002028018, 60.580348759189626 ], [ 30.177163412592606, 60.580391145869989 ], [ 30.177298467593168, 60.580403863930954 ], [ 30.177368121787332, 60.580451027868087 ], [ 30.177631357841111, 60.58061159147087 ], [ 30.178388185650611, 60.581179880220994 ], [ 30.178476158161452, 60.581254613683654 ], [ 30.178524070905794, 60.581364478451654 ], [ 30.178584171245305, 60.581644136102675 ], [ 30.178604151735271, 60.581701334212937 ], [ 30.178725006481692, 60.581896705545155 ], [ 30.178938662636252, 60.582163427147741 ], [ 30.178997274224464, 60.582222553364559 ], [ 30.179440069860284, 60.582596683604386 ], [ 30.179935071345781, 60.582947059383308 ], [ 30.180426668882575, 60.58329525960275 ], [ 30.180493363000309, 60.583336929886208 ], [ 30.180827743028907, 60.583522488824556 ], [ 30.180936536990028, 60.583573735447793 ], [ 30.181060704476753, 60.58361528738024 ], [ 30.181373891600145, 60.583702533486708 ], [ 30.181502904170532, 60.583732175752154 ], [ 30.181902531453265, 60.583790388958185 ], [ 30.182032840473973, 60.583803882666423 ], [ 30.182389135660173, 60.583827649625626 ], [ 30.18248190795428, 60.58383150326668 ], [ 30.182957626650261, 60.583827772104158 ], [ 30.183062990732658, 60.583823799366463 ], [ 30.183528532280238, 60.583779888306687 ], [ 30.183657747035294, 60.583762588970103 ], [ 30.184181444912756, 60.583651066284155 ], [ 30.184285332782711, 60.583624645948319 ], [ 30.185897008314107, 60.583077133788969 ], [ 30.187798858458095, 60.582437825002415 ], [ 30.189466589585329, 60.581914194810459 ], [ 30.190455411108694, 60.581656214558507 ], [ 30.190582228227544, 60.581616187518151 ], [ 30.19088402449739, 60.58148165752111 ], [ 30.190983791206428, 60.58142819305688 ], [ 30.191240533042375, 60.581238836752483 ], [ 30.191312659985773, 60.581173726778061 ], [ 30.191546179783312, 60.580838659226309 ], [ 30.191582343244541, 60.580766793058203 ], [ 30.191594060554227, 60.580694967659483 ], [ 30.191593410898303, 60.580356955386215 ], [ 30.191580730737286, 60.580283106723037 ], [ 30.1915465627165, 60.580215418797827 ], [ 30.191372182873799, 60.579958005606663 ], [ 30.191121740734808, 60.579653758125843 ], [ 30.190921704459168, 60.579393865037048 ], [ 30.190879291334031, 60.579304499689357 ], [ 30.190897195473354, 60.579241146229627 ], [ 30.191034174692891, 60.579094101533578 ], [ 30.191549385742054, 60.578678868712622 ], [ 30.191944902236241, 60.578373440593872 ], [ 30.191995747626184, 60.57832876290086 ], [ 30.192220046618672, 60.5780668800423 ], [ 30.192261030613412, 60.578007067876015 ], [ 30.192332592566803, 60.577872216300321 ], [ 30.192356721463497, 60.57780773115276 ], [ 30.192428924757895, 60.577622083128333 ], [ 30.192652891813896, 60.577592208415737 ], [ 30.192746094903622, 60.577576940117403 ], [ 30.193083620563375, 60.577511537790656 ], [ 30.193196138578742, 60.577512713571849 ], [ 30.193407528484911, 60.577552593971625 ], [ 30.193800120284969, 60.577612886110522 ], [ 30.19394222042903, 60.577628319828534 ], [ 30.194281968649982, 60.577639486101461 ], [ 30.194432680919505, 60.577637645730491 ], [ 30.194580577606935, 60.577623582908402 ], [ 30.194669205619743, 60.577608915678809 ], [ 30.194855741884389, 60.577572722528963 ], [ 30.194990942051255, 60.577539918950372 ], [ 30.195113253216466, 60.577496631116809 ], [ 30.195327613099618, 60.577393638983622 ], [ 30.195425240317459, 60.577337197328475 ], [ 30.195491030131151, 60.577284973730499 ], [ 30.195770339131233, 60.577024831636983 ], [ 30.196351933904829, 60.57713850870919 ], [ 30.197017333136149, 60.577288107774123 ], [ 30.197133757868045, 60.577309496605466 ], [ 30.19750296828521, 60.577363542947353 ], [ 30.197584192687536, 60.577455368504587 ], [ 30.19763611221525, 60.577505294041472 ], [ 30.197803260097544, 60.57764382579937 ], [ 30.197884031313677, 60.577700286070282 ], [ 30.198136184486071, 60.577830948798585 ], [ 30.198208559936827, 60.577864115696393 ], [ 30.198485631805561, 60.577966556101217 ], [ 30.198597147384682, 60.578183756287217 ], [ 30.198628476491898, 60.578232847625216 ], [ 30.198712054467407, 60.578341379687153 ], [ 30.19875777385062, 60.578391359665694 ], [ 30.19891422314868, 60.578519687790838 ], [ 30.199002759997665, 60.578579691360325 ], [ 30.199101779712095, 60.57862817568386 ], [ 30.199306099211185, 60.578713960306779 ], [ 30.199428406259624, 60.57875727979166 ], [ 30.199563361856313, 60.578790079382365 ], [ 30.199798290234636, 60.578830351041475 ], [ 30.200133927740278, 60.578877829113644 ], [ 30.200271518307694, 60.578891435711505 ], [ 30.200497022328065, 60.578897637026287 ], [ 30.20064758062815, 60.578894801485504 ], [ 30.200794954021902, 60.578879831318709 ], [ 30.200933100576542, 60.578853679949418 ], [ 30.201081121385574, 60.578818608514794 ], [ 30.201270428150654, 60.57883609400082 ], [ 30.201434672145055, 60.578919766000197 ], [ 30.201764074644966, 60.57908711450105 ], [ 30.202320548766917, 60.579358858496249 ], [ 30.203603815013864, 60.580040701915792 ], [ 30.203986559126541, 60.580277003432961 ], [ 30.204198768253391, 60.580417214551801 ], [ 30.204285738119196, 60.580466704755978 ], [ 30.204422647578767, 60.580533975265368 ], [ 30.204537749255852, 60.580581827192916 ], [ 30.204898715571016, 60.58068705560396 ], [ 30.205622410460393, 60.580892582897164 ], [ 30.205819381988647, 60.58095022394938 ], [ 30.205961889813203, 60.581004330411183 ], [ 30.206199389739574, 60.581124215514606 ], [ 30.206567935701013, 60.581304963411505 ], [ 30.206655364127343, 60.58134269701717 ], [ 30.206922849771249, 60.581443989316831 ], [ 30.207008476575801, 60.581472827172888 ], [ 30.207458931159319, 60.581590483145149 ], [ 30.20781983514415, 60.581667520946027 ], [ 30.208048407256314, 60.58180332907142 ], [ 30.208145670831968, 60.581857810250938 ], [ 30.208376628724544, 60.581953332180234 ], [ 30.208488846060334, 60.581992189400964 ], [ 30.208763651937936, 60.582061117936654 ], [ 30.208867142328888, 60.582082783711421 ], [ 30.209382298769867, 60.582156005438925 ], [ 30.209429366189301, 60.582203835067489 ], [ 30.209490513880347, 60.582258204872652 ], [ 30.209555425036619, 60.582307569361397 ], [ 30.20964730619718, 60.582366237974547 ], [ 30.209757802279235, 60.582416662648946 ], [ 30.209853206409189, 60.582448963406939 ], [ 30.20994218350523, 60.582475125340061 ], [ 30.210077532190031, 60.582507826623427 ], [ 30.210221899655565, 60.582529089376216 ], [ 30.210369280517074, 60.582538252067948 ], [ 30.210499291415985, 60.582541125567261 ], [ 30.210649863823615, 60.582538368532838 ], [ 30.210797249275299, 60.58252338736898 ], [ 30.21103910180052, 60.582485951775077 ], [ 30.212621245940682, 60.58221098292826 ], [ 30.213073789845978, 60.582126149901775 ], [ 30.213186202214001, 60.582100651739161 ], [ 30.213325889039226, 60.582063097495194 ], [ 30.213421611241944, 60.582033468277466 ], [ 30.213616941743656, 60.581955742050447 ], [ 30.213725202811744, 60.581904192360781 ], [ 30.214214627241837, 60.581577137374914 ], [ 30.214594477382519, 60.581286904467824 ], [ 30.214648464381458, 60.581239273737275 ], [ 30.214856622298399, 60.580990099414208 ], [ 30.214898379430874, 60.580926694634712 ], [ 30.214973518980951, 60.580710804567545 ], [ 30.214985227007297, 60.580653158148664 ], [ 30.215014246378139, 60.580243059381608 ], [ 30.2149881333408, 60.57961796953132 ], [ 30.215002772946967, 60.579222511019275 ], [ 30.215051764179904, 60.578920853215905 ], [ 30.215143256172638, 60.578691500320744 ], [ 30.215301247776321, 60.578481720001001 ], [ 30.215562346132419, 60.5782859690609 ], [ 30.216101619372903, 60.577969502751174 ], [ 30.216875452371038, 60.577621112903053 ], [ 30.217642329254179, 60.57736171492445 ], [ 30.21772788917465, 60.577328975392831 ], [ 30.218093175328363, 60.577170947961207 ], [ 30.218188194423256, 60.577123181534965 ], [ 30.218466955087596, 60.57693559943197 ], [ 30.218537353746211, 60.57687953050727 ], [ 30.21883446032788, 60.576541802476079 ], [ 30.219370069722871, 60.575972919205292 ], [ 30.219671853392718, 60.575758534765605 ], [ 30.219870252657383, 60.575615207261059 ], [ 30.219991855260364, 60.575601511240194 ], [ 30.220697992414397, 60.575549361481613 ], [ 30.22153886012455, 60.575459259246585 ], [ 30.221651944456685, 60.575443091967209 ], [ 30.222450375999827, 60.575301324568642 ], [ 30.222563829334788, 60.575276811555 ], [ 30.22313364383708, 60.575130025756401 ], [ 30.22325376325206, 60.575092893330073 ], [ 30.223736044195576, 60.574888277094644 ], [ 30.22382937068717, 60.574842113042216 ], [ 30.224253700503017, 60.574561787988443 ], [ 30.224332994605156, 60.574498763672779 ], [ 30.224383181290438, 60.574440517635196 ], [ 30.224522068980221, 60.574241303381264 ], [ 30.224652931348011, 60.574107115922381 ], [ 30.224796384570851, 60.574013295506077 ], [ 30.224928625134222, 60.573964021046208 ], [ 30.225146871567851, 60.57391018689885 ], [ 30.225548870093512, 60.573860490093246 ], [ 30.226082413396366, 60.573825057423065 ], [ 30.226575887443975, 60.573795239606483 ], [ 30.226680057549604, 60.573785841021099 ], [ 30.227036114530694, 60.573743250755115 ], [ 30.227169186052269, 60.573721891584441 ], [ 30.227415833730323, 60.573661924716845 ], [ 30.227544004841164, 60.573623126710601 ], [ 30.227657624622989, 60.573574377157193 ], [ 30.227794980932178, 60.5734999071137 ], [ 30.227875448064321, 60.573449272891956 ], [ 30.228145027987217, 60.573219617093599 ], [ 30.228205528103114, 60.573156488976451 ], [ 30.22833349097343, 60.57294698004371 ], [ 30.228359761019792, 60.57288941113309 ], [ 30.228404241257429, 60.572653153786106 ], [ 30.228407570198343, 60.572602012896695 ], [ 30.22836425744833, 60.572336111878123 ], [ 30.228339442921055, 60.572263009155265 ], [ 30.2283087818269, 60.572214915769401 ], [ 30.228191110956278, 60.572061252304046 ], [ 30.228126586120407, 60.571994217681329 ], [ 30.228050659702188, 60.571939597007209 ], [ 30.227833701307496, 60.571805770509194 ], [ 30.22774141826946, 60.571756805404313 ], [ 30.227327813144221, 60.571592565915786 ], [ 30.227068773280863, 60.571440560056054 ], [ 30.226846059557541, 60.571287134747926 ], [ 30.226620605010577, 60.571036133319829 ], [ 30.226311330766322, 60.570594581845668 ], [ 30.225891265278509, 60.570043559478606 ], [ 30.225853023421315, 60.570000360793422 ], [ 30.225244266574713, 60.569472097878936 ], [ 30.225176285407812, 60.569421467718755 ], [ 30.224413978161945, 60.568991993061118 ], [ 30.223704937272494, 60.56861135962415 ], [ 30.223298360065325, 60.568315478641559 ], [ 30.222674359085644, 60.567770965248066 ], [ 30.222154571440427, 60.56732870621245 ], [ 30.221854617446461, 60.567076931471441 ], [ 30.221768089156249, 60.567016325657804 ], [ 30.221673618804136, 60.566968331599661 ], [ 30.221444113445067, 60.566867993462949 ], [ 30.221323671105523, 60.566823537375761 ], [ 30.221189867358198, 60.566789419587714 ], [ 30.22087724125771, 60.566728387390924 ], [ 30.22073312548201, 60.566706867974915 ], [ 30.220621715231232, 60.566698630830054 ], [ 30.220200725331868, 60.566680355892807 ], [ 30.220072014997626, 60.566679203991512 ], [ 30.219735144112622, 60.566698813958112 ], [ 30.21963135949332, 60.566708209170933 ], [ 30.21934045594092, 60.566743237611981 ], [ 30.219197696224121, 60.566766689991027 ], [ 30.219064710810962, 60.566801414764925 ], [ 30.218609004161184, 60.566955718585064 ], [ 30.217637727796554, 60.567346655596744 ], [ 30.217101949847038, 60.567597807179347 ], [ 30.217012214264624, 60.567646948077773 ], [ 30.216465296834301, 60.568051243679037 ], [ 30.216397938276494, 60.568110649065559 ], [ 30.216116258154333, 60.568478074996335 ], [ 30.215877579286158, 60.568573427292122 ], [ 30.215215527146196, 60.568754409010488 ], [ 30.214515872368946, 60.568864455442792 ], [ 30.214361359395404, 60.568874913623809 ], [ 30.214193811243529, 60.568873183240072 ], [ 30.213879120949233, 60.568854486576889 ], [ 30.213423312116916, 60.568842640239701 ], [ 30.213285587541865, 60.568844573480277 ], [ 30.21280869443455, 60.568885742330615 ], [ 30.212663281632295, 60.56890495476425 ], [ 30.212526178749837, 60.568935611489927 ], [ 30.212193814109213, 60.569028286046986 ], [ 30.211786724844544, 60.569150973076582 ], [ 30.21124404493008, 60.569293731845519 ], [ 30.210618144461499, 60.569415115559906 ], [ 30.209944153341251, 60.569581824334605 ], [ 30.209845936746284, 60.569610360140629 ], [ 30.209421798875777, 60.569752152637371 ], [ 30.208947380432768, 60.569891510874101 ], [ 30.208693744549972, 60.569961726496878 ], [ 30.208380590051203, 60.570034842390257 ], [ 30.207695308550633, 60.570160011511568 ], [ 30.207084952474208, 60.57027024605469 ], [ 30.206843238494091, 60.570257772530226 ], [ 30.206738516882954, 60.570251715115162 ], [ 30.206295930908183, 60.570250957670176 ], [ 30.206145883973008, 60.570257123117017 ], [ 30.206019890577792, 60.570272038587369 ], [ 30.205784155445507, 60.57030887064959 ], [ 30.205644909816368, 60.570336995347553 ], [ 30.205516899744577, 60.570376132330487 ], [ 30.205403800927428, 60.570425045577345 ], [ 30.205275141781009, 60.570492361050825 ], [ 30.205202430050218, 60.570521753642318 ], [ 30.205030612806347, 60.570507063621022 ], [ 30.204615957966563, 60.570481146100491 ], [ 30.204465393215475, 60.570478062251567 ], [ 30.204337756709094, 60.570485068738243 ], [ 30.204018858358342, 60.570513984089907 ], [ 30.203912237039738, 60.570527031176418 ], [ 30.203550887748456, 60.570593673750842 ], [ 30.203431350872251, 60.570621098482768 ], [ 30.203139245547813, 60.570713796101025 ], [ 30.20306145470348, 60.57074190260785 ], [ 30.202672094315531, 60.570915730444383 ], [ 30.202569443167846, 60.570969995155863 ], [ 30.202513648836295, 60.571008994714077 ], [ 30.202182103813083, 60.571269217392341 ], [ 30.202126592161612, 60.57131961696453 ], [ 30.2020189762607, 60.571454451383964 ], [ 30.201915070955256, 60.571499733309679 ], [ 30.201580651917947, 60.5715999093783 ], [ 30.200201640463625, 60.57188674648431 ], [ 30.200087174817742, 60.571915363491435 ], [ 30.199766212185892, 60.572024675596658 ], [ 30.199655929951685, 60.572069471212835 ], [ 30.199401746229967, 60.572208865581459 ], [ 30.199311733715891, 60.572268224964979 ], [ 30.199242543823392, 60.572334073726992 ], [ 30.199117183908616, 60.572494116413438 ], [ 30.199083317818758, 60.572546700687433 ], [ 30.199033472243674, 60.572674856675839 ], [ 30.199019818272333, 60.572728811065005 ], [ 30.199017874784559, 60.57285185109648 ], [ 30.199023308794146, 60.57290061735339 ], [ 30.199078909544077, 60.573153224663912 ], [ 30.199112171518177, 60.573299618724413 ], [ 30.199106055457143, 60.57339813281267 ], [ 30.199094295705262, 60.573449046257423 ], [ 30.198931391144122, 60.573521279143812 ], [ 30.198604137564764, 60.573649311461374 ], [ 30.198500434057767, 60.57367753888569 ], [ 30.198384463141839, 60.573699953055339 ], [ 30.198266180828266, 60.573711942808572 ], [ 30.198052763671704, 60.573720884057067 ], [ 30.197921208833606, 60.573644751415422 ], [ 30.197850383325402, 60.57360809267302 ], [ 30.197751316120907, 60.573562389386822 ], [ 30.197649755398857, 60.573521967396061 ], [ 30.197460305799144, 60.573464984645703 ], [ 30.19732500561441, 60.573432360377005 ], [ 30.197211064221005, 60.573414575745851 ], [ 30.196853141522176, 60.573371182834308 ], [ 30.1967392033133, 60.573361116550707 ], [ 30.196550684038705, 60.573350450148482 ], [ 30.196262286400692, 60.573344695038564 ], [ 30.1960771720499, 60.573344458490226 ], [ 30.195836986238312, 60.573328204146499 ], [ 30.195660146509415, 60.573309434906648 ], [ 30.195464238413045, 60.57327933866668 ], [ 30.19517288683404, 60.573228239390623 ], [ 30.194838310781272, 60.573177164458357 ], [ 30.194691132052316, 60.573161343891094 ], [ 30.194540752891449, 60.573157621687464 ], [ 30.19438742673707, 60.573162947677098 ], [ 30.194240418143512, 60.573178900047253 ], [ 30.194100795975196, 60.573206561898857 ], [ 30.194005870496316, 60.573233668718778 ], [ 30.193898313754122, 60.57327057680083 ], [ 30.193788247582845, 60.573321202766301 ], [ 30.193701053579893, 60.57337644573736 ], [ 30.193472752674658, 60.573499371175799 ], [ 30.193054030827476, 60.573747410043296 ], [ 30.19299678444354, 60.573785410169336 ], [ 30.192682987254948, 60.574046517898694 ], [ 30.192633918612927, 60.574093539493738 ], [ 30.192516297375711, 60.574225168338529 ], [ 30.19247200250333, 60.574286397870772 ], [ 30.192438884290759, 60.574345446933911 ], [ 30.192410913369141, 60.574418347095104 ], [ 30.192407721043526, 60.574492375015197 ], [ 30.192422256957045, 60.574549270916236 ], [ 30.192446514683745, 60.574611607095207 ], [ 30.19248697548619, 60.57468301039804 ], [ 30.192550882495567, 60.574750148707437 ], [ 30.192244299169676, 60.574850638895441 ], [ 30.192153960158635, 60.574876334382608 ], [ 30.191749252073251, 60.575023297347677 ], [ 30.19164128359709, 60.575069625339161 ], [ 30.191338205186696, 60.575245974433003 ], [ 30.19111187790757, 60.575322684428244 ], [ 30.190681626218922, 60.575422917444051 ], [ 30.190190569154673, 60.575518136216232 ], [ 30.189903221417719, 60.575552313407293 ], [ 30.189764829291111, 60.575558078096144 ], [ 30.189598970702363, 60.575545107527091 ], [ 30.189390622799824, 60.5755239966674 ], [ 30.18925876683624, 60.575515527345189 ], [ 30.189137735090068, 60.575512145679809 ], [ 30.188987030351651, 60.575514069840025 ], [ 30.188739153237972, 60.57553733996788 ], [ 30.188599694607333, 60.575503157389548 ], [ 30.188364726948418, 60.57538092136982 ], [ 30.188296339183751, 60.575349477103053 ], [ 30.188064924415421, 60.575262354136342 ], [ 30.187937819654916, 60.575222586873174 ], [ 30.18779915035941, 60.575193703365571 ], [ 30.187545363021947, 60.575158239236551 ], [ 30.1873975916224, 60.575144112585576 ], [ 30.187246977358207, 60.575142265676732 ], [ 30.186967120765392, 60.575152694824816 ], [ 30.186856776723967, 60.575160232204482 ], [ 30.186399581396259, 60.575219190821521 ], [ 30.185638943536706, 60.575337175169501 ], [ 30.184912804457301, 60.575453826936958 ], [ 30.18481587575813, 60.575472479042517 ], [ 30.184540971925514, 60.575543245380857 ], [ 30.184425028865373, 60.575579200331838 ], [ 30.184223684718482, 60.575663042581709 ], [ 30.184118283905601, 60.575715931212684 ], [ 30.184051001210531, 60.575761229759891 ], [ 30.183909801094529, 60.575870098293585 ], [ 30.18385633359436, 60.575917360754097 ], [ 30.183663600128256, 60.576114968364529 ], [ 30.183566280091679, 60.576180827313372 ], [ 30.183400833020681, 60.576258232511663 ], [ 30.182869364824484, 60.576433162446996 ], [ 30.182696862775721, 60.576469509240027 ], [ 30.182529449809703, 60.57648353658481 ], [ 30.182168476293949, 60.576483527277517 ], [ 30.18156315084352, 60.576449980578751 ], [ 30.18088573244378, 60.576372306585974 ], [ 30.180169220150539, 60.576312623768011 ], [ 30.180042777083017, 60.576306599869085 ], [ 30.179653285781651, 60.576301662543244 ], [ 30.179548363970685, 60.57630339123186 ], [ 30.179026355394043, 60.576340679609061 ], [ 30.178879666142535, 60.576357604287523 ], [ 30.178746048498869, 60.576384746323555 ], [ 30.178296475671321, 60.576497483306071 ], [ 30.1781932433293, 60.576527762104952 ], [ 30.177615162970245, 60.576751317369599 ], [ 30.176938738737746, 60.577044398282851 ], [ 30.176650188533209, 60.57717349868107 ], [ 30.17654747399104, 60.577227743237422 ], [ 30.17646428037034, 60.577289460449805 ], [ 30.17628188513774, 60.577487296933761 ], [ 30.176232238032952, 60.577557285986643 ], [ 30.176147809868873, 60.577792577932634 ], [ 30.176109902207262, 60.577974197750379 ], [ 30.176057822680118, 60.578061943721757 ], [ 30.175927803193826, 60.57818989629331 ], [ 30.175763932869213, 60.578360285244614 ], [ 30.175725609020642, 60.578406734704437 ], [ 30.175611620247917, 60.578604069072298 ], [ 30.175503872155037, 60.578799734205816 ], [ 30.175478633941609, 60.578863402230965 ], [ 30.17547311836001, 60.578895681299549 ], [ 30.175460757033392, 60.579023417749397 ], [ 30.175465108739495, 60.579093091199908 ], [ 30.17554973436593, 60.57932236170376 ], [ 30.175682465826501, 60.579561514433081 ] ], [ [ 30.227118305286506, 60.573199167612408 ], [ 30.227003649795815, 60.573261643222061 ], [ 30.226820795051584, 60.573307235203238 ], [ 30.226464742591222, 60.573349824906238 ], [ 30.225965796358626, 60.573379971648194 ], [ 30.225376184786526, 60.573419138642727 ], [ 30.224827877526494, 60.573486978727324 ], [ 30.224444944363036, 60.573581294082508 ], [ 30.224144228949928, 60.573693466963526 ], [ 30.223869906793102, 60.573872917419031 ], [ 30.223676876336299, 60.574070849450649 ], [ 30.223520646354299, 60.574294919737781 ], [ 30.223137560390505, 60.574549707895557 ], [ 30.22271067208376, 60.5747324546276 ], [ 30.222140862687983, 60.574879238640733 ], [ 30.221342440227282, 60.575021004215294 ], [ 30.220562626818257, 60.575105604567739 ], [ 30.219822517316505, 60.575160260521528 ], [ 30.219477464799571, 60.575199032461498 ], [ 30.219232160505733, 60.575279096662264 ], [ 30.218922137043087, 60.575503038551886 ], [ 30.218575674349299, 60.575749218397263 ], [ 30.21800155504744, 60.576358994222502 ], [ 30.217727967709273, 60.576672705910788 ], [ 30.217491024512356, 60.576833948992871 ], [ 30.21712573924578, 60.576991974788605 ], [ 30.21630666324673, 60.577269033709925 ], [ 30.215441608656786, 60.577658474269683 ], [ 30.214829126030377, 60.578017795894631 ], [ 30.214481918092076, 60.57827814204488 ], [ 30.214262599807601, 60.578569527797939 ], [ 30.214146738704173, 60.578859508350916 ], [ 30.214091371164653, 60.579200532073479 ], [ 30.214075837114255, 60.579618782726278 ], [ 30.214102670909885, 60.580227452092331 ], [ 30.214073640003988, 60.580637550642201 ], [ 30.214012008081632, 60.58082075497714 ], [ 30.213826305130315, 60.581044921024365 ], [ 30.213477792464225, 60.581312706867088 ], [ 30.213038875421411, 60.581608714103936 ], [ 30.212888447817555, 60.581669364933731 ], [ 30.212748762190927, 60.58170691872499 ], [ 30.212317107916601, 60.581787916836262 ], [ 30.210764829584431, 60.582058021094781 ], [ 30.210540188035157, 60.582092858838962 ], [ 30.210410178933049, 60.582089985382382 ], [ 30.210321202513118, 60.582063823760407 ], [ 30.21025629067217, 60.582014459640426 ], [ 30.210143715140148, 60.581895452979303 ], [ 30.209942560946647, 60.581796778318946 ], [ 30.20982454448772, 60.581756184906986 ], [ 30.20965535309541, 60.5817276937508 ], [ 30.209171097022942, 60.581659670478054 ], [ 30.20895648896343, 60.581606962757157 ], [ 30.208780436472743, 60.581535620509094 ], [ 30.208558861069928, 60.581388992400413 ], [ 30.208413372485968, 60.581321409319457 ], [ 30.208245283314628, 60.581268868811968 ], [ 30.207884523977519, 60.581193627995233 ], [ 30.20747921184639, 60.581088430593176 ], [ 30.207211727383701, 60.580987139403391 ], [ 30.206852380874913, 60.580810932053872 ], [ 30.206570156588278, 60.580668540695228 ], [ 30.206333250508447, 60.580578457376568 ], [ 30.206083367993546, 60.580505354379092 ], [ 30.205356233862247, 60.580298912859085 ], [ 30.205067168258655, 60.580216434851401 ], [ 30.20493025879302, 60.580149164998829 ], [ 30.204709062720138, 60.580003071007219 ], [ 30.204296102099132, 60.579748024175338 ], [ 30.202976611156014, 60.579046957349597 ], [ 30.202419231115105, 60.578774941747795 ], [ 30.202090549642779, 60.578607957900054 ], [ 30.201885017676812, 60.578503322724721 ], [ 30.201656520016211, 60.578413726813508 ], [ 30.201512414845826, 60.578342733234813 ], [ 30.201482568962899, 60.57825299296929 ], [ 30.201522541849858, 60.578125768161065 ], [ 30.20155422605756, 60.578001997269453 ], [ 30.201524652024606, 60.577908399168486 ], [ 30.201395521279789, 60.577844669526975 ], [ 30.201233836547711, 60.577839814577906 ], [ 30.201050200276953, 60.57789281659651 ], [ 30.20092349887134, 60.577984192626644 ], [ 30.200804321693084, 60.578152349204608 ], [ 30.200734607421282, 60.578327065695156 ], [ 30.200685342317733, 60.578414298263546 ], [ 30.200537322935443, 60.578449369264582 ], [ 30.200381985666894, 60.578445984936295 ], [ 30.200095609054834, 60.578406143620548 ], [ 30.199898103537762, 60.578372634472238 ], [ 30.199693784610989, 60.5782868507508 ], [ 30.199564871460627, 60.578182372866792 ], [ 30.199481291028, 60.578073841331076 ], [ 30.199352492414963, 60.577822977336055 ], [ 30.199269024338349, 60.577725396108022 ], [ 30.199118353016829, 60.577639015321218 ], [ 30.198792792699763, 60.577519519912876 ], [ 30.198587464870531, 60.577414701225621 ], [ 30.198420314800433, 60.577276170439589 ], [ 30.198261057885535, 60.57709630786583 ], [ 30.198108755864091, 60.577017545713858 ], [ 30.197979007831979, 60.576965118085887 ], [ 30.197394023412553, 60.576879431841185 ], [ 30.19678340641461, 60.576743157545842 ], [ 30.196086539355836, 60.576559004450225 ], [ 30.19577049768434, 60.576446825246606 ], [ 30.195552637097997, 60.576418669631217 ], [ 30.195382083385404, 60.576434669877507 ], [ 30.19525217820587, 60.576498737681078 ], [ 30.195104461475218, 60.576606952819709 ], [ 30.194964076910654, 60.576815193724165 ], [ 30.194684763264405, 60.577075334132815 ], [ 30.194521285618475, 60.57715527720601 ], [ 30.19433475139266, 60.577191469895084 ], [ 30.194067339986262, 60.577183854294297 ], [ 30.193733982646371, 60.577133591446952 ], [ 30.193522595066884, 60.577093711565084 ], [ 30.193328547211955, 60.577037774043731 ], [ 30.19322314602914, 60.577028740432866 ], [ 30.193080876167883, 60.577036281669812 ], [ 30.19276494610062, 60.577091036023482 ], [ 30.192412032707967, 60.577159401892899 ], [ 30.192220266383888, 60.57718524041654 ], [ 30.192037342367463, 60.577176215012358 ], [ 30.191865290002799, 60.577139158434022 ], [ 30.19169381940203, 60.577147340305878 ], [ 30.191587267662015, 60.577187393615553 ], [ 30.191513762349203, 60.577303924226577 ], [ 30.191465221196264, 60.577553789537994 ], [ 30.191450197939538, 60.577758878975622 ], [ 30.191378632567233, 60.57789373007504 ], [ 30.191175851854346, 60.578132308280402 ], [ 30.190775502635393, 60.578441386556847 ], [ 30.190227560853657, 60.578882997157329 ], [ 30.19001235531297, 60.579114053505393 ], [ 30.189952670447656, 60.579325171464198 ], [ 30.190047216886629, 60.57952478065426 ], [ 30.19027291250605, 60.579818119194968 ], [ 30.190506909496044, 60.580099926405715 ], [ 30.190681283203986, 60.580357340708993 ], [ 30.190681923332697, 60.580695352969435 ], [ 30.190478479845424, 60.580992265585017 ], [ 30.190264750885156, 60.581152156827969 ], [ 30.190028167287661, 60.581259771462811 ], [ 30.189006866009603, 60.581526179855331 ], [ 30.187296138017544, 60.582063380840701 ], [ 30.185380141874703, 60.582707358428173 ], [ 30.183815531579789, 60.583240055711549 ], [ 30.183354156196575, 60.583339458827503 ], [ 30.18294071789305, 60.583379090913901 ], [ 30.182511706449461, 60.583383000461168 ], [ 30.182155416064411, 60.583359233835829 ], [ 30.181823398642688, 60.583312090553321 ], [ 30.18151021407045, 60.583224845499394 ], [ 30.181175833178106, 60.583039288258128 ], [ 30.180683154028419, 60.582690366548491 ], [ 30.180228277845494, 60.582370920107032 ], [ 30.179785476146339, 60.581996792454056 ], [ 30.179596360743531, 60.581764140243607 ], [ 30.179491250833067, 60.581596863360524 ], [ 30.179429324403067, 60.581309297370638 ], [ 30.179392250327108, 60.581180826852254 ], [ 30.179305467430758, 60.581063737535928 ], [ 30.179164743276388, 60.580944272732438 ], [ 30.178368839964481, 60.580346593113532 ], [ 30.178105578832543, 60.58018701809884 ], [ 30.177882787069848, 60.580036382394745 ], [ 30.177786756801389, 60.580001362456244 ], [ 30.177650666464384, 60.579978586580808 ], [ 30.177384145613285, 60.579955774601316 ], [ 30.177049653159813, 60.579914708159308 ], [ 30.176901048815736, 60.579866010318767 ], [ 30.176786625609171, 60.579791571505055 ], [ 30.176560614620033, 60.579440227545888 ], [ 30.176446112107524, 60.579239505695867 ], [ 30.176371782160118, 60.579044760481764 ], [ 30.176384139900414, 60.5789170239415 ], [ 30.176489597845858, 60.578725383744732 ], [ 30.176588600216323, 60.578551925935656 ], [ 30.176743309267739, 60.578390727527982 ], [ 30.176910309600498, 60.578226548451624 ], [ 30.17700952714566, 60.578059194772784 ], [ 30.177046940449575, 60.577867519540781 ], [ 30.177114959304248, 60.577669828358324 ], [ 30.177263717873497, 60.577505453588564 ], [ 30.177542312851411, 60.577380781969296 ], [ 30.178180789405559, 60.577103365101351 ], [ 30.178710482847524, 60.576897299194286 ], [ 30.179160059807671, 60.576784560833723 ], [ 30.179629836058048, 60.576750291664318 ], [ 30.180019332753517, 60.576755229068056 ], [ 30.180678713435853, 60.576809288336719 ], [ 30.181407984313612, 60.57689291600893 ], [ 30.182117150787846, 60.576932265772875 ], [ 30.182606724074557, 60.576932295728369 ], [ 30.182956361232943, 60.57690288959126 ], [ 30.183305765233754, 60.576829412571392 ], [ 30.183972540966092, 60.576609931424855 ], [ 30.184254924176127, 60.576477907915667 ], [ 30.184449933976563, 60.57634592181477 ], [ 30.184678554658944, 60.576111540468375 ], [ 30.184819753254729, 60.576002671123767 ], [ 30.184967522103364, 60.575939882438888 ], [ 30.185195831780803, 60.575880426666011 ], [ 30.185914290084945, 60.575764985956333 ], [ 30.186633759190038, 60.575652868030808 ], [ 30.187036823518508, 60.575600151494889 ], [ 30.187298979028746, 60.575590249426554 ], [ 30.187513872850722, 60.575619927415794 ], [ 30.187708783361874, 60.575692662153457 ], [ 30.187890098843429, 60.575785064680709 ], [ 30.188199026041577, 60.575973332453259 ], [ 30.188326895950098, 60.576019476259063 ], [ 30.188461012644098, 60.576032716273325 ], [ 30.188669468557926, 60.576026095579657 ], [ 30.188924713710776, 60.575976659723977 ], [ 30.189085977586984, 60.57596016605104 ], [ 30.189207011002331, 60.575963547766108 ], [ 30.189435560905853, 60.575986658690717 ], [ 30.189731233528008, 60.576009792113894 ], [ 30.190049649439498, 60.575996524852414 ], [ 30.190466134549546, 60.575947015652922 ], [ 30.191044415739004, 60.575834879241604 ], [ 30.191568572863197, 60.575712739868202 ], [ 30.191957982657364, 60.575580769106594 ], [ 30.192292920509441, 60.575383597131356 ], [ 30.192654971987711, 60.575251289721976 ], [ 30.192930712978818, 60.575182845085955 ], [ 30.193175241618363, 60.57513872560753 ], [ 30.193453746334352, 60.575123608674211 ], [ 30.19373580369853, 60.575120358627835 ], [ 30.193978810709055, 60.575125682824819 ], [ 30.194475814115936, 60.575228119304775 ], [ 30.194677636201824, 60.575270995256979 ], [ 30.194805312607894, 60.57527099885683 ], [ 30.194879144944743, 60.575241348939429 ], [ 30.194879101895225, 60.575188484347748 ], [ 30.194798361167187, 60.575139023079998 ], [ 30.194458992805256, 60.575073649519986 ], [ 30.19406096582513, 60.574989633712804 ], [ 30.193897383075122, 60.57494176753513 ], [ 30.193729334763511, 60.574827458861144 ], [ 30.193596799282616, 60.574699888087473 ], [ 30.193469317627251, 60.574621440535758 ], [ 30.193342205926488, 60.574527198471912 ], [ 30.193317946535728, 60.574464862451705 ], [ 30.193351063270104, 60.574405813169143 ], [ 30.193468681780168, 60.574274183588422 ], [ 30.193757017032564, 60.574033214060172 ], [ 30.194138222917381, 60.573806142444958 ], [ 30.1944074457883, 60.573664688959866 ], [ 30.194463321511769, 60.573622821118377 ], [ 30.194509819377402, 60.573607646549085 ], [ 30.194570225045339, 60.573606103254924 ], [ 30.194867194415039, 60.573651042641032 ], [ 30.195175444088953, 60.573705020358773 ], [ 30.195427692183632, 60.573743782179136 ], [ 30.195678582037665, 60.57377041923565 ], [ 30.196014555775527, 60.57379313805837 ], [ 30.196235971222951, 60.573793220450384 ], [ 30.19644655831187, 60.573796203250481 ], [ 30.196635080145953, 60.573806869803413 ], [ 30.196993007361264, 60.573850263304159 ], [ 30.197127601090223, 60.573889794879591 ], [ 30.197226668409261, 60.573935498626 ], [ 30.197452705354937, 60.574066284968787 ], [ 30.197576591492055, 60.574127116924231 ], [ 30.197712640981017, 60.57415902711972 ], [ 30.197892305465778, 60.574174219410757 ], [ 30.198084460811064, 60.574169915660022 ], [ 30.198397380226936, 60.57415677716866 ], [ 30.198644734530081, 60.574131691199746 ], [ 30.198889500696289, 60.574084511065649 ], [ 30.199112330094469, 60.574023744313372 ], [ 30.199520937277306, 60.573863946475043 ], [ 30.199812286898066, 60.57373472307583 ], [ 30.199930042441817, 60.573651016607798 ], [ 30.199985492126466, 60.573564267753262 ], [ 30.200016318479992, 60.573430350268865 ], [ 30.200025606630472, 60.573281412945228 ], [ 30.19998537824932, 60.573104912875039 ], [ 30.19992977050326, 60.572852305927242 ], [ 30.199929984036785, 60.572756541003429 ], [ 30.199968076388735, 60.572655334283915 ], [ 30.200084792742707, 60.572506102382931 ], [ 30.200289508099267, 60.572392188199402 ], [ 30.200556637534167, 60.57230007468231 ], [ 30.201997421345407, 60.572000386051329 ], [ 30.20243670439978, 60.571868843714256 ], [ 30.202700785633546, 60.571766118074692 ], [ 30.202840166134202, 60.571653539902776 ], [ 30.202954600771189, 60.571507613628107 ], [ 30.203286142054608, 60.571247389036259 ], [ 30.203639034063549, 60.571089152184598 ], [ 30.203874585301346, 60.571013190686479 ], [ 30.204184125548881, 60.570955323066848 ], [ 30.204503028105179, 60.570926407330276 ], [ 30.204874538427728, 60.570949212497766 ], [ 30.205220361654241, 60.570978784406407 ], [ 30.205413064820775, 60.57097357572097 ], [ 30.205626873338758, 60.570930877974959 ], [ 30.205899313669946, 60.570820743167282 ], [ 30.206060092985105, 60.570736552934576 ], [ 30.206295830924763, 60.570699720393016 ], [ 30.206685735439393, 60.570699735988256 ], [ 30.207020266670188, 60.570728612156969 ], [ 30.207311268788729, 60.57070734307009 ], [ 30.208010997426022, 60.570580999570659 ], [ 30.208735476889292, 60.570448686562841 ], [ 30.20911317508958, 60.570360400536572 ], [ 30.209404435938733, 60.570279801858184 ], [ 30.209911905548758, 60.570130752280996 ], [ 30.210358097503818, 60.569981630846279 ], [ 30.210952362611906, 60.569832609033497 ], [ 30.21162736029223, 60.56970171203487 ], [ 30.212240495381252, 60.569540402949919 ], [ 30.2126430048414, 60.569418766290084 ], [ 30.212971149831315, 60.569327323870908 ], [ 30.213379920751454, 60.569290894763597 ], [ 30.213770147238638, 60.569300046295531 ], [ 30.214129461604905, 60.569321322544134 ], [ 30.214414058942562, 60.569324325729305 ], [ 30.214718340102738, 60.569303741951529 ], [ 30.215579239760057, 60.569168283350635 ], [ 30.21635378054248, 60.568956593891734 ], [ 30.216649775268465, 60.568858862775585 ], [ 30.216804566332989, 60.568779742763326 ], [ 30.216934605022356, 60.568682356748802 ], [ 30.217225391289443, 60.568299003118305 ], [ 30.217733218596674, 60.567921595478431 ], [ 30.218216509777058, 60.567693310067732 ], [ 30.219126551886134, 60.567325190054639 ], [ 30.219557094242088, 60.567179093879673 ], [ 30.219848001482749, 60.5671440649758 ], [ 30.220120625300378, 60.567127334833465 ], [ 30.220541620962454, 60.567145610031858 ], [ 30.220838639098282, 60.567203506228971 ], [ 30.22106814494428, 60.567303845401227 ], [ 30.221365408456787, 60.567553453179976 ], [ 30.221880180521708, 60.567991379841772 ], [ 30.222522415409145, 60.568551792684232 ], [ 30.222987480499487, 60.568890267728328 ], [ 30.223728418321354, 60.569287772315981 ], [ 30.224451676486932, 60.569693792938168 ], [ 30.225037729229069, 60.570201293223214 ], [ 30.225449286730353, 60.570740783855712 ], [ 30.225771097718834, 60.571200266042837 ], [ 30.226049748673805, 60.571510614258685 ], [ 30.226347357028551, 60.571715605426036 ], [ 30.226687581844573, 60.571915261963895 ], [ 30.227120930122762, 60.57208562364778 ], [ 30.227337887429979, 60.572219451295283 ], [ 30.227455554814938, 60.572373115502117 ], [ 30.22749596439612, 60.572613511459288 ], [ 30.227458697737454, 60.572820458500431 ], [ 30.227353354389088, 60.572996880562492 ], [ 30.227118305286506, 60.573199167612408 ] ] ] } },
{ "type": "Feature", "properties": { }, "geometry": { "type": "Polygon", "coordinates": [ [ [ 30.208357920537754, 60.575591838734525 ], [ 30.207933834537982, 60.574940303991276 ], [ 30.207509732077991, 60.574584322963759 ], [ 30.206976611128812, 60.574194795175572 ], [ 30.206607541528896, 60.574040252764121 ], [ 30.206128691295831, 60.573932756858312 ], [ 30.205636524977489, 60.573912693847348 ], [ 30.205103474210791, 60.573973178474084 ], [ 30.204501997193098, 60.574026996560363 ], [ 30.203941311788014, 60.574020187418682 ], [ 30.203462908258047, 60.574020208083681 ], [ 30.203216638273311, 60.574053835512508 ], [ 30.202984485159696, 60.574194885569234 ], [ 30.202724533462693, 60.574497065267302 ], [ 30.202410232041139, 60.574712059853411 ], [ 30.201945141898975, 60.574940480334241 ], [ 30.201494102647473, 60.575262948937869 ], [ 30.201206770402091, 60.575565062102612 ], [ 30.201179390774008, 60.575833897339798 ], [ 30.201316268129798, 60.576035440938696 ], [ 30.201521421862751, 60.576250291204886 ], [ 30.201836166262076, 60.576411454415634 ], [ 30.20271094856415, 60.576633191545334 ], [ 30.204037149666192, 60.576888408224242 ], [ 30.204953346080202, 60.577015942015606 ], [ 30.205554900481822, 60.577056272598178 ], [ 30.205951703714838, 60.577029312951446 ], [ 30.206539620930183, 60.576948756211763 ], [ 30.206867864373852, 60.576928592608965 ], [ 30.207209382248333, 60.576941979693018 ], [ 30.207537764864565, 60.576955472429461 ], [ 30.207865797394003, 60.576928573764931 ], [ 30.208289885952844, 60.576841085994744 ], [ 30.20876834590473, 60.576673210947284 ], [ 30.208973187292809, 60.576545641862815 ], [ 30.209014198468537, 60.57632391122565 ], [ 30.2088910871454, 60.576068690271896 ], [ 30.208467310555822, 60.57575310289856 ], [ 30.208357920537754, 60.575591838734525 ] ] ] } },
{ "type": "Feature", "properties": { }, "geometry": { "type": "Polygon", "coordinates": [ [ [ 30.249522000016203, 60.558407895158197 ], [ 30.249365760016214, 60.558189003581397 ], [ 30.249778320016198, 60.558116540764516 ], [ 30.249935280016242, 60.558336406075341 ], [ 30.249522000016203, 60.558407895158197 ] ] ] } },
{ "type": "Feature", "properties": { }, "geometry": { "type": "Polygon", "coordinates": [ [ [ 30.246885720016277, 60.555303283068326 ], [ 30.246695640016274, 60.555132949026344 ], [ 30.247193160016188, 60.555001105437704 ], [ 30.247377120016225, 60.555161883755439 ], [ 30.247180920016255, 60.555224708307435 ], [ 30.246885720016277, 60.555303283068326 ] ] ] } },
{ "type": "Feature", "properties": { }, "geometry": { "type": "Polygon", "coordinates": [ [ [ 30.246380640016277, 60.555082512280762 ], [ 30.24690840001627, 60.554943589609884 ], [ 30.24743616001626, 60.555054727794328 ], [ 30.247630560016255, 60.555249130213042 ], [ 30.246852960016263, 60.555443619947873 ], [ 30.246380640016277, 60.555082512280762 ] ] ] } },
{ "type": "Feature", "properties": { }, "geometry": { "type": "Polygon", "coordinates": [ [ [ 30.249365760016214, 60.558189003581397 ], [ 30.249964080016202, 60.558027001626073 ], [ 30.251769480016218, 60.558110258876546 ], [ 30.251769480016218, 60.55824916794576 ], [ 30.250213920016208, 60.558388076418382 ], [ 30.249408600016253, 60.558554677321837 ], [ 30.249365760016214, 60.558189003581397 ] ] ] } }
]
}
