{
"type": "FeatureCollection",
"name": "Сосново-Игора, АГО ФЗ",
"crs": { "type": "name", "properties": { "name": "urn:ogc:def:crs:OGC:1.3:CRS84" } },
"features": [
{ "type": "Feature", "properties": { }, "geometry": { "type": "Polygon", "coordinates": [ [ [ 30.229794720016255, 60.507937668104603 ], [ 30.228882840016212, 60.507653923118156 ], [ 30.228134760016236, 60.507282445601632 ], [ 30.227994720016241, 60.507161129621949 ], [ 30.228002280016234, 60.507012519143345 ], [ 30.228046200016184, 60.506943486375562 ], [ 30.228071400016201, 60.506860008814236 ], [ 30.22804296001619, 60.506776796890982 ], [ 30.227951880016199, 60.506643515580542 ], [ 30.227882760016229, 60.50662667814192 ], [ 30.226790880016207, 60.506807724457147 ], [ 30.226646520016217, 60.506879416037179 ], [ 30.226560840016226, 60.50700791105556 ], [ 30.226438080016226, 60.507171143302905 ], [ 30.226293720016233, 60.507348021617744 ], [ 30.224381040016237, 60.5084691737326 ], [ 30.224179800016209, 60.508349811690543 ], [ 30.223872000016179, 60.508174533893595 ], [ 30.223436760016202, 60.50762654097521 ], [ 30.223416600016247, 60.507594993882158 ], [ 30.223578960016198, 60.50761262835654 ], [ 30.223688040016231, 60.507598272654505 ], [ 30.224093040016221, 60.508108693707733 ], [ 30.224346480016251, 60.508252868476113 ], [ 30.224417400016193, 60.508252602635125 ], [ 30.226072680016191, 60.507282445601632 ], [ 30.22642296001623, 60.506811269162007 ], [ 30.226652640016184, 60.506698104268658 ], [ 30.228005160016203, 60.506473811522881 ], [ 30.228645600016261, 60.506301182149343 ], [ 30.229050600016244, 60.505986405893772 ], [ 30.229060680016186, 60.505943956947469 ], [ 30.22753248001619, 60.504671969302024 ], [ 30.227396760016191, 60.504596284773719 ], [ 30.22719624001623, 60.504548073459844 ], [ 30.226918320016239, 60.504549580064477 ], [ 30.226487040016231, 60.504607894472812 ], [ 30.226322160016252, 60.50463226596495 ], [ 30.226319640016222, 60.504627037173641 ], [ 30.226269600016217, 60.504507040612246 ], [ 30.226851000016239, 60.504428342478455 ], [ 30.227177520016209, 60.504418505198316 ], [ 30.227508000016229, 60.504481162418188 ], [ 30.227751360016235, 60.504607983096463 ], [ 30.229233480016195, 60.505841068978334 ], [ 30.229296480016195, 60.505843638966034 ], [ 30.229718760016265, 60.505596830596375 ], [ 30.229827840016213, 60.50554817766546 ], [ 30.229958880016177, 60.505515742337586 ], [ 30.230393040016249, 60.505442363935153 ], [ 30.230658000016238, 60.50543128626331 ], [ 30.230884800016224, 60.505477103489405 ], [ 30.231110520016202, 60.505604097512382 ], [ 30.231005400016226, 60.505656206569761 ], [ 30.230741880016257, 60.505581144686722 ], [ 30.230623800016193, 60.505555887697618 ], [ 30.230475840016268, 60.505561204960117 ], [ 30.230041680016203, 60.505634583093524 ], [ 30.229913520016201, 60.505677830031523 ], [ 30.229449120016245, 60.505949362766216 ], [ 30.229455960016271, 60.505987026232873 ], [ 30.229926840016223, 60.506177381154579 ], [ 30.229753680016184, 60.506240300831649 ], [ 30.229291440016226, 60.506082912790369 ], [ 30.229211160016231, 60.506085128280503 ], [ 30.228828120016264, 60.506388826232644 ], [ 30.228230160016214, 60.506582546287696 ], [ 30.228209640016225, 60.506627387086887 ], [ 30.228284520016224, 60.50673683027896 ], [ 30.228326280016262, 60.50685876816943 ], [ 30.228289200016249, 60.506981148686833 ], [ 30.22824528001621, 60.507050181374403 ], [ 30.228243840016184, 60.507134278763004 ], [ 30.228315840016208, 60.507194183619049 ], [ 30.229042680016228, 60.507556180281746 ], [ 30.229976880016235, 60.507851091587305 ], [ 30.229794720016255, 60.507937668104603 ] ] ] } },
{ "type": "Feature", "properties": { }, "geometry": { "type": "Polygon", "coordinates": [ [ [ 30.23422956001626, 60.504909922434557 ], [ 30.2341060800162, 60.504848595388388 ], [ 30.233647800016207, 60.504472034146168 ], [ 30.232991160016248, 60.504037064573311 ], [ 30.232925640016216, 60.504005513986023 ], [ 30.232764720016206, 60.50394941412997 ], [ 30.232339920016194, 60.503801143426827 ], [ 30.232188000016205, 60.503774998791386 ], [ 30.232022400016252, 60.503795116868666 ], [ 30.231218520016242, 60.504032101561606 ], [ 30.23085492001627, 60.504087403648981 ], [ 30.229981920016201, 60.504112839032466 ], [ 30.229709400016208, 60.504120815281006 ], [ 30.229468920016259, 60.504110623407506 ], [ 30.228568560016271, 60.504003121103132 ], [ 30.228411600016219, 60.503975735875493 ], [ 30.22662168001623, 60.503554053623141 ], [ 30.226307040016255, 60.503415264191332 ], [ 30.22594920001622, 60.503132011373872 ], [ 30.225840840016236, 60.503119248985911 ], [ 30.225359520016223, 60.502751707781556 ], [ 30.225470760016261, 60.50275339172714 ], [ 30.225735720016253, 60.502757468647623 ], [ 30.225774600016237, 60.502756316474525 ], [ 30.226056840016227, 60.502979748667485 ], [ 30.226122360016252, 60.502982496138259 ], [ 30.226578480016247, 60.502732563973098 ], [ 30.22682112001619, 60.50272529641321 ], [ 30.226935240016203, 60.502724853269271 ], [ 30.22626240001625, 60.50309345831154 ], [ 30.226254840016253, 60.503136354129765 ], [ 30.226503960016192, 60.50333363871151 ], [ 30.226554000016197, 60.503355706858251 ], [ 30.228743160016244, 60.503894732186303 ], [ 30.229528680016266, 60.503988497926215 ], [ 30.22968960001619, 60.503995587952232 ], [ 30.230839800016184, 60.503961998940234 ], [ 30.231087840016215, 60.503924333120267 ], [ 30.231891360016199, 60.503687259013176 ], [ 30.232202400016231, 60.503649504247662 ], [ 30.232487160016245, 60.503698514533362 ], [ 30.23307288001627, 60.503902974365253 ], [ 30.233195640016273, 60.503961998940234 ], [ 30.233852280016229, 60.504396969520513 ], [ 30.234180600016249, 60.504665056670945 ], [ 30.234287520016206, 60.504740386545514 ], [ 30.234307680016251, 60.504847266043598 ], [ 30.23422956001626, 60.504909922434557 ] ] ] } },
{ "type": "Feature", "properties": { }, "geometry": { "type": "Polygon", "coordinates": [ [ [ 30.234239280016258, 60.506549580285032 ], [ 30.233918880016262, 60.506811978102952 ], [ 30.233273400016238, 60.506858147847012 ], [ 30.232440000016208, 60.506563759215027 ], [ 30.232157400016188, 60.506165417540181 ], [ 30.231759960016198, 60.505865528163369 ], [ 30.231110520016202, 60.505604097512382 ], [ 30.230884800016224, 60.505477103489405 ], [ 30.230658000016238, 60.50543128626331 ], [ 30.230393040016249, 60.505442363935153 ], [ 30.229958880016177, 60.505515742337586 ], [ 30.229827840016213, 60.50554817766546 ], [ 30.229718760016265, 60.505596830596375 ], [ 30.229296480016195, 60.505843638966034 ], [ 30.229233480016195, 60.505841068978334 ], [ 30.227751360016235, 60.504607983096463 ], [ 30.227508000016229, 60.504481162418188 ], [ 30.227177520016209, 60.504418505198316 ], [ 30.226851000016239, 60.504428342478455 ], [ 30.226269600016217, 60.504507040612246 ], [ 30.226166280016201, 60.504226367452034 ], [ 30.226034520016263, 60.503849267226116 ], [ 30.226016880016243, 60.503798307399585 ], [ 30.225995280016257, 60.503721114188082 ], [ 30.225967920016238, 60.503614939987102 ], [ 30.225921480016257, 60.503433521328013 ], [ 30.225891600016215, 60.503317951706485 ], [ 30.225864960016256, 60.503213460106558 ], [ 30.225840840016236, 60.503119248985911 ], [ 30.22594920001622, 60.503132011373872 ], [ 30.226307040016255, 60.503415264191332 ], [ 30.22662168001623, 60.503554053623141 ], [ 30.228411600016219, 60.503975735875493 ], [ 30.228568560016271, 60.504003121103132 ], [ 30.229468920016259, 60.504110623407506 ], [ 30.229709400016208, 60.504120815281006 ], [ 30.229981920016201, 60.504112839032466 ], [ 30.23085492001627, 60.504087403648981 ], [ 30.231218520016242, 60.504032101561606 ], [ 30.232022400016252, 60.503795116868666 ], [ 30.232188000016205, 60.503774998791386 ], [ 30.232339920016194, 60.503801143426827 ], [ 30.232764720016206, 60.50394941412997 ], [ 30.232925640016216, 60.504005513986023 ], [ 30.232991160016248, 60.504037064573311 ], [ 30.233647800016207, 60.504472034146168 ], [ 30.2341060800162, 60.504848595388388 ], [ 30.23422956001626, 60.504909922434557 ], [ 30.233147760016259, 60.50577726232175 ], [ 30.233046960016186, 60.50612704532498 ], [ 30.2333338800162, 60.506232590962291 ], [ 30.234239280016258, 60.506549580285032 ] ] ] } },
{ "type": "Feature", "properties": { }, "geometry": { "type": "Polygon", "coordinates": [ [ [ 30.229926840016223, 60.506177381154579 ], [ 30.229455960016271, 60.505987026232873 ], [ 30.229449120016245, 60.505949362766216 ], [ 30.229913520016201, 60.505677830031523 ], [ 30.2299200000162, 60.505674196581992 ], [ 30.229926480016196, 60.505670651752794 ], [ 30.229933680016252, 60.505667195543928 ], [ 30.229940880016219, 60.505663916576211 ], [ 30.229948080016186, 60.505660726228918 ], [ 30.229955640016183, 60.505657624502106 ], [ 30.229963560016206, 60.505654700016514 ], [ 30.229971480016236, 60.505651864151496 ], [ 30.229979760016203, 60.505649205527796 ], [ 30.229988040016256, 60.505646635524684 ], [ 30.229996680016253, 60.505644331383778 ], [ 30.23000532001625, 60.505642115863516 ], [ 30.230014320016185, 60.505639988963935 ], [ 30.230023320016208, 60.505638039305872 ], [ 30.230032320016239, 60.505636178268496 ], [ 30.230041680016203, 60.505634583093524 ], [ 30.230475840016268, 60.505561204960117 ], [ 30.230485200016229, 60.505559698402507 ], [ 30.230494920016227, 60.505558369086913 ], [ 30.230504640016221, 60.50555712839229 ], [ 30.230514360016219, 60.505556153560796 ], [ 30.23052408001621, 60.505555178729203 ], [ 30.230534160016241, 60.505554558381874 ], [ 30.230543880016238, 60.50555402665556 ], [ 30.230553960016259, 60.505553672171317 ], [ 30.230564040016194, 60.505553406308174 ], [ 30.230574120016222, 60.505553494929231 ], [ 30.230583840016212, 60.505553672171317 ], [ 30.230593920016243, 60.505553938034488 ], [ 30.230604000016264, 60.505554381139767 ], [ 30.230613720016262, 60.505555090108189 ], [ 30.230623800016193, 60.505555887697618 ], [ 30.230633520016191, 60.505556862529126 ], [ 30.230643240016189, 60.505558014602713 ], [ 30.230652960016275, 60.505559432539407 ], [ 30.230662320016236, 60.505560850475987 ], [ 30.230671680016208, 60.50556244565459 ], [ 30.230681040016261, 60.505564306696158 ], [ 30.230690400016226, 60.505566256358698 ], [ 30.230699400016249, 60.505568383263117 ], [ 30.230708040016246, 60.505570687409431 ], [ 30.230717040016181, 60.505572991555553 ], [ 30.230725680016267, 60.505575561564498 ], [ 30.230733960016234, 60.505578308815245 ], [ 30.230741880016257, 60.505581144686722 ], [ 30.231005400016226, 60.505656206569761 ], [ 30.230041680016203, 60.506135552794625 ], [ 30.229926840016223, 60.506177381154579 ] ] ] } },
{ "type": "Feature", "properties": { }, "geometry": { "type": "Polygon", "coordinates": [ [ [ 30.229976880016235, 60.507851091587305 ], [ 30.229042680016228, 60.507556180281746 ], [ 30.228315840016208, 60.507194183619049 ], [ 30.228243840016184, 60.507134278763004 ], [ 30.22824528001621, 60.507050181374403 ], [ 30.228289200016249, 60.506981148686833 ], [ 30.228326280016262, 60.50685876816943 ], [ 30.228284520016224, 60.50673683027896 ], [ 30.228209640016225, 60.506627387086887 ], [ 30.228230160016214, 60.506582546287696 ], [ 30.228828120016264, 60.506388826232644 ], [ 30.229211160016231, 60.506085128280503 ], [ 30.229291440016226, 60.506082912790369 ], [ 30.229753680016184, 60.506240300831649 ], [ 30.228981840016221, 60.506521399643326 ], [ 30.229115400016219, 60.506610726876239 ], [ 30.22952328001627, 60.506884024143183 ], [ 30.230477280016206, 60.507528798056214 ], [ 30.230405280016271, 60.507559724904716 ], [ 30.230490600016228, 60.507607222815174 ], [ 30.229976880016235, 60.507851091587305 ] ] ] } },
{ "type": "Feature", "properties": { }, "geometry": { "type": "Polygon", "coordinates": [ [ [ 30.223906200016227, 60.509382318682384 ], [ 30.223933560016238, 60.509374432339321 ], [ 30.224579400016204, 60.509186045641016 ], [ 30.225119040016189, 60.508764165341745 ], [ 30.225697560016247, 60.508863942610809 ], [ 30.226272840016215, 60.508760355013649 ], [ 30.226886640016222, 60.508508872369276 ], [ 30.227919840016245, 60.508085299585261 ], [ 30.227083920016192, 60.507581967405038 ], [ 30.226293720016233, 60.507348021617744 ], [ 30.226438080016226, 60.507171143302905 ], [ 30.226560840016226, 60.50700791105556 ], [ 30.226646520016217, 60.506879416037179 ], [ 30.226790880016207, 60.506807724457147 ], [ 30.227882760016229, 60.50662667814192 ], [ 30.227951880016199, 60.506643515580542 ], [ 30.22804296001619, 60.506776796890982 ], [ 30.228048720016215, 60.506785835896167 ], [ 30.228053760016181, 60.506794874898901 ], [ 30.228058440016213, 60.506804002516681 ], [ 30.228062040016237, 60.506813307367111 ], [ 30.228065280016235, 60.506822523597307 ], [ 30.228067800016266, 60.506831917059969 ], [ 30.228069600016234, 60.50684122190242 ], [ 30.228070680016234, 60.50685061535966 ], [ 30.228071400016201, 60.506860008814236 ], [ 30.228071040016264, 60.506869402266034 ], [ 30.228070320016201, 60.506878884332551 ], [ 30.228068880016266, 60.506888189161508 ], [ 30.228066720016265, 60.506897582605184 ], [ 30.228063840016212, 60.506906798811364 ], [ 30.22806060001621, 60.506916103632314 ], [ 30.228056280016212, 60.506925319833279 ], [ 30.228051600016183, 60.506934447414345 ], [ 30.228046200016184, 60.506943486375562 ], [ 30.228002280016234, 60.507012519143345 ], [ 30.227994720016241, 60.507161129621949 ], [ 30.228134760016236, 60.507282445601632 ], [ 30.228882840016212, 60.507653923118156 ], [ 30.229794720016255, 60.507937668104603 ], [ 30.229339680016263, 60.508153621009221 ], [ 30.229220160016261, 60.508084324829753 ], [ 30.229207920016233, 60.508077147084045 ], [ 30.228733440016253, 60.508279895635461 ], [ 30.227880960016261, 60.508710909320179 ], [ 30.227116320016265, 60.508572496422161 ], [ 30.226820760016256, 60.508612726608362 ], [ 30.225995640016194, 60.509190298974602 ], [ 30.226632840016251, 60.509341735008803 ], [ 30.227025960016245, 60.509432826676793 ], [ 30.225723480016232, 60.510152778563892 ], [ 30.225706560016182, 60.510144272148828 ], [ 30.225513240016184, 60.510237842591778 ], [ 30.225185640016221, 60.510396539571808 ], [ 30.223906200016227, 60.509382318682384 ] ] ] } },
{ "type": "Feature", "properties": { }, "geometry": { "type": "Polygon", "coordinates": [ [ [ 30.257601120016218, 60.564742102933913 ], [ 30.257061480016237, 60.565035609093663 ], [ 30.25696968001628, 60.565075503787945 ], [ 30.256819920016202, 60.565028001674122 ], [ 30.256258680016224, 60.564810481792087 ], [ 30.256027560016246, 60.56472078426939 ], [ 30.255886800016278, 60.564666381804507 ], [ 30.255656760016212, 60.564577214639698 ], [ 30.255541560016205, 60.564350845702975 ], [ 30.255887520016252, 60.564283085095617 ], [ 30.255944760016224, 60.564400914154511 ], [ 30.256462440016278, 60.564518212025419 ], [ 30.256462080016249, 60.56451661974944 ], [ 30.257168400016273, 60.564445851850664 ], [ 30.25735236001622, 60.564551384422984 ], [ 30.257601120016218, 60.564742102933913 ] ] ] } },
{ "type": "Feature", "properties": { }, "geometry": { "type": "Polygon", "coordinates": [ [ [ 30.231043920016266, 60.512621582549286 ], [ 30.231024480016188, 60.512628316279852 ], [ 30.230461800016183, 60.512605191225532 ], [ 30.229918560016259, 60.512425949344426 ], [ 30.229499880016217, 60.51218388705928 ], [ 30.229547400016198, 60.51214995212149 ], [ 30.229894080016212, 60.51208465163203 ], [ 30.230505000016247, 60.511934823281585 ], [ 30.230510400016247, 60.511933494227456 ], [ 30.23103780001621, 60.512610595933197 ], [ 30.231043920016266, 60.512621582549286 ] ] ] } },
{ "type": "Feature", "properties": { }, "geometry": { "type": "Polygon", "coordinates": [ [ [ 30.229272000016238, 60.548171934607872 ], [ 30.229220880016229, 60.548443199741186 ], [ 30.228550200016187, 60.548373989734081 ], [ 30.228424920016245, 60.548125912238845 ], [ 30.228882480016178, 60.548036522450467 ], [ 30.229272000016238, 60.548171934607872 ] ] ] } },
{ "type": "Feature", "properties": { }, "geometry": { "type": "Polygon", "coordinates": [ [ [ 30.226072680016191, 60.507282445601632 ], [ 30.226075920016189, 60.507100427153361 ], [ 30.226298760016203, 60.506694470933468 ], [ 30.226600080016237, 60.506162050003503 ], [ 30.227232960016206, 60.506067670214229 ], [ 30.227172840016269, 60.505846120333246 ], [ 30.226648680016215, 60.505394331122758 ], [ 30.22656948001622, 60.505354540049041 ], [ 30.226487400016261, 60.504982504438992 ], [ 30.226460400016187, 60.504793294599814 ], [ 30.226322160016252, 60.50463226596495 ], [ 30.226487040016231, 60.504607894472812 ], [ 30.226918320016239, 60.504549580064477 ], [ 30.22719624001623, 60.504548073459844 ], [ 30.227396760016191, 60.504596284773719 ], [ 30.22753248001619, 60.504671969302024 ], [ 30.229060680016186, 60.505943956947469 ], [ 30.229050600016244, 60.505986405893772 ], [ 30.228645600016261, 60.506301182149343 ], [ 30.228005160016203, 60.506473811522881 ], [ 30.226652640016184, 60.506698104268658 ], [ 30.22642296001623, 60.506811269162007 ], [ 30.226072680016191, 60.507282445601632 ] ] ] } },
{ "type": "Feature", "properties": { }, "geometry": { "type": "Polygon", "coordinates": [ [ [ 30.245189040016268, 60.560254435259012 ], [ 30.244431960016268, 60.560242314669708 ], [ 30.243636720016255, 60.560229663246879 ], [ 30.242382120016245, 60.56024877308645 ], [ 30.241270080016264, 60.560182154013404 ], [ 30.241218960016262, 60.559783675311024 ], [ 30.241634760016236, 60.559600890142725 ], [ 30.241919520016257, 60.559313704775946 ], [ 30.242654280016207, 60.559296186916846 ], [ 30.243630960016226, 60.559216737113701 ], [ 30.244336560016194, 60.559265486403611 ], [ 30.245073480016231, 60.559252126805156 ], [ 30.245189040016268, 60.560254435259012 ] ] ] } },
{ "type": "Feature", "properties": { }, "geometry": { "type": "Polygon", "coordinates": [ [ [ 30.225774600016237, 60.502756316474525 ], [ 30.226578480016247, 60.502732563973098 ], [ 30.226122360016252, 60.502982496138259 ], [ 30.226056840016227, 60.502979748667485 ], [ 30.225774600016237, 60.502756316474525 ] ] ] } },
{ "type": "Feature", "properties": { }, "geometry": { "type": "Polygon", "coordinates": [ [ [ 30.233408400016263, 60.509782038568325 ], [ 30.232858320016224, 60.509790633687963 ], [ 30.232220040016252, 60.509666402974311 ], [ 30.231979920016244, 60.509688112370185 ], [ 30.231950040016198, 60.509362912958373 ], [ 30.232265040016202, 60.509356178549112 ], [ 30.232290960016186, 60.509327025629865 ], [ 30.232254240016204, 60.508984100264165 ], [ 30.232204560016232, 60.508978606339866 ], [ 30.232209240016257, 60.508968061547122 ], [ 30.232105560016215, 60.508957516750925 ], [ 30.232101240016217, 60.508967707100254 ], [ 30.231845640016189, 60.508941034961722 ], [ 30.231441000016233, 60.508971074345382 ], [ 30.231438480016202, 60.508969213499434 ], [ 30.231243720016259, 60.508467312857789 ], [ 30.231802080016269, 60.508292655991369 ], [ 30.231851040016188, 60.508283440179255 ], [ 30.232293840016244, 60.508264211024432 ], [ 30.232545120016184, 60.508253311544529 ], [ 30.23274420001621, 60.508152646255809 ], [ 30.233116440016186, 60.508164520522691 ], [ 30.233347920016197, 60.509374432339321 ], [ 30.233408400016263, 60.509782038568325 ] ] ] } },
{ "type": "Feature", "properties": { }, "geometry": { "type": "Polygon", "coordinates": [ [ [ 30.252526920016251, 60.575683533704975 ], [ 30.252536280016216, 60.575656739639676 ], [ 30.253464720016197, 60.575560086275537 ], [ 30.253573800016238, 60.575566541632746 ], [ 30.253690800016209, 60.575635781889922 ], [ 30.253781160016228, 60.57568105768668 ], [ 30.253779720016198, 60.575735706903764 ], [ 30.253721760016258, 60.575758344740059 ], [ 30.253499640016212, 60.575785580865855 ], [ 30.252802680016242, 60.575841733195631 ], [ 30.252705840016226, 60.575841202622897 ], [ 30.252657600016278, 60.575809633529296 ], [ 30.252526920016251, 60.575683533704975 ] ] ] } },
{ "type": "Feature", "properties": { }, "geometry": { "type": "Polygon", "coordinates": [ [ [ 30.253367880016278, 60.562225872684515 ], [ 30.253822200016202, 60.562195174952649 ], [ 30.253039920016274, 60.561453201022751 ], [ 30.252742920016239, 60.561485934224727 ], [ 30.252574080016199, 60.561521586836733 ], [ 30.25024416001628, 60.56190235074245 ], [ 30.250026720016262, 60.561904562415613 ], [ 30.250026360016228, 60.561873775911671 ], [ 30.250000800016274, 60.561848739738856 ], [ 30.249111960016243, 60.56151999441321 ], [ 30.249549360016221, 60.561261578424322 ], [ 30.250816560016283, 60.560420230308679 ], [ 30.250872720016254, 60.560301944386296 ], [ 30.250828080016241, 60.56019551322764 ], [ 30.250659240016201, 60.560020604403086 ], [ 30.251370240016257, 60.559604871437628 ], [ 30.251491200016204, 60.559535154468996 ], [ 30.252282840016274, 60.559270883325922 ], [ 30.252351240016267, 60.559293532694952 ], [ 30.252320640016258, 60.559330249411893 ], [ 30.252285360016216, 60.559387403543717 ], [ 30.252237840016239, 60.559469595608824 ], [ 30.252209040016279, 60.559550991204752 ], [ 30.2521928400162, 60.559617965470842 ], [ 30.252189240016264, 60.559666094844559 ], [ 30.252187080016267, 60.559692017437101 ], [ 30.252191040016225, 60.559755098607944 ], [ 30.252205080016221, 60.559820302998837 ], [ 30.252219120016218, 60.559871263191063 ], [ 30.252238200016269, 60.559920807745463 ], [ 30.251816640016258, 60.559995655267521 ], [ 30.252013200016258, 60.560222231639543 ], [ 30.252155040016216, 60.560207014533468 ], [ 30.252390480016192, 60.560161009285565 ], [ 30.252405960016215, 60.560158443606362 ], [ 30.252486240016211, 60.560252311944431 ], [ 30.252786840016277, 60.560576823571822 ], [ 30.252889080016196, 60.56068573064276 ], [ 30.253154760016255, 60.560966180144327 ], [ 30.253368600016238, 60.56119407674916 ], [ 30.253524120016255, 60.561366059769533 ], [ 30.253785480016226, 60.56165128062225 ], [ 30.253894920016208, 60.561769915478017 ], [ 30.253894920016208, 60.561770003945313 ], [ 30.253939560016214, 60.561818218583213 ], [ 30.254101920016257, 60.562012138015355 ], [ 30.254247000016214, 60.562226226548717 ], [ 30.254346720016198, 60.562412889361099 ], [ 30.254442840016242, 60.562615032471001 ], [ 30.254527800016263, 60.562787273327253 ], [ 30.254510160016242, 60.562789308010863 ], [ 30.254463360016235, 60.562794438951599 ], [ 30.254446800016215, 60.562796562099265 ], [ 30.254051880016252, 60.56285733714185 ], [ 30.254011560016238, 60.56286344117909 ], [ 30.253544280016218, 60.562940935812854 ], [ 30.253667760016281, 60.563208096254229 ], [ 30.253673880016247, 60.563220215731832 ], [ 30.253720680016258, 60.563215084858626 ], [ 30.253828320016265, 60.563203142305859 ], [ 30.253916880016227, 60.563195976772043 ], [ 30.253982040016222, 60.56318863430986 ], [ 30.254249520016245, 60.563168553109548 ], [ 30.254307840016217, 60.563164218399457 ], [ 30.254686920016223, 60.563135290829578 ], [ 30.254847480016203, 60.563504093291264 ], [ 30.254931360016222, 60.563691987195092 ], [ 30.254949360016276, 60.563735952795554 ], [ 30.254927040016224, 60.563739048962347 ], [ 30.254592960016261, 60.563776733711514 ], [ 30.25398672001625, 60.563846883843659 ], [ 30.253932000016217, 60.563856437696018 ], [ 30.253786920016253, 60.563881914621867 ], [ 30.253377240016235, 60.563947906843424 ], [ 30.253349880016223, 60.564007883571328 ], [ 30.25284516001625, 60.563957195281994 ], [ 30.252454560016194, 60.563918006899151 ], [ 30.25199556001623, 60.563860772313298 ], [ 30.251995920016263, 60.563794514528652 ], [ 30.251401560016241, 60.563775495246311 ], [ 30.250944360016245, 60.563719587337545 ], [ 30.250211760016207, 60.563615821295073 ], [ 30.250151640016263, 60.563413065202269 ], [ 30.249986400016255, 60.563023649629123 ], [ 30.250000080016211, 60.562588846826479 ], [ 30.25157688001628, 60.562527982814046 ], [ 30.25212588001623, 60.562490650470664 ], [ 30.252085920016249, 60.562312392359985 ], [ 30.252209040016279, 60.562304076573021 ], [ 30.252219480016244, 60.562360252326435 ], [ 30.252265200016254, 60.562558768695155 ], [ 30.252317760016197, 60.562753126009063 ], [ 30.252350520016211, 60.562893872883897 ], [ 30.252387960016257, 60.563054523502025 ], [ 30.253078800016258, 60.562960309442282 ], [ 30.253291920016277, 60.562931204761732 ], [ 30.253181400016214, 60.56270110878144 ], [ 30.253392720016262, 60.562666784442563 ], [ 30.253501080016239, 60.56263626405908 ], [ 30.253393080016199, 60.562291956751992 ], [ 30.253367880016278, 60.562225872684515 ] ] ] } },
{ "type": "Feature", "properties": { }, "geometry": { "type": "Polygon", "coordinates": [ [ [ 30.23057700001619, 60.509057913704943 ], [ 30.230826120016221, 60.50955324805107 ], [ 30.230535960016208, 60.509589932619193 ], [ 30.230479440016204, 60.509597110029851 ], [ 30.230699760016186, 60.510030853067903 ], [ 30.23120664001625, 60.510664045452195 ], [ 30.231468360016244, 60.510887688951705 ], [ 30.230937720016193, 60.511034509538185 ], [ 30.231514800016225, 60.511623202902612 ], [ 30.231277560016185, 60.511674859260239 ], [ 30.231259200016197, 60.511656340952825 ], [ 30.230944200016193, 60.511727047160562 ], [ 30.230827200016218, 60.51161451966459 ], [ 30.230352000016261, 60.511730414118965 ], [ 30.228973920016198, 60.511387071162559 ], [ 30.228738480016215, 60.51135313539023 ], [ 30.228788880016257, 60.511201354333693 ], [ 30.227647680016197, 60.511057547107548 ], [ 30.227362920016272, 60.510811753118816 ], [ 30.227077080016251, 60.510198146073229 ], [ 30.229321320016179, 60.509459852851947 ], [ 30.229196760016208, 60.509240452824436 ], [ 30.23057700001619, 60.509057913704943 ] ] ] } },
{ "type": "Feature", "properties": { }, "geometry": { "type": "Polygon", "coordinates": [ [ [ 30.223465200016218, 60.509005810117124 ], [ 30.223557360016205, 60.508951934210359 ], [ 30.224381040016237, 60.5084691737326 ], [ 30.225119040016189, 60.508764165341745 ], [ 30.224579400016204, 60.509186045641016 ], [ 30.223905840016194, 60.509382230071836 ], [ 30.223895400016229, 60.509373634843868 ], [ 30.223465200016218, 60.509005810117124 ] ] ] } },
{ "type": "Feature", "properties": { }, "geometry": { "type": "Polygon", "coordinates": [ [ [ 30.252085920016249, 60.562312392359985 ], [ 30.25212588001623, 60.562490650470664 ], [ 30.25157688001628, 60.562527982814046 ], [ 30.250000080016211, 60.562588846826479 ], [ 30.250009080016241, 60.562408112221995 ], [ 30.251537640016267, 60.562349371046373 ], [ 30.252085920016249, 60.562312392359985 ] ] ] } },
{ "type": "Feature", "properties": { }, "geometry": { "type": "Polygon", "coordinates": [ [ [ 30.217803840016202, 60.551085371322621 ], [ 30.217861440016204, 60.551034397285406 ], [ 30.21786216001626, 60.551033689312078 ], [ 30.217923000016263, 60.550979971792394 ], [ 30.218219280016239, 60.550652885925103 ], [ 30.218221800016178, 60.550650584984666 ], [ 30.218267520016187, 60.550599433266598 ], [ 30.21834276001621, 60.550581202703917 ], [ 30.218487480016233, 60.550598459790216 ], [ 30.21970536001626, 60.550742710971846 ], [ 30.219909480016252, 60.550803951156283 ], [ 30.220012800016267, 60.550834836696637 ], [ 30.219828120016263, 60.551322541134091 ], [ 30.219869520016182, 60.551382718272357 ], [ 30.220071480016262, 60.551434576716424 ], [ 30.220193160016176, 60.551492983738193 ], [ 30.220213680016261, 60.551608912514439 ], [ 30.22021152001626, 60.551618469982813 ], [ 30.220208280016262, 60.551631213269545 ], [ 30.220203960016264, 60.551649177755571 ], [ 30.220186320016243, 60.551722451516248 ], [ 30.220186320016243, 60.551722540011049 ], [ 30.220175880016189, 60.5517666103813 ], [ 30.220164360016216, 60.551813247032989 ], [ 30.220151400016228, 60.551867405640927 ], [ 30.22014312001626, 60.551901918431994 ], [ 30.220086600016259, 60.55202439429597 ], [ 30.220021080016227, 60.552059083907281 ], [ 30.219887880016266, 60.552114569509243 ], [ 30.2197579200162, 60.552109613861241 ], [ 30.21813648001622, 60.551194575847354 ], [ 30.218078880016218, 60.551166257043285 ], [ 30.217961880016244, 60.551126522179523 ], [ 30.217803840016202, 60.551085371322621 ] ] ] } },
{ "type": "Feature", "properties": { }, "geometry": { "type": "Polygon", "coordinates": [ [ [ 30.232612080016249, 60.511054445897209 ], [ 30.23150544001626, 60.511408956615696 ], [ 30.231506160016227, 60.511409133825794 ], [ 30.231849240016221, 60.511590862259418 ], [ 30.231326880016223, 60.511710743988488 ], [ 30.231182880016263, 60.511743438928541 ], [ 30.230761680016194, 60.511858181072192 ], [ 30.230625960016194, 60.511905141060133 ], [ 30.229894080016212, 60.51208465163203 ], [ 30.229547400016198, 60.51214995212149 ], [ 30.229499880016217, 60.51218388705928 ], [ 30.229111080016221, 60.511768248075143 ], [ 30.228725880016256, 60.511357034018587 ], [ 30.22757748001623, 60.511073407578458 ], [ 30.226358160016261, 60.510806170897723 ], [ 30.225494520016255, 60.510560463609472 ], [ 30.225938040016189, 60.510260526294807 ], [ 30.227087520016216, 60.509679251394026 ], [ 30.227362560016232, 60.509600743039556 ], [ 30.228158520016223, 60.509373280401391 ], [ 30.228918120016253, 60.509085117415616 ], [ 30.229706880016273, 60.508808825898036 ], [ 30.230107200016228, 60.508633550583816 ], [ 30.230262720016249, 60.508579585445354 ], [ 30.231054000016204, 60.508507809013572 ], [ 30.231131400016228, 60.508494960129376 ], [ 30.231243720016259, 60.508467312857789 ], [ 30.231442800016197, 60.508980112738556 ], [ 30.231533880016187, 60.509376647604419 ], [ 30.231700560016222, 60.50937044486173 ], [ 30.231707040016222, 60.509370179029901 ], [ 30.231807840016206, 60.509365925719926 ], [ 30.231851400016211, 60.509365039613627 ], [ 30.231853920016242, 60.509364951002979 ], [ 30.231950040016198, 60.509362912958373 ], [ 30.231979920016244, 60.509688112370185 ], [ 30.231934200016234, 60.509756341805307 ], [ 30.231965160016191, 60.509907066320977 ], [ 30.231711000016194, 60.510280374521955 ], [ 30.231721440016248, 60.510363045801498 ], [ 30.231509760016259, 60.51068424786029 ], [ 30.23211024001624, 60.510707994534357 ], [ 30.232166760016241, 60.510642159495909 ], [ 30.232254960016267, 60.510742551230493 ], [ 30.232612080016249, 60.511054445897209 ] ], [ [ 30.231514800016225, 60.511623202902612 ], [ 30.230937720016193, 60.511034509538185 ], [ 30.231468360016244, 60.510887688951705 ], [ 30.23120664001625, 60.510664045452195 ], [ 30.230699760016186, 60.510030853067903 ], [ 30.230479440016204, 60.509597110029851 ], [ 30.230535960016208, 60.509589932619193 ], [ 30.230826120016221, 60.50955324805107 ], [ 30.23057700001619, 60.509057913704943 ], [ 30.229196760016208, 60.509240452824436 ], [ 30.229321320016179, 60.509459852851947 ], [ 30.227077080016251, 60.510198146073229 ], [ 30.227362920016272, 60.510811753118816 ], [ 30.227647680016197, 60.511057547107548 ], [ 30.228788880016257, 60.511201354333693 ], [ 30.228738480016215, 60.51135313539023 ], [ 30.228973920016198, 60.511387071162559 ], [ 30.230352000016261, 60.511730414118965 ], [ 30.230827200016218, 60.51161451966459 ], [ 30.230944200016193, 60.511727047160562 ], [ 30.231259200016197, 60.511656340952825 ], [ 30.231277560016185, 60.511674859260239 ], [ 30.231514800016225, 60.511623202902612 ] ] ] } },
{ "type": "Feature", "properties": { }, "geometry": { "type": "Polygon", "coordinates": [ [ [ 30.225119040016189, 60.508764165341745 ], [ 30.224381040016237, 60.5084691737326 ], [ 30.226293720016233, 60.507348021617744 ], [ 30.227083920016192, 60.507581967405038 ], [ 30.227919840016245, 60.508085299585261 ], [ 30.226886640016222, 60.508508872369276 ], [ 30.226272840016215, 60.508760355013649 ], [ 30.225697560016247, 60.508863942610809 ], [ 30.225119040016189, 60.508764165341745 ] ] ] } },
{ "type": "Feature", "properties": { }, "geometry": { "type": "Polygon", "coordinates": [ [ [ 30.228743160016244, 60.503894732186303 ], [ 30.226554000016197, 60.503355706858251 ], [ 30.226503960016192, 60.50333363871151 ], [ 30.226254840016253, 60.503136354129765 ], [ 30.22626240001625, 60.50309345831154 ], [ 30.226935240016203, 60.502724853269271 ], [ 30.227762160016233, 60.502721042231059 ], [ 30.229756200016222, 60.502712977009239 ], [ 30.230826840016189, 60.502709520484949 ], [ 30.23177868001622, 60.502719890056667 ], [ 30.233202120016269, 60.502726448587438 ], [ 30.233181240016243, 60.502935700475241 ], [ 30.234498840016254, 60.503038774923795 ], [ 30.235385520016198, 60.503064211130216 ], [ 30.2353138800162, 60.503094433217115 ], [ 30.235118760016228, 60.503242352643703 ], [ 30.234937680016255, 60.503393284712104 ], [ 30.234997800016199, 60.503412694011033 ], [ 30.234813120016195, 60.503570449525704 ], [ 30.234641760016213, 60.503711897075888 ], [ 30.234436560016221, 60.503886046877177 ], [ 30.234185280016192, 60.504064892874801 ], [ 30.234203280016242, 60.50423912940407 ], [ 30.234213360016266, 60.504335198381789 ], [ 30.234250080016256, 60.504543376397812 ], [ 30.234287520016206, 60.504739943429129 ], [ 30.234287520016206, 60.504740386545514 ], [ 30.234180600016249, 60.504665056670945 ], [ 30.233852280016229, 60.504396969520513 ], [ 30.233195640016273, 60.503961998940234 ], [ 30.23307288001627, 60.503902974365253 ], [ 30.232487160016245, 60.503698514533362 ], [ 30.232202400016231, 60.503649504247662 ], [ 30.231891360016199, 60.503687259013176 ], [ 30.231087840016215, 60.503924333120267 ], [ 30.230839800016184, 60.503961998940234 ], [ 30.22968960001619, 60.503995587952232 ], [ 30.229528680016266, 60.503988497926215 ], [ 30.228743160016244, 60.503894732186303 ] ] ] } },
{ "type": "Feature", "properties": { }, "geometry": { "type": "Polygon", "coordinates": [ [ [ 30.223688040016231, 60.507598272654505 ], [ 30.223876680016208, 60.50757363754613 ], [ 30.224114640016218, 60.507542444864086 ], [ 30.224190240016178, 60.507513290313042 ], [ 30.224161800016255, 60.507211197995829 ], [ 30.22418196001621, 60.50720933704882 ], [ 30.224306880016211, 60.50719790551473 ], [ 30.224320560016267, 60.506976363360295 ], [ 30.224332080016232, 60.506789380603429 ], [ 30.224343240016253, 60.506609840694601 ], [ 30.224724840016194, 60.506579090176068 ], [ 30.225467160016237, 60.506885619256657 ], [ 30.226075920016189, 60.507100427153361 ], [ 30.226072680016191, 60.507282445601632 ], [ 30.224417400016193, 60.508252602635125 ], [ 30.224346480016251, 60.508252868476113 ], [ 30.224093040016221, 60.508108693707733 ], [ 30.223688040016231, 60.507598272654505 ] ] ] } },
{ "type": "Feature", "properties": { }, "geometry": { "type": "Polygon", "coordinates": [ [ [ 30.223459800016219, 60.508830270032149 ], [ 30.223260360016258, 60.508315252442642 ], [ 30.22336296001621, 60.508101072896942 ], [ 30.223247400016263, 60.507950960282265 ], [ 30.223175760016268, 60.507774616948197 ], [ 30.223091520016219, 60.507672798174099 ], [ 30.222848520016242, 60.507533494685518 ], [ 30.223416600016247, 60.507594993882158 ], [ 30.223436760016202, 60.50762654097521 ], [ 30.223872000016179, 60.508174533893595 ], [ 30.224179800016209, 60.508349811690543 ], [ 30.224181240016243, 60.508391105512814 ], [ 30.223459800016219, 60.508830270032149 ] ] ] } },
{ "type": "Feature", "properties": { }, "geometry": { "type": "Polygon", "coordinates": [ [ [ 30.254591880016267, 60.575388620904533 ], [ 30.254595120016262, 60.575386587013803 ], [ 30.255097320016201, 60.574957786932323 ], [ 30.255168600016262, 60.574981486487324 ], [ 30.255451920016252, 60.57501111090658 ], [ 30.255452280016275, 60.575012172079312 ], [ 30.255437880016256, 60.575120676806442 ], [ 30.25540224001627, 60.575385791143468 ], [ 30.254911200016259, 60.575432482169077 ], [ 30.254905080016204, 60.575433012748519 ], [ 30.254899320016264, 60.575433366468133 ], [ 30.254892840016272, 60.575433720187732 ], [ 30.254887080016246, 60.575433985477467 ], [ 30.254880960016276, 60.575434073907388 ], [ 30.254874480016284, 60.575434073907388 ], [ 30.254868360016221, 60.575434073907388 ], [ 30.254862600016196, 60.575433808617653 ], [ 30.2548561200162, 60.575433543327954 ], [ 30.25485036001626, 60.575433101178426 ], [ 30.254844240016205, 60.575432659028856 ], [ 30.254838120016238, 60.5754321284494 ], [ 30.254832000016268, 60.575431421010151 ], [ 30.254591880016267, 60.575388620904533 ] ] ] } },
{ "type": "Feature", "properties": { }, "geometry": { "type": "Polygon", "coordinates": [ [ [ 30.254591880016267, 60.575388620904533 ], [ 30.254370120016251, 60.575349004227327 ], [ 30.254105880016223, 60.575301782499572 ], [ 30.254091840016226, 60.575299218021712 ], [ 30.253008960016231, 60.574985554319618 ], [ 30.252265200016254, 60.57455975561529 ], [ 30.251891880016281, 60.574290743448614 ], [ 30.251804040016204, 60.574190460233666 ], [ 30.251793960016265, 60.574179140768315 ], [ 30.25178280001624, 60.574168086599151 ], [ 30.251770920016252, 60.574157032426214 ], [ 30.251758320016286, 60.574146331983172 ], [ 30.251745000016257, 60.574135808403476 ], [ 30.251730960016268, 60.574125550120883 ], [ 30.251716560016241, 60.574115380268502 ], [ 30.251701080016218, 60.574105652580634 ], [ 30.251685240016258, 60.574096013323391 ], [ 30.251668680016234, 60.574086639364083 ], [ 30.251651400016247, 60.574077619136446 ], [ 30.251633760016219, 60.574068864207291 ], [ 30.251615400016231, 60.574060374576732 ], [ 30.251328840016242, 60.573883506766109 ], [ 30.251633760016219, 60.573794807194666 ], [ 30.252204720016195, 60.573811255987046 ], [ 30.252618720016212, 60.573935506002904 ], [ 30.252904920016256, 60.5741005234349 ], [ 30.254693040016278, 60.574823459648648 ], [ 30.254708160016268, 60.574828588679594 ], [ 30.255097320016201, 60.574957786932323 ], [ 30.254595120016262, 60.575386587013803 ], [ 30.254591880016267, 60.575388620904533 ] ] ] } },
{ "type": "Feature", "properties": { }, "geometry": { "type": "Polygon", "coordinates": [ [ [ 30.254946480016212, 60.575567072210006 ], [ 30.254255280016277, 60.57567893538512 ], [ 30.253779720016198, 60.575735706903764 ], [ 30.253781160016228, 60.57568105768668 ], [ 30.253690800016209, 60.575635781889922 ], [ 30.253573800016238, 60.575566541632746 ], [ 30.253464720016197, 60.575560086275537 ], [ 30.252536280016216, 60.575656739639676 ], [ 30.252370320016233, 60.575628707540943 ], [ 30.251729880016271, 60.57494620244205 ], [ 30.251464200016212, 60.574617855582083 ], [ 30.251324160016221, 60.574457439285858 ], [ 30.251241720016232, 60.57434707524154 ], [ 30.251058840016196, 60.574112019794839 ], [ 30.25090872001627, 60.574005722526579 ], [ 30.251031840016207, 60.573969995246429 ], [ 30.25113912001628, 60.573938689626921 ], [ 30.251459160016246, 60.574136162137343 ], [ 30.251468160016273, 60.574140141642587 ], [ 30.251481480016206, 60.574146243549734 ], [ 30.251494080016261, 60.574152433889111 ], [ 30.251506320016283, 60.574158889527496 ], [ 30.251518200016278, 60.574165610464753 ], [ 30.251529720016237, 60.574172419833921 ], [ 30.251540520016235, 60.574179494501706 ], [ 30.2515509600162, 60.574186746034528 ], [ 30.251561040016227, 60.57419399756575 ], [ 30.251570400016195, 60.574201514395185 ], [ 30.251579400016215, 60.574209208089393 ], [ 30.251587680016272, 60.574217078648218 ], [ 30.251595960016243, 60.574225037638342 ], [ 30.251603160016202, 60.574232996626492 ], [ 30.251706120016284, 60.574350612556493 ], [ 30.252090600016281, 60.574625195448689 ], [ 30.252549960016268, 60.57488792620272 ], [ 30.252860640016269, 60.575065849687512 ], [ 30.253989600016219, 60.575395518446044 ], [ 30.254786280016265, 60.575537713589206 ], [ 30.254786280016265, 60.575538244166935 ], [ 30.254946480016212, 60.575567072210006 ] ] ] } },
{ "type": "Feature", "properties": { }, "geometry": { "type": "Polygon", "coordinates": [ [ [ 30.223459800016219, 60.508830270032149 ], [ 30.224181240016243, 60.508391105512814 ], [ 30.224179800016209, 60.508349811690543 ], [ 30.224381040016237, 60.5084691737326 ], [ 30.223557360016205, 60.508951934210359 ], [ 30.223465200016218, 60.509005810117124 ], [ 30.223255680016226, 60.508826548323952 ], [ 30.223459800016219, 60.508830270032149 ] ] ] } },
{ "type": "Feature", "properties": { }, "geometry": { "type": "Polygon", "coordinates": [ [ [ 30.227248080016203, 60.548355757917271 ], [ 30.228424920016245, 60.548125912238845 ], [ 30.228550200016187, 60.548373989734081 ], [ 30.229220880016229, 60.548443199741186 ], [ 30.229169040016256, 60.548514445182128 ], [ 30.229143840016238, 60.548633570748997 ], [ 30.229138080016206, 60.549002007597451 ], [ 30.228494760016183, 60.549130335564961 ], [ 30.227248080016203, 60.548355757917271 ] ] ] } },
{ "type": "Feature", "properties": { }, "geometry": { "type": "Polygon", "coordinates": [ [ [ 30.25113912001628, 60.573938689626921 ], [ 30.251328840016242, 60.573883506766109 ], [ 30.251615400016231, 60.574060374576732 ], [ 30.251633760016219, 60.574068864207291 ], [ 30.251651400016247, 60.574077619136446 ], [ 30.251668680016234, 60.574086639364083 ], [ 30.251685240016258, 60.574096013323391 ], [ 30.251701080016218, 60.574105652580634 ], [ 30.251716560016241, 60.574115380268502 ], [ 30.251730960016268, 60.574125550120883 ], [ 30.251745000016257, 60.574135808403476 ], [ 30.251758320016286, 60.574146331983172 ], [ 30.251770920016252, 60.574157032426214 ], [ 30.25178280001624, 60.574168086599151 ], [ 30.251793960016265, 60.574179140768315 ], [ 30.251804040016204, 60.574190460233666 ], [ 30.251891880016281, 60.574290743448614 ], [ 30.252265200016254, 60.57455975561529 ], [ 30.253008960016231, 60.574985554319618 ], [ 30.254091840016226, 60.575299218021712 ], [ 30.254105880016223, 60.575301782499572 ], [ 30.254370120016251, 60.575349004227327 ], [ 30.254832000016268, 60.575431421010151 ], [ 30.254838120016238, 60.5754321284494 ], [ 30.254844240016205, 60.575432659028856 ], [ 30.25485036001626, 60.575433101178426 ], [ 30.2548561200162, 60.575433543327954 ], [ 30.254862600016196, 60.575433808617653 ], [ 30.254868360016221, 60.575434073907388 ], [ 30.254874480016284, 60.575434073907388 ], [ 30.254880960016276, 60.575434073907388 ], [ 30.254887080016246, 60.575433985477467 ], [ 30.254892840016272, 60.575433720187732 ], [ 30.254899320016264, 60.575433366468133 ], [ 30.254905080016204, 60.575433012748519 ], [ 30.254911200016259, 60.575432482169077 ], [ 30.25540224001627, 60.575385791143468 ], [ 30.254946120016275, 60.575566983780455 ], [ 30.254786280016265, 60.575538244166935 ], [ 30.254786280016265, 60.575537713589206 ], [ 30.253989600016219, 60.575395518446044 ], [ 30.252860640016269, 60.575065849687512 ], [ 30.252549960016268, 60.57488792620272 ], [ 30.252090600016281, 60.574625195448689 ], [ 30.251706120016284, 60.574350612556493 ], [ 30.251603160016202, 60.574232996626492 ], [ 30.251595960016243, 60.574225037638342 ], [ 30.251587680016272, 60.574217078648218 ], [ 30.251579400016215, 60.574209208089393 ], [ 30.251570400016195, 60.574201514395185 ], [ 30.251561040016227, 60.57419399756575 ], [ 30.2515509600162, 60.574186746034528 ], [ 30.251540520016235, 60.574179494501706 ], [ 30.251529720016237, 60.574172419833921 ], [ 30.251518200016278, 60.574165610464753 ], [ 30.251506320016283, 60.574158889527496 ], [ 30.251494080016261, 60.574152433889111 ], [ 30.251481480016206, 60.574146243549734 ], [ 30.251468160016273, 60.574140141642587 ], [ 30.251459160016246, 60.574136162137343 ], [ 30.25113912001628, 60.573938689626921 ] ] ] } },
{ "type": "Feature", "properties": { }, "geometry": { "type": "Polygon", "coordinates": [ [ [ 30.250625400016279, 60.559455351358451 ], [ 30.250051560016246, 60.559232043159987 ], [ 30.250509480016213, 60.558893362014445 ], [ 30.250583640016234, 60.558925655432333 ], [ 30.250750680016218, 60.558828775081899 ], [ 30.251036160016206, 60.55893052156101 ], [ 30.251095200016234, 60.558940873141395 ], [ 30.251127600016218, 60.55894105009147 ], [ 30.251189160016189, 60.558922204904292 ], [ 30.251584080016247, 60.558657132469833 ], [ 30.25175112001623, 60.558639968158502 ], [ 30.251798640016204, 60.558657751800475 ], [ 30.252427920016235, 60.558897077971032 ], [ 30.251592720016244, 60.5593189247422 ], [ 30.251472840016209, 60.559403063404282 ], [ 30.251127600016218, 60.559590981139891 ], [ 30.251054520016197, 60.559622389129473 ], [ 30.250625400016279, 60.559455351358451 ] ] ] } },
{ "type": "Feature", "properties": { }, "geometry": { "type": "Polygon", "coordinates": [ [ [ 30.24855252001624, 60.55764159120023 ], [ 30.248565120016202, 60.557489584631554 ], [ 30.248699760016198, 60.557434993041056 ], [ 30.248885880016232, 60.557649023400629 ], [ 30.24855252001624, 60.55764159120023 ] ] ] } },
{ "type": "Feature", "properties": { }, "geometry": { "type": "Polygon", "coordinates": [ [ [ 30.249758160016242, 60.558482392276908 ], [ 30.250213920016208, 60.558388076418382 ], [ 30.251769480016218, 60.55824916794576 ], [ 30.251769480016218, 60.558110258876546 ], [ 30.249964080016202, 60.558027001626073 ], [ 30.249365760016214, 60.558189003581397 ], [ 30.249229680016281, 60.558044520172693 ], [ 30.248885880016232, 60.557649023400629 ], [ 30.248699760016198, 60.557434993041056 ], [ 30.248628840016263, 60.557348194876845 ], [ 30.248312400016232, 60.556989762885351 ], [ 30.248621640016207, 60.556241475742148 ], [ 30.24885276001628, 60.555681908097043 ], [ 30.24890424001622, 60.555503258513106 ], [ 30.249070200016206, 60.555544580718546 ], [ 30.249249120016266, 60.555576435059344 ], [ 30.249435240016208, 60.555598556110837 ], [ 30.249909360016257, 60.555648195695376 ], [ 30.250144800016241, 60.555668458534178 ], [ 30.25045908001627, 60.555701020624113 ], [ 30.250971360016234, 60.555787292307166 ], [ 30.251387880016278, 60.555888517455166 ], [ 30.251725200016239, 60.555998502112658 ], [ 30.252048840016236, 60.556149453897682 ], [ 30.252328920016225, 60.556320313479489 ], [ 30.251909880016242, 60.556496658025786 ], [ 30.251919960016266, 60.556504355934415 ], [ 30.252073320016194, 60.556616462051117 ], [ 30.252147840016249, 60.556667604254663 ], [ 30.25217304001627, 60.556683353913549 ], [ 30.252707640016194, 60.556917297381375 ], [ 30.252550320016205, 60.557349964464557 ], [ 30.253043520016217, 60.557393850209387 ], [ 30.253033800016219, 60.557457643695969 ], [ 30.253379400016236, 60.55749613207707 ], [ 30.253109400016275, 60.558190507691862 ], [ 30.252977280016218, 60.558530611816856 ], [ 30.252427920016235, 60.558897077971032 ], [ 30.251798640016204, 60.558657751800475 ], [ 30.25175112001623, 60.558639968158502 ], [ 30.251584080016247, 60.558657132469833 ], [ 30.251189160016189, 60.558922204904292 ], [ 30.251127600016218, 60.55894105009147 ], [ 30.251095200016234, 60.558940873141395 ], [ 30.251036160016206, 60.55893052156101 ], [ 30.250750680016218, 60.558828775081899 ], [ 30.250647000016269, 60.558791880844723 ], [ 30.249911880016199, 60.558530434864529 ], [ 30.249758160016242, 60.558482392276908 ] ], [ [ 30.250927440016198, 60.557444814225413 ], [ 30.250896480016241, 60.557396946983474 ], [ 30.250497960016254, 60.557208928018504 ], [ 30.249275760016229, 60.55719866436359 ], [ 30.249097920016254, 60.557835447202045 ], [ 30.249338040016255, 60.557929410761069 ], [ 30.249957960016236, 60.557987275189838 ], [ 30.250796760016257, 60.557783245106847 ], [ 30.250927440016198, 60.557444814225413 ] ] ] } },
{ "type": "Feature", "properties": { }, "geometry": { "type": "Polygon", "coordinates": [ [ [ 30.245383440016262, 60.562279571528784 ], [ 30.245369400016273, 60.562264620788682 ], [ 30.244645080016195, 60.561415425097145 ], [ 30.24468108001621, 60.561367740669034 ], [ 30.245602320016225, 60.560922033838324 ], [ 30.245460120016229, 60.560751552447698 ], [ 30.245433480016274, 60.56054382403763 ], [ 30.245466240016203, 60.560258858830579 ], [ 30.245189040016268, 60.560254435259012 ], [ 30.245073480016231, 60.559252126805156 ], [ 30.245398560016259, 60.559246199034526 ], [ 30.247616520016265, 60.559050228095728 ], [ 30.24815400001625, 60.558997320162362 ], [ 30.248281440016278, 60.559064295575155 ], [ 30.248471880016218, 60.559101897298234 ], [ 30.248663400016245, 60.559013864960193 ], [ 30.248929800016271, 60.55907216982196 ], [ 30.249062280016265, 60.559053059287045 ], [ 30.24941724001625, 60.559161086745576 ], [ 30.249369720016272, 60.559581249080608 ], [ 30.24937188001627, 60.559648665649455 ], [ 30.249568800016206, 60.559934255539943 ], [ 30.249185760016243, 60.560134644710132 ], [ 30.249363960016247, 60.56022134692428 ], [ 30.249760680016266, 60.560406871187283 ], [ 30.249654480016204, 60.560459157518352 ], [ 30.249432720016273, 60.560570984514612 ], [ 30.248908200016192, 60.560876825835287 ], [ 30.248853480016248, 60.56090885186353 ], [ 30.248793000016278, 60.560883549534438 ], [ 30.248533800016219, 60.560774023839663 ], [ 30.248262720016257, 60.560783224720034 ], [ 30.24789552001625, 60.560985643426392 ], [ 30.247668000016212, 60.560885230459007 ], [ 30.247445520016218, 60.560872844696981 ], [ 30.24736668001626, 60.561036690251505 ], [ 30.247357320016206, 60.561169924739417 ], [ 30.247378200016225, 60.56151406705834 ], [ 30.247441200016226, 60.561575109914948 ], [ 30.247620480016231, 60.561650307478466 ], [ 30.247661160016271, 60.561666320113524 ], [ 30.247437240016261, 60.561819191721959 ], [ 30.247325280016248, 60.561926590672023 ], [ 30.245383440016262, 60.562279571528784 ] ] ] } },
{ "type": "Feature", "properties": { }, "geometry": { "type": "Polygon", "coordinates": [ [ [ 30.250509480016213, 60.558893362014445 ], [ 30.250647000016269, 60.558791880844723 ], [ 30.250750680016218, 60.558828775081899 ], [ 30.250583640016234, 60.558925655432333 ], [ 30.250509480016213, 60.558893362014445 ] ] ] } },
{ "type": "Feature", "properties": { }, "geometry": { "type": "Polygon", "coordinates": [ [ [ 30.250647000016269, 60.558791880844723 ], [ 30.250509480016213, 60.558893362014445 ], [ 30.250489320016257, 60.558884514497038 ], [ 30.250155960016262, 60.558771796913724 ], [ 30.249797760016275, 60.55863837559307 ], [ 30.249408600016253, 60.558554677321837 ], [ 30.249758160016242, 60.558482392276908 ], [ 30.249911880016199, 60.558530434864529 ], [ 30.250647000016269, 60.558791880844723 ] ] ] } },
{ "type": "Feature", "properties": { }, "geometry": { "type": "Polygon", "coordinates": [ [ [ 30.24700740001628, 60.563090793630266 ], [ 30.247150680016272, 60.562693146953521 ], [ 30.247169760016234, 60.562640156515407 ], [ 30.247227720016262, 60.562481980868206 ], [ 30.247328520016247, 60.562159080752181 ], [ 30.247624080016262, 60.561875633718749 ], [ 30.248316000016263, 60.561403393411361 ], [ 30.248316000016263, 60.561403481879658 ], [ 30.248415360016214, 60.56133553815831 ], [ 30.248411760016278, 60.561334476536523 ], [ 30.248524800016195, 60.561268478980807 ], [ 30.249111960016243, 60.56151999441321 ], [ 30.250000800016274, 60.561848739738856 ], [ 30.250026360016228, 60.561873775911671 ], [ 30.250026720016262, 60.561904562415613 ], [ 30.250009080016241, 60.562408112221995 ], [ 30.250000080016211, 60.562588846826479 ], [ 30.249986400016255, 60.563023649629123 ], [ 30.250151640016263, 60.563413065202269 ], [ 30.250211760016207, 60.563615821295073 ], [ 30.250347120016258, 60.563845733842705 ], [ 30.250345680016235, 60.563897749228879 ], [ 30.250092240016205, 60.564344211185016 ], [ 30.25002852001623, 60.564356595617419 ], [ 30.249079560016259, 60.563828395362087 ], [ 30.248494920016235, 60.563588663375583 ], [ 30.248430840016237, 60.563572386305403 ], [ 30.248347320016247, 60.563489762355488 ], [ 30.248129880016233, 60.563537266729369 ], [ 30.247625160016263, 60.56293164708228 ], [ 30.247379640016252, 60.562978798420261 ], [ 30.24700740001628, 60.563090793630266 ] ] ] } },
{ "type": "Feature", "properties": { }, "geometry": { "type": "Polygon", "coordinates": [ [ [ 30.249245880016268, 60.560846923050988 ], [ 30.250659240016201, 60.560020604403086 ], [ 30.250828080016241, 60.56019551322764 ], [ 30.250872720016254, 60.560301944386296 ], [ 30.250816560016283, 60.560420230308679 ], [ 30.249832680016201, 60.561073493458423 ], [ 30.249568080016239, 60.560975204031109 ], [ 30.249412560016221, 60.560918141175208 ], [ 30.249245880016268, 60.560846923050988 ] ] ] } },
{ "type": "Feature", "properties": { }, "geometry": { "type": "Polygon", "coordinates": [ [ [ 30.237741720016221, 60.566138400618073 ], [ 30.23940924001624, 60.565740968335376 ], [ 30.239625240016228, 60.565671972248857 ], [ 30.24233892001627, 60.564440190412085 ], [ 30.242494800016221, 60.564341203536458 ], [ 30.242711160016242, 60.564142521189609 ], [ 30.24281916001619, 60.564313957765933 ], [ 30.243427560016208, 60.564379860645488 ], [ 30.243720240016245, 60.56433076522449 ], [ 30.243912120016216, 60.564305288652292 ], [ 30.244482720016247, 60.564234254909294 ], [ 30.244779000016226, 60.564217358939992 ], [ 30.244895280016223, 60.564392156604121 ], [ 30.244894560016263, 60.564392245064219 ], [ 30.244672080016269, 60.564476282066131 ], [ 30.245246280016246, 60.565195276033236 ], [ 30.245672880016226, 60.565730353562415 ], [ 30.245982840016257, 60.566037384462668 ], [ 30.246059160016191, 60.566090280877631 ], [ 30.245612040016216, 60.56625365771982 ], [ 30.244020120016252, 60.566696372083705 ], [ 30.24237600001619, 60.566473733070474 ], [ 30.23901144001622, 60.567385508393357 ], [ 30.237741720016221, 60.566138400618073 ] ] ] } },
{ "type": "Feature", "properties": { }, "geometry": { "type": "Polygon", "coordinates": [ [ [ 30.164424840016146, 60.510161816627495 ], [ 30.164472720016157, 60.510159690024523 ], [ 30.164997240016234, 60.510120082018801 ], [ 30.1649403600162, 60.510169082519866 ], [ 30.164978160016183, 60.510311298744462 ], [ 30.165019560016191, 60.510467159921077 ], [ 30.165059520016179, 60.510617526701509 ], [ 30.165096600016188, 60.510756196684945 ], [ 30.165306480016209, 60.510881220678833 ], [ 30.165573240016172, 60.511040623356244 ], [ 30.166118280016153, 60.511365628720441 ], [ 30.166561800016186, 60.511630468467317 ], [ 30.166562160016213, 60.511630645676199 ], [ 30.166534080016227, 60.511637556821562 ], [ 30.166306200016159, 60.51182460020889 ], [ 30.164806800016205, 60.510939523694603 ], [ 30.164754960016229, 60.510904701389279 ], [ 30.16465056001622, 60.510814056892336 ], [ 30.164639040016166, 60.510794386205554 ], [ 30.164492160016234, 60.510197525814739 ], [ 30.164424840016146, 60.510161816627495 ] ] ] } },
{ "type": "Feature", "properties": { }, "geometry": { "type": "Polygon", "coordinates": [ [ [ 30.245711760016199, 60.533368473736076 ], [ 30.245047920016276, 60.533979605462697 ], [ 30.243480480016267, 60.533666249155388 ], [ 30.243351600016208, 60.533568142064382 ], [ 30.242875320016257, 60.53320572764224 ], [ 30.242429280016193, 60.532866242678125 ], [ 30.242315520016213, 60.532741214976411 ], [ 30.241817640016276, 60.531847766425145 ], [ 30.241787040016256, 60.531792688809674 ], [ 30.243249720016227, 60.531566621666855 ], [ 30.243838320016224, 60.5315827377473 ], [ 30.244644000016194, 60.531703962293157 ], [ 30.245086440016227, 60.531974568553458 ], [ 30.245294880016218, 60.53259918575494 ], [ 30.245512680016265, 60.532746970511525 ], [ 30.245619600016216, 60.532916359879067 ], [ 30.245624640016278, 60.5330771594205 ], [ 30.245626440016245, 60.533141709232034 ], [ 30.24562932001621, 60.533226978538785 ], [ 30.245711760016199, 60.533368473736076 ] ] ] } },
{ "type": "Feature", "properties": { }, "geometry": { "type": "Polygon", "coordinates": [ [ [ 30.159747360016194, 60.508145114069343 ], [ 30.159222120016235, 60.50817772399342 ], [ 30.158698680016151, 60.508210068043283 ], [ 30.158174880016219, 60.508242589288336 ], [ 30.157651080016198, 60.508274844659837 ], [ 30.157418880016213, 60.508289200062109 ], [ 30.157129800016207, 60.508312416810391 ], [ 30.15660708001618, 60.5083543309741 ], [ 30.156243480016201, 60.508383396155125 ], [ 30.156132600016193, 60.508413258829236 ], [ 30.156082560016188, 60.508327746944182 ], [ 30.156192000016166, 60.508301074278954 ], [ 30.156575400016163, 60.508265363001769 ], [ 30.157106040016213, 60.508216005166744 ], [ 30.15718308001621, 60.508208827450218 ], [ 30.157627680016148, 60.508181534390012 ], [ 30.158151120016232, 60.508149367539552 ], [ 30.158674200016197, 60.508117289271219 ], [ 30.159199440016152, 60.508085033742844 ], [ 30.159607320016203, 60.508060133161926 ], [ 30.159739800016197, 60.508111529357805 ], [ 30.159747360016194, 60.508145114069343 ] ] ] } },
{ "type": "Feature", "properties": { }, "geometry": { "type": "Polygon", "coordinates": [ [ [ 30.235342320016215, 60.529415230010819 ], [ 30.235874400016204, 60.529439405734884 ], [ 30.237859800016192, 60.529529643900965 ], [ 30.238437960016221, 60.529555856314197 ], [ 30.240131040016205, 60.52996250022332 ], [ 30.239452080016189, 60.530876013516583 ], [ 30.238479360016232, 60.531295392142056 ], [ 30.237684840016186, 60.531640383661724 ], [ 30.236746680016214, 60.531727073714606 ], [ 30.235974840016244, 60.531489051848659 ], [ 30.234440160016252, 60.531417326166476 ], [ 30.234481200016226, 60.530905855460617 ], [ 30.234494880016197, 60.530840327120075 ], [ 30.234571200016219, 60.530609471490649 ], [ 30.234665520016208, 60.530403763303902 ], [ 30.234799800016262, 60.530135003544345 ], [ 30.234942000016254, 60.529915654963581 ], [ 30.235161600016269, 60.529632368101794 ], [ 30.235342320016215, 60.529415230010819 ] ] ] } },
{ "type": "Feature", "properties": { }, "geometry": { "type": "Polygon", "coordinates": [ [ [ 30.244611240016276, 60.534008470570427 ], [ 30.244347000016248, 60.534334573665134 ], [ 30.244036320016242, 60.534756652266211 ], [ 30.242651400016239, 60.535634437715267 ], [ 30.241246320016273, 60.534966582745305 ], [ 30.240800280016217, 60.53467891300869 ], [ 30.240684360016235, 60.534222921577083 ], [ 30.239784360016184, 60.53350660361999 ], [ 30.239216280016276, 60.533068924661656 ], [ 30.238945920016189, 60.532623447648596 ], [ 30.23898156001626, 60.532409340236413 ], [ 30.239398080016219, 60.532172031772689 ], [ 30.239804880016266, 60.532152108408312 ], [ 30.240353880016215, 60.532138826158615 ], [ 30.240655560016194, 60.532082597907781 ], [ 30.24157500001624, 60.53181881084155 ], [ 30.242104920016232, 60.532769727001856 ], [ 30.242246040016219, 60.532924771769146 ], [ 30.242816640016255, 60.533359087966176 ], [ 30.243168000016205, 60.533626669886381 ], [ 30.243334680016247, 60.533753287959236 ], [ 30.244611240016276, 60.534008470570427 ] ] ] } },
{ "type": "Feature", "properties": { }, "geometry": { "type": "Polygon", "coordinates": [ [ [ 30.209224320016205, 60.554374354370843 ], [ 30.208482360016195, 60.554262063506741 ], [ 30.208587120016237, 60.554107917335763 ], [ 30.208812120016248, 60.553873599590801 ], [ 30.20874768001622, 60.553862007543493 ], [ 30.208757400016211, 60.553854043539118 ], [ 30.208947120016184, 60.553710071699662 ], [ 30.209331600016181, 60.553519907544086 ], [ 30.209560560016254, 60.553358944083634 ], [ 30.20973516001623, 60.553419382904046 ], [ 30.209224320016205, 60.554374354370843 ] ] ] } },
{ "type": "Feature", "properties": { }, "geometry": { "type": "Polygon", "coordinates": [ [ [ 30.177800640016216, 60.577348347780621 ], [ 30.177811080016173, 60.577334288255607 ], [ 30.178633320016178, 60.576434023796182 ], [ 30.178657080016166, 60.576415454085534 ], [ 30.179181960016187, 60.576560297545683 ], [ 30.179337840016231, 60.576438887290074 ], [ 30.179421360016221, 60.576358860615784 ], [ 30.179638080016179, 60.576334719933683 ], [ 30.179683080016222, 60.576419344882908 ], [ 30.179945880016216, 60.576382647570597 ], [ 30.180612600016197, 60.576558882716505 ], [ 30.180735000016174, 60.576613618875818 ], [ 30.180888000016164, 60.576652968723018 ], [ 30.181167360016179, 60.576690373140103 ], [ 30.181182840016199, 60.57665066963213 ], [ 30.181265280016195, 60.576655444666855 ], [ 30.181334400016162, 60.576659512288487 ], [ 30.181592520016213, 60.576672599415396 ], [ 30.181693320016198, 60.576676313328832 ], [ 30.181743360016203, 60.576680292521338 ], [ 30.181849920016219, 60.576660750260153 ], [ 30.182315400016172, 60.5766738373866 ], [ 30.182315760016206, 60.576673925813118 ], [ 30.182323680016228, 60.576674102666104 ], [ 30.182606640016186, 60.576686836081208 ], [ 30.182615640016213, 60.57668727821364 ], [ 30.182675400016215, 60.576695944007007 ], [ 30.182827320016205, 60.576718050612342 ], [ 30.182940720016241, 60.576713717718896 ], [ 30.182971320016168, 60.576712656602041 ], [ 30.18300768001621, 60.576708235281437 ], [ 30.183175800016187, 60.576687720346008 ], [ 30.183348960016225, 60.576638908895454 ], [ 30.183390720016178, 60.576647928408171 ], [ 30.183578280016238, 60.57657444583424 ], [ 30.183941880016217, 60.576369206616889 ], [ 30.184715880016178, 60.575978266957335 ], [ 30.184716240016211, 60.57597835538575 ], [ 30.184738920016205, 60.575967036546636 ], [ 30.184738920016205, 60.575966948118186 ], [ 30.184738920016205, 60.575966859689771 ], [ 30.184543800016229, 60.575780186699909 ], [ 30.185199720016225, 60.575702722840411 ], [ 30.185554680016207, 60.575654528907222 ], [ 30.185734320016241, 60.575632598433081 ], [ 30.185836200016219, 60.575610225796943 ], [ 30.185983440016184, 60.575550535881654 ], [ 30.185987400016241, 60.575548325141973 ], [ 30.186154800016158, 60.575501811143205 ], [ 30.186216360016225, 60.575511715270196 ], [ 30.186340200016222, 60.575516490473213 ], [ 30.186458640016227, 60.575510565684169 ], [ 30.186578160016229, 60.575491907013109 ], [ 30.18667752001619, 60.575465731797685 ], [ 30.186756360016236, 60.575430094561419 ], [ 30.186830160016232, 60.575390035784942 ], [ 30.186846000016192, 60.575370139023242 ], [ 30.186931320016242, 60.575261635133664 ], [ 30.186997560016241, 60.575293912204877 ], [ 30.187502640016245, 60.575343256267907 ], [ 30.187568880016244, 60.575122976006192 ], [ 30.187910520016196, 60.575158878873033 ], [ 30.187972080016173, 60.574954780271135 ], [ 30.188078280016239, 60.574606005673431 ], [ 30.188463840016244, 60.574647126606457 ], [ 30.188463840016244, 60.574654554898466 ], [ 30.188447640016246, 60.575321767733591 ], [ 30.189361320016175, 60.575328223138399 ], [ 30.189360960016234, 60.575327869417642 ], [ 30.189361680016201, 60.575328488429015 ], [ 30.189928320016179, 60.575287279932617 ], [ 30.190642200016196, 60.574930196383754 ], [ 30.192118560016226, 60.574153671956864 ], [ 30.192307920016162, 60.574033136996952 ], [ 30.192169680016228, 60.573981491652788 ], [ 30.192341040016206, 60.573561339561856 ], [ 30.192465600016178, 60.573496162879877 ], [ 30.193200720016247, 60.572968023507507 ], [ 30.193163280016211, 60.572888872606775 ], [ 30.194785080016217, 60.572770101673605 ], [ 30.194771760016195, 60.57305451443775 ], [ 30.194222040016189, 60.573386237730425 ], [ 30.194424720016237, 60.573728569768683 ], [ 30.194215920016216, 60.573789412696414 ], [ 30.193995240016203, 60.573963804872115 ], [ 30.193511400016163, 60.574307103555569 ], [ 30.193431120016172, 60.574492812297201 ], [ 30.193633440016196, 60.574632358449449 ], [ 30.193886880016226, 60.574899952870751 ], [ 30.194391600016196, 60.575035871594416 ], [ 30.19468320001624, 60.575069475354688 ], [ 30.19502736001623, 60.575161885515278 ], [ 30.194969760016221, 60.575310625524999 ], [ 30.194850240016219, 60.575325835523103 ], [ 30.194613720016243, 60.57527127404326 ], [ 30.194355600016188, 60.575200706546966 ], [ 30.194065440016168, 60.575119261914239 ], [ 30.193815240016228, 60.575186999809901 ], [ 30.193533720016212, 60.575190713894074 ], [ 30.193318080016162, 60.575168252521387 ], [ 30.193057440016165, 60.575214678569743 ], [ 30.192621840016162, 60.575329284300715 ], [ 30.192096240016173, 60.575613762973646 ], [ 30.191661000016197, 60.575728278860282 ], [ 30.191402520016194, 60.575791505604464 ], [ 30.191061960016242, 60.57542567306534 ], [ 30.190563720016176, 60.575180632807481 ], [ 30.19023720001621, 60.575433808617653 ], [ 30.190072320016231, 60.575527367321897 ], [ 30.189840840016217, 60.575612436532438 ], [ 30.188930040016167, 60.575657358644705 ], [ 30.188386800016247, 60.575662222255488 ], [ 30.187746360016188, 60.57564842728484 ], [ 30.18746124001623, 60.575643386813354 ], [ 30.18746124001623, 60.575643298384023 ], [ 30.187452960016177, 60.575631625710102 ], [ 30.18744576001621, 60.57562614308906 ], [ 30.187435320016245, 60.5756208373259 ], [ 30.187434960016212, 60.5756208373259 ], [ 30.187404000016169, 60.575622959631261 ], [ 30.187372680016185, 60.575621102614058 ], [ 30.187332360016171, 60.575614912555992 ], [ 30.187314360016217, 60.57560359358957 ], [ 30.187288800016166, 60.575601648141834 ], [ 30.187310040016218, 60.575595988656779 ], [ 30.187292400016197, 60.575578214330179 ], [ 30.187251720016238, 60.575567249069046 ], [ 30.187209960016201, 60.575555222649392 ], [ 30.187197000016205, 60.575553984635341 ], [ 30.187146600016167, 60.575550801170422 ], [ 30.187096560016162, 60.575548059853169 ], [ 30.187051560016215, 60.575542046640308 ], [ 30.187029600016196, 60.575535944996737 ], [ 30.187008720016177, 60.575545849113283 ], [ 30.186992880016213, 60.575562827591781 ], [ 30.186996120016211, 60.575578214330179 ], [ 30.18698352001616, 60.575601205994609 ], [ 30.186969840016193, 60.575612790250098 ], [ 30.186936360016215, 60.57562021832014 ], [ 30.186910080016197, 60.575626054659672 ], [ 30.186912240016191, 60.575640468645261 ], [ 30.186897480016228, 60.575638523199743 ], [ 30.18687228001621, 60.575645862834541 ], [ 30.186833760016167, 60.575653290896966 ], [ 30.186796680016162, 60.575651345452222 ], [ 30.186770400016233, 60.575642325661363 ], [ 30.186743040016214, 60.575639319063811 ], [ 30.186703440016167, 60.575638965346464 ], [ 30.186714960016221, 60.575653556184868 ], [ 30.186661320016192, 60.575681588262043 ], [ 30.186687600016203, 60.575696798085517 ], [ 30.186668160016218, 60.575701661690353 ], [ 30.186620640016244, 60.575698566669196 ], [ 30.186572040016173, 60.57570820544845 ], [ 30.186521640016228, 60.575722088822708 ], [ 30.186446760016235, 60.575729870584027 ], [ 30.186358200016183, 60.575731727594949 ], [ 30.186279000016189, 60.575732435027675 ], [ 30.186214560016161, 60.575722619397403 ], [ 30.18617604001621, 60.575727217711027 ], [ 30.186154080016191, 60.575743577090833 ], [ 30.186105840016243, 60.575757460449893 ], [ 30.186079200016195, 60.575772670237647 ], [ 30.186019800016226, 60.575766568637619 ], [ 30.185980920016242, 60.575772139663776 ], [ 30.185946720016201, 60.575784873434301 ], [ 30.185901000016187, 60.575791682462338 ], [ 30.185850600016241, 60.575786376726349 ], [ 30.185790840016246, 60.575794600616732 ], [ 30.185747280016233, 60.575807334378403 ], [ 30.185670600016177, 60.575811667393381 ], [ 30.185618400016175, 60.575829264733969 ], [ 30.185513280016192, 60.575844474487972 ], [ 30.18545604001622, 60.575852875221116 ], [ 30.18537900001623, 60.575856058656257 ], [ 30.185331120016226, 60.575862779240524 ], [ 30.185299440016209, 60.575879138551706 ], [ 30.185268120016218, 60.575893110281186 ], [ 30.18520260001619, 60.575897001141442 ], [ 30.185130960016192, 60.57590770100483 ], [ 30.185099640016215, 60.575924060293282 ], [ 30.185108640016232, 60.575935909718602 ], [ 30.185079480016157, 60.575959343270888 ], [ 30.185066880016198, 60.575984103232216 ], [ 30.185075520016191, 60.576018325004654 ], [ 30.185047440016206, 60.576064661403628 ], [ 30.18501936001622, 60.576072177797982 ], [ 30.184972560016213, 60.576108610178693 ], [ 30.184928640016167, 60.576117806695493 ], [ 30.184891200016217, 60.576103392922818 ], [ 30.184865640016167, 60.576079605762416 ], [ 30.184815240016228, 60.576075714924102 ], [ 30.184711200016242, 60.576108168038402 ], [ 30.184662600016175, 60.576137437712966 ], [ 30.18463560001619, 60.576162020681998 ], [ 30.18461364001617, 60.576186692060141 ], [ 30.184622640016194, 60.576215077385939 ], [ 30.184633800016222, 60.576244700674437 ], [ 30.18459276001624, 60.57625982180523 ], [ 30.184676640016171, 60.576267338154175 ], [ 30.184685280016168, 60.576295723409139 ], [ 30.184610400016169, 60.57632004097534 ], [ 30.184589880016176, 60.57633489678858 ], [ 30.184561440016164, 60.576355235093253 ], [ 30.184519680016216, 60.576395115818748 ], [ 30.18448332001617, 60.576424385233409 ], [ 30.184468560016203, 60.576447906858611 ], [ 30.184452360016216, 60.576473197007978 ], [ 30.184385760016184, 60.576492208820497 ], [ 30.184318800016214, 60.576496718597618 ], [ 30.184281360016175, 60.576506799273695 ], [ 30.184229160016173, 60.576520770731761 ], [ 30.184189920016156, 60.576567813824745 ], [ 30.184179840016224, 60.576587798275867 ], [ 30.184074000016185, 60.576594341854516 ], [ 30.184071120016217, 60.576621400422418 ], [ 30.18400092001616, 60.576644568197871 ], [ 30.183971760016174, 60.576669239207618 ], [ 30.183865200016168, 60.576695767154135 ], [ 30.183777720016206, 60.576699569491318 ], [ 30.183746400016222, 60.576740245628855 ], [ 30.183693480016242, 60.576749972523729 ], [ 30.183658560016234, 60.576757754037509 ], [ 30.183648120016173, 60.576785608304462 ], [ 30.183618960016187, 60.576797811118595 ], [ 30.183562800016215, 60.576798076397132 ], [ 30.18350484001618, 60.576753774854573 ], [ 30.183417000016195, 60.576781186993834 ], [ 30.183422400016195, 60.576809129666735 ], [ 30.183387480016176, 60.576830970916369 ], [ 30.183351840016194, 60.576847241311405 ], [ 30.18331188001622, 60.57685042464859 ], [ 30.183307560016221, 60.576861389474281 ], [ 30.183274800016203, 60.576887033003757 ], [ 30.183234480016196, 60.576910377440477 ], [ 30.183186960016215, 60.576917451508891 ], [ 30.183126480016238, 60.576956977837604 ], [ 30.183025680016172, 60.576970330121171 ], [ 30.182958720016199, 60.576965997261539 ], [ 30.182949000016208, 60.576949992203609 ], [ 30.18292272001619, 60.57694592461857 ], [ 30.18287772001624, 60.576957596817778 ], [ 30.182841000016168, 60.576972363912219 ], [ 30.182812920016183, 60.576963256064332 ], [ 30.18276828001617, 60.576968915309941 ], [ 30.18273192001622, 60.576966704667242 ], [ 30.182693040016236, 60.576973513446241 ], [ 30.182662080016193, 60.576985716189427 ], [ 30.182626440016204, 60.576967058370073 ], [ 30.182598000016188, 60.576967942627149 ], [ 30.182553360016183, 60.576973690297628 ], [ 30.182510880016174, 60.576974220851781 ], [ 30.182476320016189, 60.576962283381398 ], [ 30.182444640016175, 60.576951141738434 ], [ 30.182387760016237, 60.5769517607187 ], [ 30.182300640016209, 60.576941238052562 ], [ 30.18223152001616, 60.576946897302001 ], [ 30.182205960016198, 60.576929742699065 ], [ 30.182185800016235, 60.57691771678644 ], [ 30.182092200016218, 60.576941149626776 ], [ 30.182028840016191, 60.576949992203609 ], [ 30.182006880016171, 60.576938585279045 ], [ 30.181954680016169, 60.576923376039986 ], [ 30.181899600016191, 60.576925056130712 ], [ 30.181869720016238, 60.576913914474893 ], [ 30.181812120016236, 60.576912941790482 ], [ 30.181772880016222, 60.576900296890322 ], [ 30.181713840016194, 60.576903038092887 ], [ 30.181657320016186, 60.576903745499962 ], [ 30.181638240016227, 60.576926736221331 ], [ 30.18160620001618, 60.57693734731798 ], [ 30.181543200016186, 60.576927178350431 ], [ 30.18150504001617, 60.576908078367936 ], [ 30.181452480016222, 60.57690772466443 ], [ 30.181395240016158, 60.576920015858306 ], [ 30.181294440016181, 60.576905867721088 ], [ 30.181207680016193, 60.576885264485163 ], [ 30.181139280016193, 60.576875095501173 ], [ 30.181044600016175, 60.576847683441585 ], [ 30.181014360016189, 60.576843438991567 ], [ 30.180915000016238, 60.576830970916369 ], [ 30.180889080016161, 60.576817883853607 ], [ 30.180834720016154, 60.576806476882368 ], [ 30.180765960016217, 60.576799225937357 ], [ 30.180702960016216, 60.576790118040677 ], [ 30.180693600016163, 60.57677782679739 ], [ 30.180645000016188, 60.576788437942938 ], [ 30.180600000016238, 60.576794185645319 ], [ 30.180531600016238, 60.576780921715191 ], [ 30.180464640016183, 60.576777473092513 ], [ 30.180459240016184, 60.576752094754966 ], [ 30.180407040016181, 60.576731226141916 ], [ 30.180360600016201, 60.576729015482954 ], [ 30.180311280016163, 60.576743694255569 ], [ 30.180262680016188, 60.576752448460134 ], [ 30.18019788001622, 60.576760053120779 ], [ 30.180164760016172, 60.576769780009698 ], [ 30.180094560016204, 60.576765093418139 ], [ 30.180047400016168, 60.576757488758687 ], [ 30.180005640016219, 60.576750679934165 ], [ 30.179963160016211, 60.576743694255569 ], [ 30.179919600016198, 60.576755366527827 ], [ 30.179832120016236, 60.576761998498775 ], [ 30.179776680016232, 60.576744578518763 ], [ 30.179729880016229, 60.576746258618769 ], [ 30.179648520016237, 60.576756869774684 ], [ 30.179630160016153, 60.576769691583443 ], [ 30.179534400016234, 60.576784105058927 ], [ 30.17939400001621, 60.576784370337585 ], [ 30.179319840016181, 60.576788172664315 ], [ 30.179238120016159, 60.576792417121638 ], [ 30.179197080016184, 60.576815054217697 ], [ 30.179170440016222, 60.576831855177225 ], [ 30.179160000016168, 60.576851839465007 ], [ 30.179138040016237, 60.576867225589673 ], [ 30.17910492001619, 60.576872354296292 ], [ 30.179066400016239, 60.576873061704006 ], [ 30.179035800016223, 60.576886237170413 ], [ 30.179013120016236, 60.576889774207437 ], [ 30.178996560016216, 60.576902595963453 ], [ 30.1789594800162, 60.576928327886066 ], [ 30.178938960016211, 60.576938143150073 ], [ 30.178933920016156, 60.576972894466387 ], [ 30.178874880016213, 60.576986600446027 ], [ 30.178855080016191, 60.576970595398286 ], [ 30.178811880016212, 60.576968650032804 ], [ 30.178770120016171, 60.576977138899395 ], [ 30.178730880016165, 60.576999775866085 ], [ 30.178710720016202, 60.576996150415482 ], [ 30.178693800016237, 60.577027010945621 ], [ 30.178654560016223, 60.577051681663427 ], [ 30.178617480016214, 60.577069101477896 ], [ 30.178568880016236, 60.577081127334225 ], [ 30.178537920016193, 60.5771022609973 ], [ 30.178509480016178, 60.57711172250724 ], [ 30.178489680016245, 60.577126312680747 ], [ 30.178448640016175, 60.577141079698102 ], [ 30.178380240016175, 60.577165838753992 ], [ 30.178317600016207, 60.577168491508857 ], [ 30.178270440016171, 60.57718317008181 ], [ 30.178231560016187, 60.577198821323961 ], [ 30.1781340000162, 60.577219247509944 ], [ 30.178081080016231, 60.577222872935536 ], [ 30.178076760016232, 60.577243918080953 ], [ 30.178047960016183, 60.577256651271583 ], [ 30.177997200016208, 60.577261337791846 ], [ 30.177968040016225, 60.57729299389208 ], [ 30.177909720016157, 60.577319698176005 ], [ 30.17786580001621, 60.577322262493539 ], [ 30.177821880016172, 60.577344987643123 ], [ 30.177800640016216, 60.577348347780621 ] ] ] } },
{ "type": "Feature", "properties": { }, "geometry": { "type": "Polygon", "coordinates": [ [ [ 30.225470400016235, 60.562454202738408 ], [ 30.22568208001622, 60.562842386668912 ], [ 30.226343400016209, 60.563523997358217 ], [ 30.227207760016189, 60.563981522132366 ], [ 30.226998600016231, 60.564053352580025 ], [ 30.226817880016199, 60.564139248139831 ], [ 30.226691520016253, 60.564185778491975 ], [ 30.226511880016222, 60.564218951230671 ], [ 30.226338720016184, 60.564237881791634 ], [ 30.226094280016266, 60.564223374259932 ], [ 30.225790080016257, 60.564150748042998 ], [ 30.225593160016238, 60.564119079069052 ], [ 30.225437640016221, 60.564112621425309 ], [ 30.22528464001623, 60.564111825277372 ], [ 30.225160080016259, 60.564120848286301 ], [ 30.225085560016204, 60.56415941719802 ], [ 30.224949840016205, 60.56431864616313 ], [ 30.224881800016245, 60.564438244292312 ], [ 30.224789640016251, 60.564509542966562 ], [ 30.224543400016188, 60.564674520065253 ], [ 30.224477160016189, 60.564731487832994 ], [ 30.224418480016194, 60.564739006863192 ], [ 30.224383560016268, 60.564728745598039 ], [ 30.224097720016246, 60.56445169020818 ], [ 30.224018520016262, 60.564334480556262 ], [ 30.223922400016214, 60.564213732055386 ], [ 30.223839960016218, 60.56411138297296 ], [ 30.223680840016176, 60.564121379051457 ], [ 30.222585720016248, 60.564290515769677 ], [ 30.222520200016216, 60.564217889703549 ], [ 30.222278640016178, 60.563973472158466 ], [ 30.222846000016212, 60.563931453031309 ], [ 30.22354044001624, 60.563765499060835 ], [ 30.223360080016235, 60.563542132164102 ], [ 30.223580400016228, 60.563591936481068 ], [ 30.223942920016203, 60.56360219810702 ], [ 30.224261160016205, 60.563584682571125 ], [ 30.224550960016188, 60.563535232092818 ], [ 30.224713320016228, 60.563489054654767 ], [ 30.224873520016185, 60.563416161400013 ], [ 30.225007080016177, 60.563312659772919 ], [ 30.225073680016209, 60.563210307838048 ], [ 30.225088800016199, 60.563103090079139 ], [ 30.22504632001619, 60.562979948452039 ], [ 30.224695320016178, 60.562530636770468 ], [ 30.22486344001625, 60.562506928085419 ], [ 30.224873520016185, 60.562505778036822 ], [ 30.224932200016188, 60.562498700813762 ], [ 30.224999160016242, 60.562495162201678 ], [ 30.225054960016188, 60.562488527302918 ], [ 30.225353040016223, 60.562467561013989 ], [ 30.225470400016235, 60.562454202738408 ] ] ] } },
{ "type": "Feature", "properties": { }, "geometry": { "type": "Polygon", "coordinates": [ [ [ 30.249687960016274, 60.494040904907393 ], [ 30.249710640016264, 60.493983014750818 ], [ 30.251236320016233, 60.489872372117929 ], [ 30.251324880016277, 60.489893474126774 ], [ 30.251321280016253, 60.489913689483672 ], [ 30.251410560016264, 60.489919718622779 ], [ 30.251340360016215, 60.490194397918081 ], [ 30.251261880016276, 60.490370482259351 ], [ 30.25123236001626, 60.490453470318293 ], [ 30.251207520016273, 60.490555165865921 ], [ 30.251221200016236, 60.490603663979002 ], [ 30.251155320016267, 60.490784622477449 ], [ 30.251128320016281, 60.490784977123177 ], [ 30.2510383200162, 60.49098561733291 ], [ 30.250956240016244, 60.491152210713139 ], [ 30.250858680016258, 60.49132571871494 ], [ 30.250844280016235, 60.491327403254104 ], [ 30.250782360016235, 60.491529990614623 ], [ 30.250774440016212, 60.491605528334965 ], [ 30.250770120016213, 60.491813167499913 ], [ 30.25075644001625, 60.491934718247251 ], [ 30.250744920016196, 60.492110261191975 ], [ 30.250560600016215, 60.492105385011889 ], [ 30.250544400016228, 60.492267894400179 ], [ 30.25062648001628, 60.492329511222081 ], [ 30.25068948001628, 60.492349281774658 ], [ 30.250751400016281, 60.492356728975203 ], [ 30.250644840016268, 60.492680591886838 ], [ 30.250590840016208, 60.492849836233255 ], [ 30.250552680016192, 60.492967304943321 ], [ 30.25109304001624, 60.493011543992544 ], [ 30.251522880016221, 60.492548759769761 ], [ 30.251752200016231, 60.492136060605283 ], [ 30.252007800016258, 60.491876292379608 ], [ 30.252228120016241, 60.49168674005395 ], [ 30.252763440016228, 60.491232802945945 ], [ 30.25286784001624, 60.491123928022894 ], [ 30.252963600016251, 60.490811132236338 ], [ 30.253048560016271, 60.490784445154553 ], [ 30.253119480016206, 60.490787814289028 ], [ 30.253335480016197, 60.490798187674486 ], [ 30.253775760016229, 60.490785952398959 ], [ 30.254443920016243, 60.49075926529644 ], [ 30.25505124001625, 60.490699507385933 ], [ 30.255609600016264, 60.491583984143908 ], [ 30.255033240016207, 60.491854748368489 ], [ 30.25505916001628, 60.49186175239015 ], [ 30.254985720016226, 60.4918808139604 ], [ 30.254556960016252, 60.492065222991727 ], [ 30.254686920016223, 60.49212373717674 ], [ 30.253921200016226, 60.492414444721398 ], [ 30.253062240016238, 60.493010746094363 ], [ 30.253168800016244, 60.493054896429086 ], [ 30.253127400016236, 60.493083000124862 ], [ 30.252713760016253, 60.493296392376784 ], [ 30.252589200016285, 60.493350560273761 ], [ 30.252431880016207, 60.493356943391504 ], [ 30.252387600016228, 60.493328396660708 ], [ 30.252090240016241, 60.493397635737566 ], [ 30.251913840016211, 60.493429994538417 ], [ 30.251407680016207, 60.49353106017417 ], [ 30.251462400016244, 60.493597461898489 ], [ 30.251348280016238, 60.493620245903379 ], [ 30.251455560016215, 60.493726275536631 ], [ 30.251056320016257, 60.4938241487365 ], [ 30.250792080016232, 60.49392326278096 ], [ 30.250584360016209, 60.494001188547692 ], [ 30.250424880016222, 60.494048174414381 ], [ 30.250226880016196, 60.494061560941304 ], [ 30.250150560016262, 60.494060585764039 ], [ 30.250006200016273, 60.494058724061865 ], [ 30.249687960016274, 60.494040904907393 ] ] ] } },
{ "type": "Feature", "properties": { }, "geometry": { "type": "Polygon", "coordinates": [ [ [ 30.177474120016157, 60.503454348631635 ], [ 30.175351200016198, 60.503375293433727 ], [ 30.175141320016181, 60.503370064439608 ], [ 30.175060320016218, 60.50337369814747 ], [ 30.174912000016171, 60.503393196085135 ], [ 30.174866280016158, 60.503402856422625 ], [ 30.170383920016178, 60.504457942925086 ], [ 30.170352240016161, 60.504425506506124 ], [ 30.17040408001623, 60.504353720873333 ], [ 30.174791040016224, 60.50332123091156 ], [ 30.174852240016165, 60.503308202716525 ], [ 30.175028280016171, 60.5032849823831 ], [ 30.175043040016224, 60.503284273364997 ], [ 30.175137720016242, 60.503280019256216 ], [ 30.175362720016164, 60.503285691401167 ], [ 30.1776962400162, 60.503372634623254 ], [ 30.177698040016168, 60.503382294966883 ], [ 30.177474120016157, 60.503454348631635 ] ] ] } },
{ "type": "Feature", "properties": { }, "geometry": { "type": "Polygon", "coordinates": [ [ [ 30.241787040016256, 60.531792688809674 ], [ 30.241492200016221, 60.531263159687072 ], [ 30.241472400016196, 60.531191433504418 ], [ 30.241503720016269, 60.531102439686514 ], [ 30.241541160016226, 60.531049663137686 ], [ 30.241946880016268, 60.530482575462734 ], [ 30.241980720016194, 60.530435376743483 ], [ 30.241995840016191, 60.53041766613687 ], [ 30.242127600016218, 60.530391011655688 ], [ 30.243372120016197, 60.530688903014926 ], [ 30.243822840016197, 60.530796759555358 ], [ 30.244809960016269, 60.531072597923689 ], [ 30.245488560016245, 60.531262274179589 ], [ 30.245596560016196, 60.531282640845006 ], [ 30.245792760016254, 60.531620105771118 ], [ 30.246407640016262, 60.532829053185594 ], [ 30.247327440016246, 60.53282648533807 ], [ 30.246783480016269, 60.53390310394844 ], [ 30.246684480016253, 60.534306771357251 ], [ 30.245047920016276, 60.533979605462697 ], [ 30.245711760016199, 60.533368473736076 ], [ 30.24562932001621, 60.533226978538785 ], [ 30.245626440016245, 60.533141709232034 ], [ 30.245624640016278, 60.5330771594205 ], [ 30.245619600016216, 60.532916359879067 ], [ 30.245512680016265, 60.532746970511525 ], [ 30.245294880016218, 60.53259918575494 ], [ 30.245086440016227, 60.531974568553458 ], [ 30.244644000016194, 60.531703962293157 ], [ 30.243838320016224, 60.5315827377473 ], [ 30.243249720016227, 60.531566621666855 ], [ 30.241787040016256, 60.531792688809674 ] ] ] } },
{ "type": "Feature", "properties": { }, "geometry": { "type": "Polygon", "coordinates": [ [ [ 30.138590520016148, 60.516760702237569 ], [ 30.138347520016172, 60.516602567972996 ], [ 30.138448680016189, 60.516380647157028 ], [ 30.138799680016202, 60.516296573764201 ], [ 30.139234560016149, 60.516306407438925 ], [ 30.139639560016132, 60.516260428339649 ], [ 30.139983000016148, 60.516108581679184 ], [ 30.140105760016151, 60.515932459923562 ], [ 30.140110800016213, 60.51573542921917 ], [ 30.139781040016157, 60.51540949315244 ], [ 30.139698240016134, 60.515197663958681 ], [ 30.139651080016186, 60.515076643396085 ], [ 30.139759080016137, 60.515014804017554 ], [ 30.140002800016177, 60.514875000517492 ], [ 30.140633160016204, 60.514831322874485 ], [ 30.140871840016182, 60.51477958295343 ], [ 30.14189280001618, 60.515105613952592 ], [ 30.142204200016149, 60.514975024756055 ], [ 30.142304280016162, 60.515039167683632 ], [ 30.14193240001622, 60.515195094712745 ], [ 30.142098000016166, 60.515424819928676 ], [ 30.141613440016158, 60.51554034637887 ], [ 30.141834120016178, 60.515765196524718 ], [ 30.141941400016155, 60.515874520263488 ], [ 30.141267840016145, 60.516113542841538 ], [ 30.139356240016152, 60.516791354504313 ], [ 30.139124400016197, 60.516815096702565 ], [ 30.138590520016148, 60.516760702237569 ] ] ] } },
{ "type": "Feature", "properties": { }, "geometry": { "type": "Polygon", "coordinates": [ [ [ 30.255887520016252, 60.564283085095617 ], [ 30.255761880016284, 60.564014783541786 ], [ 30.25545264001622, 60.564062287144289 ], [ 30.255431040016227, 60.564060075618706 ], [ 30.25540836001624, 60.563994083626085 ], [ 30.255393600016273, 60.563958345278969 ], [ 30.255450480016219, 60.56395224144844 ], [ 30.255422760016259, 60.563887930004213 ], [ 30.255368040016226, 60.563893680000987 ], [ 30.255331680016273, 60.563803626087875 ], [ 30.255270120016213, 60.563656513900469 ], [ 30.255186240016283, 60.563468442865187 ], [ 30.255035040016264, 60.563117775040737 ], [ 30.254952240016241, 60.562932885579869 ], [ 30.254875920016218, 60.562768872704297 ], [ 30.254779800016266, 60.562575311670862 ], [ 30.25468296001625, 60.562371664396665 ], [ 30.254578920016272, 60.562177481722159 ], [ 30.254427000016285, 60.561953307653617 ], [ 30.254257080016245, 60.561749656461885 ], [ 30.254100840016257, 60.561580594919626 ], [ 30.253840560016197, 60.561296612003623 ], [ 30.253684680016242, 60.561124274737651 ], [ 30.253496400016214, 60.560923537821665 ], [ 30.253617000016213, 60.561052083905636 ], [ 30.253628520016264, 60.561048279727423 ], [ 30.254173560016255, 60.560795875926338 ], [ 30.255287400016204, 60.560282038335856 ], [ 30.255716880016237, 60.560237271795494 ], [ 30.256194960016256, 60.561349162301354 ], [ 30.256396560016221, 60.561817599313088 ], [ 30.258180360016244, 60.561631729273159 ], [ 30.257886240016266, 60.560948309302255 ], [ 30.257500320016238, 60.560051304199455 ], [ 30.257492760016245, 60.560033786739957 ], [ 30.257454960016261, 60.559929124145341 ], [ 30.257460360016253, 60.559924081222285 ], [ 30.259564200016257, 60.56061061930653 ], [ 30.259693440016257, 60.560652819690063 ], [ 30.259958760016275, 60.560739343574653 ], [ 30.260323440016254, 60.560858158715796 ], [ 30.260331000016251, 60.56086054739994 ], [ 30.260726280016247, 60.560989536081415 ], [ 30.261046680016236, 60.561094106774746 ], [ 30.261332520016257, 60.561205046886812 ], [ 30.261640680016232, 60.561300416152626 ], [ 30.261930840016245, 60.56139030010111 ], [ 30.262753080016243, 60.561645353291446 ], [ 30.262948920016271, 60.561627571292419 ], [ 30.264208200016213, 60.561828657706343 ], [ 30.264118200016227, 60.563216854125344 ], [ 30.265399080016255, 60.563127329108568 ], [ 30.265729200016249, 60.563136883173541 ], [ 30.266102520016219, 60.563068235384549 ], [ 30.266137440016234, 60.563322567635304 ], [ 30.2662108800162, 60.56332805234355 ], [ 30.266224560016255, 60.56351134721934 ], [ 30.266204760016233, 60.563699860315033 ], [ 30.265994160016245, 60.56383281844473 ], [ 30.265873200016209, 60.563826714590498 ], [ 30.265177680016269, 60.563947906843424 ], [ 30.2653180800162, 60.564118725225612 ], [ 30.265464600016287, 60.564296884917511 ], [ 30.265572960016261, 60.564466728396916 ], [ 30.265617960016211, 60.564540769259452 ], [ 30.265667280016249, 60.564774567429232 ], [ 30.265710840016254, 60.564810216415189 ], [ 30.265756920016205, 60.564864353261548 ], [ 30.265814160016269, 60.564984480123073 ], [ 30.265878960016238, 60.565010575369037 ], [ 30.265959600016259, 60.565021013461553 ], [ 30.266424360016252, 60.564994210556243 ], [ 30.266304120016276, 60.565191206968684 ], [ 30.266562600016272, 60.56524781999493 ], [ 30.266076960016264, 60.565637385693677 ], [ 30.266001360016208, 60.565671087682695 ], [ 30.265666200016248, 60.565751406192028 ], [ 30.264592680016214, 60.565952201592445 ], [ 30.263933160016286, 60.566065867158372 ], [ 30.263369760016221, 60.566162814282507 ], [ 30.263046480016257, 60.565861976500734 ], [ 30.26235816001628, 60.565526195417753 ], [ 30.262026600016256, 60.565258346468561 ], [ 30.261351240016278, 60.565117698344494 ], [ 30.260598840016215, 60.565544682928497 ], [ 30.260109600016264, 60.56531380942851 ], [ 30.259488960016228, 60.565153523868112 ], [ 30.258868320016283, 60.564993237513072 ], [ 30.258526680016235, 60.564986691585425 ], [ 30.257601120016218, 60.564742102933913 ], [ 30.25735236001622, 60.564551384422984 ], [ 30.257168400016273, 60.564445851850664 ], [ 30.256462080016249, 60.56451661974944 ], [ 30.256462440016278, 60.564518212025419 ], [ 30.255944760016224, 60.564400914154511 ], [ 30.255887520016252, 60.564283085095617 ] ] ] } },
{ "type": "Feature", "properties": { }, "geometry": { "type": "Polygon", "coordinates": [ [ [ 30.228864840016247, 60.543756675238953 ], [ 30.228628680016215, 60.543669574815887 ], [ 30.228621120016214, 60.543639125019183 ], [ 30.228622560016241, 60.543624608245544 ], [ 30.228715440016195, 60.543609914431478 ], [ 30.22890264001623, 60.543570966940131 ], [ 30.229000560016242, 60.543554502759257 ], [ 30.229899480016211, 60.543335156582557 ], [ 30.230106840016202, 60.54330435239995 ], [ 30.23038116001625, 60.543256464230197 ], [ 30.230377920016252, 60.543209992278705 ], [ 30.230596800016208, 60.543137407382851 ], [ 30.230661600016266, 60.543111294484163 ], [ 30.231122400016197, 60.542894954946838 ], [ 30.231225000016238, 60.542830247545631 ], [ 30.231255960016199, 60.542835824248797 ], [ 30.231328320016253, 60.542858219570803 ], [ 30.231498240016197, 60.543043931960035 ], [ 30.231092160016214, 60.543162546560339 ], [ 30.230518320016188, 60.543407209929683 ], [ 30.229687800016215, 60.543782522067318 ], [ 30.2294062800162, 60.543986817505051 ], [ 30.229324200016244, 60.544039484447374 ], [ 30.229108920016223, 60.543989561499131 ], [ 30.229094520016194, 60.543942913568316 ], [ 30.228864840016247, 60.543756675238953 ] ] ] } },
{ "type": "Feature", "properties": { }, "geometry": { "type": "Polygon", "coordinates": [ [ [ 30.232148760016198, 60.542888670102336 ], [ 30.232231200016187, 60.542867779624473 ], [ 30.232645560016227, 60.542630636347802 ], [ 30.232626480016268, 60.542820776 ], [ 30.232861560016222, 60.543438810671375 ], [ 30.232785600016225, 60.543420133486045 ], [ 30.232669680016251, 60.543391630841199 ], [ 30.232393920016261, 60.543135548499251 ], [ 30.232148760016198, 60.542888670102336 ] ] ] } },
{ "type": "Feature", "properties": { }, "geometry": { "type": "Polygon", "coordinates": [ [ [ 30.235812840016234, 60.570923038103452 ], [ 30.236063400016199, 60.570940549663781 ], [ 30.236444640016206, 60.570937984839894 ], [ 30.236931720016244, 60.570622333061884 ], [ 30.236952240016237, 60.570375664396572 ], [ 30.237991920016253, 60.570360098293627 ], [ 30.238004520016215, 60.570101133844396 ], [ 30.237862680016249, 60.570106263624787 ], [ 30.237858720016195, 60.569982175777355 ], [ 30.237020280016207, 60.570001014518979 ], [ 30.236037120016189, 60.570023302593547 ], [ 30.2362621200162, 60.569848889155352 ], [ 30.236267160016261, 60.569818375551478 ], [ 30.23641692001625, 60.569818552441987 ], [ 30.236586120016227, 60.569814926185728 ], [ 30.236824440016267, 60.569805462539406 ], [ 30.2370822000162, 60.569794229983614 ], [ 30.237488280016187, 60.569778132928356 ], [ 30.237782400016261, 60.569768403935022 ], [ 30.238103880016265, 60.569758940275072 ], [ 30.238457760016246, 60.569758232711592 ], [ 30.238695360016223, 60.569781493852652 ], [ 30.238794720016262, 60.569782732087802 ], [ 30.238937280016195, 60.569789188599024 ], [ 30.239205480016189, 60.569765927463536 ], [ 30.239331120016249, 60.569756729139158 ], [ 30.239417520016211, 60.569833941915299 ], [ 30.239417520016211, 60.570034623514367 ], [ 30.239418240016267, 60.570415906275784 ], [ 30.239793000016277, 60.570721831363279 ], [ 30.238509960016248, 60.570724484647123 ], [ 30.237382080016211, 60.571466953351475 ], [ 30.237383160016211, 60.571595811281377 ], [ 30.237383880016274, 60.571712198647482 ], [ 30.237385680016242, 60.571938250723342 ], [ 30.237386400016209, 60.572076127563058 ], [ 30.23738784001624, 60.572261937562807 ], [ 30.237388200016273, 60.572306599017061 ], [ 30.236670720016217, 60.572309871240009 ], [ 30.236457240016257, 60.572353913559667 ], [ 30.236133600016263, 60.572502754930831 ], [ 30.23609544001625, 60.572157049231606 ], [ 30.235812840016234, 60.570923038103452 ] ] ] } },
{ "type": "Feature", "properties": { }, "geometry": { "type": "Polygon", "coordinates": [ [ [ 30.244799880016245, 60.538319442182726 ], [ 30.244950720016234, 60.538376633445047 ], [ 30.246479640016197, 60.539140295322511 ], [ 30.246346080016203, 60.539326117577161 ], [ 30.244773600016227, 60.538705879628964 ], [ 30.244799880016245, 60.538319442182726 ] ] ] } },
{ "type": "Feature", "properties": { }, "geometry": { "type": "Polygon", "coordinates": [ [ [ 30.279371760016282, 60.499372561826995 ], [ 30.279503160016276, 60.499265398360592 ], [ 30.279774960016301, 60.499135631703659 ], [ 30.279987000016227, 60.498996823352243 ], [ 30.280062600016279, 60.498983527501942 ], [ 30.280120560016226, 60.498957999454106 ], [ 30.280563720016225, 60.498721686778964 ], [ 30.280885920016281, 60.498666641456118 ], [ 30.281082120016251, 60.498670009771644 ], [ 30.281229360016301, 60.498732412185248 ], [ 30.280937760016258, 60.499002318968785 ], [ 30.280448520016222, 60.499542037156701 ], [ 30.280459320016217, 60.499726136706919 ], [ 30.280603680016299, 60.499815571306101 ], [ 30.280701960016248, 60.499954642060864 ], [ 30.280713840016247, 60.500193073005448 ], [ 30.280699440016217, 60.500348185131912 ], [ 30.28063824001628, 60.500401632166984 ], [ 30.280333680016248, 60.50053999132934 ], [ 30.280082400016212, 60.50067320910636 ], [ 30.279958200016267, 60.500749434600813 ], [ 30.279894480016214, 60.500896212489813 ], [ 30.279956040016273, 60.500983428022138 ], [ 30.279835800016205, 60.50111230095029 ], [ 30.279809520016276, 60.501170887442193 ], [ 30.279672000016227, 60.501287882842838 ], [ 30.279691080016278, 60.501295682521189 ], [ 30.279668760016229, 60.50141870447257 ], [ 30.279624840016279, 60.501466034119154 ], [ 30.279672000016227, 60.501480569801984 ], [ 30.279681360016284, 60.501509375251729 ], [ 30.279118680016278, 60.501780677016349 ], [ 30.279230640016284, 60.502067309605671 ], [ 30.279277800016231, 60.502151508554981 ], [ 30.27938364001627, 60.502291544217933 ], [ 30.279421440016254, 60.50232797111719 ], [ 30.278899440016289, 60.502331427682158 ], [ 30.278121840016208, 60.500152921002638 ], [ 30.278644920016262, 60.500171977698898 ], [ 30.278521080016258, 60.500103018996029 ], [ 30.278711880016228, 60.49998566477371 ], [ 30.278869200016217, 60.499860421468092 ], [ 30.278914200016253, 60.499827625901233 ], [ 30.279186360016215, 60.499779584767658 ], [ 30.279267360016267, 60.499709295674528 ], [ 30.279329640016211, 60.499514914072449 ], [ 30.279490920016254, 60.499462972416467 ], [ 30.279389760016237, 60.499409523833762 ], [ 30.279371760016282, 60.499372561826995 ] ] ] } },
{ "type": "Feature", "properties": { }, "geometry": { "type": "Polygon", "coordinates": [ [ [ 30.256275240016244, 60.566090546244013 ], [ 30.256779960016221, 60.566071262945727 ], [ 30.257626680016269, 60.566404030910924 ], [ 30.257618760016239, 60.566517252616769 ], [ 30.25853136001626, 60.566893092764673 ], [ 30.258306720016279, 60.566933338979482 ], [ 30.257606160016277, 60.566639496232114 ], [ 30.256404840016277, 60.56652999003385 ], [ 30.256365960016204, 60.566370418140664 ], [ 30.256309440016203, 60.56619492353051 ], [ 30.256275240016244, 60.566090546244013 ] ] ] } },
{ "type": "Feature", "properties": { }, "geometry": { "type": "Polygon", "coordinates": [ [ [ 30.188429280016162, 60.534198395253966 ], [ 30.188762280016221, 60.53471822536725 ], [ 30.188613960016166, 60.534780027131781 ], [ 30.188278080016239, 60.534260286553462 ], [ 30.188255760016187, 60.534226640368125 ], [ 30.18825612001622, 60.534226640368125 ], [ 30.188429280016162, 60.534198395253966 ] ] ] } },
{ "type": "Feature", "properties": { }, "geometry": { "type": "Polygon", "coordinates": [ [ [ 30.227773680016192, 60.569442038734927 ], [ 30.227653440016219, 60.569354388332599 ], [ 30.2276390400162, 60.569248517650813 ], [ 30.227743080016271, 60.569348639307002 ], [ 30.229272720016201, 60.569432044301429 ], [ 30.229630200016214, 60.569393393233213 ], [ 30.229972560016236, 60.569386140624843 ], [ 30.230323920016186, 60.569356068816816 ], [ 30.230506440016189, 60.569330949991006 ], [ 30.231439200016261, 60.569169357641336 ], [ 30.231477000016245, 60.569285488404496 ], [ 30.231318600016255, 60.569314322025143 ], [ 30.230758080016251, 60.569417185315004 ], [ 30.230528040016274, 60.569457693726243 ], [ 30.230245080016221, 60.569494664240686 ], [ 30.230069040016215, 60.569508815622598 ], [ 30.229926480016196, 60.569515979757298 ], [ 30.229784640016231, 60.56952040206189 ], [ 30.229634160016186, 60.569522524767891 ], [ 30.22947612001623, 60.56952199409141 ], [ 30.229227000016195, 60.569515714419019 ], [ 30.229068960016239, 60.569508727176476 ], [ 30.228649560016226, 60.569485377392922 ], [ 30.227773680016192, 60.569442038734927 ] ] ] } },
{ "type": "Feature", "properties": { }, "geometry": { "type": "Polygon", "coordinates": [ [ [ 30.242652120016206, 60.578414908503639 ], [ 30.243451320016195, 60.578407481075978 ], [ 30.243913200016213, 60.57909893190417 ], [ 30.244096800016219, 60.579370910298032 ], [ 30.243752280016196, 60.579660658493495 ], [ 30.243597480016241, 60.579625733230792 ], [ 30.243274920016244, 60.579552787940088 ], [ 30.242804760016259, 60.579472592139496 ], [ 30.242586960016212, 60.579472415301765 ], [ 30.242577240016214, 60.579473299490331 ], [ 30.242450520016245, 60.579485501289533 ], [ 30.242368800016223, 60.579498764109523 ], [ 30.242241000016254, 60.579542885051531 ], [ 30.242085480016236, 60.579609110560845 ], [ 30.241933920016191, 60.579659420636752 ], [ 30.241912320016198, 60.579666494103371 ], [ 30.241848960016259, 60.579730508905705 ], [ 30.241766160016237, 60.579814506036818 ], [ 30.241746000016185, 60.579834488480103 ], [ 30.241642320016236, 60.579838997790773 ], [ 30.241552320016247, 60.57984279975814 ], [ 30.241361520016188, 60.579865876806252 ], [ 30.241241280016215, 60.579880377318482 ], [ 30.241056600016211, 60.579976133586378 ], [ 30.24102996001626, 60.579990015127059 ], [ 30.24087012001624, 60.580125647191629 ], [ 30.240842400016199, 60.58014209276179 ], [ 30.240901440016223, 60.580220872231848 ], [ 30.240857160016251, 60.58022626565652 ], [ 30.240028440016246, 60.580325469143858 ], [ 30.239169480016265, 60.580050669432325 ], [ 30.239206200016248, 60.58002944928014 ], [ 30.239570160016257, 60.579500090391207 ], [ 30.240247320016202, 60.579430062643006 ], [ 30.241250640016272, 60.579339433071759 ], [ 30.242652120016206, 60.578414908503639 ] ] ] } },
{ "type": "Feature", "properties": { }, "geometry": { "type": "Polygon", "coordinates": [ [ [ 30.255953760016247, 60.57532795784784 ], [ 30.255937200016227, 60.575332733078007 ], [ 30.255925680016261, 60.575336004994568 ], [ 30.255921360016263, 60.575336447145432 ], [ 30.25540224001627, 60.575385791143468 ], [ 30.255437880016256, 60.575120676806442 ], [ 30.255881040016256, 60.575165864894231 ], [ 30.255953760016247, 60.57532778098745 ], [ 30.255953760016247, 60.57532795784784 ] ] ] } },
{ "type": "Feature", "properties": { }, "geometry": { "type": "Polygon", "coordinates": [ [ [ 30.239636760016193, 60.57003453506973 ], [ 30.239636400016256, 60.569831111667916 ], [ 30.239734680016202, 60.569750007285101 ], [ 30.2398747200162, 60.569745319675484 ], [ 30.240269280016228, 60.569742754756753 ], [ 30.240568440016265, 60.569737801809666 ], [ 30.240779040016253, 60.569731875961239 ], [ 30.240918360016188, 60.5697248887654 ], [ 30.241085760016198, 60.569711621933756 ], [ 30.241267560016233, 60.569693136805867 ], [ 30.24147528001625, 60.569668283579041 ], [ 30.241635120016269, 60.569644668573538 ], [ 30.241808640016245, 60.569613624101855 ], [ 30.242041200016253, 60.569567101561425 ], [ 30.242350800016261, 60.569500501686463 ], [ 30.242623320016254, 60.569436555063831 ], [ 30.243046320016202, 60.569330330864766 ], [ 30.243327840016224, 60.569258954375066 ], [ 30.243353040016242, 60.569289203166882 ], [ 30.243936240016232, 60.570029670612016 ], [ 30.244035240016242, 60.570055850230339 ], [ 30.244124160016238, 60.570099453398917 ], [ 30.244178520016234, 60.570137572956547 ], [ 30.24435888001624, 60.570207532398889 ], [ 30.244437720016204, 60.57026900106338 ], [ 30.244499640016205, 60.57036531647671 ], [ 30.24492696001624, 60.57058200299651 ], [ 30.245456160016268, 60.57035143080121 ], [ 30.245437440016243, 60.570331177161933 ], [ 30.245270040016234, 60.570148628504285 ], [ 30.245707800016234, 60.570031616395177 ], [ 30.245564520016242, 60.569701804474796 ], [ 30.245582160016262, 60.56964528769376 ], [ 30.245840280016228, 60.56968402690643 ], [ 30.246086880016239, 60.569728515031763 ], [ 30.246347880016266, 60.569763362546432 ], [ 30.246374880016244, 60.569814483959334 ], [ 30.246285600016233, 60.569882763644237 ], [ 30.246215760016202, 60.569960860568159 ], [ 30.246206040016212, 60.570053108446984 ], [ 30.246246720016245, 60.570170120478288 ], [ 30.24590688001626, 60.570177903576436 ], [ 30.2455836000162, 60.570476932326692 ], [ 30.24554544001619, 60.570487899314905 ], [ 30.245460840016204, 60.57046516934323 ], [ 30.245292360016194, 60.570562545490809 ], [ 30.245698080016236, 60.570738989261628 ], [ 30.245832720016235, 60.570840432938375 ], [ 30.245896440016207, 60.570842467115213 ], [ 30.245509800016208, 60.570962925532619 ], [ 30.244872240016207, 60.571158116743455 ], [ 30.242985120016257, 60.571667801692534 ], [ 30.242766600016243, 60.571631894947295 ], [ 30.24104544001619, 60.571028637974912 ], [ 30.241307520016218, 60.570844501291909 ], [ 30.241451520016266, 60.570747921978274 ], [ 30.242126880016247, 60.570454290790799 ], [ 30.242132640016273, 60.570437663402785 ], [ 30.241952640016208, 60.570079376490874 ], [ 30.241650240016266, 60.569719316696755 ], [ 30.241061640016273, 60.569801836281663 ], [ 30.240917640016221, 60.569814837740445 ], [ 30.240378000016236, 60.569832969017781 ], [ 30.239946720016224, 60.569847385587146 ], [ 30.239948160016258, 60.570034446625044 ], [ 30.239636760016193, 60.57003453506973 ] ], [ [ 30.245061240016209, 60.570880497354246 ], [ 30.244354560016248, 60.570638164367686 ], [ 30.244335480016193, 60.570623305935676 ], [ 30.244384800016231, 60.570608093724381 ], [ 30.244285800016215, 60.570551843857693 ], [ 30.244217040016192, 60.570471625718149 ], [ 30.244133160016258, 60.570484361577186 ], [ 30.243912120016216, 60.570205940403149 ], [ 30.243596040016211, 60.570261217987166 ], [ 30.243567240016255, 60.57022849366885 ], [ 30.243235320016204, 60.570286778310034 ], [ 30.24341676001621, 60.570559273091021 ], [ 30.243436200016198, 60.570605971089691 ], [ 30.243346920016268, 60.570615257615486 ], [ 30.243396600016247, 60.570731206298525 ], [ 30.243441240016253, 60.57072660727404 ], [ 30.243459600016248, 60.570752697885176 ], [ 30.243684240016236, 60.570769059783103 ], [ 30.24471960001625, 60.571129107884133 ], [ 30.244740120016239, 60.571114072794337 ], [ 30.245061240016209, 60.570880497354246 ] ] ] } },
{ "type": "Feature", "properties": { }, "geometry": { "type": "Polygon", "coordinates": [ [ [ 30.155683320016227, 60.508108516479567 ], [ 30.155701320016192, 60.508134214549329 ], [ 30.155548680016235, 60.508171077951751 ], [ 30.155289120016143, 60.508295934693116 ], [ 30.153918600016162, 60.509552361949844 ], [ 30.153867120016219, 60.509542703445277 ], [ 30.155028120016205, 60.508478655331032 ], [ 30.155244840016163, 60.508279541181025 ], [ 30.155517000016218, 60.50814883585582 ], [ 30.155683320016227, 60.508108516479567 ] ] ] } },
{ "type": "Feature", "properties": { }, "geometry": { "type": "Polygon", "coordinates": [ [ [ 30.196414800016171, 60.540292128230092 ], [ 30.196426320016222, 60.540071697619851 ], [ 30.196260000016213, 60.53977530903515 ], [ 30.197384640016249, 60.539749104895861 ], [ 30.197945880016228, 60.539871626770179 ], [ 30.197928600016233, 60.539952629055236 ], [ 30.198137400016165, 60.539924565991456 ], [ 30.198138120016228, 60.539924654518501 ], [ 30.198138840016192, 60.53992438893733 ], [ 30.198604680016185, 60.539861711722473 ], [ 30.199318200016176, 60.539629061337962 ], [ 30.200891040016185, 60.539319566453393 ], [ 30.204415800016196, 60.539252638680715 ], [ 30.20521212001621, 60.539098420984423 ], [ 30.205416960016173, 60.539058848357193 ], [ 30.206690640016234, 60.538812204449108 ], [ 30.211620480016212, 60.538723143049836 ], [ 30.211819560016238, 60.538719336244995 ], [ 30.214242000016263, 60.538673388960639 ], [ 30.215970360016197, 60.538958190248444 ], [ 30.216146040016262, 60.539286987872323 ], [ 30.21606180001621, 60.539608522867546 ], [ 30.216028680016258, 60.539587541744169 ], [ 30.215980800016254, 60.539482458866829 ], [ 30.215891160016202, 60.539394638711023 ], [ 30.215823120016235, 60.539381182375763 ], [ 30.215664360016223, 60.539309651236564 ], [ 30.215529720016225, 60.539322310843247 ], [ 30.21526728001626, 60.539275213540122 ], [ 30.2149386000162, 60.539277957933727 ], [ 30.2143032000162, 60.539206692153456 ], [ 30.214269000016248, 60.539212003894043 ], [ 30.214241640016237, 60.539317087649493 ], [ 30.214179720016229, 60.539311775926144 ], [ 30.214053000016257, 60.539301063948074 ], [ 30.213735480016229, 60.539256356893944 ], [ 30.21355296001623, 60.539254497787354 ], [ 30.213547560016231, 60.539282118788108 ], [ 30.213276480016177, 60.539281322028813 ], [ 30.213045720016222, 60.539302745994455 ], [ 30.213023760016203, 60.539249008995981 ], [ 30.212178840016218, 60.539355597617657 ], [ 30.211215840016251, 60.539326206105869 ], [ 30.210869520016171, 60.539290883139188 ], [ 30.21085404001624, 60.539315140017699 ], [ 30.209682600016194, 60.539279374394894 ], [ 30.208069440016182, 60.539217315633763 ], [ 30.206723040016218, 60.539242989030122 ], [ 30.205630440016225, 60.539487682033943 ], [ 30.205422720016202, 60.539520968638222 ], [ 30.204236520016192, 60.53961578215597 ], [ 30.204011880016203, 60.539631363062291 ], [ 30.204129600016241, 60.53995953415869 ], [ 30.203376840016233, 60.540031240915027 ], [ 30.203363520016214, 60.540011322387571 ], [ 30.203008200016207, 60.540037083680772 ], [ 30.202818120016204, 60.539681912428279 ], [ 30.201914160016177, 60.539756718262858 ], [ 30.201597000016179, 60.539914650959957 ], [ 30.20136336001617, 60.540001938543661 ], [ 30.20121684001618, 60.539992200589587 ], [ 30.200952600016244, 60.54003194912913 ], [ 30.200682960016223, 60.540081169970101 ], [ 30.200189400016189, 60.540262294938174 ], [ 30.199089600016222, 60.540352591464412 ], [ 30.198878640016208, 60.540346394652026 ], [ 30.198873960016176, 60.540179965532886 ], [ 30.198266280016224, 60.540195723220194 ], [ 30.198276000016222, 60.54035152915381 ], [ 30.196414800016171, 60.540292128230092 ] ] ] } },
{ "type": "Feature", "properties": { }, "geometry": { "type": "Polygon", "coordinates": [ [ [ 30.269093400016278, 60.553862184521357 ], [ 30.268022400016271, 60.55373971561572 ], [ 30.266451360016241, 60.554198883132862 ], [ 30.26629116001628, 60.554130039391701 ], [ 30.265648200016287, 60.553951558213249 ], [ 30.265327080016231, 60.553900942647772 ], [ 30.264929640016238, 60.55386244998811 ], [ 30.264958440016279, 60.55386262696598 ], [ 30.265087680016279, 60.55386324638846 ], [ 30.265389720016291, 60.553818205495148 ], [ 30.266469360016284, 60.553736618491442 ], [ 30.26733660001624, 60.553632377963794 ], [ 30.268051560016257, 60.553432744912058 ], [ 30.26868480001626, 60.553271692527304 ], [ 30.269147760016281, 60.553256118188266 ], [ 30.269664360016247, 60.553218686649494 ], [ 30.269936520016206, 60.553161433124593 ], [ 30.270162600016217, 60.553062057755014 ], [ 30.270506760016207, 60.552896047997116 ], [ 30.270745800016218, 60.552800211485639 ], [ 30.270911040016227, 60.552733842544015 ], [ 30.271136400016271, 60.552668889341241 ], [ 30.271325760016211, 60.552607564194972 ], [ 30.271410360016294, 60.552560574718505 ], [ 30.271421880016259, 60.552554645721322 ], [ 30.271460760016236, 60.552535177364788 ], [ 30.271718160016238, 60.552471020197693 ], [ 30.27179124001626, 60.552443056482289 ], [ 30.272046840016294, 60.552218195474325 ], [ 30.272084280016248, 60.552185098916958 ], [ 30.272271480016276, 60.552269079152929 ], [ 30.272004360016282, 60.55239580128805 ], [ 30.271780800016206, 60.552501638668446 ], [ 30.271535280016295, 60.552620130107449 ], [ 30.270991320016222, 60.552896578946537 ], [ 30.270851280016224, 60.552965867769885 ], [ 30.270580920016233, 60.553105064408328 ], [ 30.270430440016277, 60.553181786012139 ], [ 30.269866320016241, 60.55346699056301 ], [ 30.269093400016278, 60.553862184521357 ] ] ] } },
{ "type": "Feature", "properties": { }, "geometry": { "type": "Polygon", "coordinates": [ [ [ 30.150050400016219, 60.502703493723793 ], [ 30.149564760016208, 60.502121196958434 ], [ 30.152337840016219, 60.502442303454806 ], [ 30.152401920016221, 60.501695058998081 ], [ 30.152812320016203, 60.501777043129906 ], [ 30.153009960016199, 60.501816484070837 ], [ 30.153025800016163, 60.501983199068405 ], [ 30.153026880016164, 60.502266461925309 ], [ 30.153012120016196, 60.502523753920585 ], [ 30.153076200016198, 60.502714306441526 ], [ 30.153254040016172, 60.50295635084246 ], [ 30.153414600016159, 60.50310276422735 ], [ 30.152904840016223, 60.503254051455109 ], [ 30.150050400016219, 60.502703493723793 ] ] ] } },
{ "type": "Feature", "properties": { }, "geometry": { "type": "Polygon", "coordinates": [ [ [ 30.263364000016285, 60.555123923509228 ], [ 30.262804560016281, 60.555124808363942 ], [ 30.262804200016255, 60.555124808363942 ], [ 30.262230720016255, 60.555136753900463 ], [ 30.262126680016269, 60.555137727240272 ], [ 30.261533760016281, 60.555141797570123 ], [ 30.261290040016249, 60.555097466341614 ], [ 30.2610700800162, 60.555066761842312 ], [ 30.260820600016224, 60.555008715216516 ], [ 30.260811600016204, 60.554851475586354 ], [ 30.260880000016204, 60.554839087513216 ], [ 30.262409280016286, 60.554248613353437 ], [ 30.26309868001626, 60.553759094758128 ], [ 30.263158800016203, 60.553716619910283 ], [ 30.263669640016236, 60.553909791528547 ], [ 30.264179400016261, 60.553955009271675 ], [ 30.264829200016283, 60.553966512796997 ], [ 30.264883560016287, 60.553967928615251 ], [ 30.265260120016258, 60.55400350102768 ], [ 30.265581600016262, 60.554054116432688 ], [ 30.266147520016265, 60.554211182963208 ], [ 30.266304480016217, 60.554278699214919 ], [ 30.267432000016225, 60.554803250560674 ], [ 30.267447480016248, 60.554898815679252 ], [ 30.267128160016249, 60.555126047160542 ], [ 30.266898120016265, 60.555289921833051 ], [ 30.266596080016257, 60.555498480353194 ], [ 30.266385480016265, 60.555632622500575 ], [ 30.266169120016251, 60.5557598623611 ], [ 30.265926480016212, 60.555892764657251 ], [ 30.265721280016219, 60.556005226826187 ], [ 30.265684560016243, 60.556024516128218 ], [ 30.265683120016213, 60.556010447326479 ], [ 30.265732800016274, 60.555829498985212 ], [ 30.265673760016245, 60.555441673286644 ], [ 30.265669800016273, 60.555286116976944 ], [ 30.26566296001625, 60.555027916627125 ], [ 30.265443720016261, 60.555033137285186 ], [ 30.265433280016207, 60.554926334841554 ], [ 30.264885000016225, 60.55495226123351 ], [ 30.264895800016223, 60.555036588228198 ], [ 30.264550920016262, 60.555040216142231 ], [ 30.264032160016207, 60.555054108394664 ], [ 30.264013800016219, 60.5550552587083 ], [ 30.263949360016284, 60.555026677826774 ], [ 30.26337444001625, 60.555018537137627 ], [ 30.263364000016285, 60.555123923509228 ] ], [ [ 30.262030200016287, 60.554810683413379 ], [ 30.262052520016248, 60.554810771899682 ], [ 30.262083480016202, 60.554820682367271 ], [ 30.262154400016232, 60.554846431871468 ], [ 30.262190760016271, 60.554838910540731 ], [ 30.262282560016228, 60.554817408373843 ], [ 30.262282920016258, 60.554803250560674 ], [ 30.262287240016256, 60.554792189764832 ], [ 30.262323240016272, 60.554788030904625 ], [ 30.262376880016213, 60.554788296363796 ], [ 30.262450680016212, 60.554787588472671 ], [ 30.26263896001624, 60.554762192867472 ], [ 30.262730400016256, 60.55475378665232 ], [ 30.262789080016258, 60.554736531782751 ], [ 30.262856400016258, 60.554724763071604 ], [ 30.262895280016235, 60.554729806805476 ], [ 30.262912560016229, 60.554729098913036 ], [ 30.262921200016226, 60.554718834471117 ], [ 30.262945320016247, 60.554715471980792 ], [ 30.262978440016198, 60.554713348302528 ], [ 30.263028840016236, 60.554703614775313 ], [ 30.263070960016215, 60.554701137149756 ], [ 30.263112720016256, 60.554701845042779 ], [ 30.263132160016252, 60.554707773646392 ], [ 30.263179320016281, 60.554706623320378 ], [ 30.263193000016244, 60.554700340770047 ], [ 30.263219640016207, 60.554700517743335 ], [ 30.26326752001621, 60.55470458812816 ], [ 30.263358240016263, 60.554698217090781 ], [ 30.263406840016234, 60.554704411154944 ], [ 30.263434200016253, 60.554707419699938 ], [ 30.263460840016212, 60.554696889791195 ], [ 30.263474880016204, 60.554684413172176 ], [ 30.263495760016223, 60.554677776670708 ], [ 30.263531040016268, 60.554677422723955 ], [ 30.263590800016271, 60.554685563498964 ], [ 30.263664600016263, 60.554682466465252 ], [ 30.263748480016282, 60.554667954646128 ], [ 30.263812200016254, 60.554652734926378 ], [ 30.263895000016273, 60.554655743476218 ], [ 30.263993640016256, 60.554652734926378 ], [ 30.264053760016203, 60.554646983286254 ], [ 30.264145920016276, 60.554627516189015 ], [ 30.264267960016216, 60.554607341184919 ], [ 30.264558120016236, 60.554546904584228 ], [ 30.264623640016261, 60.554528941707524 ], [ 30.264688800016263, 60.554525844658805 ], [ 30.264748560016258, 60.554531330859213 ], [ 30.264780240016275, 60.554528056836517 ], [ 30.264763680016252, 60.554519739047599 ], [ 30.264795000016242, 60.554504696232499 ], [ 30.264815880016265, 60.554516022588025 ], [ 30.264835680016276, 60.554498856078872 ], [ 30.264867720016237, 60.554483370817884 ], [ 30.264913800016274, 60.554486202409002 ], [ 30.264945120016257, 60.554497705745447 ], [ 30.265001640016262, 60.554494431719341 ], [ 30.265062480016262, 60.55448691030675 ], [ 30.265133040016263, 60.554486379383448 ], [ 30.265199640016199, 60.554495493565675 ], [ 30.26524176001627, 60.554497882719794 ], [ 30.265279920016283, 60.554509120590581 ], [ 30.265319520016234, 60.55451690745943 ], [ 30.265359480016208, 60.554520446944622 ], [ 30.265390440016258, 60.55453159632048 ], [ 30.265452720016203, 60.554534073959019 ], [ 30.265488360016274, 60.554543011153704 ], [ 30.265528680016281, 60.554543188127795 ], [ 30.265559280016209, 60.554550974988437 ], [ 30.265681320016245, 60.554579113855475 ], [ 30.265701120016264, 60.554590263211111 ], [ 30.265767720016289, 60.554606898750485 ], [ 30.265802640016215, 60.554610880660256 ], [ 30.265819200016235, 60.554621322110144 ], [ 30.265836120016289, 60.554642028026244 ], [ 30.26583828001629, 60.554655035582158 ], [ 30.265859880016276, 60.554666538858555 ], [ 30.265891920016234, 60.554669989840654 ], [ 30.265943400016273, 60.55468981085901 ], [ 30.265981560016279, 60.554694058218509 ], [ 30.26602116001623, 60.554705649967609 ], [ 30.266052480016214, 60.55471989631009 ], [ 30.266071200016242, 60.554725382477535 ], [ 30.266085240016231, 60.554745026488902 ], [ 30.266075880016263, 60.554760246165216 ], [ 30.266076600016234, 60.554778031940657 ], [ 30.266093880016228, 60.55479776440643 ], [ 30.266116560016215, 60.554814134380088 ], [ 30.266124120016212, 60.554837760219399 ], [ 30.266140320016209, 60.554855722924607 ], [ 30.266145360016264, 60.554871561952012 ], [ 30.266160480016254, 60.554885719735239 ], [ 30.266153640016231, 60.554905186677118 ], [ 30.266158680016286, 60.554916070462198 ], [ 30.266178480016215, 60.554924388149196 ], [ 30.266195040016235, 60.554933148263984 ], [ 30.266214840016257, 60.554936068301735 ], [ 30.266239680016248, 60.554928104561839 ], [ 30.266274240016234, 60.554915185601772 ], [ 30.266308440016275, 60.554906336996012 ], [ 30.266330760016231, 60.554896603526913 ], [ 30.26633652001626, 60.554860324207127 ], [ 30.266317800016239, 60.554834840172759 ], [ 30.266307360016274, 60.554806259096502 ], [ 30.266314200016215, 60.554780244101103 ], [ 30.266308440016275, 60.554754760003647 ], [ 30.26627604001629, 60.554737682107678 ], [ 30.266231040016251, 60.554721135122151 ], [ 30.266195040016235, 60.554700960176476 ], [ 30.266152200016286, 60.554671671088215 ], [ 30.266112600016246, 60.55463362177985 ], [ 30.266081280016262, 60.554619021451998 ], [ 30.266045280016247, 60.554612650397736 ], [ 30.266001720016241, 60.554606367829159 ], [ 30.265976880016247, 60.554597076704361 ], [ 30.265947360016231, 60.554579113855475 ], [ 30.265918200016252, 60.554559558230359 ], [ 30.265902720016225, 60.55454265720541 ], [ 30.265872120016208, 60.554520092996121 ], [ 30.265859880016276, 60.554497705745447 ], [ 30.265828920016233, 60.554493723821736 ], [ 30.265791480016283, 60.554477442173159 ], [ 30.26574684001627, 60.554444701876676 ], [ 30.265698600016233, 60.554435322218055 ], [ 30.265663680016218, 60.554416297430464 ], [ 30.265588440016284, 60.55436178913984 ], [ 30.265515000016229, 60.554339932705311 ], [ 30.265396560016224, 60.554318518694387 ], [ 30.265301160016239, 60.554323385516284 ], [ 30.265250040016234, 60.554327632923901 ], [ 30.265184520016209, 60.554321173324603 ], [ 30.265104600016244, 60.554319934497222 ], [ 30.265062120016232, 60.554324358880585 ], [ 30.264986520016272, 60.554325509220163 ], [ 30.264918120016272, 60.554334446472438 ], [ 30.264888240016223, 60.554330376041037 ], [ 30.264836760016276, 60.554329314189282 ], [ 30.264748920016199, 60.554332057306262 ], [ 30.264696720016286, 60.55431869566975 ], [ 30.264573240016226, 60.554311793630191 ], [ 30.26446020001622, 60.554318164743684 ], [ 30.264294240016234, 60.554314271285577 ], [ 30.264215760016214, 60.554294538524836 ], [ 30.264153840016217, 60.554265779995482 ], [ 30.264071400016224, 60.554231446702303 ], [ 30.264003000016228, 60.554214103066151 ], [ 30.263909400016207, 60.554198175228791 ], [ 30.263801760016293, 60.554190034331164 ], [ 30.263697720016214, 60.55418737969017 ], [ 30.263600160016232, 60.554178265421136 ], [ 30.263537880016205, 60.554171894280088 ], [ 30.263485680016199, 60.554159240482306 ], [ 30.263418000016262, 60.55416012536346 ], [ 30.263352840016264, 60.554170832423132 ], [ 30.26331252001625, 60.554189149450877 ], [ 30.263292000016261, 60.554207466468206 ], [ 30.263234040016226, 60.554226845330369 ], [ 30.263108760016195, 60.55424834788986 ], [ 30.263007960016214, 60.554283477555046 ], [ 30.262894560016267, 60.55432966813985 ], [ 30.262853520016197, 60.554359134512957 ], [ 30.262842360016265, 60.55437364647063 ], [ 30.262773240016205, 60.554428862640307 ], [ 30.262695840016274, 60.554464080596709 ], [ 30.262591800016203, 60.554490184333616 ], [ 30.262450680016212, 60.554533896984879 ], [ 30.262305240016222, 60.554590882619642 ], [ 30.262245480016212, 60.554648399074686 ], [ 30.262227120016224, 60.554659282946218 ], [ 30.262186080016242, 60.554674502662884 ], [ 30.262158720016231, 60.55469228848542 ], [ 30.262127040016214, 60.554700960176476 ], [ 30.262090320016224, 60.554709897325012 ], [ 30.262058640016214, 60.554728391020618 ], [ 30.26204280001625, 60.554746973192117 ], [ 30.262030920016254, 60.554769979675385 ], [ 30.262008600016209, 60.554775377347944 ], [ 30.261999240016245, 60.554787411499866 ], [ 30.262005720016241, 60.554801746292654 ], [ 30.262030200016287, 60.554810683413379 ] ] ] } },
{ "type": "Feature", "properties": { }, "geometry": { "type": "Polygon", "coordinates": [ [ [ 30.257269560016194, 60.498822470002246 ], [ 30.258278640016204, 60.498092072619492 ], [ 30.258425160016284, 60.497371675489383 ], [ 30.258701280016211, 60.496744605819885 ], [ 30.259839240016273, 60.495905391400044 ], [ 30.260334240016245, 60.495635104239547 ], [ 30.261126600016201, 60.495311004890013 ], [ 30.261197160016202, 60.495370488355832 ], [ 30.261641760016232, 60.495707795661957 ], [ 30.26182896001626, 60.496074087032802 ], [ 30.261457440016255, 60.496273187527869 ], [ 30.261874320016243, 60.496364404576923 ], [ 30.261705120016266, 60.496515368672497 ], [ 30.261656520016285, 60.496592667690628 ], [ 30.261530160016257, 60.496722887752817 ], [ 30.261644280016256, 60.49678130488784 ], [ 30.261607920016218, 60.496939269967093 ], [ 30.261258000016202, 60.497353592225181 ], [ 30.260936880016239, 60.497639909390905 ], [ 30.26114856001622, 60.497795920156896 ], [ 30.261285000016276, 60.497872241059262 ], [ 30.261525840016258, 60.497954589427188 ], [ 30.261598200016227, 60.497979320489328 ], [ 30.261409200016221, 60.498187805252371 ], [ 30.261535560016249, 60.49828087837443 ], [ 30.261685680016271, 60.498381662968129 ], [ 30.261720960016223, 60.49840798923519 ], [ 30.261789720016246, 60.498450891254187 ], [ 30.261775680016257, 60.49846374412072 ], [ 30.261730680016218, 60.498468176142516 ], [ 30.261563640016234, 60.498540772572781 ], [ 30.259255680016249, 60.499146002418705 ], [ 30.259008720016219, 60.499220192821838 ], [ 30.257960760016232, 60.499368307204811 ], [ 30.257616240016215, 60.49943416514818 ], [ 30.258383040016213, 60.499114358431669 ], [ 30.257139600016224, 60.498886290351017 ], [ 30.257269560016194, 60.498822470002246 ] ] ] } },
{ "type": "Feature", "properties": { }, "geometry": { "type": "Polygon", "coordinates": [ [ [ 30.236367240016271, 60.573587958494549 ], [ 30.236748480016271, 60.573359353324818 ], [ 30.236808960016241, 60.57332238723059 ], [ 30.237114960016218, 60.573635182726576 ], [ 30.237607800016196, 60.573518360109233 ], [ 30.237522840016265, 60.573431516678767 ], [ 30.238317360016215, 60.573726358904359 ], [ 30.238915320016268, 60.573948152063132 ], [ 30.239337960016272, 60.574027742538483 ], [ 30.240106200016211, 60.574172331400575 ], [ 30.240162000016245, 60.574182854968321 ], [ 30.240155520016248, 60.574190106500446 ], [ 30.240037800016218, 60.574326470374196 ], [ 30.239458200016252, 60.574283757238256 ], [ 30.239337240016216, 60.574275090797983 ], [ 30.239056080016226, 60.574269165781395 ], [ 30.238097040016235, 60.574171447067002 ], [ 30.236431320016266, 60.574028450008512 ], [ 30.236431320016266, 60.574028361574754 ], [ 30.236491080016275, 60.574003334813554 ], [ 30.23689932001626, 60.5737092025918 ], [ 30.236367240016271, 60.573587958494549 ] ] ] } },
{ "type": "Feature", "properties": { }, "geometry": { "type": "Polygon", "coordinates": [ [ [ 30.237656760016201, 60.579225902596598 ], [ 30.237338520016198, 60.579033147449465 ], [ 30.238034040016235, 60.578971872292591 ], [ 30.238103880016265, 60.57903465059043 ], [ 30.238675920016227, 60.579055517715936 ], [ 30.238993440016255, 60.579117853752109 ], [ 30.239235000016208, 60.579120152667414 ], [ 30.239584560016191, 60.579114228539083 ], [ 30.239757720016229, 60.579099285583666 ], [ 30.240000360016261, 60.579102203439433 ], [ 30.24007416001626, 60.579103176057941 ], [ 30.240177840016209, 60.579086818378904 ], [ 30.240430920016209, 60.579076207988081 ], [ 30.240645120016229, 60.579019884438367 ], [ 30.240849240016221, 60.578957990314485 ], [ 30.241027440016229, 60.578882479322829 ], [ 30.241145160016256, 60.578824121761052 ], [ 30.241273680016199, 60.57876602935626 ], [ 30.241301400016244, 60.578692640019725 ], [ 30.241271160016264, 60.578607402075114 ], [ 30.241458000016262, 60.578525700763613 ], [ 30.241735920016254, 60.578412344272863 ], [ 30.242611080016232, 60.578087304267527 ], [ 30.243121200016198, 60.577822919479729 ], [ 30.243354120016242, 60.577521836510172 ], [ 30.243386160016193, 60.576665790573003 ], [ 30.243351960016241, 60.575990204791218 ], [ 30.243348000016269, 60.575913537292472 ], [ 30.243510360016227, 60.57550508304265 ], [ 30.243759840016196, 60.57519646188063 ], [ 30.244195800016229, 60.575140573721775 ], [ 30.244340160016218, 60.575122091698596 ], [ 30.244705560016261, 60.575141458028824 ], [ 30.244923720016242, 60.575140043137537 ], [ 30.245357160016251, 60.575158790442416 ], [ 30.245861880016221, 60.575199203227704 ], [ 30.246148800016233, 60.575222195161786 ], [ 30.246467760016206, 60.57522086870447 ], [ 30.24677016001624, 60.575227147268542 ], [ 30.247185960016228, 60.57521220251553 ], [ 30.247382160016194, 60.575196373450055 ], [ 30.247521480016218, 60.575202298296688 ], [ 30.247567560016254, 60.575204332199014 ], [ 30.247874280016198, 60.575337508307463 ], [ 30.248078760016227, 60.575495709491975 ], [ 30.248118720016205, 60.575571847404831 ], [ 30.246895080016245, 60.575615708420642 ], [ 30.246777000016269, 60.575669473455662 ], [ 30.24494892001626, 60.575476962382567 ], [ 30.244298040016243, 60.57570378399042 ], [ 30.244337640016195, 60.576230994380168 ], [ 30.24433728001625, 60.576230994380168 ], [ 30.244187880016206, 60.576296784539672 ], [ 30.244185360016264, 60.576308191690828 ], [ 30.244194360016202, 60.576916213547022 ], [ 30.244268160016194, 60.576964759301568 ], [ 30.244650480016194, 60.576968561607096 ], [ 30.244735800016244, 60.576989518492525 ], [ 30.24474192001621, 60.577023650774699 ], [ 30.244825800016233, 60.577051062685058 ], [ 30.244895280016223, 60.577237109358933 ], [ 30.244864320016273, 60.577358162917051 ], [ 30.24478908001625, 60.577652261929494 ], [ 30.244788720016217, 60.577676490051118 ], [ 30.244959720016258, 60.577802582098762 ], [ 30.245167800016223, 60.57785961515652 ], [ 30.245548680016189, 60.577870225946846 ], [ 30.245703120016209, 60.577912226957686 ], [ 30.245734080016252, 60.578087834803384 ], [ 30.245612760016279, 60.578442230812151 ], [ 30.245523120016237, 60.578651170549875 ], [ 30.24554436001619, 60.578764614623637 ], [ 30.245758560016206, 60.578805022899772 ], [ 30.246064920016213, 60.578946937779897 ], [ 30.246348240016204, 60.579041282093606 ], [ 30.24637128001622, 60.579053484055962 ], [ 30.24641196001626, 60.579089205716336 ], [ 30.246408000016206, 60.57908991307557 ], [ 30.246022440016208, 60.579124838917473 ], [ 30.245491080016276, 60.579257026255654 ], [ 30.244744800016267, 60.579544830262044 ], [ 30.244421520016214, 60.579851641540948 ], [ 30.244417920016271, 60.579854824582227 ], [ 30.244377240016235, 60.579837229433743 ], [ 30.244296240016268, 60.579812295588788 ], [ 30.243943800016229, 60.579703983450493 ], [ 30.243752280016196, 60.579660658493495 ], [ 30.244096800016219, 60.579370910298032 ], [ 30.243913200016213, 60.57909893190417 ], [ 30.243451320016195, 60.578407481075978 ], [ 30.242652120016206, 60.578414908503639 ], [ 30.241250640016272, 60.579339433071759 ], [ 30.240247320016202, 60.579430062643006 ], [ 30.239570160016257, 60.579500090391207 ], [ 30.239206200016248, 60.58002944928014 ], [ 30.238716600016271, 60.579599384526581 ], [ 30.238528320016236, 60.579542708214234 ], [ 30.237828480016208, 60.579334304756742 ], [ 30.237656760016201, 60.579225902596598 ] ] ] } },
{ "type": "Feature", "properties": { }, "geometry": { "type": "Polygon", "coordinates": [ [ [ 30.195569880016176, 60.545971195546834 ], [ 30.195438840016209, 60.545996598054145 ], [ 30.195439200016246, 60.546056254038142 ], [ 30.195654840016196, 60.546055811486745 ], [ 30.19565520001623, 60.546161492590443 ], [ 30.195439560016183, 60.546161935140397 ], [ 30.195439920016206, 60.546194064251303 ], [ 30.195013320016233, 60.54573752694845 ], [ 30.195078120016202, 60.545658663415587 ], [ 30.195256320016203, 60.545627241864665 ], [ 30.195263160016232, 60.54563414575734 ], [ 30.195336960016231, 60.545715310641562 ], [ 30.195353520016162, 60.545762221550504 ], [ 30.195481320016221, 60.545921718132178 ], [ 30.195488880016217, 60.545931100259537 ], [ 30.195528120016228, 60.545925435579193 ], [ 30.195569880016176, 60.545971195546834 ] ] ] } },
{ "type": "Feature", "properties": { }, "geometry": { "type": "Polygon", "coordinates": [ [ [ 30.246479640016197, 60.539140295322511 ], [ 30.244950720016234, 60.538376633445047 ], [ 30.244799880016245, 60.538319442182726 ], [ 30.244825080016259, 60.537946634124815 ], [ 30.243982680016213, 60.536830309038173 ], [ 30.242651400016239, 60.535634437715267 ], [ 30.244036320016242, 60.534756652266211 ], [ 30.244347000016248, 60.534334573665134 ], [ 30.244347360016192, 60.534334573665134 ], [ 30.244611240016276, 60.534008470570427 ], [ 30.246653880016236, 60.534416829397998 ], [ 30.246182280016217, 60.535350138417442 ], [ 30.246972120016235, 60.536212679376973 ], [ 30.246936840016193, 60.536367707654634 ], [ 30.246723360016237, 60.536397190389835 ], [ 30.246838920016266, 60.536670059355195 ], [ 30.247038360016234, 60.537459347776021 ], [ 30.247124040016221, 60.537875985141589 ], [ 30.246968160016266, 60.537939551526918 ], [ 30.2466621600162, 60.537957435083598 ], [ 30.246760440016242, 60.538364239062389 ], [ 30.246663600016234, 60.538884976106345 ], [ 30.246479640016197, 60.539140295322511 ] ] ] } },
{ "type": "Feature", "properties": { }, "geometry": { "type": "Polygon", "coordinates": [ [ [ 30.228156720016255, 60.570058680458047 ], [ 30.228145920016257, 60.570060714684068 ], [ 30.228078960016198, 60.569982971780711 ], [ 30.228018840016261, 60.569909916276771 ], [ 30.227952600016256, 60.569841636649222 ], [ 30.227918400016215, 60.569811653710197 ], [ 30.227886720016205, 60.569783793432194 ], [ 30.227874840016206, 60.569773445322859 ], [ 30.228073560016202, 60.569680842863292 ], [ 30.228216480016254, 60.5696433418873 ], [ 30.22861284001625, 60.569654928278425 ], [ 30.229034040016231, 60.569678277939445 ], [ 30.22920288001627, 60.569685795819154 ], [ 30.229466040016202, 60.569692517686562 ], [ 30.229638120016244, 60.569692959914626 ], [ 30.229800480016195, 60.569690660328618 ], [ 30.229954920016215, 60.5696858842648 ], [ 30.230114400016195, 60.569677835711182 ], [ 30.230310960016197, 60.569662092380732 ], [ 30.230616240016204, 60.569627686985903 ], [ 30.23093196001626, 60.569573027440086 ], [ 30.231342000016213, 60.569494222009915 ], [ 30.231698760016261, 60.56943230964044 ], [ 30.231870840016207, 60.569405068160307 ], [ 30.232038240016216, 60.569382337427179 ], [ 30.232212120016221, 60.569362613859745 ], [ 30.232425600016189, 60.569344747658292 ], [ 30.232608120016192, 60.56933431096175 ], [ 30.232747080016274, 60.569329623291893 ], [ 30.232915560016192, 60.569328738825817 ], [ 30.233023920016265, 60.569332895816217 ], [ 30.233200680016239, 60.56934368629949 ], [ 30.233404080016264, 60.569362260073682 ], [ 30.23359416001626, 60.569385521499655 ], [ 30.233743920016249, 60.569409755819208 ], [ 30.233927160016222, 60.569440888932995 ], [ 30.234127320016245, 60.569480955083577 ], [ 30.234348000016265, 60.569527831532255 ], [ 30.234615840016229, 60.56958709034177 ], [ 30.234853440016209, 60.569640511623227 ], [ 30.235068000016255, 60.569685265145353 ], [ 30.235249080016231, 60.569719935815549 ], [ 30.235440960016202, 60.569751864639635 ], [ 30.23553780001621, 60.569765485236459 ], [ 30.235734000016269, 60.569789719271121 ], [ 30.235868280016238, 60.569802278508241 ], [ 30.235950360016201, 60.569807939007852 ], [ 30.235964040016249, 60.569845262902497 ], [ 30.23590536001625, 60.56995599609936 ], [ 30.235161600016269, 60.569825804953332 ], [ 30.234684600016259, 60.569729576377952 ], [ 30.234399840016245, 60.569685618927878 ], [ 30.234219120016206, 60.569678101048126 ], [ 30.234100320016267, 60.56968738784051 ], [ 30.233943000016186, 60.56955303865108 ], [ 30.233390040016268, 60.56948139731454 ], [ 30.233191680016208, 60.569472906478943 ], [ 30.233029680016198, 60.569394543036829 ], [ 30.232398600016197, 60.569486261854763 ], [ 30.231781200016243, 60.569567101561425 ], [ 30.231620640016267, 60.569590097502328 ], [ 30.231589320016191, 60.569535437892988 ], [ 30.230956440016222, 60.569642899658561 ], [ 30.230667720016232, 60.569694021262002 ], [ 30.229991280016254, 60.569812626608346 ], [ 30.229691040016213, 60.569809000351434 ], [ 30.228847920016197, 60.569955200095286 ], [ 30.228687720016243, 60.569744435220784 ], [ 30.228377400016178, 60.569724004310096 ], [ 30.228065640016268, 60.569791930404769 ], [ 30.22819380001626, 60.570029405277914 ], [ 30.228156720016255, 60.570058680458047 ] ] ] } },
{ "type": "Feature", "properties": { }, "geometry": { "type": "Polygon", "coordinates": [ [ [ 30.22331652001623, 60.510339476090557 ], [ 30.223275840016189, 60.510359412877264 ], [ 30.223137600016255, 60.510360653388041 ], [ 30.222894960016216, 60.510354805265443 ], [ 30.222668880016204, 60.510332476060356 ], [ 30.222462960016244, 60.510288083428286 ], [ 30.222276480016177, 60.510241475529654 ], [ 30.222177480016263, 60.510221184237238 ], [ 30.22183944001624, 60.510211968973586 ], [ 30.221629920016248, 60.510216399389137 ], [ 30.221353440016202, 60.5102255260432 ], [ 30.220892640016181, 60.510237133725795 ], [ 30.220754760016181, 60.510248209754884 ], [ 30.220635960016242, 60.510252728773693 ], [ 30.220578360016233, 60.510246792023374 ], [ 30.2205376800162, 60.510240323622554 ], [ 30.220362000016216, 60.510197437206365 ], [ 30.220319160016178, 60.510182905432629 ], [ 30.220287840016187, 60.510165715399197 ], [ 30.220218720016227, 60.510152158304557 ], [ 30.220188120016211, 60.510148436748175 ], [ 30.220095960016224, 60.510145335450865 ], [ 30.22001928001626, 60.510147373446273 ], [ 30.219932520016183, 60.510150740568825 ], [ 30.21987312001621, 60.510149588658543 ], [ 30.219818040016232, 60.510141968327723 ], [ 30.219764760016229, 60.510132753041539 ], [ 30.219711480016226, 60.510114499678522 ], [ 30.219672240016212, 60.51010386664678 ], [ 30.219586560016225, 60.510090752569504 ], [ 30.219517080016224, 60.510080651182029 ], [ 30.219358320016212, 60.510045030474714 ], [ 30.219312600016206, 60.510027751759296 ], [ 30.219297840016242, 60.510000371622219 ], [ 30.219300360016177, 60.509983801754544 ], [ 30.219280560016248, 60.509977333301215 ], [ 30.219242040016209, 60.509959788722654 ], [ 30.219068520016226, 60.509816950689562 ], [ 30.21894684001623, 60.509740037641642 ], [ 30.218929920016176, 60.509734278016666 ], [ 30.218740920016263, 60.509688289589661 ], [ 30.218601960016176, 60.509661883873775 ], [ 30.218564880016256, 60.509659225579 ], [ 30.218496480016256, 60.509660909165696 ], [ 30.218427000016263, 60.509667289072368 ], [ 30.21836580001623, 60.509667377682185 ], [ 30.218305680016197, 60.509660377506748 ], [ 30.218208120016218, 60.509644693563935 ], [ 30.218118480016258, 60.509643364415858 ], [ 30.218112720016233, 60.509643984684963 ], [ 30.218079600016186, 60.509660554726416 ], [ 30.218063040016254, 60.50966666880376 ], [ 30.217961520016214, 60.509695289759058 ], [ 30.21786216001626, 60.509722138496052 ], [ 30.217643280016215, 60.509753151860906 ], [ 30.217483080016262, 60.509774683979622 ], [ 30.217214160016205, 60.509830330705746 ], [ 30.217183560016188, 60.509838482765844 ], [ 30.217148640016173, 60.509852571647556 ], [ 30.217003200016183, 60.509897850968002 ], [ 30.216899520016231, 60.509954560790874 ], [ 30.216841920016236, 60.509977776345991 ], [ 30.21678252001626, 60.50999301708304 ], [ 30.216728880016223, 60.510003029888971 ], [ 30.216670560016251, 60.510010561643554 ], [ 30.216613680016223, 60.510012776865175 ], [ 30.216509640016241, 60.510011270514489 ], [ 30.216387240016175, 60.510017916178754 ], [ 30.216266280016235, 60.510029346718028 ], [ 30.216177360016246, 60.510041397514819 ], [ 30.215983320016189, 60.510058676222947 ], [ 30.215916360016219, 60.510057612918047 ], [ 30.21585552001622, 60.51004990395689 ], [ 30.215756880016233, 60.510017650352196 ], [ 30.215715840016252, 60.510052385002055 ], [ 30.215666880016247, 60.510072056139329 ], [ 30.215610360016246, 60.510078347356355 ], [ 30.215565720016237, 60.51007684100874 ], [ 30.215517120016258, 60.510070283965263 ], [ 30.215480760016217, 60.510050878653225 ], [ 30.215430000016237, 60.510069840921759 ], [ 30.215386080016202, 60.510078879008454 ], [ 30.215341800016219, 60.510080651182029 ], [ 30.215301120016182, 60.510078613182387 ], [ 30.215264760016229, 60.510073296661055 ], [ 30.215212920016256, 60.510057701526812 ], [ 30.215191680016201, 60.510052296393297 ], [ 30.21516756001618, 60.510048308999167 ], [ 30.21514560001625, 60.510046448215043 ], [ 30.215125080016172, 60.51004671404138 ], [ 30.215102040016244, 60.510047865955357 ], [ 30.215066400016262, 60.5100527394371 ], [ 30.21496812001622, 60.510069043443366 ], [ 30.214920240016212, 60.51007214474798 ], [ 30.214868040016203, 60.510068068747593 ], [ 30.214821240016196, 60.510053625524584 ], [ 30.214783080016183, 60.510035372116988 ], [ 30.214753560016263, 60.510038384816021 ], [ 30.214710720016217, 60.510038473424814 ], [ 30.214662120016243, 60.510026688453429 ], [ 30.214610280016174, 60.510012422429732 ], [ 30.214568160016199, 60.510035992378583 ], [ 30.214467720016248, 60.510038827860015 ], [ 30.214412280016237, 60.51002659984465 ], [ 30.214374840016198, 60.510009409728291 ], [ 30.214351440016237, 60.509986016977948 ], [ 30.214230120016175, 60.509951282256935 ], [ 30.214181520016201, 60.509942332743719 ], [ 30.214079280016186, 60.509925142582645 ], [ 30.214049400016233, 60.509926560328267 ], [ 30.214013040016187, 60.509930724955566 ], [ 30.213963720016245, 60.509929573037411 ], [ 30.213919440016177, 60.509925940064562 ], [ 30.213873360016226, 60.509916813326086 ], [ 30.213835200016213, 60.509903256127267 ], [ 30.213792720016205, 60.509883230450725 ], [ 30.213777960016241, 60.509859483172185 ], [ 30.213770760016185, 60.509825102753034 ], [ 30.213621000016197, 60.509780000549938 ], [ 30.213447840016247, 60.509727809513535 ], [ 30.213296640016228, 60.509681378028517 ], [ 30.213196200016185, 60.509646642980947 ], [ 30.213156240016204, 60.509635655356128 ], [ 30.213145800016239, 60.509635389526437 ], [ 30.213122760016219, 60.509636541455031 ], [ 30.213115560016252, 60.509637516163799 ], [ 30.213038520016166, 60.509647529079551 ], [ 30.21296292001621, 60.509648149348578 ], [ 30.212930880016248, 60.509645048003385 ], [ 30.212872200016246, 60.509636895894587 ], [ 30.212766360016207, 60.509620946110566 ], [ 30.2127260400162, 60.509611021796573 ], [ 30.212713800016171, 60.509605527978572 ], [ 30.212709120016235, 60.509607654617895 ], [ 30.212654760016232, 60.509617224493184 ], [ 30.212602560016229, 60.509613059825597 ], [ 30.212565480016213, 60.509606148248395 ], [ 30.212525880016173, 60.509592147869554 ], [ 30.21251184001618, 60.509581071616218 ], [ 30.21246684001623, 60.509580362735861 ], [ 30.212425800016248, 60.509583375477199 ], [ 30.212345160016227, 60.509588780688929 ], [ 30.212260920016181, 60.509584084357478 ], [ 30.21224436001625, 60.509583907137404 ], [ 30.212232480016251, 60.509584793237764 ], [ 30.212191800016214, 60.509587805978683 ], [ 30.212148240016202, 60.509589755399148 ], [ 30.212112600016216, 60.50958931234905 ], [ 30.21206796001621, 60.509586742658392 ], [ 30.212006760016177, 60.509579742465533 ], [ 30.211945920016177, 60.509570970069809 ], [ 30.211937280016183, 60.50957052701947 ], [ 30.211922880016253, 60.509570881459773 ], [ 30.211892280016237, 60.509576109453462 ], [ 30.211858080016189, 60.509581603276452 ], [ 30.211819200016205, 60.509586122388193 ], [ 30.211779240016224, 60.50958771736866 ], [ 30.211720560016222, 60.5095874515386 ], [ 30.211674480016182, 60.509582932427023 ], [ 30.211632360016207, 60.509575932233339 ], [ 30.211593480016219, 60.509568666207954 ], [ 30.211553520016242, 60.509579831075598 ], [ 30.211503480016241, 60.509584793237764 ], [ 30.211467120016192, 60.509585590728008 ], [ 30.211430040016182, 60.509582666596927 ], [ 30.211391160016202, 60.50957353976176 ], [ 30.211361280016249, 60.509561488790986 ], [ 30.211330680016232, 60.509538095717311 ], [ 30.211314840016179, 60.509521082562216 ], [ 30.211297560016185, 60.509493347555861 ], [ 30.211255800016232, 60.509482448489329 ], [ 30.211211160016219, 60.509469068329501 ], [ 30.211147080016225, 60.509446295462006 ], [ 30.21109560001619, 60.509423256747056 ], [ 30.211075440016227, 60.509427687270453 ], [ 30.211026120016193, 60.509430079752804 ], [ 30.210980400016187, 60.509427953101813 ], [ 30.21092784001624, 60.509418471781132 ], [ 30.210868800016204, 60.509400926899986 ], [ 30.210771240016225, 60.509377002046818 ], [ 30.210731640016181, 60.509370887914855 ], [ 30.210703200016251, 60.50936122935618 ], [ 30.210680880016209, 60.509350773298578 ], [ 30.210660360016213, 60.509337393084373 ], [ 30.210641640016192, 60.509320822877669 ], [ 30.210627240016262, 60.509322772314228 ], [ 30.210611400016209, 60.509323747032433 ], [ 30.210562080016171, 60.509327380072783 ], [ 30.210473880016242, 60.509331013112742 ], [ 30.210375240016258, 60.509338013359326 ], [ 30.210318000016198, 60.509338633634279 ], [ 30.210301440016178, 60.509342443894376 ], [ 30.210280920016189, 60.50934908969576 ], [ 30.210248160016256, 60.509358659647447 ], [ 30.210161760016209, 60.509377533710399 ], [ 30.21005808001626, 60.509394724161979 ], [ 30.210013080016221, 60.509401015510534 ], [ 30.209975280016238, 60.509404737152771 ], [ 30.209925240016233, 60.509406243531679 ], [ 30.209882760016221, 60.509404648542223 ], [ 30.209831280016186, 60.509398800247084 ], [ 30.209751720016257, 60.509385685884467 ], [ 30.209670000016235, 60.509370799304236 ], [ 30.209546160016234, 60.509343773054745 ], [ 30.209495760016193, 60.509325430636565 ], [ 30.209448240016219, 60.509306467932397 ], [ 30.209401440016212, 60.509288479936465 ], [ 30.20938920001619, 60.509283340507174 ], [ 30.209373000016196, 60.509279796072747 ], [ 30.209278680016208, 60.509268188047251 ], [ 30.209237640016227, 60.50925835223611 ], [ 30.209200920016244, 60.509246832813893 ], [ 30.20916960001626, 60.509239123659782 ], [ 30.209129640016187, 60.509227338397686 ], [ 30.209017680016181, 60.509232300613832 ], [ 30.208933800016251, 60.509242136432903 ], [ 30.208868640016249, 60.509244085874137 ], [ 30.208856400016227, 60.509246744202926 ], [ 30.208801320016256, 60.509262960003838 ], [ 30.208753800016183, 60.509273504700673 ], [ 30.208681080016188, 60.509284226615762 ], [ 30.20863248001621, 60.509288036882261 ], [ 30.208583160016179, 60.509288834379802 ], [ 30.208519080016178, 60.509285289945979 ], [ 30.2084650800162, 60.509279618851011 ], [ 30.208384800016212, 60.509299644900644 ], [ 30.208314600016244, 60.509319139273302 ], [ 30.208208040016235, 60.509340583069715 ], [ 30.208169160016254, 60.509344216108182 ], [ 30.208159080016223, 60.509350861909255 ], [ 30.208126320016216, 60.50938683782195 ], [ 30.20810580001622, 60.509400218015735 ], [ 30.208061520016248, 60.509417674286723 ], [ 30.208031280016254, 60.509424408683202 ], [ 30.208006080016236, 60.509427598659983 ], [ 30.20796828001626, 60.509428573375033 ], [ 30.207941640016209, 60.509426623944854 ], [ 30.207902760016228, 60.509419535106957 ], [ 30.207759120016206, 60.509414484308962 ], [ 30.207736800016249, 60.509415281803456 ], [ 30.207701160016178, 60.509412534877981 ], [ 30.20766948001625, 60.509405446036958 ], [ 30.207623760016237, 60.509387723927652 ], [ 30.207600360016194, 60.509381787018867 ], [ 30.207566520016179, 60.509376913436213 ], [ 30.207528720016196, 60.509374964002951 ], [ 30.207461400016197, 60.509377888152827 ], [ 30.207428640016179, 60.509376824825651 ], [ 30.2073994800162, 60.509373546233249 ], [ 30.207369240016209, 60.509367343489963 ], [ 30.207341160016224, 60.509358659647447 ], [ 30.207317400016237, 60.509348203589006 ], [ 30.207297240016185, 60.509335975313029 ], [ 30.207282120016188, 60.509322595092712 ], [ 30.207252240016235, 60.509277226357554 ], [ 30.207193200016203, 60.50920031202859 ], [ 30.207171960016247, 60.509195792863011 ], [ 30.207129840016176, 60.509201818416955 ], [ 30.207088080016227, 60.509203413416337 ], [ 30.207056040016177, 60.509201109528313 ], [ 30.207030480016218, 60.509196324529569 ], [ 30.207002400016233, 60.509187108974473 ], [ 30.206983320016185, 60.509176918694138 ], [ 30.206967480016221, 60.509163715630528 ], [ 30.206915640016245, 60.509114536386477 ], [ 30.206907000016248, 60.509109308318308 ], [ 30.206895840016223, 60.509105054974093 ], [ 30.206882160016171, 60.509102485245037 ], [ 30.206828520016224, 60.509094864667972 ], [ 30.206779920016253, 60.509084940192793 ], [ 30.20672988001624, 60.50907182570316 ], [ 30.206608200016245, 60.509030621359877 ], [ 30.206557440016176, 60.509015734616519 ], [ 30.206493000016231, 60.508999252856974 ], [ 30.206426040016179, 60.508984543322519 ], [ 30.206272320016218, 60.508954947010132 ], [ 30.206217240016247, 60.508939439949444 ], [ 30.206183040016199, 60.508928452084803 ], [ 30.206228040016242, 60.508889905917286 ], [ 30.206275560016216, 60.508849764687206 ], [ 30.206296440016239, 60.508853840840899 ], [ 30.206411640016249, 60.508887336171171 ], [ 30.206466000016245, 60.508903995211426 ], [ 30.206677320016212, 60.508953883669051 ], [ 30.20679576001621, 60.50899473366335 ], [ 30.206899800016192, 60.509022823542793 ], [ 30.206971800016216, 60.509036735556073 ], [ 30.207030120016192, 60.509057736481978 ], [ 30.207076560016262, 60.509085914918202 ], [ 30.207110760016214, 60.50911994167641 ], [ 30.207192840016177, 60.509119144174647 ], [ 30.207267000016202, 60.509132435867748 ], [ 30.207321360016206, 60.509158044514322 ], [ 30.207381120016205, 60.509216882296919 ], [ 30.207451680016206, 60.509297429630266 ], [ 30.207565800016209, 60.509298138516804 ], [ 30.207670920016188, 60.509308328759012 ], [ 30.207769560016171, 60.509339253909211 ], [ 30.20788980001624, 60.509329506730381 ], [ 30.207926880016245, 60.509329240898161 ], [ 30.207963960016261, 60.509295568803061 ], [ 30.208083840016201, 60.509249579753373 ], [ 30.208268520016205, 60.509233186723762 ], [ 30.208400640016173, 60.509193843418856 ], [ 30.208525200016233, 60.509206869248054 ], [ 30.208599000016232, 60.509210147857317 ], [ 30.208713120016231, 60.509184539251912 ], [ 30.20883120001621, 60.509163272574618 ], [ 30.209108760016168, 60.509144752831773 ], [ 30.209226480016206, 60.509160437016575 ], [ 30.209288760016232, 60.509181880918021 ], [ 30.209491440016198, 60.509225743399469 ], [ 30.209686920016193, 60.509287948271393 ], [ 30.209871600016196, 60.50932055704542 ], [ 30.209987880016204, 60.509318430387253 ], [ 30.210113520016172, 60.509292378813235 ], [ 30.210133320016194, 60.509286707719554 ], [ 30.210244200016199, 60.509260567509145 ], [ 30.210362640016204, 60.509254187522401 ], [ 30.210470640016243, 60.509245680871437 ], [ 30.210563160016171, 60.509240984490269 ], [ 30.21059808001618, 60.509231768947863 ], [ 30.210625080016172, 60.509227604230738 ], [ 30.210662160016188, 60.509226806731633 ], [ 30.210695640016262, 60.509232300613832 ], [ 30.210776640016217, 60.509260301676377 ], [ 30.210835320016219, 60.509296100467992 ], [ 30.210992280016182, 60.509336861420117 ], [ 30.211086960016193, 60.509321886206692 ], [ 30.211142760016227, 60.509333582823693 ], [ 30.211313400016238, 60.509399863573599 ], [ 30.211432920016239, 60.509428484764562 ], [ 30.211481160016188, 60.509461004786793 ], [ 30.211492320016209, 60.509485106798572 ], [ 30.21153984001619, 60.509475802715258 ], [ 30.211598160016251, 60.509476688818573 ], [ 30.211691040016206, 60.509494410879221 ], [ 30.211728120016218, 60.509495031151133 ], [ 30.211836480016199, 60.509479790179867 ], [ 30.211921440016216, 60.509476688818573 ], [ 30.211988040016244, 60.509484752357373 ], [ 30.212089200016262, 60.509499195833932 ], [ 30.212204760016203, 60.509492461452993 ], [ 30.21232140001624, 60.509497955290172 ], [ 30.212485920016192, 60.509490512026709 ], [ 30.212551080016194, 60.509491043688428 ], [ 30.21261372001625, 60.509503360516163 ], [ 30.212626680016246, 60.50949768945938 ], [ 30.21270300001618, 60.509492993114705 ], [ 30.212758800016218, 60.509502208582816 ], [ 30.212830800016238, 60.509538361547783 ], [ 30.212970840016233, 60.509554311372469 ], [ 30.213173880016225, 60.509541551513379 ], [ 30.213426600016195, 60.509617401713079 ], [ 30.213902160016179, 60.509762544474093 ], [ 30.213955440016189, 60.509791697001567 ], [ 30.213970200016238, 60.509816596251945 ], [ 30.213970560016179, 60.509836799188371 ], [ 30.214079640016219, 60.509833697861247 ], [ 30.214178280016203, 60.509846812042582 ], [ 30.214387800016194, 60.509890319187186 ], [ 30.214479240016207, 60.509917965244689 ], [ 30.214512000016221, 60.50990937015883 ], [ 30.214558080016261, 60.509909281549668 ], [ 30.214724040016243, 60.509938788381376 ], [ 30.214808640016233, 60.509937902290687 ], [ 30.21492096001618, 60.509975738339925 ], [ 30.215097000016186, 60.509954826617957 ], [ 30.215223720016247, 60.509963244473752 ], [ 30.215317320016265, 60.509986105586897 ], [ 30.215414160016188, 60.509946054323763 ], [ 30.215484000016218, 60.509943396052357 ], [ 30.215537640016247, 60.509951282256935 ], [ 30.215564280016206, 60.50996368751872 ], [ 30.215610000016213, 60.509934978191396 ], [ 30.215656440016193, 60.509917344980828 ], [ 30.215717280016193, 60.509916281671352 ], [ 30.21580944001618, 60.509927978073776 ], [ 30.215919600016218, 60.509971219282491 ], [ 30.216212280016261, 60.509941003607906 ], [ 30.216389040016232, 60.509927003373747 ], [ 30.216418920016192, 60.509925851455463 ], [ 30.216468960016197, 60.509924876755363 ], [ 30.216544920016194, 60.509924522318926 ], [ 30.216658320016229, 60.509916104453083 ], [ 30.216672360016219, 60.509914243661399 ], [ 30.216684240016217, 60.509909458767979 ], [ 30.216768840016204, 60.509866306086082 ], [ 30.216848040016195, 60.50982403944051 ], [ 30.216954960016235, 60.509785848776275 ], [ 30.217014360016211, 60.509771316817954 ], [ 30.21705756001619, 60.509765468588995 ], [ 30.217305240016191, 60.509712214212996 ], [ 30.217542480016231, 60.509669947366461 ], [ 30.217716000016207, 60.509645225223124 ], [ 30.217917240016238, 60.509595071999797 ], [ 30.217974120016176, 60.509567337056758 ], [ 30.218042520016265, 60.50955448859267 ], [ 30.218105520016259, 60.509550412527155 ], [ 30.218161320016208, 60.509549969476524 ], [ 30.218210640016242, 60.509553070830819 ], [ 30.218242680016203, 60.509557589946525 ], [ 30.218356800016206, 60.509574071422136 ], [ 30.218407560016182, 60.509575311962941 ], [ 30.218459760016184, 60.509571324510119 ], [ 30.218604480016214, 60.509571413120199 ], [ 30.218649480016243, 60.509578147484675 ], [ 30.218833800016224, 60.509613857315152 ], [ 30.219016320016223, 60.509657187552889 ], [ 30.21909228001622, 60.509688289589661 ], [ 30.21925572001626, 60.509793026143505 ], [ 30.219332040016194, 60.50985673628437 ], [ 30.219386400016198, 60.509901129507334 ], [ 30.219413400016183, 60.509915306970967 ], [ 30.219455160016224, 60.509927978073776 ], [ 30.219474240016186, 60.509937813681667 ], [ 30.219486480016215, 60.509944282142833 ], [ 30.219505200016233, 60.509965548307605 ], [ 30.219505560016259, 60.509980877659345 ], [ 30.219553800016207, 60.509990092988708 ], [ 30.219637320016204, 60.510004624848918 ], [ 30.219709680016251, 60.510015080695489 ], [ 30.219776280016195, 60.510030498632624 ], [ 30.219834600016259, 60.510049372304309 ], [ 30.219848280016219, 60.510052030567053 ], [ 30.219889680016234, 60.510055220482045 ], [ 30.219977160016189, 60.510055309090795 ], [ 30.220076160016205, 60.510053359698311 ], [ 30.220100280016222, 60.510053891350815 ], [ 30.220169760016216, 60.510055397699553 ], [ 30.22018668001618, 60.51005681543942 ], [ 30.220283880016229, 60.510067980138878 ], [ 30.220357680016217, 60.510083398050831 ], [ 30.220413840016196, 60.510099790650358 ], [ 30.220450560016264, 60.510119195933072 ], [ 30.220502040016211, 60.510130892262268 ], [ 30.220548480016191, 60.510143829106312 ], [ 30.220598160016259, 60.510157652029854 ], [ 30.220610040016247, 60.510159601416056 ], [ 30.22062228001618, 60.510160664717553 ], [ 30.220660440016196, 60.510159424199109 ], [ 30.22080120001625, 60.510151626653673 ], [ 30.221014320016177, 60.510142943021286 ], [ 30.221142120016236, 60.510139664506411 ], [ 30.221532720016206, 60.510124423838299 ], [ 30.222009000016246, 60.510120259235912 ], [ 30.222386280016192, 60.510171917989659 ], [ 30.222748800016259, 60.510242273003755 ], [ 30.223148400016253, 60.510250424960255 ], [ 30.223218960016244, 60.510258311090119 ], [ 30.223253160016196, 60.510281260603222 ], [ 30.223306080016272, 60.51033176719644 ], [ 30.22331652001623, 60.510339476090557 ] ] ] } },
{ "type": "Feature", "properties": { }, "geometry": { "type": "Polygon", "coordinates": [ [ [ 30.163570920016216, 60.511839485661831 ], [ 30.161905920016231, 60.510645083531422 ], [ 30.161769480016176, 60.510547526931774 ], [ 30.161925000016186, 60.51028099477886 ], [ 30.161962440016225, 60.510280197305676 ], [ 30.162093840016226, 60.510275146641874 ], [ 30.162499920016213, 60.510263804797454 ], [ 30.162514320016147, 60.5102635389729 ], [ 30.162736080016163, 60.510260083253883 ], [ 30.163118760016193, 60.510244842642429 ], [ 30.163114080016165, 60.510218614596695 ], [ 30.163658400016178, 60.510195665039184 ], [ 30.164424840016146, 60.510161816627495 ], [ 30.164492160016234, 60.510197525814739 ], [ 30.164639040016166, 60.510794386205554 ], [ 30.16465056001622, 60.510814056892336 ], [ 30.164754960016229, 60.510904701389279 ], [ 30.164806800016205, 60.510939523694603 ], [ 30.166306200016159, 60.51182460020889 ], [ 30.165375960016203, 60.512589242902607 ], [ 30.164647680016163, 60.512865147782485 ], [ 30.164314680016194, 60.512792229026893 ], [ 30.163636440016155, 60.512606786057397 ], [ 30.163428000016168, 60.512547245614684 ], [ 30.163694040016157, 60.512357548325653 ], [ 30.163701600016154, 60.512176444412781 ], [ 30.163570920016216, 60.511839485661831 ] ] ] } },
{ "type": "Feature", "properties": { }, "geometry": { "type": "Polygon", "coordinates": [ [ [ 30.161756880016203, 60.513287860688727 ], [ 30.162214800016166, 60.513253129507198 ], [ 30.162229200016196, 60.513342881183256 ], [ 30.161841120016167, 60.513390902214837 ], [ 30.159651240016153, 60.513552241727702 ], [ 30.159195480016187, 60.513631183503037 ], [ 30.158476200016171, 60.513826100643087 ], [ 30.158338320016171, 60.513846921268239 ], [ 30.158249040016152, 60.513772321349336 ], [ 30.159009360016157, 60.513577315286618 ], [ 30.15960804001617, 60.513464617017824 ], [ 30.161768400016175, 60.513301948070591 ], [ 30.161756880016203, 60.513287860688727 ] ] ] } },
{ "type": "Feature", "properties": { }, "geometry": { "type": "Polygon", "coordinates": [ [ [ 30.212152920016223, 60.585472315269193 ], [ 30.212044560016249, 60.585369591476336 ], [ 30.212035920016252, 60.585315754177323 ], [ 30.212017560016175, 60.585202067894784 ], [ 30.211925760016214, 60.585046301125544 ], [ 30.212207640016171, 60.584723626370753 ], [ 30.212245080016217, 60.584516051975598 ], [ 30.212012880016232, 60.584294331344353 ], [ 30.211716600016253, 60.584168618253052 ], [ 30.211626240016237, 60.584102932526221 ], [ 30.211585560016196, 60.58403919160574 ], [ 30.21159564001622, 60.583775916402026 ], [ 30.211692120016203, 60.583656920256679 ], [ 30.211754760016181, 60.583555958844627 ], [ 30.211522920016225, 60.583357040953729 ], [ 30.211465680016257, 60.583250243643008 ], [ 30.211472160016246, 60.583173504960023 ], [ 30.211617600016243, 60.582986166326599 ], [ 30.211691400016235, 60.582738000640703 ], [ 30.211646040016255, 60.582665327606598 ], [ 30.211597080016251, 60.582638539330155 ], [ 30.211644600016228, 60.582605827543361 ], [ 30.211657560016228, 60.582611132159698 ], [ 30.211719840016254, 60.582652861777781 ], [ 30.211743600016245, 60.582684777826415 ], [ 30.211760160016176, 60.58274471979378 ], [ 30.211734960016248, 60.582860006096752 ], [ 30.211696080016178, 60.582978209494144 ], [ 30.211551360016244, 60.583170322245735 ], [ 30.211553160016212, 60.583273937116594 ], [ 30.21162480001621, 60.583370036959984 ], [ 30.211724160016253, 60.583446509952211 ], [ 30.211807320016216, 60.583519092821298 ], [ 30.21183288001626, 60.583561440120292 ], [ 30.211817040016211, 60.583595388645541 ], [ 30.211651440016254, 60.58378166286154 ], [ 30.211665120016225, 60.583851239144174 ], [ 30.211650720016195, 60.583987031813038 ], [ 30.211675560016182, 60.584076499066875 ], [ 30.211715880016197, 60.58411849201061 ], [ 30.211814880016213, 60.58416844144103 ], [ 30.212034840016251, 60.584256493700259 ], [ 30.212124840016244, 60.584316697968262 ], [ 30.212279280016258, 60.584479363858165 ], [ 30.212294040016221, 60.584514549089647 ], [ 30.21229836001622, 60.584566354410974 ], [ 30.212292960016221, 60.584617629220595 ], [ 30.212224200016191, 60.584733350862479 ], [ 30.212047800016247, 60.584936150051014 ], [ 30.212011440016209, 60.584999712394271 ], [ 30.212003880016209, 60.5850387868186 ], [ 30.212007840016177, 60.58508829280867 ], [ 30.212055360016247, 60.585177138189934 ], [ 30.212059320016213, 60.585207902503775 ], [ 30.212048520016214, 60.585285697189718 ], [ 30.212038800016224, 60.585315488968703 ], [ 30.212239320016188, 60.585309300767641 ], [ 30.212633520016183, 60.585274912028531 ], [ 30.213262080016243, 60.585273055566013 ], [ 30.213841680016209, 60.585300018463755 ], [ 30.214198800016192, 60.585309831184915 ], [ 30.214869120016203, 60.585368795851856 ], [ 30.215394000016225, 60.585452513117659 ], [ 30.215936160016241, 60.585558507528418 ], [ 30.216281400016229, 60.585656280212731 ], [ 30.216606480016253, 60.585717365889749 ], [ 30.216741480016186, 60.585761301536778 ], [ 30.216855960016225, 60.585822829022575 ], [ 30.217001040016182, 60.585953751343006 ], [ 30.217109400016252, 60.586018107292475 ], [ 30.217197960016215, 60.586108010924839 ], [ 30.217005000016247, 60.586087501956968 ], [ 30.216774600016233, 60.58607671706347 ], [ 30.216771000016205, 60.586073799837585 ], [ 30.216511800016239, 60.585881704351856 ], [ 30.215169360016244, 60.585576453169843 ], [ 30.214344960016245, 60.585492647822853 ], [ 30.214189800016257, 60.585485487229306 ], [ 30.213407520016233, 60.585449330627888 ], [ 30.212706600016212, 60.585445882930301 ], [ 30.212153280016263, 60.585472315269193 ], [ 30.212152920016223, 60.585472315269193 ] ] ] } },
{ "type": "Feature", "properties": { }, "geometry": { "type": "Polygon", "coordinates": [ [ [ 30.234677400016203, 60.532653287981958 ], [ 30.234666240016264, 60.532637172434455 ], [ 30.234288960016233, 60.532145378735827 ], [ 30.234016800016182, 60.531750273668919 ], [ 30.233961000016237, 60.531269269687847 ], [ 30.233962080016237, 60.531250851131226 ], [ 30.234049200016255, 60.530728928636734 ], [ 30.234053880016191, 60.530711926608745 ], [ 30.234286800016232, 60.530197079719919 ], [ 30.23429652001623, 60.530179368982964 ], [ 30.234515400016186, 60.529829668497605 ], [ 30.234521520016241, 60.529820370256409 ], [ 30.234797280016231, 60.529451006533854 ], [ 30.234966480016208, 60.529398227292923 ], [ 30.235342320016215, 60.529415230010819 ], [ 30.235161600016269, 60.529632368101794 ], [ 30.234942000016254, 60.529915654963581 ], [ 30.234799800016262, 60.530135003544345 ], [ 30.234665520016208, 60.530403763303902 ], [ 30.234571200016219, 60.530609471490649 ], [ 30.234494880016197, 60.530840327120075 ], [ 30.234481200016226, 60.530905855460617 ], [ 30.234440160016252, 60.531417326166476 ], [ 30.235974840016244, 60.531489051848659 ], [ 30.236746680016214, 60.531727073714606 ], [ 30.237684840016186, 60.531640383661724 ], [ 30.238479360016232, 60.531295392142056 ], [ 30.239452080016189, 60.530876013516583 ], [ 30.240131040016205, 60.52996250022332 ], [ 30.241711080016259, 60.53034195318444 ], [ 30.241773360016204, 60.530416426394034 ], [ 30.24160668001625, 60.530652507992862 ], [ 30.24137484001621, 60.530980947233786 ], [ 30.241303920016275, 60.53108136449783 ], [ 30.241261800016211, 60.531192584666641 ], [ 30.241288800016189, 60.531304955611589 ], [ 30.24157500001624, 60.53181881084155 ], [ 30.240655560016194, 60.532082597907781 ], [ 30.240353880016215, 60.532138826158615 ], [ 30.239804880016266, 60.532152108408312 ], [ 30.239398080016219, 60.532172031772689 ], [ 30.23898156001626, 60.532409340236413 ], [ 30.238945920016189, 60.532623447648596 ], [ 30.239216280016276, 60.533068924661656 ], [ 30.235862520016205, 60.532563943993779 ], [ 30.234677400016203, 60.532653287981958 ] ] ] } },
{ "type": "Feature", "properties": { }, "geometry": { "type": "Polygon", "coordinates": [ [ [ 30.273286680016245, 60.553531853673285 ], [ 30.273554520016205, 60.553403543165572 ], [ 30.273599160016214, 60.553341599979596 ], [ 30.27362040001627, 60.553212226828727 ], [ 30.273624000016206, 60.553190635089663 ], [ 30.273655320016278, 60.55318090110422 ], [ 30.273670440016275, 60.553176122601208 ], [ 30.273867360016212, 60.55311497539855 ], [ 30.273917400016217, 60.553187891875886 ], [ 30.274265880016294, 60.553312752112575 ], [ 30.274394400016234, 60.553539640777416 ], [ 30.27471516001626, 60.55364255426101 ], [ 30.274264080016231, 60.553879174390708 ], [ 30.274214760016285, 60.553919525294646 ], [ 30.273286680016245, 60.553531853673285 ] ] ] } },
{ "type": "Feature", "properties": { }, "geometry": { "type": "Polygon", "coordinates": [ [ [ 30.277703160016259, 60.505604008891446 ], [ 30.278116440016209, 60.506056238277452 ], [ 30.277884600016264, 60.506060669261153 ], [ 30.277065960016287, 60.506076443558342 ], [ 30.276772560016276, 60.506128817714675 ], [ 30.276937800016285, 60.506462202492209 ], [ 30.276833760016221, 60.506460518739317 ], [ 30.276295200016236, 60.5065227289194 ], [ 30.275808480016224, 60.506653972511664 ], [ 30.275845560016229, 60.506727525406554 ], [ 30.275872200016288, 60.506781227776209 ], [ 30.275859960016259, 60.506895898874916 ], [ 30.275829360016242, 60.5069379921053 ], [ 30.275565840016277, 60.50727110270968 ], [ 30.275474760016291, 60.507357237695885 ], [ 30.275436600016278, 60.507436992108595 ], [ 30.27548772001629, 60.507752020119952 ], [ 30.275485560016289, 60.508037979604062 ], [ 30.275486280016256, 60.508088135237337 ], [ 30.275474040016228, 60.508834168964079 ], [ 30.275371080016253, 60.509010860978805 ], [ 30.27531024001625, 60.50927439080948 ], [ 30.275261280016238, 60.509417940118212 ], [ 30.275090640016231, 60.509827672424784 ], [ 30.275026200016292, 60.510007903377414 ], [ 30.274962840016261, 60.510172804073889 ], [ 30.274936560016243, 60.510223842485878 ], [ 30.274847640016255, 60.510339653306509 ], [ 30.274855920016222, 60.510502514341752 ], [ 30.27470796001629, 60.510682387112688 ], [ 30.274351560016285, 60.510958574049383 ], [ 30.273402960016249, 60.511301124098317 ], [ 30.272843880016271, 60.511368552690676 ], [ 30.272445360016285, 60.511432702758675 ], [ 30.272097240016237, 60.511466815657471 ], [ 30.271943160016249, 60.511486397331225 ], [ 30.271914720016238, 60.511531940182699 ], [ 30.271145040016268, 60.511514396445932 ], [ 30.270628440016214, 60.511439879761163 ], [ 30.270099600016223, 60.511342768580597 ], [ 30.269616480016243, 60.511290048429139 ], [ 30.268747800016261, 60.511140659433138 ], [ 30.268725480016212, 60.511135874720814 ], [ 30.268328400016248, 60.511094141366712 ], [ 30.267881640016217, 60.510844980605519 ], [ 30.26744460001628, 60.510613716591344 ], [ 30.26695536001624, 60.510354893873384 ], [ 30.266470080016258, 60.510205057524146 ], [ 30.266691480016242, 60.509793557800272 ], [ 30.266865360016247, 60.509595958099837 ], [ 30.26712276001625, 60.509471283588134 ], [ 30.267309600016247, 60.509323924253934 ], [ 30.267461160016211, 60.509120650566842 ], [ 30.267694800016219, 60.508979846903507 ], [ 30.267852120016208, 60.508951313928002 ], [ 30.268486440016204, 60.508938908278651 ], [ 30.269005560016289, 60.508795799908796 ], [ 30.268974600016247, 60.508848789954733 ], [ 30.268636920016256, 60.509001645370951 ], [ 30.268719000016219, 60.509037710282882 ], [ 30.269255400016206, 60.509232743668804 ], [ 30.269663280016246, 60.50905755925907 ], [ 30.270066480016265, 60.508860486742492 ], [ 30.270370680016274, 60.508631689718491 ], [ 30.270492720016215, 60.508674046531858 ], [ 30.270877200016212, 60.508414056348364 ], [ 30.270748320016242, 60.508370813061674 ], [ 30.270758760016214, 60.508363103699153 ], [ 30.270936600016277, 60.508234791281581 ], [ 30.27089700001623, 60.508221499220333 ], [ 30.271092120016206, 60.508052955410825 ], [ 30.270701520016235, 60.507895044484741 ], [ 30.270630960016245, 60.507872890814049 ], [ 30.27113424001627, 60.507576296012004 ], [ 30.271547160016286, 60.506957576515937 ], [ 30.271879440016281, 60.506704307522831 ], [ 30.272343120016274, 60.506466633420416 ], [ 30.27289248001625, 60.50626608900199 ], [ 30.27329712001621, 60.506160897951382 ], [ 30.273313320016296, 60.506170734702707 ], [ 30.273415560016215, 60.506250226177983 ], [ 30.273527160016286, 60.506211322347674 ], [ 30.273797520016277, 60.50616692406966 ], [ 30.274116480016243, 60.506150618099987 ], [ 30.274246800016243, 60.506182609695763 ], [ 30.274286400016283, 60.50620706862307 ], [ 30.274440480016271, 60.506190053719095 ], [ 30.274961760016261, 60.505975328407935 ], [ 30.274638840016241, 60.505837258306528 ], [ 30.274718760016285, 60.505792682275256 ], [ 30.274877160016274, 60.505755107203306 ], [ 30.274997760016277, 60.505743497915148 ], [ 30.275113680016251, 60.505750676177783 ], [ 30.275318520016217, 60.505758208920788 ], [ 30.275494560016224, 60.505726482767791 ], [ 30.275611200016261, 60.50568793279151 ], [ 30.275635680016215, 60.505635735164347 ], [ 30.275696520016215, 60.505575738806506 ], [ 30.275740080016227, 60.505544987306799 ], [ 30.275948880016244, 60.505521591333526 ], [ 30.276080640016271, 60.505567851537037 ], [ 30.27648096001624, 60.50551636268569 ], [ 30.276590760016241, 60.505534618638904 ], [ 30.276769320016278, 60.505543657990572 ], [ 30.276936720016288, 60.505552254234416 ], [ 30.27752928001625, 60.505618454097757 ], [ 30.277654920016221, 60.50563254481429 ], [ 30.277703160016259, 60.505604008891446 ] ], [ [ 30.274927920016253, 60.506647946483938 ], [ 30.274760160016211, 60.506514398788262 ], [ 30.274550280016278, 60.506389978276658 ], [ 30.274429320016242, 60.506374381369717 ], [ 30.274349760016221, 60.506373938275665 ], [ 30.274166880016278, 60.506421703780099 ], [ 30.273956280016289, 60.50650660036569 ], [ 30.273758280016263, 60.506550466468369 ], [ 30.273477840016241, 60.506549048575039 ], [ 30.273201000016257, 60.506547630681702 ], [ 30.273029280016249, 60.506604700840484 ], [ 30.272829840016282, 60.506710333540084 ], [ 30.272701320016253, 60.506814548013644 ], [ 30.272689080016224, 60.506824473184111 ], [ 30.272598360016271, 60.506897937074683 ], [ 30.272381280016283, 60.507130645476757 ], [ 30.272184000016225, 60.507316562869811 ], [ 30.272038560016234, 60.507555205510371 ], [ 30.271975200016207, 60.507685735999523 ], [ 30.271923720016261, 60.50779030179617 ], [ 30.27173040001626, 60.507979937210699 ], [ 30.271637520016217, 60.508063589115558 ], [ 30.271277880016292, 60.508402093559646 ], [ 30.271080600016237, 60.508586231403235 ], [ 30.270798720016277, 60.508818573233455 ], [ 30.270683160016247, 60.508902045749693 ], [ 30.270468240016257, 60.509020608253493 ], [ 30.270300840016247, 60.509057204813132 ], [ 30.270025800016228, 60.50913996782468 ], [ 30.269674800016212, 60.509248516422012 ], [ 30.269514960016291, 60.509288745768956 ], [ 30.269225160016212, 60.509350861909255 ], [ 30.268928160016266, 60.50941111710987 ], [ 30.268670400016241, 60.509415370413919 ], [ 30.268485000016266, 60.50938453394695 ], [ 30.268338480016279, 60.509316480950446 ], [ 30.268304280016231, 60.509320025380902 ], [ 30.268341360016244, 60.509370710693602 ], [ 30.268185480016289, 60.509388521422807 ], [ 30.267785520016265, 60.509480056010808 ], [ 30.267598680016267, 60.50952019646018 ], [ 30.267423720016261, 60.509539867920473 ], [ 30.267244800016286, 60.509572653661095 ], [ 30.267118440016251, 60.509628123514368 ], [ 30.267075240016272, 60.509704505169665 ], [ 30.267099000016259, 60.509843001841801 ], [ 30.267275400016207, 60.509929927473756 ], [ 30.267498240016227, 60.509966611615468 ], [ 30.267875160016224, 60.510088271527231 ], [ 30.268044360016201, 60.510154462124937 ], [ 30.268213560016274, 60.510217108255539 ], [ 30.268375920016229, 60.510249716094542 ], [ 30.268481400016235, 60.510280197305676 ], [ 30.268465560016274, 60.510313779769611 ], [ 30.268548360016204, 60.510336640635487 ], [ 30.268986480016238, 60.510417362400943 ], [ 30.269228400016214, 60.510463527008461 ], [ 30.269500200016235, 60.510532197848093 ], [ 30.26976408001623, 60.510608400157864 ], [ 30.270277800016231, 60.510708171748277 ], [ 30.270738600016251, 60.510781538228017 ], [ 30.270977640016252, 60.510786500206123 ], [ 30.271168080016288, 60.510748310676256 ], [ 30.271369680016253, 60.510719336223303 ], [ 30.271521960016269, 60.510682741540805 ], [ 30.271628520016282, 60.510675741584755 ], [ 30.271787640016228, 60.510678399796106 ], [ 30.271916520016294, 60.510673526408453 ], [ 30.272464080016213, 60.510607071049328 ], [ 30.272844600016246, 60.510545488961526 ], [ 30.273111360016205, 60.51048514726272 ], [ 30.273310080016206, 60.510413197836158 ], [ 30.273663600016246, 60.510184943425678 ], [ 30.273756480016296, 60.510108740120096 ], [ 30.273900120016229, 60.509943041616154 ], [ 30.273981840016251, 60.509831394018015 ], [ 30.274093800016256, 60.509564501534122 ], [ 30.274178040016213, 60.509346165543327 ], [ 30.27422412001625, 60.509131372532508 ], [ 30.274263000016234, 60.508907096627546 ], [ 30.274359120016282, 60.508664564990603 ], [ 30.274437600016213, 60.508341482029046 ], [ 30.274471080016287, 60.50819775072398 ], [ 30.274541280016255, 60.507919413505036 ], [ 30.274567200016239, 60.507592335417861 ], [ 30.27460788001628, 60.50745046172338 ], [ 30.274672680016256, 60.507260025662958 ], [ 30.274743960016217, 60.507105123844759 ], [ 30.274878600016208, 60.506834752821774 ], [ 30.274918920016223, 60.506715296141628 ], [ 30.274927920016253, 60.506647946483938 ] ] ] } },
{ "type": "Feature", "properties": { }, "geometry": { "type": "Polygon", "coordinates": [ [ [ 30.268869480016264, 60.508745556758463 ], [ 30.268415160016243, 60.508832485334466 ], [ 30.267809280016259, 60.508844447964258 ], [ 30.267563400016218, 60.508888931186029 ], [ 30.26726892001621, 60.509066509016641 ], [ 30.267112320016285, 60.509276340248817 ], [ 30.266993160016217, 60.50937044486173 ], [ 30.266992800016283, 60.509370533472357 ], [ 30.265794360016244, 60.508999075633696 ], [ 30.265187760016207, 60.509055964252497 ], [ 30.264559200016237, 60.509229465061829 ], [ 30.264443640016289, 60.50931692400431 ], [ 30.264191640016282, 60.509288302714758 ], [ 30.263420160016263, 60.509295037138081 ], [ 30.263134680016275, 60.509229199228848 ], [ 30.262636800016239, 60.509063939284538 ], [ 30.262604400016254, 60.509102751079055 ], [ 30.262536720016229, 60.509187552030056 ], [ 30.262381560016241, 60.509141740049621 ], [ 30.262204080016204, 60.509094421611103 ], [ 30.262247640016209, 60.509049495613951 ], [ 30.262208040016262, 60.509038596398135 ], [ 30.261945600016208, 60.508960618161922 ], [ 30.261459960016285, 60.508811661486796 ], [ 30.260963520016279, 60.508678299932647 ], [ 30.260563560016262, 60.50866155216378 ], [ 30.259805040016232, 60.508674046531858 ], [ 30.259498320016281, 60.508657830436199 ], [ 30.259324080016249, 60.508655526509365 ], [ 30.258652320016203, 60.508623005678778 ], [ 30.257715600016258, 60.50834458349901 ], [ 30.257320320016262, 60.508323227656966 ], [ 30.256759800016258, 60.508318885596069 ], [ 30.256550640016204, 60.508317645007125 ], [ 30.254549400016256, 60.508168685376454 ], [ 30.253534560016224, 60.50799819177616 ], [ 30.252271680016246, 60.507645947739107 ], [ 30.25113120001625, 60.507335172273685 ], [ 30.250212840016207, 60.507131886111118 ], [ 30.248926560016272, 60.505980113882273 ], [ 30.248968320016221, 60.505843727586296 ], [ 30.250092240016205, 60.505659751400536 ], [ 30.250192320016215, 60.505698833134304 ], [ 30.250843200016238, 60.505842841383682 ], [ 30.251313720016256, 60.505902660006846 ], [ 30.252246120016203, 60.506183938985778 ], [ 30.252425400016211, 60.506296573960419 ], [ 30.252455640016194, 60.506419222456941 ], [ 30.253879080016237, 60.506936928698046 ], [ 30.254168160016256, 60.506972109736125 ], [ 30.254556600016222, 60.507106010012905 ], [ 30.254614560016257, 60.507126126022541 ], [ 30.256002720016259, 60.507251252639257 ], [ 30.256764120016257, 60.507301941187826 ], [ 30.256793280016243, 60.507205083455226 ], [ 30.257122320016236, 60.507267823904243 ], [ 30.257526600016256, 60.507303624896998 ], [ 30.2575802400162, 60.507313461301472 ], [ 30.257591040016198, 60.507299637164635 ], [ 30.25788048001624, 60.507348730546944 ], [ 30.257933400016213, 60.507273052269497 ], [ 30.258204120016238, 60.507322411540763 ], [ 30.258370440016247, 60.507208893966144 ], [ 30.258654480016205, 60.507296092513187 ], [ 30.258941400016219, 60.507066929976062 ], [ 30.259247400016282, 60.507008797226362 ], [ 30.259284840016235, 60.50700507530896 ], [ 30.259299600016199, 60.506995947747804 ], [ 30.259306800016258, 60.506999137963653 ], [ 30.260039040016267, 60.507054169137504 ], [ 30.26040480001625, 60.507041939995844 ], [ 30.260753640016258, 60.506879238802306 ], [ 30.261229200016242, 60.506978224320733 ], [ 30.262411440016283, 60.507116732645159 ], [ 30.262800240016283, 60.507166269387767 ], [ 30.264450120016278, 60.507407748846745 ], [ 30.264785280016248, 60.507473413225128 ], [ 30.265438680016207, 60.507770895118711 ], [ 30.265705080016232, 60.5078562312437 ], [ 30.267302760016225, 60.508232930393355 ], [ 30.268680840016206, 60.508681312757851 ], [ 30.268869480016264, 60.508745556758463 ] ] ] } },
{ "type": "Feature", "properties": { }, "geometry": { "type": "Polygon", "coordinates": [ [ [ 30.194971200016163, 60.540589397334088 ], [ 30.194141400016168, 60.540554695423374 ], [ 30.193977600016183, 60.540481573418354 ], [ 30.193955640016252, 60.540422349784734 ], [ 30.193811640016197, 60.540120652820796 ], [ 30.193725960016209, 60.539984056116701 ], [ 30.193706160016191, 60.539956524241937 ], [ 30.194590680016223, 60.53984294394526 ], [ 30.195494280016209, 60.539726795949775 ], [ 30.195042120016186, 60.539167916420716 ], [ 30.194842680016226, 60.538921804522587 ], [ 30.194902080016195, 60.53881671948367 ], [ 30.194767440016204, 60.53837751875794 ], [ 30.195083160016171, 60.538331305394067 ], [ 30.195232920016249, 60.538309349596538 ], [ 30.19535892001625, 60.538355828585772 ], [ 30.19554864001622, 60.538824067479823 ], [ 30.195641520016174, 60.539041319526994 ], [ 30.195873720016248, 60.539490957578984 ], [ 30.195945720016184, 60.539619588855366 ], [ 30.195971640016168, 60.53966535774093 ], [ 30.196208520016178, 60.540087809466279 ], [ 30.19617684001625, 60.540622417229848 ], [ 30.196065960016245, 60.540666148621696 ], [ 30.195475200016165, 60.540610466333113 ], [ 30.194971200016163, 60.540589397334088 ] ] ] } },
{ "type": "Feature", "properties": { }, "geometry": { "type": "Polygon", "coordinates": [ [ [ 30.222882720016194, 60.55979411509103 ], [ 30.222895320016253, 60.559750144130525 ], [ 30.222878400016196, 60.559369000985967 ], [ 30.222914760016241, 60.559329364672188 ], [ 30.222931320016265, 60.558595995628714 ], [ 30.22308072001622, 60.558554942750128 ], [ 30.223142640016221, 60.558552553895645 ], [ 30.223283040016245, 60.558545033426775 ], [ 30.223261440016259, 60.558448505841568 ], [ 30.223277640016253, 60.558414000035455 ], [ 30.223266480016225, 60.558346934799204 ], [ 30.223542960016182, 60.558234923157855 ], [ 30.223630440016233, 60.558221917041635 ], [ 30.223968480016254, 60.558146357596492 ], [ 30.224043720016187, 60.558130431695602 ], [ 30.224048040016186, 60.558129193014075 ], [ 30.225841200016269, 60.558637490834485 ], [ 30.225889080016184, 60.558652443251667 ], [ 30.227003280016259, 60.55899838186086 ], [ 30.227321160016228, 60.559129855256984 ], [ 30.227598720016186, 60.559329541620144 ], [ 30.228774480016231, 60.560557006161218 ], [ 30.22871292001626, 60.560612831068049 ], [ 30.228271560016228, 60.560642203246523 ], [ 30.228182640016239, 60.560380860696682 ], [ 30.228078600016264, 60.560259035773434 ], [ 30.227211720016246, 60.559280792426819 ], [ 30.225713400016211, 60.558702343576144 ], [ 30.224751120016212, 60.559112956620275 ], [ 30.224702160016207, 60.559957966111405 ], [ 30.223474200016248, 60.560008129837712 ], [ 30.223047960016206, 60.560029009249369 ], [ 30.222882720016194, 60.55979411509103 ] ] ] } },
{ "type": "Feature", "properties": { }, "geometry": { "type": "Polygon", "coordinates": [ [ [ 30.239340480016214, 60.569570197169803 ], [ 30.239340120016273, 60.569577007507235 ], [ 30.238812360016194, 60.569581341357555 ], [ 30.238457400016213, 60.569583198721787 ], [ 30.238088760016268, 60.569588682367993 ], [ 30.237707520016261, 60.569599914995202 ], [ 30.237460560016231, 60.569608228905729 ], [ 30.237052680016184, 60.569624237599804 ], [ 30.236795640016219, 60.569635470214656 ], [ 30.236564880016267, 60.569644668573538 ], [ 30.236410080016221, 60.569648029511711 ], [ 30.236108400016246, 60.569644668573538 ], [ 30.235924440016209, 60.569633878190736 ], [ 30.235808160016202, 60.569622999358579 ], [ 30.23558388001625, 60.569594696688569 ], [ 30.235587480016189, 60.569588328584409 ], [ 30.235783680016244, 60.569481751099289 ], [ 30.235797000016269, 60.569516598879979 ], [ 30.23637120001624, 60.569544017158194 ], [ 30.236434920016208, 60.56954313269793 ], [ 30.236850360016255, 60.5695100538682 ], [ 30.236902200016228, 60.569499705671205 ], [ 30.236943600016239, 60.56947953994441 ], [ 30.237109200016185, 60.569422315203965 ], [ 30.237314040016241, 60.56948237022263 ], [ 30.237955920016237, 60.569458135957525 ], [ 30.238897320016214, 60.569378357336049 ], [ 30.238955640016187, 60.569264526523028 ], [ 30.239221680016275, 60.569328119699541 ], [ 30.239381520016195, 60.569439208453176 ], [ 30.23941644001621, 60.569528804438946 ], [ 30.239340480016214, 60.569570197169803 ] ] ] } },
{ "type": "Feature", "properties": { }, "geometry": { "type": "Polygon", "coordinates": [ [ [ 30.272815800016286, 60.554621410596994 ], [ 30.273408360016248, 60.554434879781269 ], [ 30.273744600016208, 60.554296750718343 ], [ 30.273837120016228, 60.554100926763006 ], [ 30.273963480016256, 60.553986068780716 ], [ 30.275779680016267, 60.554733700213554 ], [ 30.274135200016264, 60.555896480958623 ], [ 30.273132960016291, 60.555468749564433 ], [ 30.272815800016286, 60.554621410596994 ] ] ] } },
{ "type": "Feature", "properties": { }, "geometry": { "type": "Polygon", "coordinates": [ [ [ 30.274268400016233, 60.552973124062113 ], [ 30.274665120016259, 60.553097896636764 ], [ 30.275358480016287, 60.553447876715794 ], [ 30.27500460001621, 60.553570346726367 ], [ 30.27471516001626, 60.55364255426101 ], [ 30.274394400016234, 60.553539640777416 ], [ 30.274265880016294, 60.553312752112575 ], [ 30.273917400016217, 60.553187891875886 ], [ 30.273867360016212, 60.55311497539855 ], [ 30.274268400016233, 60.552973124062113 ] ] ] } },
{ "type": "Feature", "properties": { }, "geometry": { "type": "Polygon", "coordinates": [ [ [ 30.242204640016215, 60.583987473845539 ], [ 30.24244656001628, 60.584009752275492 ], [ 30.243056400016226, 60.584045910488193 ], [ 30.243054960016199, 60.584064210595059 ], [ 30.243110400016203, 60.584184708141557 ], [ 30.242404800016239, 60.584142892095997 ], [ 30.242143440016271, 60.584118757229 ], [ 30.242204640016215, 60.583987473845539 ] ] ] } },
{ "type": "Feature", "properties": { }, "geometry": { "type": "Polygon", "coordinates": [ [ [ 30.226670640016234, 60.550046316962515 ], [ 30.226484520016204, 60.550065609818333 ], [ 30.226237920016199, 60.549931887080895 ], [ 30.225910680016263, 60.549974455398115 ], [ 30.225725280016199, 60.550144462609666 ], [ 30.225029400016233, 60.550427746977945 ], [ 30.224727000016195, 60.550407923347841 ], [ 30.22471800001626, 60.550350310853723 ], [ 30.224840040016201, 60.550228094147954 ], [ 30.225195720016238, 60.550081185693593 ], [ 30.225087720016198, 60.550003217742912 ], [ 30.225065040016212, 60.549975605892399 ], [ 30.225749040016186, 60.549597799070391 ], [ 30.225929400016192, 60.549544433169224 ], [ 30.226587480016189, 60.54954673418834 ], [ 30.227007240016228, 60.549563283820973 ], [ 30.227202360016197, 60.549540273634264 ], [ 30.227308920016203, 60.549626827251572 ], [ 30.227222160016215, 60.549631606278901 ], [ 30.226959000016191, 60.549726213174793 ], [ 30.226817880016199, 60.549848962776061 ], [ 30.226679280016231, 60.549977464383105 ], [ 30.226670640016234, 60.550046316962515 ] ] ] } },
{ "type": "Feature", "properties": { }, "geometry": { "type": "Polygon", "coordinates": [ [ [ 30.229195680016211, 60.560813746852617 ], [ 30.229257240016178, 60.56075986863393 ], [ 30.231343080016213, 60.560661843664299 ], [ 30.231413640016218, 60.560942027964352 ], [ 30.232133640016201, 60.561002894962087 ], [ 30.233343960016228, 60.562037704861055 ], [ 30.234564720016223, 60.562025408007017 ], [ 30.235574880016227, 60.56180087901528 ], [ 30.235653720016185, 60.561861213594135 ], [ 30.235779000016219, 60.561915001510904 ], [ 30.236589000016195, 60.562166423448197 ], [ 30.237231240016222, 60.562305934355393 ], [ 30.238129080016186, 60.562723578818606 ], [ 30.237226560016197, 60.563050984950777 ], [ 30.236687640016271, 60.563404749698392 ], [ 30.236320800016202, 60.563854933849079 ], [ 30.236865840016186, 60.564089798509698 ], [ 30.236579640016231, 60.564357391759366 ], [ 30.23656200001621, 60.564636659443572 ], [ 30.237305040016221, 60.564666824101337 ], [ 30.237731280016256, 60.564642851604347 ], [ 30.237845040016236, 60.564627194281194 ], [ 30.237995520016192, 60.564603221754815 ], [ 30.238096320016265, 60.564573057037727 ], [ 30.238401600016267, 60.56451661974944 ], [ 30.238413120016233, 60.564593491204029 ], [ 30.238436520016194, 60.564736706924712 ], [ 30.239339040016272, 60.564701500154094 ], [ 30.240061200016264, 60.564750683471267 ], [ 30.24013608001626, 60.564484066535229 ], [ 30.240162360016189, 60.564383841352019 ], [ 30.240469800016189, 60.564384814413522 ], [ 30.240815400016206, 60.564337842046506 ], [ 30.241083600016204, 60.564380745246979 ], [ 30.241807920016278, 60.564393571965958 ], [ 30.242276640016239, 60.564324042242099 ], [ 30.239367840016232, 60.565628893848384 ], [ 30.235848840016249, 60.566466214443743 ], [ 30.235707000016195, 60.566435432283129 ], [ 30.235051440016228, 60.565661357453244 ], [ 30.234920040016235, 60.565551317200075 ], [ 30.234260160016188, 60.565165907990519 ], [ 30.233829960016269, 60.565053831510021 ], [ 30.233649600016264, 60.564997748894839 ], [ 30.232759320016207, 60.56444797488988 ], [ 30.232642320016232, 60.56434925341879 ], [ 30.23099244001623, 60.562529575187916 ], [ 30.230508240016245, 60.562161292407772 ], [ 30.230147520016242, 60.561704361148443 ], [ 30.230078400016186, 60.561638718218319 ], [ 30.229560360016187, 60.561252996960981 ], [ 30.229195680016211, 60.560813746852617 ] ] ] } },
{ "type": "Feature", "properties": { }, "geometry": { "type": "Polygon", "coordinates": [ [ [ 30.252771000016224, 60.551401213870335 ], [ 30.252434400016231, 60.551833600768809 ], [ 30.251084760016269, 60.551360240354427 ], [ 30.250425960016223, 60.551146345369311 ], [ 30.251792160016205, 60.551341833228847 ], [ 30.251879640016259, 60.551238204456332 ], [ 30.25201860001625, 60.551031299902085 ], [ 30.252089880016218, 60.551027140558269 ], [ 30.252152520016274, 60.551022627227184 ], [ 30.252214440016278, 60.551016963438229 ], [ 30.252276360016278, 60.551010414681073 ], [ 30.252337560016223, 60.551002715464811 ], [ 30.252398040016281, 60.55099404278225 ], [ 30.252458160016225, 60.550984308135796 ], [ 30.252517560016194, 60.550973511524532 ], [ 30.252575880016256, 60.550961741444162 ], [ 30.252633480016257, 60.550948997893684 ], [ 30.252690360016203, 60.550935280871904 ], [ 30.252746160016237, 60.550920590377665 ], [ 30.25280052001624, 60.550904926409537 ], [ 30.252854160016277, 60.550888377463245 ], [ 30.252906360016283, 60.550870855040301 ], [ 30.252957480016196, 60.550852536133426 ], [ 30.253007160016264, 60.550833332244075 ], [ 30.253055400016208, 60.550813243370683 ], [ 30.253102560016252, 60.5507924465062 ], [ 30.253147920016225, 60.550770764654523 ], [ 30.25327428001626, 60.550701382631551 ], [ 30.25336644001624, 60.550640407746151 ], [ 30.253447440016203, 60.55057562733564 ], [ 30.253574880016235, 60.550437216297013 ], [ 30.253552200016241, 60.550512616757224 ], [ 30.253521600016224, 60.550614212404511 ], [ 30.253912920016255, 60.550848819252508 ], [ 30.254157720016195, 60.550891563357311 ], [ 30.254239440016217, 60.550905811379664 ], [ 30.25371060001623, 60.551583868394161 ], [ 30.25364256001626, 60.551570682612756 ], [ 30.252771000016224, 60.551401213870335 ] ] ] } },
{ "type": "Feature", "properties": { }, "geometry": { "type": "Polygon", "coordinates": [ [ [ 30.234344040016211, 60.532703051325363 ], [ 30.232174320016242, 60.532845168637579 ], [ 30.23186328001621, 60.532767070603086 ], [ 30.230477640016229, 60.532162911300745 ], [ 30.232807920016185, 60.529133178562489 ], [ 30.23372448001626, 60.529180290623692 ], [ 30.234593520016265, 60.529229882192986 ], [ 30.234583440016245, 60.529243165636196 ], [ 30.234195000016189, 60.529763960869161 ], [ 30.234185640016225, 60.52977750975765 ], [ 30.233963520016268, 60.530132081267801 ], [ 30.233950560016272, 60.530156345010433 ], [ 30.233713320016239, 60.530681553171938 ], [ 30.233705400016209, 60.530710067011405 ], [ 30.23361612001619, 60.531241464747332 ], [ 30.233614680016252, 60.531271837658899 ], [ 30.233674080016225, 60.53178312548426 ], [ 30.233963520016268, 60.532202935100244 ], [ 30.234340440016268, 60.532694285190381 ], [ 30.234341520016269, 60.532695879033277 ], [ 30.234344040016211, 60.532703051325363 ] ] ] } },
{ "type": "Feature", "properties": { }, "geometry": { "type": "Polygon", "coordinates": [ [ [ 30.233789280016229, 60.560461546231984 ], [ 30.233034000016197, 60.560479771226341 ], [ 30.231207000016195, 60.560493218788388 ], [ 30.229165080016198, 60.560593190620502 ], [ 30.229009560016269, 60.560549840040984 ], [ 30.227796360016185, 60.559283623597963 ], [ 30.227492520016209, 60.559060579637794 ], [ 30.227120280016234, 60.558907341086986 ], [ 30.225954240016186, 60.55854529885513 ], [ 30.223307880016232, 60.557795189661512 ], [ 30.222793800016209, 60.557577798076537 ], [ 30.221485560016259, 60.55677192348147 ], [ 30.221395920016207, 60.556725559422226 ], [ 30.220168680016215, 60.556188297765885 ], [ 30.220014240016202, 60.556074066576116 ], [ 30.218986800016211, 60.554591148080469 ], [ 30.218279760016209, 60.553331689058865 ], [ 30.218217120016241, 60.553228420623526 ], [ 30.218134680016252, 60.553101878732271 ], [ 30.217783320016206, 60.552347926573255 ], [ 30.217388400016244, 60.551499974874652 ], [ 30.217398840016209, 60.551444665209587 ], [ 30.217803840016202, 60.551085371322621 ], [ 30.217961880016244, 60.551126522179523 ], [ 30.218078880016218, 60.551166257043285 ], [ 30.21813648001622, 60.551194575847354 ], [ 30.2197579200162, 60.552109613861241 ], [ 30.21980328001618, 60.552210142571774 ], [ 30.219797520016247, 60.552245185957297 ], [ 30.219678360016179, 60.552231292498405 ], [ 30.219499440016204, 60.552216160125518 ], [ 30.219388560016199, 60.552253504331105 ], [ 30.218868360016202, 60.552675526254873 ], [ 30.219121800016229, 60.553055155447304 ], [ 30.218994720016234, 60.553252313092919 ], [ 30.218869080016265, 60.553385579653828 ], [ 30.218865120016201, 60.553407879184086 ], [ 30.218846760016213, 60.553514421172132 ], [ 30.218826960016195, 60.55366582699822 ], [ 30.218814000016199, 60.553807940764123 ], [ 30.21901524001623, 60.553913508057811 ], [ 30.219529680016191, 60.554025092224137 ], [ 30.219707880016195, 60.554191538627613 ], [ 30.219772680016259, 60.554233747388054 ], [ 30.219870240016238, 60.554277283410322 ], [ 30.219990480016211, 60.554321704250619 ], [ 30.220096680016191, 60.554347277176852 ], [ 30.220203960016264, 60.554364266791403 ], [ 30.220337520016262, 60.554378867234284 ], [ 30.220416720016253, 60.554381079422029 ], [ 30.220521840016236, 60.554399661793063 ], [ 30.220571880016241, 60.554408952974597 ], [ 30.220709760016234, 60.554463195723883 ], [ 30.220752240016246, 60.554484521151792 ], [ 30.220802640016188, 60.554492485000978 ], [ 30.221102520016203, 60.554508589667634 ], [ 30.221394120016239, 60.55480864822767 ], [ 30.222025200016244, 60.555336199465529 ], [ 30.222657720016183, 60.5558237475543 ], [ 30.223755000016205, 60.555579532007464 ], [ 30.224017800016199, 60.555342747346948 ], [ 30.224017800016199, 60.55534265886206 ], [ 30.224443320016182, 60.554959428594195 ], [ 30.224447280016236, 60.554884746387842 ], [ 30.224430360016182, 60.554816877455963 ], [ 30.224423520016249, 60.554648576048244 ], [ 30.224404800016224, 60.554626188886488 ], [ 30.224346480016251, 60.55418897247479 ], [ 30.223793880016188, 60.553886165011448 ], [ 30.222389880016216, 60.553136921151733 ], [ 30.222326520016189, 60.553101347786225 ], [ 30.222223920016237, 60.552562610045634 ], [ 30.222183240016196, 60.552519691163653 ], [ 30.222048960016231, 60.552376421328859 ], [ 30.22190892001624, 60.552052800842702 ], [ 30.220895160016205, 60.551840680326116 ], [ 30.220228080016192, 60.551815547890719 ], [ 30.220164360016216, 60.551813247032989 ], [ 30.220175880016189, 60.5517666103813 ], [ 30.220186320016243, 60.551722540011049 ], [ 30.220186320016243, 60.551722451516248 ], [ 30.220203960016264, 60.551649177755571 ], [ 30.220208280016262, 60.551631213269545 ], [ 30.22021152001626, 60.551618469982813 ], [ 30.220278120016197, 60.5516093549899 ], [ 30.22151724001618, 60.551439355476717 ], [ 30.221872920016224, 60.551440063441156 ], [ 30.222007920016249, 60.551429974946608 ], [ 30.222048600016205, 60.551429001495229 ], [ 30.221952120016212, 60.551079973034284 ], [ 30.223216800016246, 60.551123513301441 ], [ 30.223839600016195, 60.551065902081781 ], [ 30.224044080016217, 60.551046963808972 ], [ 30.224827800016268, 60.550777490454983 ], [ 30.227275440016221, 60.550242696457893 ], [ 30.227604120016181, 60.550120744843021 ], [ 30.227810040016237, 60.550191809591752 ], [ 30.227957280016195, 60.550263051181929 ], [ 30.227240160016262, 60.550523059530093 ], [ 30.2270644800162, 60.550425092028178 ], [ 30.226470840016241, 60.550551998383099 ], [ 30.226250880016195, 60.550625982611315 ], [ 30.226358880016235, 60.550704126056218 ], [ 30.226351680016261, 60.550787225163639 ], [ 30.225600720016228, 60.550944219060924 ], [ 30.224995200016188, 60.551089265169402 ], [ 30.224483640016189, 60.551225372518623 ], [ 30.2240818800162, 60.55133236417462 ], [ 30.223920240016216, 60.551753513169089 ], [ 30.224808360016183, 60.551521567742199 ], [ 30.224890800016261, 60.5515965231994 ], [ 30.225211200016265, 60.551511302282407 ], [ 30.225584160016208, 60.551930679063076 ], [ 30.225936240016221, 60.552265716407931 ], [ 30.226131000016249, 60.552230496057881 ], [ 30.226636440016193, 60.552775079795744 ], [ 30.226802040016228, 60.552734461988067 ], [ 30.226823640016221, 60.552777734552656 ], [ 30.226882680016256, 60.552775876222874 ], [ 30.227116680016202, 60.552768708378316 ], [ 30.227135040016197, 60.552766407588408 ], [ 30.227162040016182, 60.552975601820037 ], [ 30.226862520016205, 60.553089755462167 ], [ 30.226839480016185, 60.553265055736034 ], [ 30.226712760016216, 60.553266560075492 ], [ 30.226782240016217, 60.553523447138382 ], [ 30.226860000016263, 60.553522031300709 ], [ 30.227094360016245, 60.553764050153376 ], [ 30.227193000016232, 60.554168797197192 ], [ 30.22731936001626, 60.554320907861623 ], [ 30.227713560016255, 60.554622383952307 ], [ 30.227631840016233, 60.554649726376297 ], [ 30.228192000016204, 60.555263199345916 ], [ 30.229080840016238, 60.555274348465744 ], [ 30.229337160016232, 60.555192411193843 ], [ 30.229489080016222, 60.555255501141914 ], [ 30.229763760016212, 60.555759154491192 ], [ 30.228756120016239, 60.555921433256749 ], [ 30.228954480016203, 60.55615078113766 ], [ 30.229209360016263, 60.556203251315466 ], [ 30.229251480016245, 60.556366766601826 ], [ 30.229448040016244, 60.556359688035108 ], [ 30.229453440016243, 60.556385878724171 ], [ 30.229448040016244, 60.556479846494867 ], [ 30.229382520016213, 60.556715738019442 ], [ 30.229255080016181, 60.556718215490683 ], [ 30.22926336001624, 60.556806696482305 ], [ 30.229359840016219, 60.556983038376522 ], [ 30.228742800016214, 60.557065501993137 ], [ 30.228843960016228, 60.557315457486297 ], [ 30.228764040016262, 60.557424994895399 ], [ 30.228548040016186, 60.557599917759163 ], [ 30.228667560016191, 60.557858274532443 ], [ 30.228811560016243, 60.557862875387798 ], [ 30.228919560016195, 60.558124769151135 ], [ 30.229290000016196, 60.558364895555492 ], [ 30.229475040016233, 60.558491328380562 ], [ 30.229489800016196, 60.558522737438189 ], [ 30.229540560016257, 60.55857228405862 ], [ 30.229641000016208, 60.558547068377337 ], [ 30.230160480016238, 60.558400905514738 ], [ 30.230676360016229, 60.558226429368275 ], [ 30.230674560016261, 60.558190684646043 ], [ 30.230830080016187, 60.558294645052818 ], [ 30.230949600016192, 60.558426917597913 ], [ 30.230967960016187, 60.558531762006851 ], [ 30.231238320016267, 60.558814265123132 ], [ 30.230790840016269, 60.558926097807735 ], [ 30.230068680016188, 60.559101543399898 ], [ 30.229376760016184, 60.559278138203645 ], [ 30.229768440016237, 60.559642118639772 ], [ 30.230292600016202, 60.560027151336136 ], [ 30.230574840016189, 60.560289469929444 ], [ 30.230975160016239, 60.560182950258131 ], [ 30.231118800016262, 60.56020011375044 ], [ 30.232460160016259, 60.559851710765699 ], [ 30.233030040016224, 60.560113234535741 ], [ 30.233381040016244, 60.560025558839023 ], [ 30.233789280016229, 60.560461546231984 ] ] ] } },
{ "type": "Feature", "properties": { }, "geometry": { "type": "Polygon", "coordinates": [ [ [ 30.224605320016192, 60.546420648810766 ], [ 30.224086920016255, 60.546557218347154 ], [ 30.224212560016227, 60.546750786754373 ], [ 30.224264400016207, 60.547247314959002 ], [ 30.223468440016216, 60.54728732010831 ], [ 30.222554760016198, 60.5473064375958 ], [ 30.222553680016201, 60.547331131000476 ], [ 30.222547560016235, 60.547474334674511 ], [ 30.222585000016185, 60.547704096476174 ], [ 30.222641160016252, 60.547891728170136 ], [ 30.2221072800162, 60.547937042831194 ], [ 30.221425800016256, 60.547977932177893 ], [ 30.221425080016193, 60.547977755167878 ], [ 30.221425800016256, 60.547977666662838 ], [ 30.221295120016222, 60.547896153432767 ], [ 30.221235360016227, 60.54764143432844 ], [ 30.221408160016235, 60.547530801709193 ], [ 30.221448120016213, 60.547324492990342 ], [ 30.221479440016203, 60.547160489453717 ], [ 30.221385840016186, 60.546708037178341 ], [ 30.221427600016224, 60.546454813376201 ], [ 30.221592840016239, 60.546228848624665 ], [ 30.221596440016263, 60.546070592700389 ], [ 30.221801280016226, 60.545575462622644 ], [ 30.221804160016198, 60.545423310831964 ], [ 30.221633880016217, 60.545129803669354 ], [ 30.221633520016191, 60.545129803669354 ], [ 30.221349480016233, 60.544612796187849 ], [ 30.221780400016204, 60.544541365126165 ], [ 30.222158040016179, 60.544480467144837 ], [ 30.222164880016205, 60.544487813855042 ], [ 30.222858600016178, 60.545258235508719 ], [ 30.222916560016209, 60.545536783032205 ], [ 30.222702720016223, 60.546264075509193 ], [ 30.222978840016236, 60.546323288452292 ], [ 30.224301120016182, 60.546006599732728 ], [ 30.22431768001621, 60.546025629466598 ], [ 30.224605320016192, 60.546420648810766 ] ] ] } },
{ "type": "Feature", "properties": { }, "geometry": { "type": "Polygon", "coordinates": [ [ [ 30.231140760016192, 60.546010936742832 ], [ 30.230715600016246, 60.546347540059912 ], [ 30.230329320016185, 60.546653427389309 ], [ 30.229978320016258, 60.546931254838903 ], [ 30.229882200016217, 60.546999759870786 ], [ 30.229358040016251, 60.547228816986085 ], [ 30.228863400016223, 60.54744477352299 ], [ 30.228606000016221, 60.547557088053807 ], [ 30.228526080016255, 60.547594083613717 ], [ 30.228096600016219, 60.547060918633278 ], [ 30.228118200016215, 60.547056758779014 ], [ 30.228726960016257, 60.546947009238899 ], [ 30.229149960016205, 60.546691840119237 ], [ 30.228348600016226, 60.54635258510006 ], [ 30.22802172001623, 60.5462845212462 ], [ 30.227942520016231, 60.546161581100442 ], [ 30.225817440016186, 60.546143259526829 ], [ 30.225760560016241, 60.546148747149012 ], [ 30.225559680016246, 60.545733101390518 ], [ 30.225547440016225, 60.54570796421006 ], [ 30.225653280016264, 60.545682649987441 ], [ 30.225715560016209, 60.545676277173037 ], [ 30.225601800016229, 60.545444199660032 ], [ 30.22545312001624, 60.545271335350641 ], [ 30.225317760016182, 60.545114402435921 ], [ 30.225258720016246, 60.545045893412137 ], [ 30.225099240016259, 60.544860635080049 ], [ 30.224880360016215, 60.544494452447211 ], [ 30.224831040016266, 60.544294408939521 ], [ 30.224841840016257, 60.54429494003012 ], [ 30.225094920016261, 60.544311315319199 ], [ 30.225604320016252, 60.544346013201704 ], [ 30.226113360016228, 60.544379471838838 ], [ 30.226621320016196, 60.544415231825468 ], [ 30.227380560016204, 60.544470022421429 ], [ 30.227877360016233, 60.544516669592298 ], [ 30.228316560016264, 60.544575531675974 ], [ 30.228628680016215, 60.544632446340721 ], [ 30.228938280016212, 60.544697592708168 ], [ 30.22924572001622, 60.544768934911197 ], [ 30.229863480016196, 60.544919230997841 ], [ 30.230134560016246, 60.544986147052064 ], [ 30.230118000016226, 60.545002256451887 ], [ 30.229754040016221, 60.545414371117545 ], [ 30.230407800016206, 60.545573957925491 ], [ 30.231133560016229, 60.545754167040776 ], [ 30.231427320016262, 60.54578390675902 ], [ 30.231140760016192, 60.546010936742832 ] ] ] } },
{ "type": "Feature", "properties": { }, "geometry": { "type": "Polygon", "coordinates": [ [ [ 30.216801960016245, 60.550122514826235 ], [ 30.217504680016248, 60.549202995519494 ], [ 30.218038920016234, 60.54931114438218 ], [ 30.218410440016235, 60.548901380414435 ], [ 30.217834440016212, 60.548774556087174 ], [ 30.217964760016212, 60.548605249703009 ], [ 30.218763960016194, 60.548553652233579 ], [ 30.219884640016264, 60.548759510600121 ], [ 30.221086320016209, 60.548597992430956 ], [ 30.221281440016266, 60.548261501030638 ], [ 30.221242560016194, 60.548097502243749 ], [ 30.221354880016232, 60.548090775886138 ], [ 30.22213932001625, 60.548043602838717 ], [ 30.22345476001626, 60.547931909532956 ], [ 30.22346304001622, 60.547974568986845 ], [ 30.223596960016252, 60.548228134912023 ], [ 30.223578240016231, 60.548254066672968 ], [ 30.22355412001621, 60.548452315626236 ], [ 30.223506960016262, 60.548510551025423 ], [ 30.223553760016173, 60.549042895598198 ], [ 30.224235600016247, 60.549059799496867 ], [ 30.224329200016257, 60.549320348524034 ], [ 30.224367720016215, 60.549463631894362 ], [ 30.224433240016239, 60.549609923649228 ], [ 30.224451600016234, 60.549630898274899 ], [ 30.224536560016254, 60.549618154200154 ], [ 30.224927160016218, 60.549559655292619 ], [ 30.225884400016245, 60.549506908834495 ], [ 30.225689280016191, 60.549571602884477 ], [ 30.224720160016258, 60.549632756785385 ], [ 30.224797200016251, 60.549720549158899 ], [ 30.223864080016245, 60.549985606340975 ], [ 30.223935720016236, 60.55005144992527 ], [ 30.223708560016224, 60.55010879745403 ], [ 30.223582920016256, 60.550325177260454 ], [ 30.223326240016227, 60.550393586607719 ], [ 30.223746000016178, 60.550963422884443 ], [ 30.223394640016227, 60.550993423304838 ], [ 30.223204200016191, 60.551015193504014 ], [ 30.221774280016238, 60.550965900796349 ], [ 30.221982360016199, 60.550327743719805 ], [ 30.221377560016219, 60.550172339813123 ], [ 30.221403840016237, 60.55009508007597 ], [ 30.221645400016179, 60.549669572971013 ], [ 30.220550640016189, 60.549541512644758 ], [ 30.220427520016244, 60.549553283241842 ], [ 30.219336720016226, 60.549419646887706 ], [ 30.219148440016191, 60.549472304987177 ], [ 30.219062040016233, 60.549557531275838 ], [ 30.218781240016181, 60.549937993558139 ], [ 30.218460120016218, 60.550318982357666 ], [ 30.218418000016236, 60.550282963399589 ], [ 30.218406480016181, 60.550275264010203 ], [ 30.218385240016218, 60.550263493675786 ], [ 30.218356800016206, 60.550250572852612 ], [ 30.218330160016247, 60.550240749483635 ], [ 30.218286960016176, 60.550225262184085 ], [ 30.218243040016226, 60.550207916399778 ], [ 30.21820488001622, 60.550191278597943 ], [ 30.218153760016207, 60.550166321879161 ], [ 30.218121720016256, 60.550151719534774 ], [ 30.21808356001624, 60.550137205682887 ], [ 30.218022360016214, 60.550118532363946 ], [ 30.217969440016244, 60.550106407975676 ], [ 30.217928760016196, 60.550099239539627 ], [ 30.21783912001624, 60.550089150626889 ], [ 30.217766760016186, 60.550086495649396 ], [ 30.217677480016256, 60.550085787655327 ], [ 30.217592520016236, 60.550086318650862 ], [ 30.217509720016213, 60.550088796629922 ], [ 30.217410720016201, 60.550094283582901 ], [ 30.217359600016195, 60.55009826604816 ], [ 30.217318200016187, 60.55010198301531 ], [ 30.217281120016267, 60.550106142478086 ], [ 30.217235760016198, 60.550112337421595 ], [ 30.217198320016248, 60.550118089868072 ], [ 30.217157280016266, 60.550125081301651 ], [ 30.217119840016217, 60.550132072733739 ], [ 30.217069080016245, 60.550142604128553 ], [ 30.21702012001624, 60.550153932011618 ], [ 30.21697368001626, 60.550165879383982 ], [ 30.216801960016245, 60.550122514826235 ] ] ] } },
{ "type": "Feature", "properties": { }, "geometry": { "type": "Polygon", "coordinates": [ [ [ 30.253451400016264, 60.565698332309552 ], [ 30.253375800016212, 60.565728053694471 ], [ 30.253566240016237, 60.565846850504862 ], [ 30.253515480016265, 60.565928672328084 ], [ 30.254340960016258, 60.56624030100842 ], [ 30.25473372001623, 60.566519640882838 ], [ 30.254788440016263, 60.566605706798541 ], [ 30.254901840016206, 60.567042224641412 ], [ 30.254898240016271, 60.567072829318718 ], [ 30.254775480016267, 60.567233547625356 ], [ 30.25486404001623, 60.567351012123382 ], [ 30.254816160016219, 60.567370560014211 ], [ 30.253983480016252, 60.567360299584323 ], [ 30.253981680016285, 60.567391700027692 ], [ 30.253246920016242, 60.567387012076082 ], [ 30.253203000016203, 60.567399837602373 ], [ 30.253145040016257, 60.567258579628707 ], [ 30.253452840016202, 60.566870360265121 ], [ 30.253527720016198, 60.566628970208193 ], [ 30.253501800016213, 60.566510176271763 ], [ 30.253344840016251, 60.566404030910924 ], [ 30.252865320016209, 60.566260999485955 ], [ 30.252402720016217, 60.566042426432347 ], [ 30.251711160016242, 60.566036146084009 ], [ 30.250860480016232, 60.566018454955334 ], [ 30.250451520016274, 60.566010140121534 ], [ 30.249753120016269, 60.566014916728449 ], [ 30.248602920016275, 60.566214914396049 ], [ 30.248052480016202, 60.56626621833076 ], [ 30.247407360016211, 60.566625697410132 ], [ 30.24717552001626, 60.567315631295394 ], [ 30.247054920016261, 60.567491473628444 ], [ 30.246827760016242, 60.567710390689342 ], [ 30.246754320016283, 60.568017668135781 ], [ 30.246821640016275, 60.568206154957124 ], [ 30.24660816001623, 60.568250998914671 ], [ 30.246110280016193, 60.568369609555788 ], [ 30.245586120016231, 60.568499275873542 ], [ 30.245226120016195, 60.568588874464538 ], [ 30.244745160016212, 60.568710844901503 ], [ 30.244343400016216, 60.568812206495409 ], [ 30.243908520016273, 60.568921174276667 ], [ 30.243592800016209, 60.568999892656421 ], [ 30.243294000016206, 60.569075603636279 ], [ 30.242888640016279, 60.569178556132812 ], [ 30.2424696000162, 60.569283631023119 ], [ 30.242232720016201, 60.569339352417295 ], [ 30.241906200016231, 60.569409932712013 ], [ 30.241684080016274, 60.569454509660822 ], [ 30.241526400016262, 60.569482812453572 ], [ 30.241384560016208, 60.56950368574735 ], [ 30.241191240016207, 60.569526681733365 ], [ 30.240966600016225, 60.569548439458913 ], [ 30.240855360016187, 60.569531192482579 ], [ 30.240722160016219, 60.569503155070556 ], [ 30.240408240016219, 60.56953322674179 ], [ 30.240217440016249, 60.569548704796951 ], [ 30.239946000016257, 60.56955109283907 ], [ 30.239732520016211, 60.569571170075271 ], [ 30.239634960016225, 60.569526327949099 ], [ 30.239576280016223, 60.56938905935769 ], [ 30.239400960016184, 60.569262757587254 ], [ 30.239113320016205, 60.569177052533426 ], [ 30.239025120016272, 60.569162370323923 ], [ 30.238776000016244, 60.569122657567149 ], [ 30.238580160016216, 60.569037748168526 ], [ 30.237934680016192, 60.568361560674447 ], [ 30.237928920016252, 60.568355899921492 ], [ 30.237348600016226, 60.567830949229652 ], [ 30.237069960016267, 60.567615217232074 ], [ 30.235865400016262, 60.566634985079396 ], [ 30.23592696001624, 60.566566786988382 ], [ 30.235976280016185, 60.566557499299464 ], [ 30.236024880016249, 60.566547592428392 ], [ 30.237741720016221, 60.566138400618073 ], [ 30.23901144001622, 60.567385508393357 ], [ 30.24237600001619, 60.566473733070474 ], [ 30.244020120016252, 60.566696372083705 ], [ 30.245612040016216, 60.56625365771982 ], [ 30.246064560016279, 60.566544496530561 ], [ 30.246478560016197, 60.566375017784964 ], [ 30.246516360016269, 60.566366260769279 ], [ 30.246871320016258, 60.5662173026845 ], [ 30.247241400016225, 60.566085150459884 ], [ 30.247664760016214, 60.565813590980198 ], [ 30.24756396001623, 60.565769185923202 ], [ 30.247776000016252, 60.565716908178338 ], [ 30.248011440016221, 60.565956093649561 ], [ 30.248402040016192, 60.565924426443978 ], [ 30.249160560016222, 60.565870556740883 ], [ 30.249292680016282, 60.565870910565188 ], [ 30.24950868001627, 60.565861888044623 ], [ 30.250212120016233, 60.565817217685328 ], [ 30.250414440016257, 60.565799791805681 ], [ 30.250612440016194, 60.565774935585395 ], [ 30.251220120016239, 60.565696651635186 ], [ 30.251531520016211, 60.565667372504528 ], [ 30.251774520016276, 60.565668433984058 ], [ 30.251978640016269, 60.565678252667929 ], [ 30.252187800016234, 60.565717350460787 ], [ 30.252381480016261, 60.565760163374279 ], [ 30.252481560016271, 60.565778120013249 ], [ 30.252551400016205, 60.56578395813019 ], [ 30.252629520016203, 60.565784665780662 ], [ 30.252680280016264, 60.565781215984515 ], [ 30.253023360016254, 60.565742825920253 ], [ 30.253248360016265, 60.56572637302164 ], [ 30.253359960016247, 60.565712750722923 ], [ 30.253451400016264, 60.565698332309552 ] ], [ [ 30.245780160016199, 60.568118589653579 ], [ 30.245288400016221, 60.567624062360721 ], [ 30.243145680016244, 60.568164141331003 ], [ 30.242442600016215, 60.568098157715283 ], [ 30.241771200016206, 60.568249406822567 ], [ 30.242458440016268, 60.568992728407295 ], [ 30.243934080016235, 60.568660429330727 ], [ 30.245780160016199, 60.568118589653579 ] ] ] } },
{ "type": "Feature", "properties": { }, "geometry": { "type": "Polygon", "coordinates": [ [ [ 30.25064736001621, 60.564244693252441 ], [ 30.250092240016205, 60.564344211185016 ], [ 30.250345680016235, 60.563897749228879 ], [ 30.250347120016258, 60.563845733842705 ], [ 30.250211760016207, 60.563615821295073 ], [ 30.250944360016245, 60.563719587337545 ], [ 30.251401560016241, 60.563775495246311 ], [ 30.251995920016263, 60.563794514528652 ], [ 30.25199556001623, 60.563860772313298 ], [ 30.252454560016194, 60.563918006899151 ], [ 30.25284516001625, 60.563957195281994 ], [ 30.253349880016223, 60.564007883571328 ], [ 30.253352400016247, 60.564019560443469 ], [ 30.253445640016235, 60.564226381919461 ], [ 30.253383000016267, 60.564233104922131 ], [ 30.253405320016228, 60.564283527397698 ], [ 30.253550760016218, 60.564731133996261 ], [ 30.253848120016197, 60.565142466611974 ], [ 30.253926960016244, 60.565265334629849 ], [ 30.253760280016209, 60.565534245005061 ], [ 30.25371096001626, 60.565523895535328 ], [ 30.253481280016217, 60.565498242989129 ], [ 30.253410720016227, 60.565479136251817 ], [ 30.253368600016238, 60.565472590422594 ], [ 30.253282200016194, 60.565464717734315 ], [ 30.253203000016203, 60.565457464244496 ], [ 30.253086360016255, 60.565458968016898 ], [ 30.252642480016199, 60.56531752464732 ], [ 30.251401200016211, 60.565123094290065 ], [ 30.251169000016233, 60.564593579663551 ], [ 30.251082600016272, 60.564546165301365 ], [ 30.251057040016228, 60.564511046783061 ], [ 30.251005560016278, 60.564451336368364 ], [ 30.25091844001626, 60.564379860645488 ], [ 30.250837800016239, 60.564322184575694 ], [ 30.250737000016262, 60.564281935110181 ], [ 30.250667160016231, 60.564240447147171 ], [ 30.25064736001621, 60.564244693252441 ] ] ] } },
{ "type": "Feature", "properties": { }, "geometry": { "type": "Polygon", "coordinates": [ [ [ 30.241315080016214, 60.572966254774407 ], [ 30.241614960016218, 60.572718277436444 ], [ 30.242128320016192, 60.572363464898167 ], [ 30.24273744001626, 60.571942584257087 ], [ 30.242757240016189, 60.571929760533109 ], [ 30.242864880016203, 60.571878111827786 ], [ 30.243056040016199, 60.571830531269356 ], [ 30.24328644001621, 60.571830973468167 ], [ 30.243879000016257, 60.571928522380169 ], [ 30.244133160016258, 60.572015812045507 ], [ 30.244882680016268, 60.572477815426254 ], [ 30.244961520016233, 60.572517258747347 ], [ 30.245396040016235, 60.572694045597416 ], [ 30.245396760016202, 60.572694576221828 ], [ 30.245396400016258, 60.572694222472194 ], [ 30.245823720016212, 60.572868178372786 ], [ 30.246153840016202, 60.572929818851122 ], [ 30.24596772001626, 60.572926723564485 ], [ 30.24569196001627, 60.572959091404364 ], [ 30.243945240016263, 60.573846010665903 ], [ 30.241315080016214, 60.572966254774407 ] ] ] } },
{ "type": "Feature", "properties": { }, "geometry": { "type": "Polygon", "coordinates": [ [ [ 30.24326448001619, 60.571713790568992 ], [ 30.243948480016261, 60.57182637460015 ], [ 30.244304160016203, 60.571948598139684 ], [ 30.244364280016239, 60.571985654244507 ], [ 30.244569840016261, 60.572112387570733 ], [ 30.244745520016235, 60.572220636717553 ], [ 30.245053680016213, 60.572410602481199 ], [ 30.24510120001619, 60.572434303904075 ], [ 30.245717520016232, 60.572685113418544 ], [ 30.245963400016262, 60.57278513599308 ], [ 30.246161400016199, 60.572822102701792 ], [ 30.246320520016248, 60.57282475581323 ], [ 30.246480000016227, 60.572842885402238 ], [ 30.246602400016201, 60.572856946881352 ], [ 30.247201440016251, 60.572973771889401 ], [ 30.247359480016204, 60.573015071772254 ], [ 30.247382520016224, 60.573020908582279 ], [ 30.247457760016246, 60.573123760077003 ], [ 30.247346880016241, 60.573133488060385 ], [ 30.247110000016232, 60.573071671097779 ], [ 30.246771960016215, 60.573005962809049 ], [ 30.246537240016206, 60.572959975771155 ], [ 30.246292080016232, 60.572932029769966 ], [ 30.246153840016202, 60.572929818851122 ], [ 30.245823720016212, 60.572868178372786 ], [ 30.245396400016258, 60.572694222472194 ], [ 30.245396760016202, 60.572694576221828 ], [ 30.245396040016235, 60.572694045597416 ], [ 30.244961520016233, 60.572517258747347 ], [ 30.244882680016268, 60.572477815426254 ], [ 30.244133160016258, 60.572015812045507 ], [ 30.243879000016257, 60.571928522380169 ], [ 30.24328644001621, 60.571830973468167 ], [ 30.243000960016229, 60.57178401191959 ], [ 30.24326448001619, 60.571713790568992 ] ] ] } },
{ "type": "Feature", "properties": { }, "geometry": { "type": "Polygon", "coordinates": [ [ [ 30.225499560016214, 60.544139684174809 ], [ 30.225511800016243, 60.544135081367251 ], [ 30.22553016001623, 60.544128354185844 ], [ 30.225549240016193, 60.54412198106531 ], [ 30.225568320016244, 60.54411587349027 ], [ 30.225587400016209, 60.544110119976523 ], [ 30.225606480016253, 60.544104809039837 ], [ 30.22562628001619, 60.544099675133566 ], [ 30.225647160016209, 60.544094718257746 ], [ 30.225669480016261, 60.544089584349877 ], [ 30.225693600016189, 60.544084361925464 ], [ 30.22571772001621, 60.544079139500248 ], [ 30.225741120016252, 60.544074182621323 ], [ 30.225764520016213, 60.54406949128871 ], [ 30.2257882800162, 60.544064799955478 ], [ 30.22581276001625, 60.54406019713732 ], [ 30.225972960016204, 60.54403204911948 ], [ 30.226253760016252, 60.543989738531003 ], [ 30.226296240016261, 60.54419270492982 ], [ 30.225784680016261, 60.54415862649121 ], [ 30.225499560016214, 60.544139684174809 ] ] ] } },
{ "type": "Feature", "properties": { }, "geometry": { "type": "Polygon", "coordinates": [ [ [ 30.259633680016247, 60.558927071033509 ], [ 30.259587240016273, 60.55905243996397 ], [ 30.258187200016273, 60.558817538711963 ], [ 30.257325720016262, 60.558716765109473 ], [ 30.257085600016254, 60.55871030638675 ], [ 30.256795080016211, 60.5587424230363 ], [ 30.256778160016253, 60.558747112241427 ], [ 30.256743240016238, 60.558732690721619 ], [ 30.256686720016233, 60.558709421630084 ], [ 30.256423920016239, 60.558600596379087 ], [ 30.257035560016249, 60.558344811359376 ], [ 30.256482240016211, 60.558000900743615 ], [ 30.255805080016259, 60.557719452262532 ], [ 30.256096680016213, 60.557458440007743 ], [ 30.256570080016196, 60.557242284874661 ], [ 30.256714080016252, 60.557301300766582 ], [ 30.257068320016259, 60.557097354835946 ], [ 30.257188200016206, 60.556987019993777 ], [ 30.25722204001622, 60.556944549384795 ], [ 30.257118360016271, 60.556904290735261 ], [ 30.25705356001621, 60.556856688135511 ], [ 30.257272080016225, 60.556744671332552 ], [ 30.257290080016279, 60.556739981837097 ], [ 30.257376480016234, 60.556788734860561 ], [ 30.257750880016211, 60.556622390303765 ], [ 30.25779552001622, 60.556604694023967 ], [ 30.257795880016246, 60.556604517061103 ], [ 30.257876160016242, 60.556569389916824 ], [ 30.25810944001622, 60.556510461170951 ], [ 30.258273600016231, 60.556526210906362 ], [ 30.258360720016249, 60.556533820326344 ], [ 30.258893880016245, 60.556534793624103 ], [ 30.259292040016199, 60.556564169506757 ], [ 30.259271520016213, 60.556619204974119 ], [ 30.25974636001623, 60.556651766106846 ], [ 30.25977156001624, 60.556587440141826 ], [ 30.259898280016216, 60.556592218140871 ], [ 30.259906560016272, 60.556613807609274 ], [ 30.260055960016228, 60.556738212215976 ], [ 30.260100600016241, 60.556775639681817 ], [ 30.260174760016266, 60.55688677157103 ], [ 30.260238480016234, 60.557201938115952 ], [ 30.260334600016282, 60.557426852958073 ], [ 30.260673000016237, 60.55743225018724 ], [ 30.260719080016273, 60.55744012483143 ], [ 30.260815560016265, 60.557485780034234 ], [ 30.260862000016239, 60.557502944958131 ], [ 30.260909880016246, 60.557505953242817 ], [ 30.260989800016208, 60.557497636219765 ], [ 30.261068640016262, 60.557481179125261 ], [ 30.261117600016266, 60.557479232586616 ], [ 30.261166560016274, 60.557470827077616 ], [ 30.26124792001627, 60.557435258478534 ], [ 30.261458520016252, 60.557351468614044 ], [ 30.261623760016271, 60.557338196704301 ], [ 30.261782520016286, 60.557342178277807 ], [ 30.26186820001627, 60.557336338636532 ], [ 30.261921840016214, 60.557341293483766 ], [ 30.262114440016248, 60.557375004120601 ], [ 30.262339440016262, 60.557409068639267 ], [ 30.262534200016198, 60.557428976458183 ], [ 30.262743000016222, 60.55745029993065 ], [ 30.262878720016221, 60.55747436623956 ], [ 30.262992840016221, 60.557479674981749 ], [ 30.263152320016207, 60.557532143003627 ], [ 30.263246640016281, 60.557596732525795 ], [ 30.263340240016202, 60.557550900522003 ], [ 30.263407560016208, 60.557517809420951 ], [ 30.263524920016206, 60.55744012483143 ], [ 30.263799240016262, 60.557427737749826 ], [ 30.263872320016286, 60.557441186581066 ], [ 30.263873400016287, 60.557485691555208 ], [ 30.264121800016259, 60.557486930261391 ], [ 30.264118200016227, 60.557513385474387 ], [ 30.264158160016212, 60.557587353781287 ], [ 30.264271920016274, 60.557682291324376 ], [ 30.264365160016265, 60.557721929656921 ], [ 30.264620760016204, 60.557732635537505 ], [ 30.26471400001628, 60.557721221829972 ], [ 30.265697520016232, 60.557630000503345 ], [ 30.265840800016225, 60.557580187002962 ], [ 30.266356320016286, 60.557432161708064 ], [ 30.266766360016238, 60.557336073198236 ], [ 30.267122040016282, 60.55720627362529 ], [ 30.267018360016237, 60.557004981505344 ], [ 30.267410760016265, 60.556958529299735 ], [ 30.267465120016269, 60.55696481141149 ], [ 30.268020960016241, 60.55701436041879 ], [ 30.268025280016239, 60.556967642785345 ], [ 30.268139760016279, 60.556969235433037 ], [ 30.269169000016245, 60.55702719006009 ], [ 30.269320920016231, 60.556625752595849 ], [ 30.268996920016203, 60.556567620286366 ], [ 30.268914120016273, 60.556565496729725 ], [ 30.269038320016211, 60.556264481162366 ], [ 30.268639080016253, 60.556174140552791 ], [ 30.26830860001623, 60.556119723707326 ], [ 30.268273680016215, 60.556126094464702 ], [ 30.268119600016227, 60.5561357390811 ], [ 30.267587880016269, 60.556023188883017 ], [ 30.267498240016227, 60.556001333571153 ], [ 30.266799480016278, 60.555917451508336 ], [ 30.266416440016226, 60.555879669115733 ], [ 30.266431200016278, 60.555871617124716 ], [ 30.2666551200162, 60.555739511095744 ], [ 30.266874000016244, 60.55560014882596 ], [ 30.267181800016278, 60.555387963086829 ], [ 30.267413280016207, 60.555222938603443 ], [ 30.267643320016273, 60.55505932904849 ], [ 30.267851760016264, 60.554929874281953 ], [ 30.268054800016255, 60.554977568203597 ], [ 30.26769588001622, 60.555240370183796 ], [ 30.267609120016225, 60.555310273381288 ], [ 30.267509040016215, 60.555276914532456 ], [ 30.267113760016226, 60.555535643800653 ], [ 30.26719224001625, 60.55558917678686 ], [ 30.267618120016255, 60.555706152689666 ], [ 30.267810360016252, 60.555748978859945 ], [ 30.267859320016264, 60.555773400369652 ], [ 30.268024200016239, 60.555903736593422 ], [ 30.267960120016244, 60.555948332166452 ], [ 30.268476360016269, 60.556069288500524 ], [ 30.269021400016253, 60.556210949293899 ], [ 30.26906028001623, 60.556211214741424 ], [ 30.270045960016276, 60.556441445386163 ], [ 30.270190320016269, 60.55646604333662 ], [ 30.270904200016293, 60.55652054808106 ], [ 30.271054680016249, 60.556766437661125 ], [ 30.270612240016217, 60.556870048723553 ], [ 30.270034800016248, 60.556850671445041 ], [ 30.269988720016219, 60.557221846062383 ], [ 30.26957292001623, 60.557256441620169 ], [ 30.268921320016236, 60.557282543103504 ], [ 30.26822364001621, 60.557245912541283 ], [ 30.267639720016241, 60.557293691527235 ], [ 30.26706336001628, 60.557557713391525 ], [ 30.265979400016281, 60.557942947861477 ], [ 30.266192880016238, 60.558502741816284 ], [ 30.266296200016253, 60.55877347794808 ], [ 30.265857720016275, 60.558733575477603 ], [ 30.264659280016243, 60.558468678449636 ], [ 30.264361560016233, 60.558491593809329 ], [ 30.263831280016216, 60.558475225696945 ], [ 30.262821120016213, 60.558069470813564 ], [ 30.262498920016249, 60.557884021618335 ], [ 30.261828240016204, 60.557801117698077 ], [ 30.261543480016279, 60.55788110184676 ], [ 30.261448440016238, 60.557907822170932 ], [ 30.261346560016253, 60.557829961562085 ], [ 30.261142800016199, 60.557757586419001 ], [ 30.260495520016203, 60.557712197035116 ], [ 30.26048040001621, 60.55776961946134 ], [ 30.260468520016218, 60.557768646200728 ], [ 30.260350440016239, 60.558093536661701 ], [ 30.260346120016241, 60.558108577807715 ], [ 30.260253240016286, 60.558189003581397 ], [ 30.259792440016266, 60.558260581466989 ], [ 30.259761120016282, 60.558283143066838 ], [ 30.259696680016248, 60.558343307256074 ], [ 30.259694160016217, 60.558431341419521 ], [ 30.259721520016235, 60.558506103912876 ], [ 30.259743480016262, 60.558539547907181 ], [ 30.259753920016227, 60.558603958465504 ], [ 30.259730880016207, 60.558665537670528 ], [ 30.259446840016249, 60.558565029022532 ], [ 30.259236960016228, 60.558857706504632 ], [ 30.259633680016247, 60.558927071033509 ] ], [ [ 30.258208080016207, 60.556826339229588 ], [ 30.258001440016272, 60.55687553452632 ], [ 30.257951040016234, 60.556871375934008 ], [ 30.257805240016214, 60.556928445931021 ], [ 30.257671320016275, 60.557026216777146 ], [ 30.257678160016212, 60.557135843645824 ], [ 30.257610840016216, 60.557296699831369 ], [ 30.257635320016263, 60.55744437182976 ], [ 30.25760580001625, 60.557542671989324 ], [ 30.2576486400162, 60.55759089293047 ], [ 30.257723520016281, 60.557645661214977 ], [ 30.257791560016248, 60.557705295719714 ], [ 30.257954640016266, 60.557830050040167 ], [ 30.258095040016201, 60.557890745939829 ], [ 30.258183240016219, 60.557932065094924 ], [ 30.258158400016232, 60.557939231795281 ], [ 30.258126360016274, 60.557941089828418 ], [ 30.258090720016202, 60.55793675441754 ], [ 30.258048240016276, 60.557939231795281 ], [ 30.258036720016221, 60.557951795636455 ], [ 30.258037800016222, 60.557974976795443 ], [ 30.25804176001628, 60.55798869083204 ], [ 30.258001440016272, 60.558018419304339 ], [ 30.257889840016208, 60.558079911146919 ], [ 30.257872200016276, 60.558092386456131 ], [ 30.257876160016242, 60.558101499622225 ], [ 30.257893080016206, 60.558107869989215 ], [ 30.257911440016283, 60.558108666284987 ], [ 30.257925840016217, 60.558103888509962 ], [ 30.258182160016219, 60.557954803879419 ], [ 30.258209160016204, 60.557945248283197 ], [ 30.258237600016216, 60.557942593950408 ], [ 30.258255960016211, 60.55794754870476 ], [ 30.258273600016231, 60.557980993276743 ], [ 30.258325080016267, 60.558012579785142 ], [ 30.258401040016263, 60.55803186788998 ], [ 30.2584687200162, 60.558054429649381 ], [ 30.258480960016229, 60.558071240361841 ], [ 30.258540360016191, 60.558082653945817 ], [ 30.258617040016254, 60.558085219789724 ], [ 30.258824760016278, 60.558098845302275 ], [ 30.25889100001627, 60.558100526371618 ], [ 30.258916560016232, 60.558096456414106 ], [ 30.258991080016287, 60.558112205377157 ], [ 30.25910484001626, 60.558119814423982 ], [ 30.259199880016219, 60.558122380264933 ], [ 30.259301760016196, 60.558118664219329 ], [ 30.259437840016222, 60.55810335764604 ], [ 30.259516320016242, 60.558089732135429 ], [ 30.259559520016225, 60.558079911146919 ], [ 30.259636920016248, 60.558084246538613 ], [ 30.259666080016238, 60.558075133367666 ], [ 30.259765080016248, 60.558020631243153 ], [ 30.259790640016202, 60.557991345161042 ], [ 30.259828080016248, 60.557964624905885 ], [ 30.259853280016269, 60.557956927344861 ], [ 30.259894320016251, 60.557952503458367 ], [ 30.259927440016202, 60.557942416994905 ], [ 30.259959480016242, 60.557925429259889 ], [ 30.259971000016208, 60.557897027870439 ], [ 30.259989360016203, 60.557873227309905 ], [ 30.260036880016266, 60.557855266280534 ], [ 30.260093760016211, 60.55783606654844 ], [ 30.260158920016213, 60.557751392939544 ], [ 30.26017548001624, 60.557685388070844 ], [ 30.260105640016207, 60.557620002417963 ], [ 30.260061360016227, 60.55754461852414 ], [ 30.260025360016211, 60.557463394836262 ], [ 30.259999800016256, 60.557424994895399 ], [ 30.259932120016227, 60.557291037140978 ], [ 30.259843200016245, 60.557180525999875 ], [ 30.259817640016283, 60.557048513797483 ], [ 30.259637280016278, 60.55691791674537 ], [ 30.25954908001626, 60.556857395981389 ], [ 30.259415160016236, 60.55681581001069 ], [ 30.259315800016275, 60.556789619669786 ], [ 30.259189440016247, 60.556766083737223 ], [ 30.259053000016287, 60.556756173865715 ], [ 30.258805320016283, 60.556779532843628 ], [ 30.258729360016197, 60.556790415997995 ], [ 30.258669240016257, 60.556794928524369 ], [ 30.258512280016213, 60.556790415997995 ], [ 30.258387000016267, 60.556803511170799 ], [ 30.258208080016207, 60.556826339229588 ] ] ] } },
{ "type": "Feature", "properties": { }, "geometry": { "type": "Polygon", "coordinates": [ [ [ 30.240858960016219, 60.554915716518046 ], [ 30.240951840016262, 60.554817939291716 ], [ 30.241482120016194, 60.554924034205087 ], [ 30.241610640016219, 60.554956066128888 ], [ 30.241957680016267, 60.555228601655948 ], [ 30.241762920016239, 60.555134984191611 ], [ 30.241631880016271, 60.555087025045395 ], [ 30.241488960016223, 60.555045171341249 ], [ 30.240858960016219, 60.554915716518046 ] ] ] } },
{ "type": "Feature", "properties": { }, "geometry": { "type": "Polygon", "coordinates": [ [ [ 30.150584640016206, 60.512042387880093 ], [ 30.150553680016166, 60.512019705424429 ], [ 30.154417920016229, 60.511159886881074 ], [ 30.154478400016199, 60.511171848651706 ], [ 30.155529240016151, 60.512228277093989 ], [ 30.155477400016171, 60.512237048770309 ], [ 30.154429800016217, 60.511184342051891 ], [ 30.150584640016206, 60.512042387880093 ] ] ] } },
{ "type": "Feature", "properties": { }, "geometry": { "type": "Polygon", "coordinates": [ [ [ 30.198621960016172, 60.53517695456317 ], [ 30.198699720016233, 60.535123919035946 ], [ 30.198785400016217, 60.535086200895307 ], [ 30.19887684001624, 60.535051935785745 ], [ 30.198973320016218, 60.535021212258712 ], [ 30.199383720016208, 60.534901770950214 ], [ 30.199412880016194, 60.534925942577466 ], [ 30.199457880016233, 60.534957994304506 ], [ 30.199511520016177, 60.534986327296437 ], [ 30.199573440016174, 60.535010675941606 ], [ 30.199641480016236, 60.535030331925398 ], [ 30.19987116001619, 60.53508611235501 ], [ 30.200567760016213, 60.535255489483092 ], [ 30.201554520016167, 60.535495962754169 ], [ 30.202017480016192, 60.535605308440815 ], [ 30.20197536001621, 60.535647541453315 ], [ 30.202220520016184, 60.535707216517466 ], [ 30.202260840016198, 60.535666842895601 ], [ 30.2032069200162, 60.535896600005898 ], [ 30.20335344001619, 60.535930067379503 ], [ 30.203502480016205, 60.535960081740733 ], [ 30.203654760016224, 60.535986377485642 ], [ 30.206327400016196, 60.536414809188742 ], [ 30.206189880016229, 60.536628713037551 ], [ 30.205645560016215, 60.536541416356044 ], [ 30.205532880016239, 60.536712113906823 ], [ 30.203400960016261, 60.536370452294783 ], [ 30.203118720016182, 60.536319632145954 ], [ 30.202844400016222, 60.536258807228812 ], [ 30.200145120016206, 60.535603272046806 ], [ 30.200037120016169, 60.535691987876554 ], [ 30.200145120016206, 60.535603094969041 ], [ 30.199508640016205, 60.535448417186515 ], [ 30.19939704001623, 60.535421324150214 ], [ 30.198988440016215, 60.535307550858207 ], [ 30.198621960016172, 60.53517695456317 ] ] ] } },
{ "type": "Feature", "properties": { }, "geometry": { "type": "Polygon", "coordinates": [ [ [ 30.198232080016183, 60.535056539885247 ], [ 30.198076920016195, 60.53496870771999 ], [ 30.197928960016174, 60.53488627630783 ], [ 30.198951000016173, 60.534404964751886 ], [ 30.199040640016218, 60.534703970215737 ], [ 30.199179600016215, 60.534784011482159 ], [ 30.198308400016206, 60.535037592240712 ], [ 30.198292560016242, 60.535029535061447 ], [ 30.198232080016183, 60.535056539885247 ] ] ] } },
{ "type": "Feature", "properties": { }, "geometry": { "type": "Polygon", "coordinates": [ [ [ 30.237893280016266, 60.572933533194679 ], [ 30.240662760016249, 60.572925485449737 ], [ 30.240930600016217, 60.572904437491971 ], [ 30.241146600016201, 60.572861634039668 ], [ 30.241310040016241, 60.572810075260513 ], [ 30.241478880016192, 60.57273118928488 ], [ 30.242663280016234, 60.571916494606398 ], [ 30.242774160016243, 60.571857859145119 ], [ 30.243000960016229, 60.57178401191959 ], [ 30.24328644001621, 60.571830973468167 ], [ 30.243056040016199, 60.571830531269356 ], [ 30.242864880016203, 60.571878111827786 ], [ 30.242757240016189, 60.571929760533109 ], [ 30.24273744001626, 60.571942584257087 ], [ 30.242384640016276, 60.572186322484761 ], [ 30.242128320016192, 60.572363464898167 ], [ 30.241614960016218, 60.572718277436444 ], [ 30.241315080016214, 60.572966166337736 ], [ 30.240764640016234, 60.572949805552 ], [ 30.24045108001626, 60.572975629058689 ], [ 30.239841240016219, 60.572966343211071 ], [ 30.23878788001624, 60.572968288817457 ], [ 30.238599600016205, 60.572968642564042 ], [ 30.237851520016228, 60.572978193720886 ], [ 30.237893280016266, 60.572933533194679 ] ] ] } },
{ "type": "Feature", "properties": { }, "geometry": { "type": "Polygon", "coordinates": [ [ [ 30.244470120016189, 60.545398173410824 ], [ 30.245538960016194, 60.545903927486926 ], [ 30.246134040016269, 60.546362586668636 ], [ 30.246178680016193, 60.546404982663759 ], [ 30.246787080016205, 60.547131990103509 ], [ 30.246844680016206, 60.547283868338532 ], [ 30.246816960016247, 60.547901906273367 ], [ 30.246785640016263, 60.548605249703009 ], [ 30.246554160016252, 60.548867218432427 ], [ 30.246469200016239, 60.548907929598592 ], [ 30.246316560016275, 60.548830843847149 ], [ 30.246401880016233, 60.548790044081215 ], [ 30.246567120016248, 60.548602948616917 ], [ 30.246595920016208, 60.547953327771985 ], [ 30.246605640016199, 60.547737994169367 ], [ 30.24662580001625, 60.547281478651549 ], [ 30.246584760016269, 60.547173057482134 ], [ 30.24652464001624, 60.547101012520478 ], [ 30.24652464001624, 60.547100835505617 ], [ 30.246472440016237, 60.547038614727498 ], [ 30.245961960016238, 60.546430030793452 ], [ 30.245368680016217, 60.545972700225498 ], [ 30.244327560016259, 60.545479781446268 ], [ 30.244470120016189, 60.545398173410824 ] ] ] } },
{ "type": "Feature", "properties": { }, "geometry": { "type": "Polygon", "coordinates": [ [ [ 30.14676828001615, 60.512902714610732 ], [ 30.147281640016214, 60.513731654575338 ], [ 30.147824160016164, 60.514605934669063 ], [ 30.148428960016144, 60.514712072863652 ], [ 30.148684920016212, 60.515002134903909 ], [ 30.148133040016198, 60.51509152735494 ], [ 30.147603480016151, 60.515192348277289 ], [ 30.147347880016206, 60.51524107532412 ], [ 30.147309360016166, 60.515241163918652 ], [ 30.147269760016215, 60.515241252513221 ], [ 30.147297120016145, 60.51528634711466 ], [ 30.146602320016171, 60.51542721196828 ], [ 30.146637240016187, 60.515467079268461 ], [ 30.146302800016194, 60.515548054033786 ], [ 30.146245560016219, 60.515567101678982 ], [ 30.146149080016148, 60.515535473722494 ], [ 30.145861440016162, 60.515650025250196 ], [ 30.145188960016153, 60.514877746979906 ], [ 30.145538520016135, 60.514066733094815 ], [ 30.145540680016222, 60.514067176083678 ], [ 30.146141880016177, 60.514130169039888 ], [ 30.146418360016135, 60.513490488038734 ], [ 30.146299200016163, 60.513457174665525 ], [ 30.146573520016211, 60.512986176606269 ], [ 30.146520960016176, 60.512928851882975 ], [ 30.148550280016213, 60.512471225068929 ], [ 30.150553680016166, 60.512019705424429 ], [ 30.150584640016206, 60.512042387880093 ], [ 30.14676828001615, 60.512902714610732 ] ] ] } },
{ "type": "Feature", "properties": { }, "geometry": { "type": "Polygon", "coordinates": [ [ [ 30.254487840016285, 60.557928968372075 ], [ 30.254403600016232, 60.557994707310804 ], [ 30.254318280016271, 60.558055756811221 ], [ 30.254122800016276, 60.558181217596648 ], [ 30.253760280016209, 60.558398605125454 ], [ 30.253689000016241, 60.558375424270103 ], [ 30.253109400016275, 60.558190507691862 ], [ 30.253379400016236, 60.55749613207707 ], [ 30.253033800016219, 60.557457643695969 ], [ 30.253043520016217, 60.557393850209387 ], [ 30.253201560016262, 60.556960741311052 ], [ 30.253223880016222, 60.556992859698141 ], [ 30.253269240016195, 60.557033118237463 ], [ 30.253411080016249, 60.557155309233394 ], [ 30.253560480016215, 60.557275199298431 ], [ 30.253769280016236, 60.557432427145564 ], [ 30.254177520016221, 60.557716886389613 ], [ 30.254134680016268, 60.557735466844157 ], [ 30.254204520016209, 60.557781033151805 ], [ 30.25424556001628, 60.557764399244988 ], [ 30.254487840016285, 60.557928968372075 ] ] ] } },
{ "type": "Feature", "properties": { }, "geometry": { "type": "Polygon", "coordinates": [ [ [ 30.241789560016198, 60.515304686158601 ], [ 30.241395000016261, 60.515025081057082 ], [ 30.241370520016211, 60.515031459907647 ], [ 30.241177560016247, 60.514852408640515 ], [ 30.241128240016209, 60.514816438796082 ], [ 30.240848520016254, 60.514563674205931 ], [ 30.240661680016249, 60.514330930583917 ], [ 30.240320400016234, 60.514044760839035 ], [ 30.240253800016202, 60.513881740411534 ], [ 30.240195840016263, 60.513835403477231 ], [ 30.24004428001621, 60.513795977161671 ], [ 30.239965800016186, 60.513766828236868 ], [ 30.239801640016267, 60.513666888866901 ], [ 30.239589600016245, 60.513608413560661 ], [ 30.239215560016213, 60.513527522546376 ], [ 30.239103600016207, 60.513545153792322 ], [ 30.23891136001621, 60.513459655449793 ], [ 30.23880300001623, 60.513487564259989 ], [ 30.238800120016261, 60.513480564909855 ], [ 30.238521120016273, 60.513313820450591 ], [ 30.238512120016249, 60.5132639387054 ], [ 30.238255440016214, 60.513473211160623 ], [ 30.237900480016233, 60.5136801786945 ], [ 30.237829920016242, 60.51378747170304 ], [ 30.237784560016259, 60.513794470986873 ], [ 30.23709012001623, 60.512826960702498 ], [ 30.238554240016231, 60.512624240600992 ], [ 30.238747920016252, 60.512600583933065 ], [ 30.238890480016185, 60.51257621843309 ], [ 30.238991640016199, 60.512358611555072 ], [ 30.239044200016234, 60.512214632259465 ], [ 30.239073720016254, 60.512103524107189 ], [ 30.239065080016257, 60.512003047985957 ], [ 30.239107920016206, 60.511999503849026 ], [ 30.239135640016247, 60.511993921832513 ], [ 30.239462880016188, 60.511981428744555 ], [ 30.239629920016259, 60.512040438607158 ], [ 30.2398812000162, 60.512077651978807 ], [ 30.240094320016215, 60.512081639123203 ], [ 30.240295200016213, 60.512049653350786 ], [ 30.24048096001621, 60.512092005696431 ], [ 30.240567360016264, 60.512117877813409 ], [ 30.240687960016267, 60.512112207214159 ], [ 30.240937440016239, 60.512048324301411 ], [ 30.241126800016268, 60.512019173804191 ], [ 30.242030400016265, 60.511672909965228 ], [ 30.242064960016247, 60.51162444336498 ], [ 30.242105280016254, 60.511434386253228 ], [ 30.242144160016238, 60.511406564279461 ], [ 30.242365920016258, 60.511133305152804 ], [ 30.24255240001623, 60.510947321050473 ], [ 30.242615040016197, 60.510872094209418 ], [ 30.242769120016273, 60.510739715810651 ], [ 30.24257904001627, 60.510726158956132 ], [ 30.242432880016224, 60.510686374428829 ], [ 30.242419560016195, 60.510680526365029 ], [ 30.243071160016193, 60.510383868652184 ], [ 30.243764880016258, 60.510013662953803 ], [ 30.243610080016204, 60.51012141114726 ], [ 30.243526920016247, 60.510209665157248 ], [ 30.243766320016192, 60.510610172302435 ], [ 30.243759840016196, 60.51101271243823 ], [ 30.243661920016272, 60.511125153418405 ], [ 30.243350160016266, 60.511313617448643 ], [ 30.243276360016274, 60.511433411598503 ], [ 30.243244320016228, 60.511742552887249 ], [ 30.243118680016256, 60.512035654027706 ], [ 30.243094200016213, 60.512056830216615 ], [ 30.243070080016196, 60.51208252515525 ], [ 30.243007440016218, 60.512167052499301 ], [ 30.242995560016229, 60.512176444412781 ], [ 30.242925720016199, 60.512265401647191 ], [ 30.242634480016186, 60.512371547509652 ], [ 30.242446920016214, 60.512459440982347 ], [ 30.242023920016265, 60.51255451097218 ], [ 30.241937520016215, 60.51258667344986 ], [ 30.241908720016262, 60.51269831155436 ], [ 30.241907280016228, 60.512725866614652 ], [ 30.24184248001626, 60.512730119483599 ], [ 30.241710000016262, 60.512942053412459 ], [ 30.241620000016184, 60.513213702483014 ], [ 30.241645200016208, 60.513344741778042 ], [ 30.241769040016205, 60.513416684695052 ], [ 30.241859760016251, 60.513568455374049 ], [ 30.24196596001623, 60.51367592595026 ], [ 30.242004120016247, 60.513670078426024 ], [ 30.242159640016265, 60.513926305316375 ], [ 30.242137320016216, 60.513984514254886 ], [ 30.242287440016234, 60.514237017571659 ], [ 30.242239560016223, 60.514257926530021 ], [ 30.242327040016274, 60.51438807563266 ], [ 30.242387520016244, 60.51442156524228 ], [ 30.242425320016228, 60.514429007373046 ], [ 30.242560680016194, 60.514485797862292 ], [ 30.242666160016203, 60.514554903159535 ], [ 30.242772360016275, 60.514797922284181 ], [ 30.242789280016236, 60.514940738360089 ], [ 30.243015720016274, 60.515080895956451 ], [ 30.243118680016256, 60.515107031471494 ], [ 30.243170160016206, 60.515142203639812 ], [ 30.243374280016198, 60.51523230446108 ], [ 30.243384360016226, 60.515263046768489 ], [ 30.243424680016233, 60.515344996580936 ], [ 30.243471840016269, 60.51539204010934 ], [ 30.243533760016273, 60.515479393824592 ], [ 30.243699000016193, 60.515788407916659 ], [ 30.243600720016239, 60.515795318175151 ], [ 30.242920320016207, 60.515555407312121 ], [ 30.242783520016207, 60.51560555130996 ], [ 30.24278280001624, 60.515605639903534 ], [ 30.242270520016266, 60.515790356964054 ], [ 30.242226600016235, 60.515806923862378 ], [ 30.241928880016221, 60.515913855456844 ], [ 30.241927800016224, 60.515907211001881 ], [ 30.241961640016232, 60.515650379623963 ], [ 30.241789560016198, 60.515304686158601 ] ], [ [ 30.239187480016227, 60.513001415928294 ], [ 30.239001360016196, 60.513151239346527 ], [ 30.238892280016248, 60.513255964707049 ], [ 30.239600760016273, 60.513340754789063 ], [ 30.239601840016274, 60.513345096177069 ], [ 30.239604000016271, 60.513376283273629 ], [ 30.239709480016192, 60.513378409665478 ], [ 30.239810280016265, 60.513375574476328 ], [ 30.239862120016237, 60.513371410291754 ], [ 30.239888400016255, 60.513362195924074 ], [ 30.239963280016251, 60.513320731236938 ], [ 30.240016560016254, 60.513272532901439 ], [ 30.240050760016207, 60.513224511694418 ], [ 30.240063000016235, 60.513172149005626 ], [ 30.240046800016241, 60.513085763674169 ], [ 30.240140040016229, 60.513087447082832 ], [ 30.240132120016202, 60.512819695406108 ], [ 30.240137880016228, 60.512797367899637 ], [ 30.24015804001619, 60.512717803882389 ], [ 30.240163800016212, 60.512695299102639 ], [ 30.240161280016189, 60.512456782917113 ], [ 30.239782560016216, 60.512633720983665 ], [ 30.239825040016228, 60.512686438948812 ], [ 30.239807400016208, 60.512692109447556 ], [ 30.239849880016216, 60.512804012992433 ], [ 30.239887320016255, 60.512914941540707 ], [ 30.239898120016253, 60.512972000486279 ], [ 30.239905320016216, 60.513075486019424 ], [ 30.239525160016218, 60.5130492602649 ], [ 30.239187480016227, 60.513001415928294 ] ] ] } },
{ "type": "Feature", "properties": { }, "geometry": { "type": "Polygon", "coordinates": [ [ [ 30.185109000016173, 60.530514277378145 ], [ 30.184812000016226, 60.53015864740842 ], [ 30.184670880016231, 60.529876071109044 ], [ 30.184565040016189, 60.529612708840304 ], [ 30.184534080016238, 60.529404160534028 ], [ 30.184576200016217, 60.529135658146409 ], [ 30.184693560016221, 60.528908952549799 ], [ 30.184897680016217, 60.528618395126387 ], [ 30.185130960016192, 60.528383007164152 ], [ 30.186667080016218, 60.526940709320982 ], [ 30.187012320016208, 60.526703892150948 ], [ 30.187374480016242, 60.526492225376103 ], [ 30.189627360016168, 60.525343001198124 ], [ 30.191244480016245, 60.524504704291928 ], [ 30.191318640016181, 60.524550760258485 ], [ 30.189735720016241, 60.525417928739898 ], [ 30.18723084001622, 60.526707966058559 ], [ 30.186616680016179, 60.5271347493238 ], [ 30.186324360016169, 60.527447814608543 ], [ 30.185292960016209, 60.528423744104764 ], [ 30.185123760016225, 60.528636726622693 ], [ 30.184960680016218, 60.528795599156233 ], [ 30.184913880016211, 60.528925955524592 ], [ 30.184663680016175, 60.529124057234462 ], [ 30.184770240016181, 60.529158417175246 ], [ 30.184823880016218, 60.529175774244891 ], [ 30.184736760016204, 60.529418152352044 ], [ 30.18477348001618, 60.529646979707351 ], [ 30.184880400016219, 60.529795309269161 ], [ 30.185009640016222, 60.530066020037033 ], [ 30.185187480016197, 60.530272793011143 ], [ 30.185400960016153, 60.530482044145437 ], [ 30.185883360016167, 60.531005033237321 ], [ 30.186059760016207, 60.531193115972258 ], [ 30.186201240016228, 60.531349407997475 ], [ 30.186076320016227, 60.531376858643569 ], [ 30.186009720016202, 60.531391469461845 ], [ 30.185866080016172, 60.531364018828135 ], [ 30.185109000016173, 60.530514277378145 ] ] ] } },
{ "type": "Feature", "properties": { }, "geometry": { "type": "Polygon", "coordinates": [ [ [ 30.163581000016158, 60.507559104595757 ], [ 30.163071240016215, 60.507649846813557 ], [ 30.162573360016179, 60.507738639245588 ], [ 30.162076920016176, 60.507827076974955 ], [ 30.161580840016196, 60.50791542584841 ], [ 30.16108404001616, 60.508004040324089 ], [ 30.160673280016145, 60.508077147084045 ], [ 30.160568160016169, 60.508095933279385 ], [ 30.160359720016178, 60.508108427865494 ], [ 30.159979920016205, 60.50813120167328 ], [ 30.159973080016179, 60.508097528333209 ], [ 30.160042200016147, 60.508032396905115 ], [ 30.160337040016191, 60.508017066631552 ], [ 30.1605033600162, 60.508008471041471 ], [ 30.160619640016204, 60.507988089736308 ], [ 30.161020680016222, 60.507917552598663 ], [ 30.161517840016202, 60.507830267109021 ], [ 30.162015000016172, 60.507742892769173 ], [ 30.162512160016146, 60.507655518193722 ], [ 30.163011480016213, 60.507567700305025 ], [ 30.163410720016174, 60.507497516715254 ], [ 30.163558680016195, 60.507522949422516 ], [ 30.163581000016158, 60.507559104595757 ] ] ] } },
{ "type": "Feature", "properties": { }, "geometry": { "type": "Polygon", "coordinates": [ [ [ 30.24613512001627, 60.571076838806611 ], [ 30.245620320016279, 60.571164572979946 ], [ 30.245435280016242, 60.571254341066101 ], [ 30.2454064800162, 60.5713171343575 ], [ 30.245402160016202, 60.571318814739683 ], [ 30.245341680016232, 60.571456252017796 ], [ 30.245110560016247, 60.571534698902333 ], [ 30.244821480016235, 60.571412650679477 ], [ 30.244816800016203, 60.571410528097609 ], [ 30.244473000016249, 60.571495519704193 ], [ 30.244398480016194, 60.571588736048042 ], [ 30.244421160016273, 60.571599614218627 ], [ 30.24442188001624, 60.571599437337866 ], [ 30.244448880016233, 60.571611907431432 ], [ 30.245263560016234, 60.571766147056444 ], [ 30.245288400016221, 60.571770834373012 ], [ 30.245643720016233, 60.571908623487275 ], [ 30.245835240016266, 60.571982824185476 ], [ 30.246012720016211, 60.572051541485912 ], [ 30.246800760016257, 60.572336579641842 ], [ 30.24745164001628, 60.572620288719996 ], [ 30.247077960016274, 60.572774169784296 ], [ 30.247113600016263, 60.572810252134694 ], [ 30.247179120016199, 60.572876845190343 ], [ 30.246253920016215, 60.572628071228173 ], [ 30.245970600016229, 60.572528932546149 ], [ 30.245737680016283, 60.572385309152502 ], [ 30.245483160016246, 60.572059677887573 ], [ 30.244745520016235, 60.572220636717553 ], [ 30.244569840016261, 60.572112387570733 ], [ 30.244364280016239, 60.571985654244507 ], [ 30.244304160016203, 60.571948598139684 ], [ 30.243948480016261, 60.57182637460015 ], [ 30.24326448001619, 60.571713790568992 ], [ 30.244155840016248, 60.571473144204028 ], [ 30.245005080016238, 60.571243728103397 ], [ 30.245521680016203, 60.571085682988077 ], [ 30.245802480016252, 60.570999717441389 ], [ 30.24613512001627, 60.571076838806611 ] ] ] } },
{ "type": "Feature", "properties": { }, "geometry": { "type": "Polygon", "coordinates": [ [ [ 30.245938560016274, 60.570958149656775 ], [ 30.246313680016218, 60.570843351539864 ], [ 30.247548120016265, 60.570498689412616 ], [ 30.248996400016214, 60.570127048071555 ], [ 30.250112400016249, 60.569840752197166 ], [ 30.250520640016241, 60.569740897401694 ], [ 30.250607040016195, 60.569709676131289 ], [ 30.25068840001628, 60.569801747836351 ], [ 30.248321400016259, 60.570686365781626 ], [ 30.247383600016224, 60.570863870185477 ], [ 30.247335360016276, 60.570872095328497 ], [ 30.246287760016234, 60.571050748457097 ], [ 30.245938560016274, 60.570958149656775 ] ] ] } },
{ "type": "Feature", "properties": { }, "geometry": { "type": "Polygon", "coordinates": [ [ [ 30.24307368001622, 60.583790326752421 ], [ 30.243056400016226, 60.584045910488193 ], [ 30.24244656001628, 60.584009752275492 ], [ 30.242204640016215, 60.583987473845539 ], [ 30.242304720016225, 60.583901719428212 ], [ 30.242625840016188, 60.583718098121643 ], [ 30.242849040016239, 60.58357257948407 ], [ 30.24307368001622, 60.583790326752421 ] ] ] } },
{ "type": "Feature", "properties": { }, "geometry": { "type": "Polygon", "coordinates": [ [ [ 30.218677560016236, 60.577343042300207 ], [ 30.219400080016253, 60.577284593533307 ], [ 30.219837120016198, 60.577203507852609 ], [ 30.220068240016175, 60.577179633076902 ], [ 30.21998076001622, 60.577058401999039 ], [ 30.219930360016182, 60.576955474600048 ], [ 30.219900120016199, 60.576957066263347 ], [ 30.219861600016241, 60.576923641317499 ], [ 30.219891480016202, 60.576811605598635 ], [ 30.219916320016186, 60.576803205114686 ], [ 30.219853680016218, 60.576693556492756 ], [ 30.219853320016185, 60.576692849081063 ], [ 30.220061400016242, 60.576679231403389 ], [ 30.220091640016225, 60.576706732032306 ], [ 30.220140960016263, 60.57682955609905 ], [ 30.220149240016227, 60.576913560771452 ], [ 30.220201440016233, 60.576932218621728 ], [ 30.220464960016201, 60.577265759036777 ], [ 30.220498800016209, 60.577265493762077 ], [ 30.220727760016196, 60.577382037560916 ], [ 30.220611480016192, 60.577473468441156 ], [ 30.22045596001626, 60.577387785157718 ], [ 30.220364160016217, 60.577416876824309 ], [ 30.220288200016228, 60.577508396030254 ], [ 30.220300800016183, 60.577671892014806 ], [ 30.220705080016202, 60.578024082015048 ], [ 30.220305840016248, 60.578132753474691 ], [ 30.220007400016172, 60.578207735684494 ], [ 30.220014960016265, 60.578215163158077 ], [ 30.219870960016213, 60.578412432694606 ], [ 30.219870600016179, 60.578412432694606 ], [ 30.219774480016227, 60.578340280462363 ], [ 30.219631200016231, 60.578217373715361 ], [ 30.219414480016184, 60.57801815768579 ], [ 30.21901740001622, 60.577655179915922 ], [ 30.218835600016192, 60.5774942481506 ], [ 30.218677560016236, 60.577343042300207 ] ] ] } },
{ "type": "Feature", "properties": { }, "geometry": { "type": "Polygon", "coordinates": [ [ [ 30.254271840016209, 60.579307336879779 ], [ 30.254035680016255, 60.579319273483812 ], [ 30.253440600016269, 60.579242437044208 ], [ 30.253410000016252, 60.579237839230757 ], [ 30.252259080016199, 60.579064624974073 ], [ 30.25222596001624, 60.579064094454239 ], [ 30.251977560016268, 60.57905206933593 ], [ 30.251863080016232, 60.579119622148518 ], [ 30.25191168001621, 60.579204416644018 ], [ 30.251907720016245, 60.579378602761544 ], [ 30.251710800016216, 60.579761543660616 ], [ 30.251493000016261, 60.579871712379031 ], [ 30.251243880016229, 60.579837494687283 ], [ 30.250945080016219, 60.579788334322529 ], [ 30.25045908001627, 60.579745097896755 ], [ 30.250351440016257, 60.579655441811084 ], [ 30.250264320016239, 60.579536518907311 ], [ 30.250149120016232, 60.579323871285709 ], [ 30.249939240016218, 60.57893606208215 ], [ 30.250527120016237, 60.578796799775446 ], [ 30.250739160016256, 60.578731898914477 ], [ 30.250639800016213, 60.578504037502455 ], [ 30.250629720016278, 60.578480428952282 ], [ 30.250550160016257, 60.578298014741662 ], [ 30.250471320016203, 60.578099683435362 ], [ 30.250428840016287, 60.577992249785176 ], [ 30.250274400016266, 60.57760203715236 ], [ 30.250174680016283, 60.577474971654631 ], [ 30.25002996001626, 60.577291136970878 ], [ 30.249792000016253, 60.577090146723457 ], [ 30.249434520016248, 60.576863157994218 ], [ 30.248929800016271, 60.576542877456937 ], [ 30.248752680016263, 60.576374512257196 ], [ 30.24873684001621, 60.576209506436143 ], [ 30.248949960016233, 60.575798845204517 ], [ 30.249012960016234, 60.575767364498539 ], [ 30.249036360016277, 60.575755691869439 ], [ 30.249191520016264, 60.575678227951229 ], [ 30.24947772001622, 60.575535325989335 ], [ 30.249745560016279, 60.575388886194595 ], [ 30.251258640016278, 60.575944221999499 ], [ 30.252099960016238, 60.576501405228143 ], [ 30.252178080016236, 60.576733613653424 ], [ 30.252728160016275, 60.576653852988677 ], [ 30.253007520016201, 60.576586206594378 ], [ 30.253682520016245, 60.576510159498334 ], [ 30.253694760016273, 60.576619366609293 ], [ 30.253825440016204, 60.577832734472068 ], [ 30.253796280016218, 60.577951221531549 ], [ 30.25379592001628, 60.577951221531549 ], [ 30.253716360016259, 60.578273344975379 ], [ 30.254132880016211, 60.579048355695548 ], [ 30.254271840016209, 60.579307336879779 ] ] ] } },
{ "type": "Feature", "properties": { }, "geometry": { "type": "Polygon", "coordinates": [ [ [ 30.156458760016221, 60.512734372351986 ], [ 30.156145920016215, 60.51234948550178 ], [ 30.156121800016198, 60.512325031210388 ], [ 30.156086880016186, 60.512289501573022 ], [ 30.156184800016206, 60.512252288444692 ], [ 30.156242760016141, 60.512242542142161 ], [ 30.156312600016168, 60.512313158468096 ], [ 30.15663084001617, 60.512704779464507 ], [ 30.157091640016191, 60.513468249593899 ], [ 30.157436880016174, 60.514040419544806 ], [ 30.157264080016169, 60.514068593648005 ], [ 30.156811200016179, 60.513318516241469 ], [ 30.156458760016221, 60.512734372351986 ] ] ] } },
{ "type": "Feature", "properties": { }, "geometry": { "type": "Polygon", "coordinates": [ [ [ 30.249745560016279, 60.575388886194595 ], [ 30.249804240016275, 60.575260662399529 ], [ 30.2499054000162, 60.575113337052372 ], [ 30.249829080016266, 60.574970874748445 ], [ 30.249763920016267, 60.574864403442056 ], [ 30.249566280016271, 60.574781189328007 ], [ 30.249437760016239, 60.57469620636126 ], [ 30.249399960016255, 60.574487506347971 ], [ 30.249459000016202, 60.574261206802149 ], [ 30.249336960016254, 60.574197888630621 ], [ 30.249086760016226, 60.574137930806373 ], [ 30.248768520016228, 60.574131386730372 ], [ 30.248539560016248, 60.57416985526649 ], [ 30.24818640001623, 60.574229105565884 ], [ 30.247987320016204, 60.574273233703366 ], [ 30.24780408001623, 60.574344422255081 ], [ 30.247510320016193, 60.574351585318041 ], [ 30.247217280016208, 60.574341415536772 ], [ 30.247043760016233, 60.57422786750103 ], [ 30.246866280016196, 60.574019164463337 ], [ 30.247695360016223, 60.573808868259626 ], [ 30.248324280016227, 60.573640223511283 ], [ 30.248542800016242, 60.573697794523255 ], [ 30.249281880016195, 60.573892173311393 ], [ 30.250123920016215, 60.574017130486432 ], [ 30.250282320016201, 60.57410759811841 ], [ 30.250420560016224, 60.574106979083673 ], [ 30.250556640016256, 60.574108040286085 ], [ 30.250747080016282, 60.574052769280776 ], [ 30.25090872001627, 60.574005722526579 ], [ 30.251058840016196, 60.574112019794839 ], [ 30.251241720016232, 60.574346986808663 ], [ 30.251324160016221, 60.574457439285858 ], [ 30.251464200016212, 60.574617767149938 ], [ 30.251729880016271, 60.57494620244205 ], [ 30.252370320016233, 60.575628707540943 ], [ 30.252536280016216, 60.575656651210373 ], [ 30.252526920016251, 60.575683445275736 ], [ 30.252657600016278, 60.575809545100412 ], [ 30.252705840016226, 60.575841114194091 ], [ 30.252802680016242, 60.575841644766847 ], [ 30.253499640016212, 60.575785580865855 ], [ 30.253721760016258, 60.575758344740059 ], [ 30.253779720016198, 60.575735530045598 ], [ 30.254255280016277, 60.57567893538512 ], [ 30.254946480016212, 60.575566983780455 ], [ 30.254987160016256, 60.575575119297177 ], [ 30.25502604001624, 60.575584846542725 ], [ 30.255063480016279, 60.575596165515712 ], [ 30.255098760016239, 60.575608899355572 ], [ 30.255132240016216, 60.575622871201865 ], [ 30.255162840016233, 60.575638169482332 ], [ 30.255298560016232, 60.575724830125189 ], [ 30.255269760016272, 60.575726863994632 ], [ 30.254793120016199, 60.575784696576427 ], [ 30.254355000016254, 60.575851902504759 ], [ 30.253621320016212, 60.575942099715235 ], [ 30.253682520016245, 60.576510159498334 ], [ 30.253007520016201, 60.576586206594378 ], [ 30.252728160016275, 60.576653852988677 ], [ 30.252178080016236, 60.576733613653424 ], [ 30.252099960016238, 60.576501405228143 ], [ 30.251258640016278, 60.575944221999499 ], [ 30.249745560016279, 60.575388886194595 ] ] ] } },
{ "type": "Feature", "properties": { }, "geometry": { "type": "Polygon", "coordinates": [ [ [ 30.179157480016233, 60.503450803559637 ], [ 30.179663280016204, 60.503502118439179 ], [ 30.180448800016219, 60.503474555534723 ], [ 30.180551040016226, 60.503487583662888 ], [ 30.180804480016175, 60.503519755140672 ], [ 30.180807360016232, 60.503523743338185 ], [ 30.180882600016165, 60.503622384600177 ], [ 30.180431880016165, 60.503565131936583 ], [ 30.179651400016205, 60.50359242888478 ], [ 30.179172960016164, 60.503544038824529 ], [ 30.178026720016227, 60.503489799330431 ], [ 30.17816352001622, 60.50344743574086 ], [ 30.178320840016205, 60.503412073622684 ], [ 30.179157480016233, 60.503450803559637 ] ] ] } },
{ "type": "Feature", "properties": { }, "geometry": { "type": "Polygon", "coordinates": [ [ [ 30.15546624001615, 60.512378369894584 ], [ 30.155517720016185, 60.512369066642052 ], [ 30.15563760001622, 60.512347447644835 ], [ 30.15563472001616, 60.512344080750566 ], [ 30.1557297600162, 60.512440480112218 ], [ 30.156028560016217, 60.512808265851163 ], [ 30.156964200016166, 60.514358395658711 ], [ 30.156732000016181, 60.514371773799546 ], [ 30.153305520016215, 60.514162418550967 ], [ 30.153239640016153, 60.514106159080868 ], [ 30.153270600016199, 60.51406992261456 ], [ 30.156727320016149, 60.514281050404698 ], [ 30.155907960016215, 60.512828998529294 ], [ 30.155607720016171, 60.512459086573671 ], [ 30.15546624001615, 60.512378369894584 ] ] ] } },
{ "type": "Feature", "properties": { }, "geometry": { "type": "Polygon", "coordinates": [ [ [ 30.166167240016161, 60.50696998292382 ], [ 30.167362440016198, 60.506760225374911 ], [ 30.167773560016151, 60.506687824587658 ], [ 30.167832240016153, 60.506677456285409 ], [ 30.168881280016226, 60.505680665894303 ], [ 30.169001880016232, 60.505091953185975 ], [ 30.169230480016179, 60.504750489597726 ], [ 30.169312200016204, 60.504674982499715 ], [ 30.169424520016154, 60.504608603461911 ], [ 30.169517040016167, 60.504570495274685 ], [ 30.170011320016176, 60.50444792840576 ], [ 30.170155680016169, 60.504472300018186 ], [ 30.170187000016153, 60.504504736390352 ], [ 30.169617480016207, 60.504645913992576 ], [ 30.16955376001615, 60.504672323795866 ], [ 30.169463760016164, 60.504725497831252 ], [ 30.169398960016192, 60.504785407139906 ], [ 30.169176480016212, 60.505133073915218 ], [ 30.1690591200162, 60.50570672037189 ], [ 30.167960760016179, 60.506750122949192 ], [ 30.1677339600162, 60.506790089544808 ], [ 30.166490880016163, 60.507008885843412 ], [ 30.166167240016161, 60.50696998292382 ] ] ] } },
{ "type": "Feature", "properties": { }, "geometry": { "type": "Polygon", "coordinates": [ [ [ 30.16625796001621, 60.507091742703295 ], [ 30.166009560016239, 60.507135253547048 ], [ 30.165632280016204, 60.507201450176886 ], [ 30.165083280016166, 60.507297598990121 ], [ 30.164536440016207, 60.507393481669979 ], [ 30.164016960016191, 60.50748431296735 ], [ 30.163992840016167, 60.507448689405962 ], [ 30.164049000016234, 60.507377530781724 ], [ 30.164472360016212, 60.507303802129556 ], [ 30.165019200016165, 60.507208539500041 ], [ 30.165568560016236, 60.507112922123355 ], [ 30.165675480016187, 60.507094401208668 ], [ 30.165924600016218, 60.507051067543998 ], [ 30.16625796001621, 60.507091742703295 ] ] ] } },
{ "type": "Feature", "properties": { }, "geometry": { "type": "Polygon", "coordinates": [ [ [ 30.186041760016245, 60.531561308671527 ], [ 30.185866080016172, 60.531364018828135 ], [ 30.186009720016202, 60.531391469461845 ], [ 30.186201240016228, 60.531349407997475 ], [ 30.186233640016212, 60.531460184494449 ], [ 30.18609756001619, 60.531490025900034 ], [ 30.186041760016245, 60.531561308671527 ] ] ] } },
{ "type": "Feature", "properties": { }, "geometry": { "type": "Polygon", "coordinates": [ [ [ 30.153888720016209, 60.504885019413919 ], [ 30.153805920016186, 60.504803752127977 ], [ 30.153692160016206, 60.503921231227224 ], [ 30.152904840016223, 60.503254051455109 ], [ 30.153414600016159, 60.50310276422735 ], [ 30.153596760016221, 60.503271422409718 ], [ 30.153857040016192, 60.503819754849388 ], [ 30.153899520016196, 60.50453371640026 ], [ 30.154010040016178, 60.504854533127649 ], [ 30.153888720016209, 60.504885019413919 ] ] ] } },
{ "type": "Feature", "properties": { }, "geometry": { "type": "Polygon", "coordinates": [ [ [ 30.150584640016206, 60.512042387880093 ], [ 30.154429800016217, 60.511184342051891 ], [ 30.155477400016171, 60.512237048770309 ], [ 30.155352840016199, 60.51225804762209 ], [ 30.154370760016189, 60.511270466636716 ], [ 30.150658440016205, 60.512096347251749 ], [ 30.150584640016206, 60.512042387880093 ] ] ] } },
{ "type": "Feature", "properties": { }, "geometry": { "type": "Polygon", "coordinates": [ [ [ 30.250213200016233, 60.505394951473193 ], [ 30.250174320016257, 60.505416486487881 ], [ 30.250126080016212, 60.505440059779708 ], [ 30.250049040016222, 60.50546265822004 ], [ 30.249234360016214, 60.505676943824376 ], [ 30.249168840016278, 60.505650003114908 ], [ 30.248900640016195, 60.505593463000586 ], [ 30.248494920016235, 60.505534707260026 ], [ 30.248330400016194, 60.505524338588849 ], [ 30.24817812001627, 60.505541087979083 ], [ 30.248205120016255, 60.505575118459525 ], [ 30.247656120016217, 60.505591867823519 ], [ 30.247515720016185, 60.505671537960119 ], [ 30.247380360016226, 60.505710796920937 ], [ 30.247272360016275, 60.505973024290384 ], [ 30.24718992001619, 60.505969213634096 ], [ 30.246761160016217, 60.506412576054622 ], [ 30.246780240016271, 60.506437920994742 ], [ 30.246631920016217, 60.506513955696128 ], [ 30.24640296001623, 60.506788139955944 ], [ 30.246360480016225, 60.506847070659141 ], [ 30.24607428001627, 60.50720455175599 ], [ 30.245888880016206, 60.507294763268824 ], [ 30.245845320016201, 60.507279964344377 ], [ 30.245754240016215, 60.507356351534654 ], [ 30.245556240016278, 60.50749193392317 ], [ 30.24529272001622, 60.507623793898134 ], [ 30.245169600016183, 60.507675368016528 ], [ 30.245167080016248, 60.507667747103845 ], [ 30.245207040016229, 60.507125151238235 ], [ 30.245169600016183, 60.507047877333321 ], [ 30.245106240016248, 60.507016063825766 ], [ 30.244629240016238, 60.506921952375528 ], [ 30.244463280016252, 60.506914065433691 ], [ 30.244284720016214, 60.506886328195947 ], [ 30.243897000016219, 60.506813395984729 ], [ 30.243359160016201, 60.506696066056271 ], [ 30.243654360016276, 60.506442795019417 ], [ 30.243779280016277, 60.506338490731473 ], [ 30.243744360016262, 60.506224703852659 ], [ 30.243754440016197, 60.50599562235913 ], [ 30.243963600016251, 60.505724355873738 ], [ 30.244083840016224, 60.505496157055617 ], [ 30.243765600016225, 60.505318471037945 ], [ 30.243922200016243, 60.50503922286412 ], [ 30.243968280016187, 60.505050566537243 ], [ 30.24422172001622, 60.505014142697753 ], [ 30.244302000016205, 60.505000937938057 ], [ 30.244548240016272, 60.50504781924176 ], [ 30.244578120016225, 60.50502477739964 ], [ 30.244630320016238, 60.504979402647265 ], [ 30.244829760016199, 60.50481615936036 ], [ 30.244918680016283, 60.504794978439328 ], [ 30.24507060001627, 60.504790281413122 ], [ 30.245260320016236, 60.504746767420968 ], [ 30.245351760016252, 60.504669753715298 ], [ 30.245459760016203, 60.504517498232772 ], [ 30.245412600016255, 60.504273870248056 ], [ 30.24543816001621, 60.504273338500724 ], [ 30.245581800016232, 60.504247903243204 ], [ 30.246972480016264, 60.504020757532004 ], [ 30.247949520016228, 60.504232659804003 ], [ 30.248082720016285, 60.504245067255034 ], [ 30.247957440016251, 60.504492151790792 ], [ 30.24882072001623, 60.504577142054728 ], [ 30.249303840016214, 60.50462464433663 ], [ 30.249107280016219, 60.504708304902699 ], [ 30.248967240016221, 60.504750400974466 ], [ 30.249146520016229, 60.504940054177766 ], [ 30.249145080016202, 60.504944751182258 ], [ 30.249284760016252, 60.50503736179239 ], [ 30.249427320016274, 60.50509930883748 ], [ 30.249859680016193, 60.505287453428757 ], [ 30.250032480016202, 60.505385646215544 ], [ 30.25009152001623, 60.50539672390294 ], [ 30.250213200016233, 60.505394951473193 ] ] ] } },
{ "type": "Feature", "properties": { }, "geometry": { "type": "Polygon", "coordinates": [ [ [ 30.2435622000162, 60.555603157287685 ], [ 30.243474360016211, 60.555578824133605 ], [ 30.243258720016254, 60.555519274192164 ], [ 30.243289320016267, 60.555460962924798 ], [ 30.243329280016248, 60.55538486612032 ], [ 30.243522600016249, 60.555200817295002 ], [ 30.243656160016243, 60.555141178172136 ], [ 30.243823920016194, 60.555081804396046 ], [ 30.243909240016247, 60.555057559335395 ], [ 30.244023360016254, 60.555008626730711 ], [ 30.24410688001624, 60.554924122691112 ], [ 30.243750480016228, 60.554457267075442 ], [ 30.244698000016264, 60.554235782609894 ], [ 30.244853520016274, 60.554386742621936 ], [ 30.245045040016215, 60.554550001630979 ], [ 30.24534600001623, 60.554465319418576 ], [ 30.245306400016272, 60.554996504175264 ], [ 30.244164840016275, 60.554973763310755 ], [ 30.244088880016189, 60.55505508173696 ], [ 30.244017600016221, 60.555038711885246 ], [ 30.243852360016213, 60.55520594943988 ], [ 30.243924720016267, 60.555223204059025 ], [ 30.243867480016203, 60.555298504878863 ], [ 30.2435622000162, 60.555603157287685 ] ] ] } },
{ "type": "Feature", "properties": { }, "geometry": { "type": "Polygon", "coordinates": [ [ [ 30.254946120016275, 60.575566983780455 ], [ 30.25540224001627, 60.575385791143468 ], [ 30.255921360016263, 60.575336447145432 ], [ 30.255925680016261, 60.575336004994568 ], [ 30.255937200016227, 60.575332733078007 ], [ 30.255953760016247, 60.57532795784784 ], [ 30.256003080016196, 60.57543831854251 ], [ 30.256156800016246, 60.575781866850058 ], [ 30.255759000016226, 60.575717048362698 ], [ 30.255613200016199, 60.575700954257002 ], [ 30.255545160016229, 60.575706083148681 ], [ 30.255298560016232, 60.575724830125189 ], [ 30.255162840016233, 60.575638169482332 ], [ 30.255132240016216, 60.575622871201865 ], [ 30.255098760016239, 60.575608899355572 ], [ 30.255063480016279, 60.575596165515712 ], [ 30.25502604001624, 60.575584846542725 ], [ 30.254987160016256, 60.575575119297177 ], [ 30.254946480016212, 60.575566983780455 ], [ 30.254946120016275, 60.575566983780455 ] ] ] } },
{ "type": "Feature", "properties": { }, "geometry": { "type": "Polygon", "coordinates": [ [ [ 30.218358240016233, 60.542505115238946 ], [ 30.21835176001624, 60.54251724247591 ], [ 30.21834384001621, 60.542623112176564 ], [ 30.218131080016221, 60.542616030602048 ], [ 30.218145480016251, 60.542527864869541 ], [ 30.217965120016242, 60.542491660196958 ], [ 30.217937400016194, 60.542458022567558 ], [ 30.217938480016194, 60.542425978267026 ], [ 30.217998960016253, 60.542328517367871 ], [ 30.218025240016182, 60.54222671865849 ], [ 30.217916880016201, 60.542194231524682 ], [ 30.21783624001618, 60.542155636413248 ], [ 30.217779360016241, 60.542151387407358 ], [ 30.217694400016221, 60.542138286302269 ], [ 30.217621680016222, 60.542102966404791 ], [ 30.217604760016265, 60.54207313478215 ], [ 30.217596120016179, 60.541920258349698 ], [ 30.217610880016231, 60.541830054719277 ], [ 30.217608000016263, 60.54181713052791 ], [ 30.21756192001622, 60.541768443459212 ], [ 30.217524480016181, 60.541685232663077 ], [ 30.217533480016201, 60.541649735226478 ], [ 30.217596480016201, 60.541576527173106 ], [ 30.217554360016226, 60.541537046098561 ], [ 30.217515120016213, 60.541418425539995 ], [ 30.217517640016236, 60.541389921132001 ], [ 30.217558320016195, 60.541355220079716 ], [ 30.217803480016258, 60.541206235292101 ], [ 30.21783876001621, 60.541173924181138 ], [ 30.217850640016206, 60.541143560559711 ], [ 30.21783732001618, 60.541091774142657 ], [ 30.217819680016248, 60.541092482333553 ], [ 30.217747680016224, 60.541079380799786 ], [ 30.217713480016176, 60.541048840041789 ], [ 30.217574160016248, 60.540841781794555 ], [ 30.217547520016197, 60.54071545702304 ], [ 30.21749604001625, 60.540672433897846 ], [ 30.21747840001623, 60.540665351896436 ], [ 30.21725664001621, 60.540607899102866 ], [ 30.216885120016208, 60.540476881564949 ], [ 30.21682716001618, 60.540436159789699 ], [ 30.216797640016253, 60.540391365777765 ], [ 30.216794040016229, 60.540342942141777 ], [ 30.216756960016216, 60.540307089128753 ], [ 30.216712680016233, 60.54024928159447 ], [ 30.21653016001623, 60.54010099992805 ], [ 30.216446280016207, 60.540023362032287 ], [ 30.216432960016181, 60.539992643223961 ], [ 30.216436560016216, 60.53994085496516 ], [ 30.21642252001622, 60.539871892351748 ], [ 30.216429360016246, 60.539829310741744 ], [ 30.216458520016236, 60.539799034386206 ], [ 30.216328920016203, 60.539743350605683 ], [ 30.216304800016186, 60.539715287360465 ], [ 30.21628464001623, 60.53970723134551 ], [ 30.216315600016181, 60.539662082213532 ], [ 30.216319920016179, 60.539655708213381 ], [ 30.216322800016236, 60.53965154740704 ], [ 30.216354120016224, 60.539612063984052 ], [ 30.216526560016206, 60.539679256596649 ], [ 30.216707640016178, 60.539773627013361 ], [ 30.216734640016252, 60.539801513153201 ], [ 30.216716640016202, 60.5398323206703 ], [ 30.216674160016193, 60.53985914443281 ], [ 30.216642120016243, 60.539870475916572 ], [ 30.216667680016197, 60.5399224413421 ], [ 30.216672000016196, 60.539969537703357 ], [ 30.216691440016181, 60.540015483147641 ], [ 30.216842640016203, 60.540147387817903 ], [ 30.217015440016212, 60.540325059903175 ], [ 30.217015800016242, 60.540367463809275 ], [ 30.21707952001621, 60.54041464804866 ], [ 30.217371120016249, 60.540514327847831 ], [ 30.217612680016199, 60.54057700379883 ], [ 30.217663800016204, 60.540599223633656 ], [ 30.217769640016243, 60.540687748720543 ], [ 30.217779720016182, 60.540715811122574 ], [ 30.217772520016208, 60.54073856201105 ], [ 30.217787640016205, 60.540820801470758 ], [ 30.217865040016228, 60.540919860348637 ], [ 30.217898880016243, 60.540982624038421 ], [ 30.218000760016221, 60.540992538742714 ], [ 30.218030640016181, 60.541030692621192 ], [ 30.218027400016179, 60.541058046534175 ], [ 30.218054760016198, 60.541109921529014 ], [ 30.218056920016199, 60.541170560282779 ], [ 30.218038920016234, 60.541213759792775 ], [ 30.218012640016216, 60.541243238113843 ], [ 30.217912200016176, 60.5412984766972 ], [ 30.21780132001626, 60.54137708528792 ], [ 30.217727880016202, 60.54142772045018 ], [ 30.217738680016193, 60.541455605164813 ], [ 30.217745160016193, 60.541502345204044 ], [ 30.217755960016188, 60.5415144728168 ], [ 30.217786560016204, 60.541533859283263 ], [ 30.217810320016198, 60.541559353796821 ], [ 30.217804560016258, 60.54158812362305 ], [ 30.217748400016191, 60.541666731510212 ], [ 30.217743000016192, 60.541671688757965 ], [ 30.217763160016251, 60.541738523006103 ], [ 30.217798440016203, 60.541775525219172 ], [ 30.217807800016256, 60.541805799725729 ], [ 30.217809960016258, 60.542042417919447 ], [ 30.217810680016225, 60.542044365387099 ], [ 30.217923720016231, 60.542061007378756 ], [ 30.218038560016211, 60.542109339922973 ], [ 30.218225040016176, 60.542171127575884 ], [ 30.218253120016257, 60.542195559337323 ], [ 30.218250600016226, 60.542218220664786 ], [ 30.218231520016172, 60.542246724343165 ], [ 30.218222520016241, 60.542306475761471 ], [ 30.218200920016251, 60.54234870003048 ], [ 30.218157720016183, 60.542413142833873 ], [ 30.218317920016226, 60.54245563252411 ], [ 30.218357880016207, 60.542477231428634 ], [ 30.218358240016233, 60.542505115238946 ] ] ] } },
{ "type": "Feature", "properties": { }, "geometry": { "type": "Polygon", "coordinates": [ [ [ 30.220561440016187, 60.565791830740778 ], [ 30.220481520016222, 60.565753882971109 ], [ 30.220316280016206, 60.56564348920611 ], [ 30.221995320016195, 60.565320974492977 ], [ 30.222319320016222, 60.565320443747517 ], [ 30.222617760016199, 60.565338577545795 ], [ 30.222806760016205, 60.565380329471942 ], [ 30.223708920016257, 60.5655239839923 ], [ 30.223504800016265, 60.565739729945356 ], [ 30.223249920016197, 60.565699570701163 ], [ 30.223026360016217, 60.565856580678485 ], [ 30.222530280016244, 60.565966708348405 ], [ 30.222188280016255, 60.56621367602424 ], [ 30.22200108001622, 60.566136366145159 ], [ 30.221965800016186, 60.566099303334404 ], [ 30.221880120016191, 60.5660288042668 ], [ 30.22164792001621, 60.565818456072371 ], [ 30.221536680016264, 60.565747337197472 ], [ 30.221131680016182, 60.565582719400538 ], [ 30.220561440016187, 60.565791830740778 ] ] ] } },
{ "type": "Feature", "properties": { }, "geometry": { "type": "Polygon", "coordinates": [ [ [ 30.259315080016219, 60.581185219941695 ], [ 30.25934856001621, 60.581301042292765 ], [ 30.259321920016248, 60.581353560076984 ], [ 30.25918836001625, 60.581390516985067 ], [ 30.259071000016245, 60.581397413245526 ], [ 30.258923760016199, 60.581359041726273 ], [ 30.258864000016285, 60.581296002702942 ], [ 30.258779040016265, 60.581195122326896 ], [ 30.258635400016242, 60.581085753850822 ], [ 30.258466560016203, 60.581045083183227 ], [ 30.258224640016227, 60.581054985611345 ], [ 30.2580255600162, 60.581009363685133 ], [ 30.257704800016267, 60.58091714707551 ], [ 30.257427240016213, 60.580856936472188 ], [ 30.257049600016238, 60.58064403229357 ], [ 30.257276400016224, 60.580310173082317 ], [ 30.257885160016265, 60.580376131769881 ], [ 30.258160920016255, 60.580238378754643 ], [ 30.259051560016257, 60.579910350917629 ], [ 30.258579960016238, 60.579334923691356 ], [ 30.259144440016211, 60.578968423903703 ], [ 30.260065680016226, 60.578770892499186 ], [ 30.260157480016268, 60.578514205973789 ], [ 30.2584687200162, 60.577959356448055 ], [ 30.257488800016272, 60.578002683686229 ], [ 30.256857000016211, 60.578030625302858 ], [ 30.256531560016246, 60.577239850532926 ], [ 30.256875000016262, 60.577253556399306 ], [ 30.257300160016211, 60.577258950319312 ], [ 30.257764560016263, 60.577504416939703 ], [ 30.258326880016241, 60.577730340081182 ], [ 30.259081080016273, 60.577899936141222 ], [ 30.259676880016229, 60.578000649959989 ], [ 30.260162880016267, 60.578284309318299 ], [ 30.261553200016277, 60.578058566895393 ], [ 30.261354840016214, 60.577758724051058 ], [ 30.260434320016266, 60.57773290436608 ], [ 30.259278360016243, 60.577214118858372 ], [ 30.258955080016271, 60.576814700513204 ], [ 30.256391520016255, 60.576596640949383 ], [ 30.256333920016246, 60.576304566162612 ], [ 30.256320240016194, 60.576235946332297 ], [ 30.256377120016229, 60.575773289240495 ], [ 30.256342920016277, 60.575696886514713 ], [ 30.256342200016217, 60.575695736935316 ], [ 30.256201080016222, 60.575380485340851 ], [ 30.25674900001626, 60.575219188525153 ], [ 30.258029520016258, 60.575786818871045 ], [ 30.258244800016278, 60.575887450847169 ], [ 30.259436760016222, 60.575917870293218 ], [ 30.259725120016267, 60.576040608930008 ], [ 30.260204640016219, 60.575809456671529 ], [ 30.260262960016284, 60.575780717273645 ], [ 30.260350800016273, 60.575830060593397 ], [ 30.260718360016217, 60.576037071800044 ], [ 30.260903400016247, 60.576131778321731 ], [ 30.26141352001622, 60.57638804163598 ], [ 30.26238660001621, 60.57679586574276 ], [ 30.262561200016275, 60.576907105683354 ], [ 30.262655160016227, 60.57697793473055 ], [ 30.264104160016238, 60.577585148169284 ], [ 30.264297480016236, 60.57787853773015 ], [ 30.264025680016218, 60.578703427378443 ], [ 30.264025320016273, 60.57870386948327 ], [ 30.263885280016275, 60.579129525166792 ], [ 30.263616360016226, 60.57900211199496 ], [ 30.263407200016267, 60.578844104816802 ], [ 30.263380200016282, 60.578823679657908 ], [ 30.263305320016283, 60.578767090405684 ], [ 30.262610520016221, 60.578619781043692 ], [ 30.26233368001623, 60.578622964206275 ], [ 30.262046400016274, 60.578707494742304 ], [ 30.261866040016276, 60.578818197578428 ], [ 30.261710520016262, 60.578913691733035 ], [ 30.261656520016285, 60.578932967370754 ], [ 30.261349800016252, 60.579041724193765 ], [ 30.261151440016285, 60.578976558564086 ], [ 30.261041280016244, 60.578964091311981 ], [ 30.260675160016234, 60.578922887451547 ], [ 30.260616120016209, 60.578923417973691 ], [ 30.260139840016251, 60.578927485309798 ], [ 30.260080080016248, 60.578957990314485 ], [ 30.260053440016204, 60.57901422555198 ], [ 30.260023920016277, 60.57907665008775 ], [ 30.25989180001622, 60.579176829721 ], [ 30.259891440016276, 60.579177271819312 ], [ 30.25991628001627, 60.579375242835155 ], [ 30.26007072001628, 60.57942661430296 ], [ 30.260215440016214, 60.57947497944842 ], [ 30.260587680016279, 60.579545183936645 ], [ 30.261165120016248, 60.579593548904633 ], [ 30.261249720016238, 60.579600445548643 ], [ 30.262120560016214, 60.579671976038881 ], [ 30.26261700001622, 60.5798317475262 ], [ 30.260085840016277, 60.580024586326644 ], [ 30.258988920016286, 60.580424495494057 ], [ 30.258735840016282, 60.580658090378492 ], [ 30.259262160016245, 60.581042077088398 ], [ 30.259315080016219, 60.581185219941695 ] ] ] } },
{ "type": "Feature", "properties": { }, "geometry": { "type": "Polygon", "coordinates": [ [ [ 30.238410960016232, 60.508957516750925 ], [ 30.238411320016265, 60.508957162303908 ], [ 30.238813080016257, 60.508977897446329 ], [ 30.239092080016242, 60.508995885614738 ], [ 30.239192880016226, 60.509010860978805 ], [ 30.239267760016222, 60.509013696549943 ], [ 30.239315280016196, 60.509000404808141 ], [ 30.23947800001627, 60.509026279393773 ], [ 30.239536680016272, 60.509024950220379 ], [ 30.240002520016262, 60.508999695915136 ], [ 30.240485280016212, 60.508956542021664 ], [ 30.240676080016271, 60.508975593542296 ], [ 30.240672480016247, 60.508947060563052 ], [ 30.240857520016277, 60.508938819666895 ], [ 30.240796680016185, 60.508756367460542 ], [ 30.240528840016225, 60.508680781082845 ], [ 30.240555480016273, 60.508615650827018 ], [ 30.24106200001621, 60.508478832557159 ], [ 30.241475640016194, 60.508423626576146 ], [ 30.241483560016224, 60.508328012784617 ], [ 30.241527480016263, 60.508319505890526 ], [ 30.2415951600162, 60.508318265301597 ], [ 30.241655640016258, 60.508147418032458 ], [ 30.241699200016271, 60.508083172846028 ], [ 30.241855800016193, 60.508095756051169 ], [ 30.241936080016277, 60.507913121868853 ], [ 30.242094120016233, 60.507715067625682 ], [ 30.242172600016254, 60.507623439436522 ], [ 30.24237132001625, 60.507610590201658 ], [ 30.242549880016199, 60.507391354885343 ], [ 30.243295800016263, 60.506750831891459 ], [ 30.243848760016277, 60.50687152908494 ], [ 30.244242960016265, 60.506945701806856 ], [ 30.244437720016204, 60.506976008891662 ], [ 30.244599000016247, 60.506983629967017 ], [ 30.245033880016191, 60.507069411249631 ], [ 30.245054040016242, 60.507079424958924 ], [ 30.24507888001623, 60.507135430780515 ], [ 30.24503928001619, 60.507671291714637 ], [ 30.245055120016243, 60.507723397448189 ], [ 30.244792320016249, 60.50783354585753 ], [ 30.244627800016207, 60.50802858649098 ], [ 30.244627800016207, 60.50802849787668 ], [ 30.244578120016225, 60.507933060148368 ], [ 30.244548600016216, 60.507864295185733 ], [ 30.244036680016276, 60.507877853237609 ], [ 30.24397800001627, 60.507878827999292 ], [ 30.243982320016272, 60.507940326540563 ], [ 30.243992760016237, 60.507942276060128 ], [ 30.244007160016256, 60.50804480290148 ], [ 30.244008960016224, 60.508060842075494 ], [ 30.244001040016201, 60.508060664847122 ], [ 30.243899520016249, 60.508058981177285 ], [ 30.243848040016214, 60.508059512862495 ], [ 30.243785040016213, 60.508061905445864 ], [ 30.243864240016208, 60.508287161949831 ], [ 30.244455360016229, 60.508363458152623 ], [ 30.244541760016276, 60.508368331887709 ], [ 30.244502160016236, 60.508426019132614 ], [ 30.244514400016257, 60.508457654029783 ], [ 30.244331160016195, 60.509056495921357 ], [ 30.244164120016212, 60.509024329939415 ], [ 30.244136400016259, 60.509115422499619 ], [ 30.243873960016199, 60.509535526022596 ], [ 30.243823200016227, 60.509604730488761 ], [ 30.24391608001627, 60.509752354374733 ], [ 30.243600000016272, 60.509943041616154 ], [ 30.242916720016265, 60.510307665814409 ], [ 30.242856960016262, 60.510334779867911 ], [ 30.242526120016212, 60.510485501692969 ], [ 30.242322360016242, 60.510086322136779 ], [ 30.242008080016213, 60.509881192438677 ], [ 30.241504800016269, 60.509610401526849 ], [ 30.240424440016209, 60.510049372304309 ], [ 30.240078480016258, 60.510007017288672 ], [ 30.239959320016197, 60.510034486028992 ], [ 30.239809560016202, 60.509896167393606 ], [ 30.239759160016259, 60.509852217210373 ], [ 30.239732880016241, 60.509854964098537 ], [ 30.23960796001624, 60.509787886794292 ], [ 30.239807040016267, 60.509603046899144 ], [ 30.239842680016242, 60.509568223157572 ], [ 30.23986140001627, 60.509454447618729 ], [ 30.239858520016213, 60.509387546706492 ], [ 30.239849160016242, 60.509323126757188 ], [ 30.239398440016249, 60.509323569810924 ], [ 30.239282160016238, 60.509343064169244 ], [ 30.239270280016246, 60.509399420520872 ], [ 30.238944120016228, 60.509344127497535 ], [ 30.238207200016273, 60.509165576465342 ], [ 30.238410960016232, 60.508957516750925 ] ] ] } },
{ "type": "Feature", "properties": { }, "geometry": { "type": "Polygon", "coordinates": [ [ [ 30.144177720016149, 60.511954050258268 ], [ 30.145097880016163, 60.512426126548981 ], [ 30.145097880016163, 60.512426215151244 ], [ 30.146063400016153, 60.512921143604906 ], [ 30.145992480016218, 60.512950027488081 ], [ 30.145928400016221, 60.51298192377093 ], [ 30.145870080016159, 60.513017364048338 ], [ 30.14490096001613, 60.512519513198505 ], [ 30.143991240016177, 60.51205257725929 ], [ 30.144161160016218, 60.511975049293511 ], [ 30.144177720016149, 60.511954050258268 ] ] ] } },
{ "type": "Feature", "properties": { }, "geometry": { "type": "Polygon", "coordinates": [ [ [ 30.243568320016255, 60.555604307581746 ], [ 30.243481560016267, 60.555692968588616 ], [ 30.243452400016192, 60.555801626656809 ], [ 30.243388680016217, 60.556028055448436 ], [ 30.242162880016263, 60.555181792957676 ], [ 30.241443960016273, 60.554579379316387 ], [ 30.24146124001626, 60.554515314690967 ], [ 30.24166500001623, 60.554521951225702 ], [ 30.242027880016234, 60.554432579109879 ], [ 30.242027520016208, 60.553961380455448 ], [ 30.241294560016222, 60.553718832143339 ], [ 30.239682120016262, 60.553672198238992 ], [ 30.239084880016186, 60.553782190433225 ], [ 30.238971120016206, 60.553787676759725 ], [ 30.238927560016201, 60.553721663801412 ], [ 30.238332120016274, 60.553513359293582 ], [ 30.238244280016193, 60.553498316010412 ], [ 30.238083360016269, 60.553404959008418 ], [ 30.238130520016217, 60.553172671459734 ], [ 30.237684840016186, 60.552877553253836 ], [ 30.237840360016207, 60.552756938951134 ], [ 30.2376621600162, 60.552701808419449 ], [ 30.237521400016234, 60.552658093292173 ], [ 30.237372720016246, 60.552739329048322 ], [ 30.236964120016228, 60.552564202910261 ], [ 30.236792040016187, 60.552663579809362 ], [ 30.236473080016218, 60.55270207389573 ], [ 30.236307480016269, 60.552703489769279 ], [ 30.235897800016254, 60.552422968608539 ], [ 30.23643168001621, 60.552290229040977 ], [ 30.236163840016246, 60.55206642889673 ], [ 30.236425920016266, 60.551801211774482 ], [ 30.236252040016268, 60.551655195413638 ], [ 30.236620680016213, 60.551477497038157 ], [ 30.236407920016223, 60.551392452798915 ], [ 30.236070240016229, 60.551228469883348 ], [ 30.235771080016196, 60.551372629759932 ], [ 30.234876120016196, 60.551002361477828 ], [ 30.23543088001626, 60.550540670639442 ], [ 30.235290840016269, 60.550198889508366 ], [ 30.23507124001625, 60.550004810733618 ], [ 30.235069080016256, 60.550005253230999 ], [ 30.236199120016199, 60.549607799635744 ], [ 30.236431320016266, 60.549735948199832 ], [ 30.236109480016243, 60.549917107631259 ], [ 30.236616720016244, 60.550183048192828 ], [ 30.236655960016254, 60.550369426531375 ], [ 30.236733000016244, 60.550422437078254 ], [ 30.236533560016191, 60.550515183201718 ], [ 30.236619240016271, 60.550561556163743 ], [ 30.236557320016267, 60.550591468458933 ], [ 30.236661360016253, 60.550640142252952 ], [ 30.236439960016263, 60.550748197813881 ], [ 30.237223320016199, 60.551064220646794 ], [ 30.237165360016252, 60.551102628139965 ], [ 30.237563520016217, 60.551280328574705 ], [ 30.237674400016221, 60.551246169104765 ], [ 30.238859880016264, 60.55080111924282 ], [ 30.239003520016198, 60.55087917376752 ], [ 30.237985440016253, 60.551262098395753 ], [ 30.238344000016266, 60.5514872315362 ], [ 30.238349760016206, 60.55148732003164 ], [ 30.237940080016191, 60.551666080292385 ], [ 30.237941880016248, 60.551667319221458 ], [ 30.237705360016264, 60.551740061972659 ], [ 30.238173360016258, 60.552037579892392 ], [ 30.23893332001623, 60.551807671877043 ], [ 30.239018640016187, 60.551798645432022 ], [ 30.239147520016246, 60.551895104371035 ], [ 30.239220240016241, 60.551974660655674 ], [ 30.239258760016195, 60.55203589850791 ], [ 30.239446320016253, 60.552146958189816 ], [ 30.239490600016236, 60.552153683704162 ], [ 30.23952336001625, 60.552154480146527 ], [ 30.239841960016186, 60.552319166313133 ], [ 30.240098280016277, 60.552506594256386 ], [ 30.239914680016273, 60.55259137008931 ], [ 30.240406080016221, 60.552833307413671 ], [ 30.24077760001623, 60.552987548150305 ], [ 30.240871920016207, 60.553034890971276 ], [ 30.240978840016247, 60.553087366204046 ], [ 30.241292040016191, 60.553182847901574 ], [ 30.241537200016253, 60.553257799509289 ], [ 30.241711080016259, 60.55332098172142 ], [ 30.241968480016261, 60.553263374415344 ], [ 30.241437480016273, 60.552787557151291 ], [ 30.24158004001621, 60.552748089754964 ], [ 30.241099080016227, 60.552130232891628 ], [ 30.241158120016252, 60.551646611401011 ], [ 30.241158120016252, 60.551646434411069 ], [ 30.241158480016196, 60.551646434411069 ], [ 30.241058400016275, 60.551578912664866 ], [ 30.240481320016244, 60.551117230055148 ], [ 30.240686880016266, 60.551034308788722 ], [ 30.240551880016241, 60.550959971506877 ], [ 30.241177920016273, 60.550658372782415 ], [ 30.241384920016237, 60.550768906209449 ], [ 30.241535760016227, 60.55087333295927 ], [ 30.241855800016193, 60.550785720708852 ], [ 30.241977840016229, 60.550788641121045 ], [ 30.242007000016212, 60.550781561333508 ], [ 30.242059560016248, 60.550756339577823 ], [ 30.242079000016243, 60.550730321325048 ], [ 30.242085120016203, 60.550703860563537 ], [ 30.242116080016253, 60.55068129367622 ], [ 30.242386440016244, 60.550585008113494 ], [ 30.242386800016277, 60.550585008113494 ], [ 30.242743920016256, 60.550774570041789 ], [ 30.243027600016269, 60.550945635011452 ], [ 30.243292200016231, 60.551142451529415 ], [ 30.243668760016206, 60.551482895260158 ], [ 30.24424368001624, 60.552050853977327 ], [ 30.244515840016199, 60.552300582746852 ], [ 30.244550040016239, 60.552328900557896 ], [ 30.244628880016204, 60.552393500471574 ], [ 30.244517640016255, 60.552406508931746 ], [ 30.244398480016194, 60.552445799759241 ], [ 30.24411336001624, 60.55282136102646 ], [ 30.244144680016223, 60.55290905625516 ], [ 30.244414320016244, 60.552964186433648 ], [ 30.244546800016241, 60.552872863197649 ], [ 30.244627080016237, 60.552897817828473 ], [ 30.244613760016211, 60.553181078085821 ], [ 30.244800600016212, 60.553460088341716 ], [ 30.244908240016223, 60.55354282641035 ], [ 30.244797360016214, 60.553686445036625 ], [ 30.244803840016214, 60.553920587159865 ], [ 30.245156280016253, 60.554091016074885 ], [ 30.245402520016224, 60.553980317022038 ], [ 30.245460480016259, 60.554031463394104 ], [ 30.245372640016271, 60.554127030792991 ], [ 30.244898160016199, 60.554260647701362 ], [ 30.244853520016274, 60.554386742621936 ], [ 30.244698000016264, 60.554235782609894 ], [ 30.243750480016228, 60.554457267075442 ], [ 30.24410688001624, 60.554924122691112 ], [ 30.244023360016254, 60.555008626730711 ], [ 30.243909240016247, 60.555057559335395 ], [ 30.243823920016194, 60.555081804396046 ], [ 30.243656160016243, 60.555141178172136 ], [ 30.243522600016249, 60.555200817295002 ], [ 30.243329280016248, 60.55538486612032 ], [ 30.243289320016267, 60.555460962924798 ], [ 30.243258720016254, 60.555519274192164 ], [ 30.243474360016211, 60.555578824133605 ], [ 30.2435622000162, 60.555603157287685 ], [ 30.243568320016255, 60.555604307581746 ] ] ] } },
{ "type": "Feature", "properties": { }, "geometry": { "type": "Polygon", "coordinates": [ [ [ 30.233157480016256, 60.549157594129767 ], [ 30.233464920016257, 60.548982979614081 ], [ 30.233672640016191, 60.548865005867569 ], [ 30.233575440016239, 60.548723578408662 ], [ 30.233770560016207, 60.548647377249921 ], [ 30.234092760016271, 60.548787034985786 ], [ 30.234438000016254, 60.548918549894374 ], [ 30.234722040016209, 60.548730127628808 ], [ 30.235303080016202, 60.549001565086357 ], [ 30.235649760016223, 60.549220607347472 ], [ 30.236032080016223, 60.549246803817582 ], [ 30.23630172001624, 60.549439294121392 ], [ 30.234886920016187, 60.549933480075062 ], [ 30.234023640016208, 60.549578417434859 ], [ 30.233840760016264, 60.549401061655658 ], [ 30.233157480016256, 60.549157594129767 ] ] ] } },
{ "type": "Feature", "properties": { }, "geometry": { "type": "Polygon", "coordinates": [ [ [ 30.231071640016225, 60.550899174102973 ], [ 30.231081720016249, 60.550829615360954 ], [ 30.231608760016268, 60.550644921130598 ], [ 30.231785880016186, 60.550613946911092 ], [ 30.23180316001627, 60.550661824192154 ], [ 30.232392120016197, 60.55106634456466 ], [ 30.232391760016259, 60.551066433061237 ], [ 30.232401120016227, 60.551073070303623 ], [ 30.232532880016251, 60.551121654876582 ], [ 30.232533600016225, 60.55112192036588 ], [ 30.232855080016222, 60.551240416858882 ], [ 30.232850040016249, 60.551246080608678 ], [ 30.233529720016232, 60.551532098684739 ], [ 30.233537280016225, 60.551528735863116 ], [ 30.233648880016204, 60.551565638386258 ], [ 30.23357904001627, 60.55160236387708 ], [ 30.234046320016201, 60.551780327050537 ], [ 30.234507840016189, 60.552000677907628 ], [ 30.234615480016203, 60.55203970374636 ], [ 30.234636720016248, 60.552054482226303 ], [ 30.234921480016261, 60.552294565208804 ], [ 30.234783240016242, 60.552326334257302 ], [ 30.234783600016268, 60.552326334257302 ], [ 30.234712680016244, 60.552342616988703 ], [ 30.234762720016249, 60.552356864371959 ], [ 30.235162320016244, 60.552621280507616 ], [ 30.235111200016238, 60.552639952381938 ], [ 30.234822120016219, 60.552698091750969 ], [ 30.234812040016195, 60.55269977310104 ], [ 30.234633480016253, 60.552356421906737 ], [ 30.234606480016261, 60.552307750695086 ], [ 30.234544200016234, 60.552258636943641 ], [ 30.234376080016251, 60.552125985195467 ], [ 30.234307320016228, 60.55207288894632 ], [ 30.233437200016215, 60.551665903302499 ], [ 30.232290960016186, 60.551154575529395 ], [ 30.231841320016191, 60.55107528271747 ], [ 30.231329760016195, 60.551023689187495 ], [ 30.231071640016225, 60.550899174102973 ] ] ] } },
{ "type": "Feature", "properties": { }, "geometry": { "type": "Polygon", "coordinates": [ [ [ 30.23858376001624, 60.562717120896131 ], [ 30.238448040016248, 60.562726498152969 ], [ 30.238021440016269, 60.562529132861854 ], [ 30.237744240016251, 60.562401034977569 ], [ 30.237459120016208, 60.562269132551179 ], [ 30.237331680016261, 60.562210125724853 ], [ 30.23669196001627, 60.562071145203042 ], [ 30.236463000016201, 60.562000018084923 ], [ 30.235895640016256, 60.561823880480908 ], [ 30.235827960016231, 60.561795747916896 ], [ 30.235774320016194, 60.561756468446887 ], [ 30.237285960016258, 60.561420556255939 ], [ 30.238318440016215, 60.561169128519019 ], [ 30.238467120016203, 60.56063132138835 ], [ 30.238477560016264, 60.560431554592697 ], [ 30.239262360016223, 60.560361573992857 ], [ 30.239825400016255, 60.56031141081484 ], [ 30.2398822800162, 60.560310791515853 ], [ 30.24068616001621, 60.560364405069386 ], [ 30.240704880016231, 60.560365466723006 ], [ 30.240823320016236, 60.560386345903943 ], [ 30.240923400016243, 60.560431377650779 ], [ 30.240260280016198, 60.560864174660701 ], [ 30.240285840016249, 60.561025896995368 ], [ 30.240614520016212, 60.561436038195538 ], [ 30.240513000016261, 60.561442496373878 ], [ 30.24036504001624, 60.561431437848512 ], [ 30.239921160016269, 60.561510705274465 ], [ 30.24017352001621, 60.56183201945715 ], [ 30.240188640016207, 60.561854401631209 ], [ 30.23960796001624, 60.561962242798145 ], [ 30.239313120016195, 60.562212071978692 ], [ 30.239108280016236, 60.562218530002035 ], [ 30.239039160016269, 60.562444471540786 ], [ 30.239106840016206, 60.562493923687335 ], [ 30.239005320016254, 60.562493215964864 ], [ 30.238780320016243, 60.562555053159336 ], [ 30.23858376001624, 60.562717120896131 ] ] ] } },
{ "type": "Feature", "properties": { }, "geometry": { "type": "Polygon", "coordinates": [ [ [ 30.275375400016252, 60.503984864287283 ], [ 30.275482680016225, 60.50359393553385 ], [ 30.275573760016211, 60.503502118439179 ], [ 30.275663040016234, 60.503480670779197 ], [ 30.276402480016216, 60.503561409623686 ], [ 30.276590400016214, 60.50355254697223 ], [ 30.276676440016235, 60.503654733196676 ], [ 30.278594880016257, 60.503627436300953 ], [ 30.276106560016256, 60.504674184888607 ], [ 30.275415720016259, 60.504379333296356 ], [ 30.275450640016274, 60.504359304205998 ], [ 30.27556368001628, 60.504298419240364 ], [ 30.275611560016284, 60.504318625617223 ], [ 30.27570120001624, 60.504258892694878 ], [ 30.275857080016291, 60.504200577658594 ], [ 30.275446680016213, 60.50396501220397 ], [ 30.275375400016252, 60.503984864287283 ] ] ] } },
{ "type": "Feature", "properties": { }, "geometry": { "type": "Polygon", "coordinates": [ [ [ 30.278917080016221, 60.50238061722041 ], [ 30.279471120016229, 60.502376983401234 ], [ 30.279507840016215, 60.50245595240456 ], [ 30.279692160016278, 60.50267743683186 ], [ 30.279710520016266, 60.502682311422085 ], [ 30.28004712001626, 60.502968492897679 ], [ 30.280095720016234, 60.502968492897679 ], [ 30.280177800016286, 60.502951033152542 ], [ 30.280259880016249, 60.502925774113805 ], [ 30.279524400016239, 60.503236237354237 ], [ 30.279087000016261, 60.502857175782857 ], [ 30.278917080016221, 60.50238061722041 ] ] ] } },
{ "type": "Feature", "properties": { }, "geometry": { "type": "Polygon", "coordinates": [ [ [ 30.155797800016174, 60.512183089632977 ], [ 30.155745960016198, 60.512191772718587 ], [ 30.154679640016223, 60.511120014280493 ], [ 30.15470916001615, 60.511087938952834 ], [ 30.155797800016174, 60.512183089632977 ] ] ] } },
{ "type": "Feature", "properties": { }, "geometry": { "type": "Polygon", "coordinates": [ [ [ 30.234886920016187, 60.549933480075062 ], [ 30.23605620001624, 60.549525051501774 ], [ 30.236199120016199, 60.549607799635744 ], [ 30.235070880016224, 60.550004633734645 ], [ 30.234886920016187, 60.549933480075062 ] ] ] } },
{ "type": "Feature", "properties": { }, "geometry": { "type": "Polygon", "coordinates": [ [ [ 30.154534200016144, 60.510978776273795 ], [ 30.153960360016207, 60.510549033257504 ], [ 30.153759840016143, 60.510136829033812 ], [ 30.154128480016183, 60.509597110029851 ], [ 30.155473080016172, 60.508364167059611 ], [ 30.155681880016196, 60.508263856569869 ], [ 30.155774400016213, 60.508241437310183 ], [ 30.155791680016208, 60.508267135274529 ], [ 30.155713560016213, 60.508286098586858 ], [ 30.155517000016218, 60.508380649142175 ], [ 30.154178880016218, 60.509607831837855 ], [ 30.153816720016177, 60.510138158161645 ], [ 30.154011120016179, 60.510538134546103 ], [ 30.154615560016222, 60.51098940901845 ], [ 30.154534200016144, 60.510978776273795 ] ] ] } },
{ "type": "Feature", "properties": { }, "geometry": { "type": "Polygon", "coordinates": [ [ [ 30.219262560016197, 60.566454273091821 ], [ 30.219352560016183, 60.566444100825592 ], [ 30.219481800016183, 60.566434901555965 ], [ 30.219577560016194, 60.566430832647427 ], [ 30.219685560016234, 60.566431894101889 ], [ 30.219792480016189, 60.566441004917849 ], [ 30.219904440016197, 60.566450381094683 ], [ 30.220025760016256, 60.566503365288241 ], [ 30.220297560016185, 60.566615436743781 ], [ 30.220537320016255, 60.566712470673622 ], [ 30.220686360016188, 60.566776422685102 ], [ 30.220796160016196, 60.566826487380396 ], [ 30.220943760016183, 60.566894773376852 ], [ 30.221072640016242, 60.56695766359055 ], [ 30.221628840016248, 60.567259817960533 ], [ 30.222036720016209, 60.567483424528447 ], [ 30.222082800016238, 60.567510136918514 ], [ 30.222114480016256, 60.567527384973225 ], [ 30.221782200016261, 60.567718705085838 ], [ 30.221958960016241, 60.567804060203109 ], [ 30.222156240016204, 60.568007142560582 ], [ 30.222170640016234, 60.568012891824758 ], [ 30.222091080016213, 60.568041107429607 ], [ 30.222401400016185, 60.568294516068427 ], [ 30.222640800016219, 60.568231805354664 ], [ 30.222740880016236, 60.568340863541792 ], [ 30.222643680016187, 60.568374651161747 ], [ 30.222974160016214, 60.568603645383128 ], [ 30.223001520016229, 60.56863575220688 ], [ 30.223113120016205, 60.5687302150736 ], [ 30.223438200016233, 60.568905607473255 ], [ 30.223388520016254, 60.568927630959983 ], [ 30.22355412001621, 60.569021916078917 ], [ 30.223802880016212, 60.569142115939556 ], [ 30.223836720016227, 60.56912646079541 ], [ 30.223887120016261, 60.569152464251054 ], [ 30.224108160016218, 60.569258158353819 ], [ 30.224373480016244, 60.569389413143455 ], [ 30.224701800016266, 60.569537649044037 ], [ 30.224738520016249, 60.569534995662771 ], [ 30.224824920016211, 60.569492983763666 ], [ 30.224825280016237, 60.569493337548302 ], [ 30.225161520016204, 60.569755225566666 ], [ 30.225262680016211, 60.569880906297165 ], [ 30.22532280001624, 60.569989870475943 ], [ 30.225385800016241, 60.570064783135791 ], [ 30.225386160016182, 60.570064783135791 ], [ 30.225716280016265, 60.570361513394197 ], [ 30.225716640016209, 60.570361955613102 ], [ 30.225716640016209, 60.570362132500676 ], [ 30.225716640016209, 60.570362309388223 ], [ 30.225657600016262, 60.57037424929662 ], [ 30.225762000016182, 60.570498866299445 ], [ 30.225731040016232, 60.570504615120477 ], [ 30.225764880016239, 60.570546271931633 ], [ 30.225838320016205, 60.570635599519761 ], [ 30.225646800016179, 60.570675664189494 ], [ 30.225967920016238, 60.571161831290674 ], [ 30.226264200016217, 60.571386206837076 ], [ 30.226260600016186, 60.571416276756501 ], [ 30.226224600016266, 60.571432549877649 ], [ 30.22631748001622, 60.57147066786316 ], [ 30.226534200016179, 60.571580245766 ], [ 30.226636080016252, 60.57163030302172 ], [ 30.227337000016188, 60.571911718871462 ], [ 30.227488200016211, 60.571966728220119 ], [ 30.22801668001626, 60.572388227614539 ], [ 30.2282060400162, 60.572332599914461 ], [ 30.2283831600162, 60.572335341504484 ], [ 30.228579360016266, 60.572349049451006 ], [ 30.22873416001622, 60.572669725302688 ], [ 30.228725160016193, 60.572794156581381 ], [ 30.228552720016218, 60.572922655473043 ], [ 30.22841412001625, 60.573072290152368 ], [ 30.228399720016228, 60.573249250838309 ], [ 30.228258240016206, 60.573464679930794 ], [ 30.227941080016208, 60.573616965147124 ], [ 30.227757840016235, 60.573786848098592 ], [ 30.227635080016231, 60.573812847805215 ], [ 30.227207760016189, 60.573672325332453 ], [ 30.227251680016234, 60.573594237375815 ], [ 30.226857840016262, 60.57349996559357 ], [ 30.226214520016239, 60.573576108208272 ], [ 30.225711960016266, 60.573879615663387 ], [ 30.225194280016211, 60.573764474184671 ], [ 30.22479468001622, 60.573609359746818 ], [ 30.224489040016184, 60.573804800279213 ], [ 30.224133720016262, 60.574011912892914 ], [ 30.22397604001625, 60.574355830095335 ], [ 30.223913400016187, 60.574404821859787 ], [ 30.223723320016187, 60.574513593923328 ], [ 30.223504800016265, 60.574638548695724 ], [ 30.222548640016232, 60.575026055752581 ], [ 30.222256320016221, 60.575041708039507 ], [ 30.221982720016229, 60.575173469928231 ], [ 30.221591400016202, 60.575236167175277 ], [ 30.221102520016203, 60.575268709563012 ], [ 30.220756920016182, 60.575348915797186 ], [ 30.22024896001621, 60.575337950458305 ], [ 30.219976080016188, 60.575306734594079 ], [ 30.219837120016198, 60.575334236391058 ], [ 30.218719320016188, 60.57617749556298 ], [ 30.218429160016264, 60.576110290311767 ], [ 30.218388120016193, 60.576099059946948 ], [ 30.218409360016238, 60.576058825143292 ], [ 30.21849612001623, 60.575974287678378 ], [ 30.218682600016201, 60.575873567543958 ], [ 30.218717880016243, 60.575841821624422 ], [ 30.218716800016246, 60.575792124606956 ], [ 30.218714280016211, 60.575748175401486 ], [ 30.218831640016223, 60.575677785805041 ], [ 30.218970240016183, 60.575609960508658 ], [ 30.21909228001622, 60.57550685163676 ], [ 30.219091200016219, 60.575455120217754 ], [ 30.219112080016238, 60.575418244950633 ], [ 30.219180120016208, 60.575372349775122 ], [ 30.219309000016175, 60.575321679303357 ], [ 30.21940116001625, 60.575284361732358 ], [ 30.219396480016229, 60.575256859893003 ], [ 30.219441120016235, 60.575223698479974 ], [ 30.219474240016186, 60.57519690403339 ], [ 30.219547680016241, 60.575164450003996 ], [ 30.219661800016247, 60.575138186092559 ], [ 30.219706800016194, 60.575109446097713 ], [ 30.219747840016179, 60.575095739321952 ], [ 30.219800400016215, 60.575099541847436 ], [ 30.219889680016234, 60.575094412859443 ], [ 30.22001244001623, 60.575127043820679 ], [ 30.220123680016183, 60.575139600983952 ], [ 30.22018848001624, 60.575104936126948 ], [ 30.220286760016194, 60.575103167510846 ], [ 30.2203324800162, 60.575110507267226 ], [ 30.220363080016217, 60.575123064436944 ], [ 30.22042392001622, 60.575131288496138 ], [ 30.220462080016233, 60.57511935034502 ], [ 30.220480800016254, 60.575118642898872 ], [ 30.220527240016228, 60.575113867637072 ], [ 30.220537320016255, 60.57512492148274 ], [ 30.220576200016232, 60.575119173483465 ], [ 30.220582320016206, 60.575101133602153 ], [ 30.220592400016226, 60.575098834400855 ], [ 30.220685640016214, 60.575108827082154 ], [ 30.220734600016218, 60.575102106341099 ], [ 30.220793280016228, 60.575092467381069 ], [ 30.220829640016269, 60.575104582403746 ], [ 30.220863840016222, 60.575125805790215 ], [ 30.220998120016187, 60.575094589721125 ], [ 30.221150040016177, 60.575084420173702 ], [ 30.221132040016212, 60.57504383038291 ], [ 30.22114392001621, 60.575015532459389 ], [ 30.221180640016186, 60.575003771127626 ], [ 30.221243640016194, 60.57499218665383 ], [ 30.221298720016254, 60.574972554940679 ], [ 30.221385840016186, 60.574973085527667 ], [ 30.221489160016194, 60.574967691226099 ], [ 30.221537400016231, 60.574984935301678 ], [ 30.221564040016183, 60.574995900760406 ], [ 30.221595000016233, 60.574982547661008 ], [ 30.22161012001623, 60.574961235749271 ], [ 30.221659800016209, 60.574951685178441 ], [ 30.221712720016182, 60.574935944416637 ], [ 30.221773920016208, 60.574928339326732 ], [ 30.221825400016243, 60.574905700909014 ], [ 30.221950320016244, 60.574911272083583 ], [ 30.221978760016263, 60.574924448349847 ], [ 30.221998920016226, 60.574914632474155 ], [ 30.221999280016256, 60.574899599145262 ], [ 30.221987760016198, 60.574880674827213 ], [ 30.222011160016248, 60.574865287756701 ], [ 30.222089640016179, 60.574848220480256 ], [ 30.222162720016204, 60.57484371047304 ], [ 30.222221400016213, 60.574840969095803 ], [ 30.222282240016209, 60.574840350075107 ], [ 30.222321480016223, 60.574863430695963 ], [ 30.22239600001619, 60.574865022462298 ], [ 30.222427320016262, 60.574858036376078 ], [ 30.222442080016226, 60.574843975767628 ], [ 30.222418680016265, 60.574827262206163 ], [ 30.222453240016247, 60.574814351195108 ], [ 30.2225504400162, 60.574813820605506 ], [ 30.222599760016237, 60.574782162076588 ], [ 30.222640800016219, 60.574776414016341 ], [ 30.222708120016218, 60.574772080862559 ], [ 30.222780480016187, 60.57476182278188 ], [ 30.222828720016224, 60.574753775492233 ], [ 30.222840960016246, 60.574744401723642 ], [ 30.222855720016209, 60.574731402247643 ], [ 30.222822240016225, 60.574708675260091 ], [ 30.222890280016191, 60.574697267544337 ], [ 30.222910800016187, 60.574687451599679 ], [ 30.223042920016244, 60.574718756493887 ], [ 30.223063440016233, 60.574705933871385 ], [ 30.223022760016185, 60.574687363167726 ], [ 30.223032480016183, 60.574674363668791 ], [ 30.223059480016257, 60.574647303470591 ], [ 30.223111680016181, 60.574634392387637 ], [ 30.223175400016238, 60.574631385696364 ], [ 30.223212120016221, 60.574596101268853 ], [ 30.223265760016258, 60.574572843592584 ], [ 30.223273320016254, 60.574542069151065 ], [ 30.223279080016191, 60.574514920409676 ], [ 30.223245960016236, 60.574478044069672 ], [ 30.223333800016224, 60.574483084722971 ], [ 30.223337760016193, 60.574463187402834 ], [ 30.223405440016215, 60.574449391920375 ], [ 30.223432080016266, 60.57442825652231 ], [ 30.223404000016185, 60.574399604328853 ], [ 30.223479240016214, 60.574379883822914 ], [ 30.223520280016196, 60.574364761812426 ], [ 30.223573920016232, 60.57433549053232 ], [ 30.223595880016251, 60.574324878581322 ], [ 30.223610640016208, 60.574296580028268 ], [ 30.223632960016261, 60.574273056837185 ], [ 30.223658880016252, 60.574247499666576 ], [ 30.223715040016224, 60.574254662751045 ], [ 30.22371540001625, 60.574236887686688 ], [ 30.223706400016226, 60.574213099152431 ], [ 30.223649520016199, 60.574179671368363 ], [ 30.223649880016222, 60.57415729772638 ], [ 30.223703520016258, 60.574133951300858 ], [ 30.223775520016193, 60.574128379992253 ], [ 30.223785960016247, 60.574097693561107 ], [ 30.223789200016245, 60.574069306375485 ], [ 30.223787040016248, 60.574051531209165 ], [ 30.223775520016193, 60.574037293382361 ], [ 30.223785240016191, 60.574019606632206 ], [ 30.223792800016188, 60.574003069512081 ], [ 30.223781280016222, 60.57398768202372 ], [ 30.223796040016186, 60.573972294528048 ], [ 30.223829880016197, 60.573958321968121 ], [ 30.223832760016258, 60.573940635174765 ], [ 30.223840320016258, 60.573920560652596 ], [ 30.223843200016219, 60.573902785404478 ], [ 30.223836360016193, 60.573888547512126 ], [ 30.223846080016191, 60.573868472957564 ], [ 30.223882440016233, 60.57386033701124 ], [ 30.223902240016251, 60.573840350873425 ], [ 30.223948320016202, 60.573831153708518 ], [ 30.223979640016186, 60.57381833073385 ], [ 30.223987200016182, 60.573800643863869 ], [ 30.223997640016236, 60.573773494499648 ], [ 30.224041200016252, 60.573757045688076 ], [ 30.224101680016222, 60.573737413224613 ], [ 30.224109960016186, 60.573711678761171 ], [ 30.22415784001619, 60.573698678869782 ], [ 30.2242111200162, 60.573680107587307 ], [ 30.224221200016217, 60.573663570293455 ], [ 30.224283840016195, 60.573649686034869 ], [ 30.224270520016262, 60.573610597835341 ], [ 30.22430976001618, 60.57358309457161 ], [ 30.224367720016215, 60.573555414414365 ], [ 30.224406960016221, 60.573527292057818 ], [ 30.224429280016185, 60.573501380556664 ], [ 30.224525040016193, 60.573510135639602 ], [ 30.224559240016241, 60.573493775129172 ], [ 30.224576160016206, 60.573483251337038 ], [ 30.224590920016258, 60.57346202687188 ], [ 30.224653920016259, 60.573444605112947 ], [ 30.22471656001623, 60.57344849626805 ], [ 30.224783880016222, 60.573457251365298 ], [ 30.224810160016247, 60.573449026880077 ], [ 30.224865240016218, 60.573444428242276 ], [ 30.224912760016199, 60.573430986066477 ], [ 30.224967120016203, 60.573415509870308 ], [ 30.225043800016248, 60.573420639124684 ], [ 30.22507620001624, 60.573431958855693 ], [ 30.225123360016187, 60.573422319397515 ], [ 30.225179520016248, 60.573413741161673 ], [ 30.225222000016256, 60.57340507448815 ], [ 30.225268440016244, 60.573387564263001 ], [ 30.225266640016269, 60.573418162933024 ], [ 30.225302640016196, 60.573419401028907 ], [ 30.225355560016254, 60.573415686741171 ], [ 30.225396600016236, 60.573400918021392 ], [ 30.225419280016229, 60.57337819009819 ], [ 30.225438000016251, 60.573364305717021 ], [ 30.225482640016256, 60.57335652338611 ], [ 30.225533400016229, 60.57334688390543 ], [ 30.225590280016263, 60.573340162797926 ], [ 30.225646800016179, 60.573346441727317 ], [ 30.225693240016248, 60.573351659428326 ], [ 30.225773520016237, 60.573354577803052 ], [ 30.225828960016248, 60.573359441760395 ], [ 30.225879360016187, 60.573350686636694 ], [ 30.225913560016227, 60.573342550559978 ], [ 30.225990240016195, 60.573346530162944 ], [ 30.226035960016205, 60.57335157099272 ], [ 30.22610904001623, 60.573338040342641 ], [ 30.226143600016215, 60.573335210402028 ], [ 30.226174200016231, 60.573327428064125 ], [ 30.226233600016201, 60.573325482479376 ], [ 30.22627860001624, 60.573349271666963 ], [ 30.226278960016181, 60.573349271666963 ], [ 30.226312440016255, 60.57334714921226 ], [ 30.22635600001626, 60.573340251233567 ], [ 30.226398840016209, 60.573347591390331 ], [ 30.226399200016242, 60.573347591390331 ], [ 30.226433040016257, 60.573331230797677 ], [ 30.226498560016196, 60.57332424437989 ], [ 30.22656120001626, 60.573324598122582 ], [ 30.226632120016195, 60.573326985885792 ], [ 30.226680000016199, 60.573314604889589 ], [ 30.226748040016258, 60.57330664567526 ], [ 30.226780800016183, 60.573293026570653 ], [ 30.226822200016191, 60.573284094557309 ], [ 30.226854240016237, 60.573277373436788 ], [ 30.226888800016223, 60.573269856392415 ], [ 30.226943880016194, 60.573278434666442 ], [ 30.227002200016262, 60.573273836004383 ], [ 30.227051160016266, 60.573267645496678 ], [ 30.227117400016265, 60.573259244091503 ], [ 30.227132520016262, 60.573240407248804 ], [ 30.227098680016244, 60.573226080628693 ], [ 30.227106600016267, 60.573203529454538 ], [ 30.227133600016259, 60.573191855899395 ], [ 30.227208840016189, 60.573185400067835 ], [ 30.22724340001626, 60.57317071967897 ], [ 30.227228640016214, 60.573124909747932 ], [ 30.227231520016272, 60.573101297267755 ], [ 30.227253480016202, 60.573076004479567 ], [ 30.227322600016258, 60.573069460188535 ], [ 30.227382000016227, 60.573046820468655 ], [ 30.22746408001619, 60.573020908582279 ], [ 30.22751016001623, 60.572999772250078 ], [ 30.227522760016193, 60.572975098438896 ], [ 30.227513760016262, 60.572943703418957 ], [ 30.227493960016233, 60.572920798300672 ], [ 30.227508000016229, 60.572879232986629 ], [ 30.227508000016229, 60.572852082848378 ], [ 30.227586120016227, 60.572833511079402 ], [ 30.227567760016232, 60.572795660012517 ], [ 30.227545080016238, 60.572758781710803 ], [ 30.227550120016211, 60.572716331815016 ], [ 30.227601960016184, 60.572675915924918 ], [ 30.227645880016222, 60.572641425300368 ], [ 30.227685840016203, 60.572602954945026 ], [ 30.22765560001622, 60.572566076423414 ], [ 30.227561640016265, 60.572542463534965 ], [ 30.227562720016266, 60.572496122085767 ], [ 30.227477400016213, 60.572457032491066 ], [ 30.227517360016193, 60.572422453194825 ], [ 30.227524560016249, 60.57228572753327 ], [ 30.227501880016263, 60.572260699422628 ], [ 30.227499360016232, 60.572234786906009 ], [ 30.227469120016249, 60.572223555194419 ], [ 30.227410440016246, 60.572226296793673 ], [ 30.227370480016262, 60.572207724665155 ], [ 30.227351760016244, 60.572179778013535 ], [ 30.227340960016246, 60.57216412434056 ], [ 30.227304240016263, 60.572170934131435 ], [ 30.227253120016258, 60.572195520117752 ], [ 30.227218920016217, 60.572183404004541 ], [ 30.227174640016237, 60.572162178685723 ], [ 30.227161320016215, 60.572130163803529 ], [ 30.22712784001623, 60.572086651813365 ], [ 30.227182200016234, 60.572087447764908 ], [ 30.227182560016267, 60.572087447764908 ], [ 30.227162400016216, 60.572071440290756 ], [ 30.227138640016221, 60.57206038540069 ], [ 30.227108760016268, 60.572031377351095 ], [ 30.227017320016248, 60.572045704500816 ], [ 30.22699752001623, 60.572030758276625 ], [ 30.226993560016261, 60.572018642101604 ], [ 30.227016240016251, 60.57200183863975 ], [ 30.227063760016229, 60.571974157128238 ], [ 30.227047920016265, 60.571954169824018 ], [ 30.227001120016261, 60.571942938014907 ], [ 30.226957200016216, 60.571931794641372 ], [ 30.226897800016246, 60.571950366928441 ], [ 30.226826880016223, 60.57195699988555 ], [ 30.226790880016207, 60.571937896965473 ], [ 30.226740120016235, 60.571935509099646 ], [ 30.226695840016252, 60.571936393494404 ], [ 30.226653720016181, 60.571911188234189 ], [ 30.226617360016231, 60.571910038520102 ], [ 30.226568760016256, 60.571897745420692 ], [ 30.226537080016239, 60.571872628569963 ], [ 30.226498560016196, 60.57186245800866 ], [ 30.22645284001619, 60.571831238787446 ], [ 30.22640100001621, 60.571788345474033 ], [ 30.226389480016252, 60.571771011252828 ], [ 30.226389120016218, 60.571771011252828 ], [ 30.226332600016217, 60.571770745933073 ], [ 30.226270320016184, 60.571751554462928 ], [ 30.226248360016253, 60.571729444460125 ], [ 30.22624908001622, 60.571704504358841 ], [ 30.226210560016181, 60.571692388061571 ], [ 30.226221720016206, 60.571657454186273 ], [ 30.226234320016264, 60.571632690910036 ], [ 30.22619400001625, 60.571629507058866 ], [ 30.226143600016215, 60.571610669266342 ], [ 30.226125960016194, 60.571592273664884 ], [ 30.226116600016226, 60.57155822408653 ], [ 30.226064400016224, 60.571531072838589 ], [ 30.22600104001619, 60.571551679488131 ], [ 30.22596324001621, 60.571534522021167 ], [ 30.225943800016221, 60.571493485568453 ], [ 30.225899160016215, 60.571491274551192 ], [ 30.225887280016217, 60.571478273766729 ], [ 30.225909960016203, 60.571456428899381 ], [ 30.225943080016247, 60.571428658479888 ], [ 30.225982320016261, 60.571397969485353 ], [ 30.226017240016187, 60.571375328594669 ], [ 30.225965040016266, 60.571352068600561 ], [ 30.225951360016218, 60.571327039766949 ], [ 30.225934080016224, 60.57129900391265 ], [ 30.225869280016255, 60.571285737727017 ], [ 30.225757680016184, 60.571288037199594 ], [ 30.225738600016228, 60.571260531959418 ], [ 30.225844440016267, 60.571216841915636 ], [ 30.225798000016198, 60.571209589716382 ], [ 30.225766320016181, 60.571182172850961 ], [ 30.225793320016258, 60.571156790119375 ], [ 30.225712680016237, 60.571134325943056 ], [ 30.225690360016191, 60.571063660971653 ], [ 30.225597840016263, 60.571010949578273 ], [ 30.225571920016179, 60.570968055176287 ], [ 30.225575160016181, 60.57094205318112 ], [ 30.225522240016208, 60.570941787854565 ], [ 30.225478680016202, 60.570903669245354 ], [ 30.225479760016199, 60.570860774700989 ], [ 30.225467880016204, 60.570842732442593 ], [ 30.225444120016217, 60.570813723300212 ], [ 30.225410640016232, 60.570785687000651 ], [ 30.2253516000162, 60.57078834027925 ], [ 30.225281040016199, 60.570770032652483 ], [ 30.225280320016232, 60.570715198152691 ], [ 30.225333600016235, 60.570683004951448 ], [ 30.225308400016218, 60.570629585392886 ], [ 30.225267360016243, 60.570574485325245 ], [ 30.225240000016225, 60.570523453557662 ], [ 30.225210480016209, 60.57049143705229 ], [ 30.225223080016256, 60.5704735714747 ], [ 30.225225600016199, 60.570444650444536 ], [ 30.225241440016251, 60.570421566668003 ], [ 30.225210120016264, 60.570420593788128 ], [ 30.225204360016235, 60.570401666847353 ], [ 30.225220920016262, 60.570383889663873 ], [ 30.225241440016251, 60.570371065321481 ], [ 30.225215520016263, 60.570348069936173 ], [ 30.225154680016264, 60.570353641896446 ], [ 30.225130920016188, 60.57033046961098 ], [ 30.225150000016232, 60.570299691129826 ], [ 30.225209040016267, 60.570287043641983 ], [ 30.22524468001625, 60.570267055294515 ], [ 30.225189960016213, 60.570231058549048 ], [ 30.22512120001619, 60.570222744798706 ], [ 30.225052080016223, 60.570228316780586 ], [ 30.225036600016193, 60.570205409737888 ], [ 30.225102120016228, 60.570175780913488 ], [ 30.225137040016243, 60.570164017820446 ], [ 30.225106800016256, 60.570144913840672 ], [ 30.225064320016244, 60.570132708514343 ], [ 30.225038400016256, 60.570116611627633 ], [ 30.225055320016221, 60.570088751612474 ], [ 30.225080160016208, 60.570075573374723 ], [ 30.225062160016243, 60.5700477133242 ], [ 30.225048480016191, 60.570026928826429 ], [ 30.225002760016185, 60.570005436757206 ], [ 30.224992680016246, 60.569993673602177 ], [ 30.22493940001624, 60.569989958920758 ], [ 30.224734200016254, 60.569817137317663 ], [ 30.224645280016261, 60.569767961707988 ], [ 30.22467840001622, 60.569724269646713 ], [ 30.224659320016251, 60.569682257993591 ], [ 30.224658960016225, 60.569682257993591 ], [ 30.224581920016227, 60.56969782442301 ], [ 30.224476080016188, 60.569686503384233 ], [ 30.224455200016266, 60.569662623054924 ], [ 30.224413080016195, 60.569613889439374 ], [ 30.22431876001621, 60.569574177237307 ], [ 30.224281680016194, 60.569551623515082 ], [ 30.224221920016191, 60.569549943041061 ], [ 30.224320200016241, 60.56952199409141 ], [ 30.224267640016205, 60.56949749451757 ], [ 30.224215080016258, 60.56946919173766 ], [ 30.224109240016219, 60.569466715243223 ], [ 30.224061000016182, 60.569447257066209 ], [ 30.224102760016219, 60.569412586103532 ], [ 30.224042640016187, 60.569389766929213 ], [ 30.223955880016199, 60.569374377244436 ], [ 30.223872720016235, 60.569347843287964 ], [ 30.223847160016192, 60.569308572992405 ], [ 30.223725840016218, 60.569307865419063 ], [ 30.223650240016255, 60.569299993664735 ], [ 30.223574280016258, 60.569275228582349 ], [ 30.223621440016206, 60.569230739833145 ], [ 30.2235768000162, 60.569195095721525 ], [ 30.223494360016211, 60.569161043617896 ], [ 30.223434600016201, 60.569114078190111 ], [ 30.223332720016224, 60.569087455572706 ], [ 30.223337040016222, 60.569064989958214 ], [ 30.223371960016234, 60.569037217484073 ], [ 30.22340256001625, 60.569015017177101 ], [ 30.223312200016231, 60.568986537079653 ], [ 30.223206000016248, 60.568995293385591 ], [ 30.223093320016186, 60.568938686921591 ], [ 30.223060200016231, 60.568906757294229 ], [ 30.223007640016196, 60.568880399849597 ], [ 30.222911160016213, 60.56885987994491 ], [ 30.222940680016229, 60.568818309408421 ], [ 30.222854640016209, 60.568765594353394 ], [ 30.222790920016241, 60.568731718693776 ], [ 30.22269588001619, 60.568744189893742 ], [ 30.222616680016202, 60.568719512833844 ], [ 30.222610200016209, 60.568676703839337 ], [ 30.222633600016252, 60.568646896716743 ], [ 30.222675720016234, 60.568622927170907 ], [ 30.222654120016241, 60.568587282389082 ], [ 30.222613080016266, 60.568547834272039 ], [ 30.222614160016267, 60.568504936601329 ], [ 30.222645120016217, 60.568467788057021 ], [ 30.222645840016185, 60.56843974972265 ], [ 30.222555120016231, 60.568424359585578 ], [ 30.222456840016182, 60.568416399166985 ], [ 30.222411840016235, 60.568390041322473 ], [ 30.222366840016203, 60.568367309875597 ], [ 30.22209972001621, 60.56817475530486 ], [ 30.222009000016246, 60.568072595661754 ], [ 30.221913960016206, 60.567974239059637 ], [ 30.221847000016236, 60.567882162149239 ], [ 30.22181640001622, 60.567822192608311 ], [ 30.221829360016212, 60.567776463547368 ], [ 30.221744040016254, 60.56778194750008 ], [ 30.221659800016209, 60.567751608846891 ], [ 30.221713080016212, 60.567714017181693 ], [ 30.221717760016237, 60.567688101019982 ], [ 30.221783280016261, 60.567650597732197 ], [ 30.221825040016213, 60.567606902808954 ], [ 30.221789760016261, 60.567562765569427 ], [ 30.22170372001624, 60.567604160817879 ], [ 30.221614080016195, 60.567609733251075 ], [ 30.221525520016232, 60.567601241923867 ], [ 30.221440920016253, 60.567572849032246 ], [ 30.221381160016243, 60.567532692065136 ], [ 30.221341200016269, 60.567498461307032 ], [ 30.221305920016221, 60.567438491054318 ], [ 30.221255520016189, 60.567400899025046 ], [ 30.221291160016257, 60.567380643536993 ], [ 30.221255520016189, 60.567346589521996 ], [ 30.221235720016253, 60.567322530559871 ], [ 30.221174520016227, 60.567346147261816 ], [ 30.221108640016258, 60.567383650902862 ], [ 30.221053200016254, 60.567343405248621 ], [ 30.221031240016234, 60.567295729562673 ], [ 30.22108344001624, 60.567247876901725 ], [ 30.221044200016227, 60.567203739172044 ], [ 30.220959600016229, 60.56717543438382 ], [ 30.220895160016205, 60.567159070666783 ], [ 30.220826400016179, 60.567146775760492 ], [ 30.220765200016235, 60.567168358182883 ], [ 30.220659720016229, 60.567179768556116 ], [ 30.220566480016242, 60.567175257478802 ], [ 30.220502040016211, 60.567158893761722 ], [ 30.220436880016216, 60.567182510583208 ], [ 30.220343640016225, 60.567180033913573 ], [ 30.220291440016219, 60.567151817557161 ], [ 30.220202520016233, 60.567159336024446 ], [ 30.220121160016241, 60.567164820081842 ], [ 30.220027560016224, 60.567180299271065 ], [ 30.219946560016261, 60.56717587664631 ], [ 30.219894000016232, 60.567185517967467 ], [ 30.219800400016215, 60.567200908694339 ], [ 30.219739200016178, 60.567202677742934 ], [ 30.219673320016213, 60.56725406856242 ], [ 30.219608160016211, 60.567267778663961 ], [ 30.219539040016244, 60.567285292204566 ], [ 30.21949728001621, 60.567332967905962 ], [ 30.2194440000162, 60.567364633731799 ], [ 30.219378840016201, 60.567380112825347 ], [ 30.219305760016177, 60.567385773749159 ], [ 30.219244560016239, 60.567401429736357 ], [ 30.219223320016187, 60.567443090546654 ], [ 30.21917040001621, 60.567466707160527 ], [ 30.219133320016201, 60.567494480983946 ], [ 30.219059880016236, 60.567519955043053 ], [ 30.218958360016195, 60.567525439039272 ], [ 30.218872680016201, 60.567546844305916 ], [ 30.218815440016229, 60.567576563991445 ], [ 30.218689440016227, 60.567593723559355 ], [ 30.218692320016196, 60.567637595402893 ], [ 30.218522760016192, 60.567612829046901 ], [ 30.218484600016268, 60.567684386073601 ], [ 30.21843420001623, 60.567763903523151 ], [ 30.218303880016229, 60.567793180755118 ], [ 30.218182200016226, 60.567810340207998 ], [ 30.218095080016205, 60.567830064722521 ], [ 30.218012280016193, 60.567797514844571 ], [ 30.217938840016224, 60.567813082181601 ], [ 30.217933800016251, 60.567866771746701 ], [ 30.217932360016228, 60.56791860376282 ], [ 30.217850640016206, 60.5679561067397 ], [ 30.217817520016254, 60.567991752217551 ], [ 30.217735800016232, 60.56800731946101 ], [ 30.217690800016189, 60.568034915919696 ], [ 30.217644360016216, 60.568116466855408 ], [ 30.217554360016226, 60.568153969602776 ], [ 30.217485240016259, 60.56815954194122 ], [ 30.217496400016195, 60.568213407830207 ], [ 30.217470840016233, 60.568265062391525 ], [ 30.217393080016183, 60.568304510853629 ], [ 30.217327200016218, 60.568344047716913 ], [ 30.217334400016178, 60.568385972660018 ], [ 30.217280400016204, 60.568435504168313 ], [ 30.217178520016223, 60.568474863973528 ], [ 30.217225320016233, 60.568545003912 ], [ 30.217232160016255, 60.568606829532357 ], [ 30.217190760016248, 60.568642474292673 ], [ 30.217125600016249, 60.568664144164934 ], [ 30.217055760016219, 60.568695543341846 ], [ 30.216993480016193, 60.568767009523761 ], [ 30.216931920016222, 60.568806634269428 ], [ 30.216894480016176, 60.568844313111953 ], [ 30.216837240016204, 60.568837679516136 ], [ 30.216706560016178, 60.568835291421259 ], [ 30.216715560016201, 60.568877127279464 ], [ 30.216687120016189, 60.568880046058219 ], [ 30.216637440016211, 60.568923650812927 ], [ 30.216638880016241, 60.568944612915402 ], [ 30.216600000016253, 60.568973269944969 ], [ 30.216573000016179, 60.568995028042998 ], [ 30.216544200016219, 60.569014928729629 ], [ 30.21650604001621, 60.569008648958743 ], [ 30.216453120016237, 60.568987598450192 ], [ 30.216378600016181, 60.568992993749916 ], [ 30.216348000016257, 60.569009798776001 ], [ 30.216324960016237, 60.56903465250916 ], [ 30.21630012001625, 60.569054376276654 ], [ 30.216253320016239, 60.569066051326182 ], [ 30.216223080016253, 60.569065962878838 ], [ 30.216208680016234, 60.569043408802017 ], [ 30.216134160016178, 60.569050396145144 ], [ 30.216020400016202, 60.56906083293336 ], [ 30.215999880016209, 60.569073657795585 ], [ 30.215972880016224, 60.569105410363584 ], [ 30.215944080016179, 60.569128141291486 ], [ 30.215943000016182, 60.569174045334442 ], [ 30.215908800016223, 60.569169888323565 ], [ 30.2158335600162, 60.569181386437371 ], [ 30.21580476001624, 60.56919023113749 ], [ 30.215755800016236, 60.569203940417921 ], [ 30.215692800016232, 60.569215526966509 ], [ 30.215652840016251, 60.569194388145753 ], [ 30.215611440016243, 60.569227997979837 ], [ 30.215566440016207, 60.569248782991316 ], [ 30.215548440016242, 60.56923666577346 ], [ 30.215493720016209, 60.569235339070516 ], [ 30.215432880016206, 60.569233039451909 ], [ 30.215378520016202, 60.569216765223381 ], [ 30.215354040016248, 60.569241618797356 ], [ 30.215313000016266, 60.569257362332593 ], [ 30.215254320016175, 60.569261961566148 ], [ 30.21521976001619, 60.569271779158676 ], [ 30.215171160016212, 60.569263465161576 ], [ 30.215105280016243, 60.569259042821827 ], [ 30.215040120016244, 60.569274697901804 ], [ 30.214987560016208, 60.569272398285996 ], [ 30.214963080016247, 60.56929079520777 ], [ 30.21494544001623, 60.569298578517653 ], [ 30.214913760016216, 60.569307953865732 ], [ 30.214954800016191, 60.569326704553717 ], [ 30.214935360016202, 60.569339971543357 ], [ 30.214887840016221, 60.569344570765139 ], [ 30.214849680016215, 60.569332011350234 ], [ 30.214812960016232, 60.569335283874317 ], [ 30.214766880016192, 60.569334222515188 ], [ 30.214733040016178, 60.569325466301059 ], [ 30.214709280016191, 60.569340236883079 ], [ 30.214692720016259, 60.569353592313703 ], [ 30.214671840016241, 60.569364205897024 ], [ 30.214643760016255, 60.569359783571088 ], [ 30.214607760016239, 60.569354122992955 ], [ 30.214580400016221, 60.569359960464112 ], [ 30.214545840016239, 60.569370750938347 ], [ 30.214512000016221, 60.569376057727624 ], [ 30.214462680016187, 60.569377295978349 ], [ 30.214452960016189, 60.569352265615571 ], [ 30.21439608001625, 60.569357926193987 ], [ 30.214367280016205, 60.569382248980702 ], [ 30.214331640016216, 60.56938905935769 ], [ 30.214289160016211, 60.569377295978349 ], [ 30.214216800016242, 60.569392331875996 ], [ 30.214184400016258, 60.569393658572487 ], [ 30.214169280016176, 60.569377738210711 ], [ 30.214152000016185, 60.569359164445395 ], [ 30.214093680016209, 60.569373138993647 ], [ 30.214042560016203, 60.569381983641286 ], [ 30.214007640016195, 60.569358103087062 ], [ 30.213979200016176, 60.569338733291211 ], [ 30.213933120016229, 60.569321486202945 ], [ 30.213896040016213, 60.569334753194759 ], [ 30.213843480016177, 60.569333514942407 ], [ 30.213793080016231, 60.569332542029841 ], [ 30.213752760016224, 60.569313083771995 ], [ 30.213698760016246, 60.569325643194311 ], [ 30.213656280016238, 60.569328385039384 ], [ 30.213603720016202, 60.569327235233423 ], [ 30.213549720016232, 60.569329357952093 ], [ 30.213508320016217, 60.569330065524916 ], [ 30.213466920016209, 60.56933041931137 ], [ 30.213439560016191, 60.569335726107262 ], [ 30.213399960016243, 60.569332011350234 ], [ 30.213367200016226, 60.569339263970704 ], [ 30.21336072001623, 60.569356776389071 ], [ 30.213335520016209, 60.569359164445395 ], [ 30.213276480016177, 60.569365709487748 ], [ 30.21324732001619, 60.569366063273762 ], [ 30.213217800016174, 60.569361906287632 ], [ 30.213199080016249, 60.569380037819037 ], [ 30.213192600016249, 60.569407898445029 ], [ 30.213170280016193, 60.569421430740398 ], [ 30.213119880016251, 60.56939949603651 ], [ 30.21307308001624, 60.569407279320266 ], [ 30.213022320016179, 60.56940904824809 ], [ 30.212989200016228, 60.569441684949702 ], [ 30.21295500001618, 60.569438589329025 ], [ 30.212924400016252, 60.569440358255171 ], [ 30.21288804001621, 60.56944310009051 ], [ 30.212885160016242, 60.569471049108344 ], [ 30.212846280016262, 60.569488649901487 ], [ 30.212791560016225, 60.569497317625263 ], [ 30.212728560016224, 60.569498025194456 ], [ 30.212692200016185, 60.569498821209748 ], [ 30.212663760016255, 60.56949758296372 ], [ 30.212643240016178, 60.569511557452088 ], [ 30.21261084001619, 60.569508373391969 ], [ 30.212575200016211, 60.569487146316526 ], [ 30.21253668001626, 60.569475117634262 ], [ 30.212529840016231, 60.569511911236546 ], [ 30.212505000016243, 60.569528715992874 ], [ 30.212474400016227, 60.569535526339045 ], [ 30.212449560016243, 60.569561264127678 ], [ 30.212418960016226, 60.569571170075271 ], [ 30.212392320016175, 60.569586913449953 ], [ 30.212359560016246, 60.56959876519889 ], [ 30.21231492001624, 60.569599472765873 ], [ 30.212282520016256, 60.56960424884246 ], [ 30.212253720016207, 60.569617073489091 ], [ 30.212215200016256, 60.569620788213363 ], [ 30.212170920016195, 60.569611589847696 ], [ 30.212168400016253, 60.569628571443801 ], [ 30.212179920016215, 60.569658642998348 ], [ 30.212149320016199, 60.56966943337288 ], [ 30.212104680016193, 60.569672086743111 ], [ 30.212068320016243, 60.569664922642964 ], [ 30.212038440016194, 60.569657846986942 ], [ 30.211993440016244, 60.569664480414524 ], [ 30.211956720016172, 60.569665276425717 ], [ 30.21192216001619, 60.569676155243691 ], [ 30.211903080016224, 60.56971082592365 ], [ 30.21185412001622, 60.569730549278574 ], [ 30.211805520016242, 60.569740278283305 ], [ 30.211764480016171, 60.569753987330415 ], [ 30.21170976001623, 60.569757613593531 ], [ 30.211648920016231, 60.569756286911975 ], [ 30.211602120016217, 60.569761062965398 ], [ 30.211559280016179, 60.569778840491409 ], [ 30.211504200016208, 60.569796441116964 ], [ 30.211445160016172, 60.569806081656537 ], [ 30.211402680016256, 60.569807850562547 ], [ 30.211367760016241, 60.569830580996488 ], [ 30.211308720016206, 60.56983924862854 ], [ 30.211245720016212, 60.569845882018861 ], [ 30.211201440016229, 60.569838717957289 ], [ 30.211169040016244, 60.569841459758806 ], [ 30.211144200016253, 60.569853222969229 ], [ 30.211113600016244, 60.569870027548149 ], [ 30.21106680001623, 60.569874803584767 ], [ 30.211026480016223, 60.569872504011649 ], [ 30.210984000016211, 60.569865428401087 ], [ 30.210991200016181, 60.569897180191383 ], [ 30.210948360016232, 60.569912923407294 ], [ 30.210875280016204, 60.569914515417466 ], [ 30.210822720016257, 60.569913277187361 ], [ 30.210764040016254, 60.569921856352281 ], [ 30.210692760016205, 60.569923448362005 ], [ 30.21063012001623, 60.569932115969138 ], [ 30.210605280016242, 60.569951927633944 ], [ 30.210566400016258, 60.56997563085983 ], [ 30.210529320016246, 60.56999738828317 ], [ 30.210484320016207, 60.570004110085833 ], [ 30.210433560016234, 60.57001375056344 ], [ 30.21041628001624, 60.570036303963235 ], [ 30.210372360016201, 60.570031439505783 ], [ 30.210351840016212, 60.570046298209903 ], [ 30.210328800016192, 60.570072124036422 ], [ 30.210304320016231, 60.570081941382902 ], [ 30.210269400016216, 60.570095650285133 ], [ 30.21021684001618, 60.570111304959944 ], [ 30.210191640016252, 60.570128197849073 ], [ 30.210154920016187, 60.570150928057757 ], [ 30.210133320016194, 60.570171447142847 ], [ 30.210091560016242, 60.570173481361785 ], [ 30.21007896001619, 60.570199395530977 ], [ 30.21002388001622, 60.570219030143605 ], [ 30.209965200016214, 60.57021319282758 ], [ 30.209918400016203, 60.570214873267155 ], [ 30.209893200016186, 60.570249720257451 ], [ 30.209842440016214, 60.570266347742148 ], [ 30.209789520016233, 60.570276076585614 ], [ 30.209716080016186, 60.570296507147354 ], [ 30.209664960016173, 60.570308181748238 ], [ 30.209612760016171, 60.570299072022145 ], [ 30.209519520016183, 60.570296418703379 ], [ 30.209506920016221, 60.570314284378881 ], [ 30.209457600016183, 60.570339933103639 ], [ 30.209373360016219, 60.570405381481464 ], [ 30.209311800016252, 60.570421920442442 ], [ 30.209177520016194, 60.570457032540126 ], [ 30.209149080016182, 60.570455882774318 ], [ 30.209073840016242, 60.570467380430685 ], [ 30.208980240016231, 60.570483830916501 ], [ 30.20889276001618, 60.570509302619932 ], [ 30.208819320016215, 60.57052486865107 ], [ 30.20876424001624, 60.570542203540569 ], [ 30.208750200016247, 60.570527521951092 ], [ 30.208691520016245, 60.570530175250873 ], [ 30.208665600016257, 60.570521065587336 ], [ 30.20861052001619, 60.570535658736439 ], [ 30.208553280016218, 60.570556354463847 ], [ 30.208515120016212, 60.570537162272636 ], [ 30.208472280016167, 60.570544856839099 ], [ 30.208432680016216, 60.570568117414098 ], [ 30.208387320016243, 60.570551401641374 ], [ 30.208314240016211, 60.570559980636922 ], [ 30.208273200016237, 60.570567763641243 ], [ 30.208236480016254, 60.570585452280369 ], [ 30.208163400016222, 60.570594031266879 ], [ 30.20810472001622, 60.570601725819863 ], [ 30.208029120016171, 60.570609331927919 ], [ 30.207988440016223, 60.570627993417929 ], [ 30.207870000016211, 60.570647981542216 ], [ 30.207827160016173, 60.570666023909261 ], [ 30.207803400016186, 60.570655852968322 ], [ 30.207785400016224, 60.570644886037051 ], [ 30.207750840016239, 60.570637633709524 ], [ 30.207722760016253, 60.570634538203372 ], [ 30.207676680016217, 60.570551401641374 ], [ 30.207809520016241, 60.570535039633278 ], [ 30.208077360016205, 60.570442085581284 ], [ 30.20935392001623, 60.570200633750126 ], [ 30.20947488001617, 60.570053904448599 ], [ 30.21052248001622, 60.569842697991689 ], [ 30.211209720016196, 60.569704280951193 ], [ 30.212597880016197, 60.569342890280325 ], [ 30.212694000016242, 60.569299020751146 ], [ 30.213711360016209, 60.569108506016185 ], [ 30.213867240016253, 60.569082767867052 ], [ 30.213930960016231, 60.569194653486655 ], [ 30.214022760016185, 60.569306096485668 ], [ 30.21460092001621, 60.569221364462699 ], [ 30.21455556001623, 60.569145830718469 ], [ 30.214699200016259, 60.569122657567149 ], [ 30.214828800016196, 60.569028814979248 ], [ 30.215879640016237, 60.568818132512398 ], [ 30.216539160016257, 60.568645569989606 ], [ 30.216344400016226, 60.568474510177708 ], [ 30.216471840016258, 60.568428605141371 ], [ 30.216988080016193, 60.568243392251688 ], [ 30.217006800016215, 60.5678942798748 ], [ 30.217116240016193, 60.567869690616682 ], [ 30.218487840016266, 60.56745662366459 ], [ 30.219041160016207, 60.56728308089945 ], [ 30.220083720016202, 60.567048062530105 ], [ 30.21995088001626, 60.566797386180014 ], [ 30.219623640016238, 60.566651791331395 ], [ 30.219282720016249, 60.566469398803562 ], [ 30.219262560016197, 60.566454273091821 ] ] ] } },
{ "type": "Feature", "properties": { }, "geometry": { "type": "Polygon", "coordinates": [ [ [ 30.216605400016253, 60.577219335934934 ], [ 30.216762000016182, 60.577378854276098 ], [ 30.217591440016236, 60.577181932130145 ], [ 30.217944600016249, 60.577105621160051 ], [ 30.218271840016186, 60.577015250345916 ], [ 30.218481360016177, 60.57695644728318 ], [ 30.218609880016206, 60.576920369561684 ], [ 30.21919272001626, 60.5767688957472 ], [ 30.219739560016212, 60.576652791869869 ], [ 30.219766560016197, 60.576647574701852 ], [ 30.219798960016188, 60.57664129641379 ], [ 30.219826680016233, 60.576635990817294 ], [ 30.219675840016244, 60.576311198226087 ], [ 30.219921000016218, 60.576353201263331 ], [ 30.220008840016206, 60.576375750239777 ], [ 30.220351560016251, 60.576476999371344 ], [ 30.220982640016256, 60.576698066241775 ], [ 30.220711920016232, 60.576888536244503 ], [ 30.221260560016248, 60.57729485081321 ], [ 30.222015480016246, 60.577797541963264 ], [ 30.219870960016213, 60.578412521116384 ], [ 30.220014960016265, 60.578215163158077 ], [ 30.220007400016172, 60.578207735684494 ], [ 30.220305840016248, 60.578132753474691 ], [ 30.220705080016202, 60.578024082015048 ], [ 30.220300800016183, 60.577671892014806 ], [ 30.220288200016228, 60.577508396030254 ], [ 30.220364160016217, 60.577416876824309 ], [ 30.22045596001626, 60.577387785157718 ], [ 30.220611480016192, 60.577473468441156 ], [ 30.220664400016251, 60.577431997406649 ], [ 30.220727760016196, 60.577382037560916 ], [ 30.220498800016209, 60.577265493762077 ], [ 30.220464960016201, 60.577265759036777 ], [ 30.220201440016233, 60.576932218621728 ], [ 30.220149240016227, 60.576913560771452 ], [ 30.220140960016263, 60.57682955609905 ], [ 30.220091640016225, 60.576706732032306 ], [ 30.220061400016242, 60.576679231403389 ], [ 30.219853320016185, 60.576692849081063 ], [ 30.219853680016218, 60.576693733345643 ], [ 30.219916320016186, 60.576803205114686 ], [ 30.219891480016202, 60.576811605598635 ], [ 30.219861600016241, 60.576923641317499 ], [ 30.219900120016199, 60.576957066263347 ], [ 30.219930360016182, 60.576955474600048 ], [ 30.21998076001622, 60.577058401999039 ], [ 30.220068240016175, 60.577179633076902 ], [ 30.219837120016198, 60.577203507852609 ], [ 30.219400080016253, 60.577284593533307 ], [ 30.218677560016236, 60.577343042300207 ], [ 30.217937040016253, 60.577479746567548 ], [ 30.216834000016206, 60.577674279456829 ], [ 30.216525480016205, 60.577435180686237 ], [ 30.216198960016236, 60.577530325231436 ], [ 30.215676600016238, 60.577777204566331 ], [ 30.21584760001619, 60.577912934342677 ], [ 30.215387160016199, 60.578125591249773 ], [ 30.215164680016212, 60.57821127257693 ], [ 30.215210760016259, 60.578292886261359 ], [ 30.215257920016207, 60.578400318911946 ], [ 30.215284200016217, 60.578485822667517 ], [ 30.215121120016207, 60.578675574764588 ], [ 30.215116440016175, 60.578720757881641 ], [ 30.21504516001621, 60.579052157755946 ], [ 30.215083320016223, 60.579059496615429 ], [ 30.215144880016194, 60.579522195078219 ], [ 30.21503760001621, 60.579608668468452 ], [ 30.215032920016188, 60.579805841079697 ], [ 30.214779120016214, 60.579929007037521 ], [ 30.214623600016196, 60.580032809138501 ], [ 30.214426680016178, 60.580253321183292 ], [ 30.214368360016199, 60.580375866520704 ], [ 30.214363680016177, 60.580963122791076 ], [ 30.214280880016243, 60.581275844335678 ], [ 30.214027080016184, 60.581231460517934 ], [ 30.213931320016261, 60.581260195068268 ], [ 30.213380880016189, 60.581680689134025 ], [ 30.213174960016225, 60.581730730746337 ], [ 30.212988480016254, 60.581889873167825 ], [ 30.212372880016186, 60.582105863544832 ], [ 30.211797600016219, 60.582501238013514 ], [ 30.211555680016243, 60.582516267806199 ], [ 30.211419600016217, 60.582511493637519 ], [ 30.211288200016217, 60.582520157869006 ], [ 30.211283520016188, 60.582465520125275 ], [ 30.211286400016249, 60.582336793942957 ], [ 30.211223760016193, 60.582266330286664 ], [ 30.211153560016225, 60.582223892878751 ], [ 30.211090200016191, 60.582197723116074 ], [ 30.211083720016195, 60.582190827026437 ], [ 30.211081920016227, 60.582188970386646 ], [ 30.211076160016194, 60.582184991872523 ], [ 30.211057800016206, 60.582176327551103 ], [ 30.211049880016176, 60.582167751638849 ], [ 30.211047000016212, 60.58216076713132 ], [ 30.211045920016211, 60.582150599807512 ], [ 30.211044840016211, 60.582143173238563 ], [ 30.211038360016214, 60.582139283130317 ], [ 30.211023960016192, 60.582137603310692 ], [ 30.211002000016173, 60.582137338076031 ], [ 30.210984720016185, 60.582134332082823 ], [ 30.210971400016245, 60.582125137278254 ], [ 30.210960960016191, 60.582115058354873 ], [ 30.210954480016191, 60.582108427482503 ], [ 30.210949800016259, 60.582103918488535 ], [ 30.210949800016259, 60.582103830076875 ], [ 30.210945840016201, 60.582092248148214 ], [ 30.210949800016259, 60.582081903979457 ], [ 30.210949440016233, 60.582030536733271 ], [ 30.211002000016173, 60.582025850904699 ], [ 30.211088760016249, 60.582053258571712 ], [ 30.211126200016206, 60.58203371955986 ], [ 30.211162560016248, 60.58202178395856 ], [ 30.211146720016195, 60.582008698998031 ], [ 30.211180920016243, 60.582003924754346 ], [ 30.211211880016194, 60.5819776664015 ], [ 30.211215480016218, 60.58200516252132 ], [ 30.211300800016183, 60.581993580557274 ], [ 30.211368480016208, 60.581971123912936 ], [ 30.211375320016238, 60.581949374549623 ], [ 30.211405200016198, 60.58194415823673 ], [ 30.211490880016179, 60.581929393414342 ], [ 30.211490880016179, 60.581916396828511 ], [ 30.211542000016191, 60.581908704969145 ], [ 30.211615080016212, 60.581901101520195 ], [ 30.211634160016171, 60.581867328039102 ], [ 30.211801920016217, 60.581886955563803 ], [ 30.2118386400162, 60.581858309983225 ], [ 30.211878960016207, 60.581878467987025 ], [ 30.211979400016247, 60.581833377697947 ], [ 30.211963560016201, 60.581818259175165 ], [ 30.212012520016206, 60.581810567292415 ], [ 30.212060400016213, 60.581799427321094 ], [ 30.212100000016253, 60.581782098469176 ], [ 30.212177400016184, 60.581774583402954 ], [ 30.212240400016185, 60.581766891509801 ], [ 30.212292600016198, 60.581775202290828 ], [ 30.212344800016201, 60.581811363004526 ], [ 30.212405640016197, 60.58180473206982 ], [ 30.212422200016224, 60.581785900207898 ], [ 30.212408520016258, 60.581764858020527 ], [ 30.212423280016225, 60.581746998674255 ], [ 30.212488440016216, 60.581734444078442 ], [ 30.212537040016198, 60.581723657731615 ], [ 30.212583120016234, 60.581738864711333 ], [ 30.212638560016238, 60.581721270588829 ], [ 30.212663040016199, 60.581713401857591 ], [ 30.212653320016202, 60.581698460104136 ], [ 30.212728920016257, 60.581675914841888 ], [ 30.212718840016226, 60.581658674336559 ], [ 30.212747640016186, 60.581646208119281 ], [ 30.212802720016253, 60.581647445899947 ], [ 30.212824320016242, 60.581670433246316 ], [ 30.212857800016227, 60.581686435966226 ], [ 30.212958240016178, 60.581662210851214 ], [ 30.212944560016215, 60.581644263035329 ], [ 30.212956800016244, 60.581627287752013 ], [ 30.212983080016254, 60.58161101976377 ], [ 30.213024480016177, 60.581597757810805 ], [ 30.213113400016255, 60.58161429104468 ], [ 30.213172800016224, 60.581591657310625 ], [ 30.213124200016249, 60.581582373938531 ], [ 30.213129960016186, 60.581553904914173 ], [ 30.213190080016219, 60.581533923534309 ], [ 30.213172440016194, 60.581508814172146 ], [ 30.213223200016266, 60.581500149669395 ], [ 30.213308160016194, 60.581504658747662 ], [ 30.21333120001621, 60.581482820656966 ], [ 30.213293040016204, 60.581461689858784 ], [ 30.213322200016183, 60.581438967604335 ], [ 30.213393120016214, 60.581421284904984 ], [ 30.213453960016214, 60.581415538025624 ], [ 30.213474840016232, 60.58139785531344 ], [ 30.213538200016178, 60.581368325162529 ], [ 30.213574200016193, 60.581362843514817 ], [ 30.213589320016183, 60.581360633172707 ], [ 30.213621720016256, 60.581354797868812 ], [ 30.21359796001618, 60.581330660918944 ], [ 30.213615960016224, 60.581313773884652 ], [ 30.213613080016259, 60.581293969184024 ], [ 30.213650520016216, 60.581264262110246 ], [ 30.213658800016173, 60.581238356812342 ], [ 30.213700920016244, 60.581206262506576 ], [ 30.213712080016183, 60.581185396770039 ], [ 30.213725760016239, 60.581160021894334 ], [ 30.213801000016261, 60.581143400013694 ], [ 30.213852840016234, 60.581111924514211 ], [ 30.214026000016183, 60.58100662283092 ], [ 30.214086120016216, 60.580942256897508 ], [ 30.214185120016229, 60.580819890538571 ], [ 30.214209240016245, 60.580611760565958 ], [ 30.214144800016214, 60.580478871441201 ], [ 30.214166760016237, 60.580355972828677 ], [ 30.214140120016189, 60.580265876354645 ], [ 30.214132560016196, 60.58018064256013 ], [ 30.214172880016203, 60.580100448317857 ], [ 30.214222920016208, 60.580010793218214 ], [ 30.214263240016223, 60.579916363317622 ], [ 30.214255680016226, 60.579821756305293 ], [ 30.214249200016226, 60.57968921760434 ], [ 30.214174680016171, 60.579584618632637 ], [ 30.214301760016173, 60.579434129915342 ], [ 30.214239120016206, 60.579286823594316 ], [ 30.214185480016258, 60.579121036865629 ], [ 30.214217520016213, 60.578979211170342 ], [ 30.214249560016253, 60.578827923847832 ], [ 30.214310400016259, 60.578700597907691 ], [ 30.214399320016248, 60.578592193621546 ], [ 30.214458720016218, 60.57850730909793 ], [ 30.214451160016221, 60.578436306559503 ], [ 30.214389960016195, 60.578381308222028 ], [ 30.214549440016174, 60.578337450959751 ], [ 30.214666800016182, 60.578248233079243 ], [ 30.214704600016255, 60.578164408721264 ], [ 30.214882080016199, 60.578088453761893 ], [ 30.215009520016231, 60.577975537851927 ], [ 30.215156400016248, 60.577862886817194 ], [ 30.215428200016181, 60.577749351154075 ], [ 30.215719800016224, 60.577610349004694 ], [ 30.215828160016201, 60.57750211790944 ], [ 30.216075840016206, 60.577376997359778 ], [ 30.216211560016198, 60.57733977058686 ], [ 30.216236760016219, 60.577307937682825 ], [ 30.216288240016254, 60.577281321814027 ], [ 30.216341160016224, 60.577267262259909 ], [ 30.216372480016215, 60.577254263798693 ], [ 30.216537360016194, 60.577229504810546 ], [ 30.216605400016253, 60.577219335934934 ] ] ] } },
{ "type": "Feature", "properties": { }, "geometry": { "type": "Polygon", "coordinates": [ [ [ 30.200110200016191, 60.573016398320114 ], [ 30.199487760016194, 60.572944853096288 ], [ 30.199653360016228, 60.572641159987761 ], [ 30.19984128001623, 60.572296959223266 ], [ 30.199197240016229, 60.572132463216029 ], [ 30.199237200016221, 60.572019968690334 ], [ 30.19910076001625, 60.571828143395585 ], [ 30.199705560016231, 60.571576089064557 ], [ 30.200670000016228, 60.570603229352983 ], [ 30.19967136001619, 60.570534066756863 ], [ 30.198329280016225, 60.570407238798339 ], [ 30.197484360016233, 60.570179937794954 ], [ 30.196587600016176, 60.569976161528864 ], [ 30.195704880016208, 60.569997653617534 ], [ 30.195982800016193, 60.569968643716685 ], [ 30.196253520016217, 60.569943348477018 ], [ 30.196519920016243, 60.569926720826217 ], [ 30.196783080016171, 60.569923625251953 ], [ 30.19704228001623, 60.569936095992077 ], [ 30.197293200016237, 60.569965017477266 ], [ 30.197487240016205, 60.570000041626486 ], [ 30.197693160016165, 60.570037276854634 ], [ 30.1977511200162, 60.570047801768851 ], [ 30.198166200016207, 60.570139430288819 ], [ 30.198900960016164, 60.570311454173506 ], [ 30.199230000016247, 60.570382386120571 ], [ 30.199580280016203, 60.570438282507823 ], [ 30.199942800016181, 60.570471006613751 ], [ 30.20076720001618, 60.570502669365794 ], [ 30.201150240016243, 60.570509656393497 ], [ 30.200912640016178, 60.571131584251169 ], [ 30.199568040016175, 60.5719309102465 ], [ 30.200657400016176, 60.572109380644797 ], [ 30.201793200016237, 60.571662229958804 ], [ 30.20176908001622, 60.571895888189424 ], [ 30.202531200016185, 60.571650909607961 ], [ 30.202763040016226, 60.571336502967789 ], [ 30.203065800016201, 60.571087717149481 ], [ 30.203893800016232, 60.570823451978924 ], [ 30.204362880016227, 60.570775073884064 ], [ 30.204327960016212, 60.570741288773043 ], [ 30.20464656001624, 60.570702550827455 ], [ 30.204941400016185, 60.570746949108262 ], [ 30.205091160016174, 60.570742615414218 ], [ 30.204770040016211, 60.570387692743758 ], [ 30.204613800016222, 60.570096092507676 ], [ 30.204593640016171, 60.570068586253207 ], [ 30.204741600016192, 60.570008886102642 ], [ 30.204879480016185, 60.569951662299253 ], [ 30.204942840016219, 60.569982441111783 ], [ 30.204994680016195, 60.569957588107407 ], [ 30.204938520016221, 60.569927251496068 ], [ 30.20508432001624, 60.5698638363885 ], [ 30.205265760016246, 60.569787331246623 ], [ 30.205326240016216, 60.569759294056794 ], [ 30.205460520016185, 60.569911419842065 ], [ 30.205653120016212, 60.570129170737708 ], [ 30.205722240016179, 60.570175427136334 ], [ 30.205218960016236, 60.570383624332678 ], [ 30.205258920016224, 60.570456501878994 ], [ 30.205270440016182, 60.570586248268917 ], [ 30.205244520016194, 60.57065682584107 ], [ 30.205242360016197, 60.570748717962836 ], [ 30.205331640016215, 60.570838840973813 ], [ 30.205405800016237, 60.570908268244686 ], [ 30.205395720016217, 60.570911186840043 ], [ 30.205355400016202, 60.570915874280558 ], [ 30.205310400016252, 60.570925602928519 ], [ 30.205285920016202, 60.570931174789244 ], [ 30.205261080016214, 60.57094231850774 ], [ 30.205227960016174, 60.570962571764078 ], [ 30.205204560016213, 60.570967436081403 ], [ 30.205177560016228, 60.570958061214618 ], [ 30.205164240016206, 60.570966551660099 ], [ 30.205146960016211, 60.570981940586883 ], [ 30.205103400016203, 60.570993791824286 ], [ 30.205061280016221, 60.571001309398035 ], [ 30.205034280016228, 60.57101050736825 ], [ 30.205010880016186, 60.571013779722406 ], [ 30.204986040016198, 60.571029168626659 ], [ 30.2049892800162, 60.571013691280392 ], [ 30.204967680016203, 60.57101492946839 ], [ 30.204946440016247, 60.571013072186375 ], [ 30.204929160016253, 60.571006262151563 ], [ 30.204917640016198, 60.570997594832406 ], [ 30.204903600016205, 60.570991227004619 ], [ 30.204869040016227, 60.570988927510975 ], [ 30.204848160016208, 60.570996002875582 ], [ 30.204837000016177, 60.570989723489554 ], [ 30.204825480016215, 60.570985301385967 ], [ 30.204819720016189, 60.570977518482223 ], [ 30.20480856001625, 60.570971858187427 ], [ 30.204785160016201, 60.570979464208328 ], [ 30.204749520016222, 60.57098353254441 ], [ 30.204725040016172, 60.570971239092621 ], [ 30.204718560016175, 60.570959918499774 ], [ 30.204713520016206, 60.570950632072993 ], [ 30.204706680016177, 60.570954169759716 ], [ 30.204683640016249, 60.57095770744602 ], [ 30.20466096001617, 60.570951162726026 ], [ 30.20462208001619, 60.570953727548883 ], [ 30.204583560016239, 60.570950720515178 ], [ 30.204580680016182, 60.570937984839894 ], [ 30.204545040016193, 60.570932855191479 ], [ 30.204501480016184, 60.570914812973328 ], [ 30.204199800016209, 60.570941876296764 ], [ 30.203884800016208, 60.57100935762211 ], [ 30.203893440016206, 60.571099833673472 ], [ 30.203653320016194, 60.571199595829448 ], [ 30.203544960016217, 60.571204283228127 ], [ 30.203446680016174, 60.571246381344388 ], [ 30.203281800016192, 60.571357198182469 ], [ 30.203072640016234, 60.571510466175901 ], [ 30.202939440016177, 60.571653474375296 ], [ 30.20279544001621, 60.57181231267267 ], [ 30.202522200016251, 60.571922596933334 ], [ 30.201977520016211, 60.572095141962379 ], [ 30.201347520016206, 60.572214092253283 ], [ 30.200718240016176, 60.572363376459869 ], [ 30.200603400016202, 60.572409187470349 ], [ 30.200603040016173, 60.572432181389296 ], [ 30.200593680016205, 60.572453406530819 ], [ 30.200547600016169, 60.57246720286529 ], [ 30.200512680016242, 60.572482679515552 ], [ 30.200469480016171, 60.572489400801331 ], [ 30.200434560016252, 60.572503373996305 ], [ 30.200402520016205, 60.572523095647284 ], [ 30.200375880016249, 60.572539898838187 ], [ 30.200349600016231, 60.572551042002047 ], [ 30.200310000016184, 60.572550776688644 ], [ 30.200286600016231, 60.572564838294852 ], [ 30.200251680016216, 60.572575981450122 ], [ 30.2002167600162, 60.572580049585198 ], [ 30.200185440016213, 60.572574212695557 ], [ 30.200179680016191, 60.572588362729263 ], [ 30.200176080016249, 60.572608172766017 ], [ 30.200155920016197, 60.572619315906337 ], [ 30.200129280016242, 60.572631874043999 ], [ 30.200126760016218, 60.572643282488805 ], [ 30.200137560016209, 60.572651772491618 ], [ 30.200168880016193, 60.572666099366288 ], [ 30.200165640016195, 60.572680249359756 ], [ 30.200194440016244, 60.572691746224869 ], [ 30.200199840016243, 60.572707311204972 ], [ 30.200179320016247, 60.572722699302929 ], [ 30.200156280016234, 60.572734019278393 ], [ 30.200106960016193, 60.572743570504571 ], [ 30.200164200016168, 60.572748169242082 ], [ 30.200198400016212, 60.5727667410601 ], [ 30.200220720016173, 60.572786639424635 ], [ 30.200231160016227, 60.572803442478516 ], [ 30.200154480016174, 60.572811755565084 ], [ 30.200148000016174, 60.572824313628004 ], [ 30.200118840016188, 60.572839790107267 ], [ 30.200098320016203, 60.572863756526246 ], [ 30.200129640016179, 60.572885069821183 ], [ 30.200175000016248, 60.57291372335736 ], [ 30.200165640016195, 60.572943349672094 ], [ 30.200156640016171, 60.572958826094364 ], [ 30.200112720016222, 60.572982703988444 ], [ 30.200110200016191, 60.573016398320114 ] ] ] } },
{ "type": "Feature", "properties": { }, "geometry": { "type": "Polygon", "coordinates": [ [ [ 30.203854920016251, 60.570314726598433 ], [ 30.203377560016207, 60.570480823839041 ], [ 30.203506440016177, 60.570435894531244 ], [ 30.203854920016251, 60.570314726598433 ] ] ] } },
{ "type": "Feature", "properties": { }, "geometry": { "type": "Polygon", "coordinates": [ [ [ 30.154316760016211, 60.511059850863553 ], [ 30.153706200016202, 60.510603703974148 ], [ 30.153469680016226, 60.510136474599726 ], [ 30.153523320016173, 60.510131601130581 ], [ 30.153756960016182, 60.510592628066576 ], [ 30.154317840016212, 60.511011383346322 ], [ 30.154316760016211, 60.511059850863553 ] ] ] } },
{ "type": "Feature", "properties": { }, "geometry": { "type": "Polygon", "coordinates": [ [ [ 30.254040720016224, 60.548965810168383 ], [ 30.254547600016192, 60.548954924381043 ], [ 30.255294600016263, 60.548938108930024 ], [ 30.255604560016206, 60.548940144485087 ], [ 30.25570752001628, 60.548949348732485 ], [ 30.255937200016227, 60.549044577138261 ], [ 30.256192800016255, 60.549175117480715 ], [ 30.256607160016213, 60.549449737240764 ], [ 30.256607160016213, 60.549449825741732 ], [ 30.256845480016246, 60.549517705935244 ], [ 30.257130240016266, 60.549565761840142 ], [ 30.2577105600162, 60.549643996346504 ], [ 30.257952120016235, 60.549657802416228 ], [ 30.258239040016253, 60.549700636595063 ], [ 30.259366560016254, 60.549882592722525 ], [ 30.259491120016225, 60.549894274695745 ], [ 30.259491480016258, 60.549894274695745 ], [ 30.259609560016237, 60.549930294086636 ], [ 30.259715040016243, 60.549978349378613 ], [ 30.259886760016251, 60.550097204057472 ], [ 30.260636640016283, 60.550582530172456 ], [ 30.26084112001622, 60.550695541791207 ], [ 30.261221640016252, 60.550820677140266 ], [ 30.261360960016276, 60.550925280716903 ], [ 30.261653280016287, 60.551397674043763 ], [ 30.261942000016273, 60.551900768006242 ], [ 30.262449600016211, 60.552261911196062 ], [ 30.262721040016203, 60.552409694676257 ], [ 30.263037480016227, 60.552546415917497 ], [ 30.263432040016252, 60.55269189730263 ], [ 30.263658480016208, 60.552836493116168 ], [ 30.263822280016281, 60.553046837279616 ], [ 30.263979960016204, 60.553260188754869 ], [ 30.264203880016222, 60.553531588203839 ], [ 30.264440040016257, 60.553851742826367 ], [ 30.264440400016287, 60.553851919804288 ], [ 30.264203160016248, 60.553847672334207 ], [ 30.263760720016215, 60.553808471698567 ], [ 30.262736160016281, 60.553421241196858 ], [ 30.262983120016223, 60.553308150609887 ], [ 30.262815360016276, 60.552908613797499 ], [ 30.262392000016209, 60.552776053206628 ], [ 30.261940920016272, 60.552554468736304 ], [ 30.261524760016258, 60.552256690090715 ], [ 30.261470040016224, 60.552187399748256 ], [ 30.26128536001622, 60.551964660821994 ], [ 30.26109456001625, 60.551732451424868 ], [ 30.260894040016286, 60.551488027994978 ], [ 30.260686320016266, 60.551236700022528 ], [ 30.260489400016233, 60.550997671149716 ], [ 30.260351160016214, 60.550833863227346 ], [ 30.260082600016279, 60.550747401336892 ], [ 30.259549800016227, 60.550575715833531 ], [ 30.25939716001627, 60.550526599452326 ], [ 30.258940320016219, 60.550378630372116 ], [ 30.258483840016286, 60.550230483617327 ], [ 30.258044280016222, 60.550090566614863 ], [ 30.257332560016202, 60.55000189025067 ], [ 30.256703280016254, 60.549925426603721 ], [ 30.256400520016278, 60.549843475781515 ], [ 30.256023960016215, 60.549648421369511 ], [ 30.255647040016214, 60.549453365781446 ], [ 30.255449400016222, 60.549350969977084 ], [ 30.254779440016232, 60.549394158566756 ], [ 30.254678280016226, 60.549392477044869 ], [ 30.254478120016199, 60.549416018343244 ], [ 30.254294520016195, 60.549499828766436 ], [ 30.254285880016198, 60.549481774585921 ], [ 30.254040720016224, 60.548965810168383 ] ] ] } },
{ "type": "Feature", "properties": { }, "geometry": { "type": "Polygon", "coordinates": [ [ [ 30.254334120016235, 60.549583904474375 ], [ 30.254335560016266, 60.549584612479414 ], [ 30.254334840016202, 60.549585054982551 ], [ 30.254334120016235, 60.549583904474375 ] ] ] } },
{ "type": "Feature", "properties": { }, "geometry": { "type": "Polygon", "coordinates": [ [ [ 30.233670480016194, 60.556996398912375 ], [ 30.232553760016181, 60.557254229629123 ], [ 30.232393560016227, 60.557303247315943 ], [ 30.232251720016269, 60.557364563559666 ], [ 30.231559800016264, 60.55697958764123 ], [ 30.23150544001626, 60.555976115885258 ], [ 30.231795600016177, 60.555949128515437 ], [ 30.232147680016197, 60.555916301225352 ], [ 30.231762840016255, 60.555543518906653 ], [ 30.231087120016248, 60.555437956933027 ], [ 30.230681400016199, 60.555485296167483 ], [ 30.230096040016207, 60.555252669618106 ], [ 30.229771320016212, 60.555376814006124 ], [ 30.229685640016218, 60.555196216060956 ], [ 30.22949916001625, 60.55511870286584 ], [ 30.230710920016215, 60.55488191483159 ], [ 30.230919000016264, 60.554836167466739 ], [ 30.231099000016243, 60.554796083165421 ], [ 30.23040312001627, 60.554140392508671 ], [ 30.230349480016237, 60.554148621906947 ], [ 30.230343000016237, 60.554142693200852 ], [ 30.230342640016211, 60.554142693200852 ], [ 30.230342640016211, 60.55414260471273 ], [ 30.230257680016191, 60.553799091855481 ], [ 30.230256240016249, 60.553795021356706 ], [ 30.230436600016255, 60.553777588997342 ], [ 30.230338320016212, 60.553459557401546 ], [ 30.230033760016262, 60.553485131009417 ], [ 30.230015040016248, 60.553486989298449 ], [ 30.229895520016239, 60.55346451284268 ], [ 30.229867440016253, 60.553466459622967 ], [ 30.229864920016222, 60.55346522076281 ], [ 30.229686000016248, 60.553124797894732 ], [ 30.229861320016198, 60.553126567713569 ], [ 30.229881840016184, 60.552820564600466 ], [ 30.229685280016191, 60.552657916307751 ], [ 30.229982640016257, 60.552621899953856 ], [ 30.23006436001619, 60.552775964714769 ], [ 30.23076348001625, 60.553331600568484 ], [ 30.231280080016216, 60.553332220001124 ], [ 30.231280440016249, 60.553332131510743 ], [ 30.231280440016249, 60.553332220001124 ], [ 30.231560880016264, 60.553570346726367 ], [ 30.231560520016231, 60.553570346726367 ], [ 30.231470520016245, 60.554196316980608 ], [ 30.231929880016235, 60.554220031759165 ], [ 30.23234604001625, 60.554261532579751 ], [ 30.232370520016211, 60.55425586935791 ], [ 30.232447920016231, 60.554255426918637 ], [ 30.232348560016192, 60.554336127737457 ], [ 30.232288080016222, 60.554473725708689 ], [ 30.232254600016237, 60.554585661890208 ], [ 30.232256400016205, 60.554649637889526 ], [ 30.232256400016205, 60.554649726376297 ], [ 30.232274040016225, 60.554802365697157 ], [ 30.232358640016219, 60.555076406774617 ], [ 30.232442160016209, 60.555129144151785 ], [ 30.232444680016233, 60.555374336432131 ], [ 30.232286280016254, 60.555388759449556 ], [ 30.232424880016215, 60.555719336785302 ], [ 30.232484640016214, 60.555862149396425 ], [ 30.232802160016245, 60.555838701272428 ], [ 30.232905120016227, 60.55599443189066 ], [ 30.232889640016207, 60.556073801127468 ], [ 30.232758960016263, 60.556064864355804 ], [ 30.232714320016257, 60.556392603357118 ], [ 30.232897200016197, 60.556396231119052 ], [ 30.233074320016204, 60.556726090308779 ], [ 30.233522520016265, 60.556840938561088 ], [ 30.233670480016194, 60.556996398912375 ] ] ] } },
{ "type": "Feature", "properties": { }, "geometry": { "type": "Polygon", "coordinates": [ [ [ 30.186041760016245, 60.531561308671527 ], [ 30.18609756001619, 60.531490025900034 ], [ 30.186233640016212, 60.531460184494449 ], [ 30.186405720016165, 60.531671287496771 ], [ 30.186345240016195, 60.531680319557609 ], [ 30.186285120016162, 60.531690502760419 ], [ 30.186226080016215, 60.53170174855461 ], [ 30.186169200016181, 60.531704493590404 ], [ 30.186041760016245, 60.531561308671527 ] ] ] } },
{ "type": "Feature", "properties": { }, "geometry": { "type": "Polygon", "coordinates": [ [ [ 30.232420560016216, 60.557435435436801 ], [ 30.232440720016264, 60.557423490749322 ], [ 30.232678680016186, 60.557344036345263 ], [ 30.234016440016241, 60.557046301792184 ], [ 30.236089320016191, 60.556799883454516 ], [ 30.236496840016208, 60.556525680016534 ], [ 30.237051960016217, 60.556514265883017 ], [ 30.237975360016232, 60.556512761694592 ], [ 30.238275960016207, 60.556553286276213 ], [ 30.239591040016276, 60.556914554483654 ], [ 30.240405000016221, 60.556994009942819 ], [ 30.240761400016233, 60.556639644167262 ], [ 30.240990720016242, 60.556643979751989 ], [ 30.241045800016217, 60.556282973969076 ], [ 30.241065960016272, 60.556148569070956 ], [ 30.241266480016236, 60.556113175983192 ], [ 30.241266480016236, 60.5559338209153 ], [ 30.241105920016249, 60.555905063843468 ], [ 30.241236240016249, 60.555685712906588 ], [ 30.241328040016203, 60.555505293655088 ], [ 30.241432080016278, 60.555279303628886 ], [ 30.241488960016223, 60.555045171341249 ], [ 30.241631880016271, 60.555087025045395 ], [ 30.241762920016239, 60.555134984191611 ], [ 30.241957680016267, 60.555228601655948 ], [ 30.243123720016229, 60.556040177617248 ], [ 30.243743640016199, 60.556358891696242 ], [ 30.243447000016197, 60.556564788877495 ], [ 30.243197160016191, 60.557240957679483 ], [ 30.243503520016198, 60.557367660336567 ], [ 30.240123840016231, 60.559590715720134 ], [ 30.239634960016225, 60.559416776835334 ], [ 30.235375080016226, 60.559555326399227 ], [ 30.234662280016206, 60.559267609782978 ], [ 30.234154320016238, 60.559368558616676 ], [ 30.233977200016231, 60.559160644373428 ], [ 30.233786040016231, 60.559035452812019 ], [ 30.233859840016226, 60.558490532094183 ], [ 30.233750760016189, 60.558180332825508 ], [ 30.233722680016204, 60.558021958406385 ], [ 30.233622600016187, 60.558029655951927 ], [ 30.233406240016262, 60.557841463709309 ], [ 30.233185920016187, 60.557841021319106 ], [ 30.233115000016252, 60.557680875668758 ], [ 30.232420560016216, 60.557435435436801 ] ], [ [ 30.234754440016193, 60.558585997841973 ], [ 30.234677040016262, 60.558667307186134 ], [ 30.234645720016186, 60.558707298214053 ], [ 30.234657960016207, 60.558834614453708 ], [ 30.234675240016205, 60.558889203681588 ], [ 30.234816720016219, 60.558977147884065 ], [ 30.23484228001627, 60.558991834719492 ], [ 30.234865320016201, 60.5590053713752 ], [ 30.234902400016214, 60.559026428383916 ], [ 30.23518644001626, 60.559130297629558 ], [ 30.235354560016237, 60.559196388023587 ], [ 30.235496040016262, 60.559243898705326 ], [ 30.235689360016263, 60.559286631717001 ], [ 30.235773240016194, 60.559312112243695 ], [ 30.23600544001626, 60.559333788370346 ], [ 30.236382720016206, 60.559335027005737 ], [ 30.236698800016203, 60.559324587077533 ], [ 30.236798520016187, 60.559323967759632 ], [ 30.236902200016228, 60.559334053792234 ], [ 30.23696016001626, 60.559329630094119 ], [ 30.236982480016216, 60.559319721008137 ], [ 30.237017760016265, 60.559294859805959 ], [ 30.237116400016248, 60.559257346781351 ], [ 30.237359400016224, 60.559217621856483 ], [ 30.237476400016195, 60.559177100613297 ], [ 30.237558480016247, 60.55916046742459 ], [ 30.237579000016236, 60.559149673542215 ], [ 30.237620040016218, 60.559136756268401 ], [ 30.237660720016258, 60.559135959997903 ], [ 30.237724440016226, 60.559106321027507 ], [ 30.23780904001622, 60.559048724025232 ], [ 30.237932520016191, 60.558965734615732 ], [ 30.238048080016227, 60.558896193219468 ], [ 30.238134480016274, 60.558850628483107 ], [ 30.238197840016216, 60.558820989251153 ], [ 30.238208280016273, 60.558816034630652 ], [ 30.238213680016266, 60.558811256960148 ], [ 30.238231320016194, 60.558796127665531 ], [ 30.238240320016224, 60.558756136747469 ], [ 30.238242480016225, 60.558740122671274 ], [ 30.238269480016211, 60.558718180719744 ], [ 30.23828496001623, 60.558666333952559 ], [ 30.238278120016208, 60.558601569614652 ], [ 30.23828496001623, 60.55856954130126 ], [ 30.238271640016208, 60.558526453437352 ], [ 30.238305480016226, 60.558472571407655 ], [ 30.238310880016218, 60.558422670728632 ], [ 30.238315560016247, 60.558385599075066 ], [ 30.238301880016202, 60.558351447108386 ], [ 30.238294320016202, 60.55832977032324 ], [ 30.238309800016218, 60.558273852998205 ], [ 30.238310520016192, 60.558233861434275 ], [ 30.238299000016227, 60.558207760718766 ], [ 30.238218720016238, 60.558155205315806 ], [ 30.238120440016196, 60.558094686867243 ], [ 30.238049880016192, 60.55805186380303 ], [ 30.238020360016268, 60.558008686771799 ], [ 30.238007040016242, 60.557973472674966 ], [ 30.238030800016233, 60.557911626718564 ], [ 30.238060320016253, 60.557860221048266 ], [ 30.238050960016189, 60.557815097242745 ], [ 30.238023960016204, 60.557753958809776 ], [ 30.238014240016213, 60.557726884445032 ], [ 30.238035840016202, 60.557675920873542 ], [ 30.238090560016236, 60.557612570210892 ], [ 30.238097760016203, 60.55756656127194 ], [ 30.238076520016246, 60.557509403921991 ], [ 30.238082280016272, 60.557426410562208 ], [ 30.238102440016231, 60.557346425289005 ], [ 30.238107120016263, 60.557313776376155 ], [ 30.238111800016199, 60.557290683222774 ], [ 30.238090200016206, 60.557259626887088 ], [ 30.238064640016251, 60.557228393562099 ], [ 30.23806140001625, 60.557190435741276 ], [ 30.238045560016197, 60.557168315778533 ], [ 30.237999120016223, 60.557151062197114 ], [ 30.237926400016221, 60.557115227806243 ], [ 30.237867720016222, 60.557099920758056 ], [ 30.237790680016225, 60.557088418347107 ], [ 30.237754320016275, 60.55708125145825 ], [ 30.237626160016273, 60.557031437112641 ], [ 30.237469560016255, 60.557023650849175 ], [ 30.237362280016189, 60.557007989836386 ], [ 30.237218280016226, 60.556989232003133 ], [ 30.237093720016254, 60.556978348915635 ], [ 30.236934240016275, 60.55696737734408 ], [ 30.23689140001623, 60.556971182002385 ], [ 30.236860440016187, 60.556957202092903 ], [ 30.236820480016206, 60.556943222177388 ], [ 30.236770800016231, 60.556933754762838 ], [ 30.236742720016242, 60.556933577801772 ], [ 30.23673948001624, 60.556942779774907 ], [ 30.236735880016216, 60.556954990081358 ], [ 30.236723280016253, 60.556967200383205 ], [ 30.236701320016234, 60.556968616070051 ], [ 30.236685840016211, 60.556979233719652 ], [ 30.236651280016222, 60.556985161905764 ], [ 30.236558040016241, 60.556981622690301 ], [ 30.236477400016216, 60.556979676121642 ], [ 30.236377680016236, 60.556985250386163 ], [ 30.236268600016199, 60.556989320483503 ], [ 30.236168880016216, 60.556997903078361 ], [ 30.236097240016218, 60.556996044990989 ], [ 30.236028480016191, 60.557003300379108 ], [ 30.235953600016199, 60.55701365257633 ], [ 30.235897800016254, 60.557014891300589 ], [ 30.235836960016254, 60.55700630871025 ], [ 30.235806720016267, 60.556986489111502 ], [ 30.235783680016244, 60.556975782983912 ], [ 30.235742280016236, 60.556978525876445 ], [ 30.235735080016269, 60.556995956510626 ], [ 30.23571168001622, 60.557011706009604 ], [ 30.235626360016262, 60.55702719006009 ], [ 30.235524840016215, 60.557033472158452 ], [ 30.2354366400162, 60.557041346899744 ], [ 30.235385880016224, 60.557048602277703 ], [ 30.235309200016257, 60.55706930663991 ], [ 30.235300560016267, 60.557071695603909 ], [ 30.235299840016204, 60.557072049524514 ], [ 30.235239360016234, 60.557097354835946 ], [ 30.235171320016264, 60.557109122683819 ], [ 30.235129560016226, 60.557117262846774 ], [ 30.235107600016207, 60.55712469516768 ], [ 30.235050360016231, 60.557135755165845 ], [ 30.234987360016234, 60.557143806842141 ], [ 30.234939120016193, 60.557163183945029 ], [ 30.234890520016219, 60.557191055100027 ], [ 30.234851280016212, 60.557231667311456 ], [ 30.234847680016269, 60.557262723674022 ], [ 30.234857400016267, 60.55733164922686 ], [ 30.234860640016265, 60.557353415160378 ], [ 30.234844080016238, 60.557400397674279 ], [ 30.234842640016215, 60.557404821636304 ], [ 30.234840480016214, 60.557409334076894 ], [ 30.234816720016219, 60.557465341375817 ], [ 30.234799080016199, 60.55749321227043 ], [ 30.234790080016268, 60.557521702493446 ], [ 30.234774240016215, 60.557572400871656 ], [ 30.234788280016204, 60.557620975683037 ], [ 30.234789360016205, 60.557646015129251 ], [ 30.234767400016189, 60.557668577157841 ], [ 30.234748320016227, 60.5576874230755 ], [ 30.2347339200162, 60.557712373991933 ], [ 30.234726720016234, 60.557761302506094 ], [ 30.234746880016196, 60.557818901801326 ], [ 30.234785040016202, 60.557903929144935 ], [ 30.234800160016199, 60.557987186712204 ], [ 30.234822120016219, 60.558043369965375 ], [ 30.23484228001627, 60.558113178627423 ], [ 30.234868200016258, 60.558182633230373 ], [ 30.234862440016233, 60.558242443698845 ], [ 30.234845160016238, 60.558320568744776 ], [ 30.234822120016219, 60.558395508447227 ], [ 30.23478144001627, 60.558479295606723 ], [ 30.234754440016193, 60.558585997841973 ] ] ] } },
{ "type": "Feature", "properties": { }, "geometry": { "type": "Polygon", "coordinates": [ [ [ 30.240923400016243, 60.554812276167304 ], [ 30.24112464001627, 60.554635922436994 ], [ 30.241343880016256, 60.554746176813538 ], [ 30.241610640016219, 60.554956066128888 ], [ 30.241482120016194, 60.554924034205087 ], [ 30.240923400016243, 60.554812276167304 ] ] ] } },
{ "type": "Feature", "properties": { }, "geometry": { "type": "Polygon", "coordinates": [ [ [ 30.273360120016211, 60.558218201007485 ], [ 30.273034320016215, 60.558132732103964 ], [ 30.272469480016213, 60.558130874081826 ], [ 30.272159880016204, 60.558013199128148 ], [ 30.272173920016289, 60.557999573579551 ], [ 30.272330160016278, 60.557848807385753 ], [ 30.272688720016284, 60.558013376083295 ], [ 30.273069600016257, 60.558027709446328 ], [ 30.274027920016287, 60.558021958406385 ], [ 30.274192440016233, 60.55790578718009 ], [ 30.275587440016267, 60.558359321528769 ], [ 30.277054800016266, 60.558231561033068 ], [ 30.277554120016237, 60.558384271926762 ], [ 30.27791268001625, 60.558551934562985 ], [ 30.278148480016256, 60.558506015436642 ], [ 30.277622880016267, 60.557678132835782 ], [ 30.277431000016296, 60.557506041721773 ], [ 30.277156320016218, 60.557259980805597 ], [ 30.277057680016231, 60.556794928524369 ], [ 30.27683340001628, 60.556512850176269 ], [ 30.276548640016266, 60.556371721597564 ], [ 30.276286920016261, 60.556229088201398 ], [ 30.274895160016236, 60.556237228585857 ], [ 30.274135200016264, 60.555896480958623 ], [ 30.275779680016267, 60.554733700213554 ], [ 30.277080000016277, 60.555502019730966 ], [ 30.27807396001629, 60.556216789138389 ], [ 30.279480840016223, 60.559703784340861 ], [ 30.279472200016226, 60.559706880893756 ], [ 30.27929832001622, 60.559755098607944 ], [ 30.279245760016273, 60.559719355575346 ], [ 30.27909096001623, 60.559699183747441 ], [ 30.278955240016234, 60.559629909347819 ], [ 30.278872800016245, 60.559470745765367 ], [ 30.278302920016269, 60.559070665752493 ], [ 30.278188080016207, 60.559018908025251 ], [ 30.277887120016295, 60.558965823090709 ], [ 30.277676520016215, 60.558903802081836 ], [ 30.277290600016276, 60.55883567615755 ], [ 30.277062720016289, 60.558790819139425 ], [ 30.276931680016229, 60.558775247457831 ], [ 30.276632520016285, 60.558689691550782 ], [ 30.275889840016216, 60.55872357773341 ], [ 30.275206920016242, 60.558754632663316 ], [ 30.275095680016285, 60.558751093641426 ], [ 30.274548840016244, 60.558695707899126 ], [ 30.273639480016225, 60.558795508337525 ], [ 30.273628320016293, 60.558789403532337 ], [ 30.27361212001621, 60.558764011069307 ], [ 30.273563880016262, 60.558695884850529 ], [ 30.273566760016234, 60.55869190344368 ], [ 30.273637680016257, 60.55859024468981 ], [ 30.273656040016249, 60.55855511970227 ], [ 30.273656040016249, 60.558555208178355 ], [ 30.27365784001622, 60.558551757610815 ], [ 30.27365784001622, 60.558551846086878 ], [ 30.273663240016219, 60.55854175981036 ], [ 30.273666480016217, 60.55853547800497 ], [ 30.273674040016211, 60.558448328888801 ], [ 30.273592680016222, 60.558335963691931 ], [ 30.273498000016293, 60.558287920815353 ], [ 30.273360120016211, 60.558218201007485 ] ] ] } },
{ "type": "Feature", "properties": { }, "geometry": { "type": "Polygon", "coordinates": [ [ [ 30.156668640016147, 60.508012813143957 ], [ 30.156516360016223, 60.507472083987999 ], [ 30.155829840016217, 60.507525342045554 ], [ 30.15561312001617, 60.507542001786 ], [ 30.155500800016227, 60.507314790545067 ], [ 30.155464080016149, 60.506965108978434 ], [ 30.156804000016205, 60.506871085997687 ], [ 30.157066800016207, 60.50796088510468 ], [ 30.156668640016147, 60.508012813143957 ] ] ] } },
{ "type": "Feature", "properties": { }, "geometry": { "type": "Polygon", "coordinates": [ [ [ 30.221126640016216, 60.544439661892611 ], [ 30.222444240016223, 60.542702160146945 ], [ 30.22259688001618, 60.542645596165407 ], [ 30.22273260001618, 60.542528927108698 ], [ 30.223035000016214, 60.542350913040963 ], [ 30.223065600016231, 60.542260799131633 ], [ 30.223320840016228, 60.541548465517423 ], [ 30.225002040016218, 60.53936471606319 ], [ 30.22531236001619, 60.539346567698196 ], [ 30.226266360016218, 60.540521675458528 ], [ 30.224410920016194, 60.540612236836623 ], [ 30.224010960016265, 60.541414087914319 ], [ 30.223660680016213, 60.542113943018684 ], [ 30.222598680016237, 60.542862379964866 ], [ 30.222483120016207, 60.543027378992434 ], [ 30.222257400016222, 60.542976834851835 ], [ 30.222281880016176, 60.543313912321828 ], [ 30.222248760016225, 60.543361534853581 ], [ 30.222006120016193, 60.543368704782559 ], [ 30.222054000016197, 60.543774290031777 ], [ 30.221790120016202, 60.543780840253802 ], [ 30.221873640016192, 60.544000714504868 ], [ 30.222324360016188, 60.544247053326373 ], [ 30.222083880016239, 60.544284760792188 ], [ 30.221651520016238, 60.544354422121692 ], [ 30.221260200016207, 60.544419834593135 ], [ 30.221238600016221, 60.54441567439931 ], [ 30.221171640016252, 60.544425676566561 ], [ 30.221158320016229, 60.544435324671895 ], [ 30.221126640016216, 60.544439661892611 ] ] ] } },
{ "type": "Feature", "properties": { }, "geometry": { "type": "Polygon", "coordinates": [ [ [ 30.207386520016204, 60.569124868746421 ], [ 30.207268440016232, 60.569011213935731 ], [ 30.207121200016179, 60.568891190483903 ], [ 30.207292920016187, 60.568838033307934 ], [ 30.208830120016209, 60.568591439474837 ], [ 30.208361040016225, 60.56792930626775 ], [ 30.209325120016182, 60.567755766040108 ], [ 30.209876280016228, 60.56763193452322 ], [ 30.209984640016202, 60.567488466272614 ], [ 30.209978160016213, 60.567020907493578 ], [ 30.209991840016169, 60.566663467248659 ], [ 30.209927760016264, 60.566576074674622 ], [ 30.20967468001626, 60.566415087735585 ], [ 30.209053320016256, 60.566444896916089 ], [ 30.208759920016242, 60.56650566510104 ], [ 30.208526640016171, 60.56635998048386 ], [ 30.208681800016254, 60.56629956584468 ], [ 30.208156560016199, 60.566017570398664 ], [ 30.208188240016216, 60.566005894248129 ], [ 30.208233960016223, 60.56598501869572 ], [ 30.208220640016194, 60.565970246580598 ], [ 30.208275360016231, 60.565944859756172 ], [ 30.208165920016253, 60.565883736692982 ], [ 30.208339800016173, 60.565802976231083 ], [ 30.20794236001618, 60.565604037496747 ], [ 30.207818520016176, 60.565580331065263 ], [ 30.208049640016249, 60.565506115669258 ], [ 30.208638240016239, 60.56582500183162 ], [ 30.208803840016191, 60.565831459133314 ], [ 30.209081040016216, 60.565850565662402 ], [ 30.209304960016226, 60.565684621542438 ], [ 30.209158080016206, 60.564797036025439 ], [ 30.209026320016179, 60.564478405103351 ], [ 30.208689000016218, 60.563357952833414 ], [ 30.20860224001623, 60.563144402574572 ], [ 30.208797720016225, 60.563014891705649 ], [ 30.208880880016181, 60.562907054049461 ], [ 30.209193720016188, 60.562771615105497 ], [ 30.209269680016181, 60.562719067119502 ], [ 30.209482080016233, 60.562635025550193 ], [ 30.209752440016224, 60.562468534133181 ], [ 30.209852160016208, 60.562395373180934 ], [ 30.209942880016253, 60.562317611842197 ], [ 30.210085800016213, 60.562208002538682 ], [ 30.210205680016248, 60.562118828593896 ], [ 30.210334560016218, 60.562011076415828 ], [ 30.210542640016175, 60.561869529495027 ], [ 30.210711120016192, 60.561685075234003 ], [ 30.210634800016258, 60.561562016674266 ], [ 30.2105005200162, 60.561505928002077 ], [ 30.210488280016175, 60.561489649883399 ], [ 30.210455520016254, 60.561445327355713 ], [ 30.211253280016209, 60.561207258607681 ], [ 30.211116480016209, 60.561380391646615 ], [ 30.211036920016188, 60.561582275807964 ], [ 30.210928560016207, 60.561808575661388 ], [ 30.21085296001624, 60.56182892310774 ], [ 30.21066900001621, 60.561809637267594 ], [ 30.210652080016249, 60.561831842522892 ], [ 30.210444360016226, 60.56210352391394 ], [ 30.210341760016185, 60.562376618472435 ], [ 30.210174000016231, 60.562360694654814 ], [ 30.210093000016187, 60.562408908411875 ], [ 30.209415120016171, 60.562764980263466 ], [ 30.209298120016197, 60.563015334025096 ], [ 30.209324760016248, 60.563120252021548 ], [ 30.20939676001618, 60.563202523062245 ], [ 30.209679360016196, 60.563265155069033 ], [ 30.20978052001621, 60.563426334618988 ], [ 30.209968800016242, 60.563564690079183 ], [ 30.210186960016227, 60.563605205824373 ], [ 30.211020720016194, 60.564062198683253 ], [ 30.211425000016209, 60.564294673407971 ], [ 30.211871760016241, 60.564471239852146 ], [ 30.212430480016188, 60.564270258332805 ], [ 30.212627040016184, 60.564273354448432 ], [ 30.212647200016235, 60.564398437271826 ], [ 30.212587440016232, 60.56441276780486 ], [ 30.211944120016209, 60.564568191758127 ], [ 30.212156880016199, 60.564830208136975 ], [ 30.214190880016258, 60.565727611412171 ], [ 30.214281960016244, 60.565781304440847 ], [ 30.214284120016242, 60.565782277460308 ], [ 30.214227960016178, 60.565806249112448 ], [ 30.214421280016179, 60.565888513318576 ], [ 30.214690920016203, 60.565994748827769 ], [ 30.214713600016189, 60.56598501869572 ], [ 30.21480108001624, 60.566026415964423 ], [ 30.215320200016233, 60.566202530675469 ], [ 30.215330640016198, 60.566205626606042 ], [ 30.215385720016258, 60.566224290638495 ], [ 30.2153893200162, 60.566222963811889 ], [ 30.215448360016229, 60.56624030100842 ], [ 30.215523600016258, 60.566242689294945 ], [ 30.215829960016265, 60.566155030217544 ], [ 30.216435840016242, 60.566378555972463 ], [ 30.216227040016225, 60.566426498374717 ], [ 30.216118680016244, 60.56645701518044 ], [ 30.215584080016228, 60.566631977643937 ], [ 30.215684160016234, 60.566709640152887 ], [ 30.215410200016219, 60.566833475202678 ], [ 30.215340720016219, 60.566765808252114 ], [ 30.214759320016196, 60.566709993968018 ], [ 30.213997920016197, 60.566868414291669 ], [ 30.213816120016251, 60.566705836640317 ], [ 30.21365304001624, 60.566560329833528 ], [ 30.213214920016206, 60.566220044793205 ], [ 30.212586360016232, 60.566231809321458 ], [ 30.21259716001623, 60.566079135486312 ], [ 30.212524800016176, 60.565635970386296 ], [ 30.212524440016232, 60.565635970386296 ], [ 30.211698960016232, 60.565617836754825 ], [ 30.211402320016223, 60.565619694346793 ], [ 30.211404480016224, 60.565513546062213 ], [ 30.210688080016173, 60.565511157721794 ], [ 30.210719400016249, 60.565915403938398 ], [ 30.21060060001621, 60.566476652066285 ], [ 30.210402960016218, 60.566581912647457 ], [ 30.210458040016189, 60.567165173891951 ], [ 30.210677280016178, 60.567308289768746 ], [ 30.210863040016182, 60.567402137351394 ], [ 30.21096636001619, 60.567439464023906 ], [ 30.211044480016184, 60.567440790800589 ], [ 30.210593760016188, 60.567487227949591 ], [ 30.210772320016225, 60.567843243875778 ], [ 30.210851880016246, 60.567861818512121 ], [ 30.210945480016171, 60.567883842709996 ], [ 30.210944400016171, 60.567980519031515 ], [ 30.210753600016201, 60.567986710551843 ], [ 30.210539400016177, 60.568043407133018 ], [ 30.210410160016185, 60.568115936155841 ], [ 30.210296400016205, 60.568322200731323 ], [ 30.209876280016228, 60.568474863973528 ], [ 30.209982120016171, 60.56856517022176 ], [ 30.210091200016212, 60.56866432106181 ], [ 30.210112440016172, 60.56868395660689 ], [ 30.209595480016176, 60.56882821558365 ], [ 30.20957316001622, 60.568834230045738 ], [ 30.209141520016185, 60.568950981146422 ], [ 30.208988520016195, 60.568986271737032 ], [ 30.208723920016229, 60.569022889000834 ], [ 30.208712040016231, 60.569000246446436 ], [ 30.208460760016202, 60.569028903426691 ], [ 30.208086720016176, 60.569065255300174 ], [ 30.207694320016238, 60.569099749740957 ], [ 30.207386520016204, 60.569124868746421 ] ] ] } },
{ "type": "Feature", "properties": { }, "geometry": { "type": "Polygon", "coordinates": [ [ [ 30.178650240016225, 60.50318970794013 ], [ 30.17803248001616, 60.503160194962838 ], [ 30.175391160016179, 60.503061729549991 ], [ 30.175128360016185, 60.503055082459106 ], [ 30.174948360016206, 60.503063324851539 ], [ 30.174702840016206, 60.503095674006026 ], [ 30.174603120016222, 60.5031167674099 ], [ 30.170068560016237, 60.504184093449993 ], [ 30.169949760016202, 60.504212010249987 ], [ 30.169265040016167, 60.504381726151472 ], [ 30.169101240016182, 60.504449435015061 ], [ 30.168932760016176, 60.504548959697871 ], [ 30.168809280016205, 60.504663195577692 ], [ 30.168549360016176, 60.50506908861994 ], [ 30.168663120016149, 60.504513155661954 ], [ 30.168856800016176, 60.504453866218498 ], [ 30.168972000016183, 60.504385891491403 ], [ 30.169164240016183, 60.504306306818805 ], [ 30.16986948001621, 60.504131361651126 ], [ 30.169990080016216, 60.504103090281603 ], [ 30.174527520016166, 60.503035229806301 ], [ 30.174527160016233, 60.503034875294553 ], [ 30.1745278800162, 60.503035052550416 ], [ 30.174222240016167, 60.502586148915938 ], [ 30.174255000016174, 60.50259332787784 ], [ 30.174465240016222, 60.502650493629034 ], [ 30.174710760016236, 60.502631172502738 ], [ 30.175070400016242, 60.502540504861535 ], [ 30.175145640016176, 60.502965745425733 ], [ 30.175402680016234, 60.502972126650562 ], [ 30.178043640016185, 60.503070592335654 ], [ 30.178595880016221, 60.503083975137457 ], [ 30.178628640016239, 60.502963441094209 ], [ 30.179052000016217, 60.503168791838881 ], [ 30.178929960016184, 60.503165246735648 ], [ 30.178650240016225, 60.50318970794013 ] ] ] } },
{ "type": "Feature", "properties": { }, "geometry": { "type": "Polygon", "coordinates": [ [ [ 30.214489680016179, 60.581311740366836 ], [ 30.214489680016179, 60.581311563539231 ], [ 30.214582920016245, 60.580968604506602 ], [ 30.214586160016246, 60.580390543636753 ], [ 30.214635120016258, 60.580287450018041 ], [ 30.214883880016263, 60.580040501444486 ], [ 30.214902600016188, 60.580126354528161 ], [ 30.214757880016261, 60.580183737152026 ], [ 30.214837440016193, 60.580285593268883 ], [ 30.215207160016227, 60.58049328326225 ], [ 30.215837160016225, 60.580787707401882 ], [ 30.215989440016244, 60.580881250605962 ], [ 30.216313080016239, 60.581080537398506 ], [ 30.216461040016263, 60.58114826279882 ], [ 30.216945240016244, 60.581550810453507 ], [ 30.217485240016259, 60.581874577846889 ], [ 30.216352680016197, 60.581634449200727 ], [ 30.214489680016179, 60.581311740366836 ] ] ] } },
{ "type": "Feature", "properties": { }, "geometry": { "type": "Polygon", "coordinates": [ [ [ 30.218522760016192, 60.565267988361576 ], [ 30.2186260800162, 60.56539032515812 ], [ 30.218726880016185, 60.565506734868741 ], [ 30.218847120016246, 60.565643931489582 ], [ 30.218976360016239, 60.565789973158665 ], [ 30.219107760016239, 60.565923807252481 ], [ 30.21917580001621, 60.56599713713242 ], [ 30.21921468001619, 60.56608170069579 ], [ 30.219197760016225, 60.566104876027019 ], [ 30.219282720016249, 60.566163875745751 ], [ 30.21921360001619, 60.566224556003796 ], [ 30.219048360016181, 60.566293108636444 ], [ 30.218790600016241, 60.566362280306805 ], [ 30.218799240016232, 60.566359892029119 ], [ 30.218788080016211, 60.566349100549843 ], [ 30.218545440016179, 60.566152376558627 ], [ 30.218452920016251, 60.566079312397328 ], [ 30.218298480016237, 60.565957243575454 ], [ 30.218094000016212, 60.565999348525501 ], [ 30.217694400016221, 60.566092757630713 ], [ 30.217726080016234, 60.566122655563802 ], [ 30.217762800016217, 60.566114517667579 ], [ 30.217851720016206, 60.566202265310011 ], [ 30.217324320016242, 60.566249500333392 ], [ 30.217276800016172, 60.566249765698515 ], [ 30.216750120016183, 60.56636555313154 ], [ 30.216647160016201, 60.566320618103632 ], [ 30.216470400016227, 60.566254719180087 ], [ 30.216198240016176, 60.566162106640299 ], [ 30.216640680016205, 60.566009344020287 ], [ 30.216709080016201, 60.566071705223379 ], [ 30.217029840016231, 60.566006424982326 ], [ 30.217071960016213, 60.56606064828123 ], [ 30.217626000016221, 60.565972104152323 ], [ 30.217432320016194, 60.565700632179613 ], [ 30.217213080016204, 60.565527256901895 ], [ 30.217738680016193, 60.565424027404688 ], [ 30.218522760016192, 60.565267988361576 ] ] ] } },
{ "type": "Feature", "properties": { }, "geometry": { "type": "Polygon", "coordinates": [ [ [ 30.243411720016244, 60.55080448214003 ], [ 30.243865680016235, 60.550663594145746 ], [ 30.243913200016213, 60.550640142252952 ], [ 30.244006800016226, 60.550529431389855 ], [ 30.243888000016195, 60.550483235378145 ], [ 30.24347256001624, 60.550321725814761 ], [ 30.242859120016263, 60.550027289593373 ], [ 30.242579400016215, 60.549856927766541 ], [ 30.241676520016188, 60.549414956330146 ], [ 30.242615040016197, 60.548950764770282 ], [ 30.243300840016232, 60.5491827286302 ], [ 30.24361080001627, 60.549264238618697 ], [ 30.243195360016223, 60.549551513227499 ], [ 30.243214080016244, 60.549558416282835 ], [ 30.243948120016224, 60.549820377294104 ], [ 30.243818880016228, 60.549939055554013 ], [ 30.244352040016214, 60.550139152663419 ], [ 30.244537440016277, 60.550028882582836 ], [ 30.245041080016254, 60.550208181896565 ], [ 30.246157440016233, 60.550649346016684 ], [ 30.246289200016257, 60.550714568767297 ], [ 30.246815880016246, 60.55048748329002 ], [ 30.246916320016204, 60.550505979399802 ], [ 30.247381080016194, 60.550713772289434 ], [ 30.247925400016204, 60.550440313737212 ], [ 30.251791800016264, 60.551775548340622 ], [ 30.251330280016276, 60.552164922389437 ], [ 30.250879920016221, 60.552544734559454 ], [ 30.250574280016277, 60.552681809198518 ], [ 30.250318680016246, 60.553009228516167 ], [ 30.250050480016249, 60.553351953348944 ], [ 30.251071080016217, 60.553545392614446 ], [ 30.249752400016213, 60.553681135671773 ], [ 30.249385200016203, 60.553770332885613 ], [ 30.24914904001626, 60.553518668685967 ], [ 30.249991800016254, 60.553171875042388 ], [ 30.250010160016242, 60.55316621162978 ], [ 30.250027800016262, 60.55316010576189 ], [ 30.250045080016257, 60.553153734420306 ], [ 30.250062000016218, 60.553147097604821 ], [ 30.250078200016208, 60.553140195315265 ], [ 30.250094040016261, 60.553133027551439 ], [ 30.250109520016192, 60.553125594313236 ], [ 30.250124280016244, 60.553117807109437 ], [ 30.250138680016267, 60.553109842921842 ], [ 30.25015236001623, 60.553101613259273 ], [ 30.250165680016259, 60.553093295103572 ], [ 30.250178280016218, 60.553084622981501 ], [ 30.250190160016214, 60.55307577387493 ], [ 30.250201680016268, 60.55306674778376 ], [ 30.250212480016266, 60.553057544707812 ], [ 30.250222200016264, 60.553048164646967 ], [ 30.250231920016255, 60.553038607601017 ], [ 30.250240560016252, 60.553028873569829 ], [ 30.250248480016282, 60.553018962553274 ], [ 30.250256040016271, 60.553009051533628 ], [ 30.250262520016271, 60.552998875037126 ], [ 30.250268640016237, 60.552988698537405 ], [ 30.250273680016203, 60.552978345051834 ], [ 30.250278360016232, 60.552967903071504 ], [ 30.250282320016201, 60.552957549579276 ], [ 30.250285200016258, 60.55294693060943 ], [ 30.250287360016255, 60.552936400127514 ], [ 30.25028916001623, 60.552925781150705 ], [ 30.250289880016197, 60.552915162170429 ], [ 30.250290240016231, 60.552904543186649 ], [ 30.250289520016256, 60.552893924199388 ], [ 30.250288080016229, 60.552883305208645 ], [ 30.250285920016232, 60.552872686214414 ], [ 30.250283040016257, 60.552862155708326 ], [ 30.250279800016266, 60.552851802182239 ], [ 30.250275120016234, 60.552841360161075 ], [ 30.250270440016209, 60.552831006628338 ], [ 30.250264680016269, 60.552820741584036 ], [ 30.250258200016273, 60.552810565028281 ], [ 30.250251000016217, 60.552800565452984 ], [ 30.250243080016283, 60.55279065436644 ], [ 30.250234440016197, 60.552780920260638 ], [ 30.250225440016262, 60.552771186151936 ], [ 30.250215720016264, 60.552761806008014 ], [ 30.250257120016272, 60.552732869131823 ], [ 30.25029636001619, 60.552703224293019 ], [ 30.250334160016269, 60.552672959981784 ], [ 30.250369440016222, 60.552641987704064 ], [ 30.250402200016236, 60.552610484442688 ], [ 30.250433160016286, 60.552578538688358 ], [ 30.250461600016205, 60.552545973454841 ], [ 30.250488240016256, 60.552512965725455 ], [ 30.250512000016244, 60.552479515498852 ], [ 30.250533960016263, 60.552445711266436 ], [ 30.250553040016225, 60.552411553027113 ], [ 30.250569960016279, 60.552377040779795 ], [ 30.250584360016209, 60.552342351509466 ], [ 30.250596240016208, 60.552307396722391 ], [ 30.250605960016198, 60.552272264911011 ], [ 30.25061316001625, 60.552236956074708 ], [ 30.250617840016194, 60.552201647199865 ], [ 30.25061964001625, 60.55216616129939 ], [ 30.25061964001625, 60.552130675359948 ], [ 30.250616760016193, 60.552095189381546 ], [ 30.250611720016227, 60.552059880352012 ], [ 30.250603800016197, 60.552024659777814 ], [ 30.250593720016266, 60.551989527659366 ], [ 30.250580760016273, 60.551954660985203 ], [ 30.250566000016214, 60.551919971261917 ], [ 30.250548360016193, 60.551885635478754 ], [ 30.250528560016264, 60.551851476648018 ], [ 30.250506600016244, 60.551817760253783 ], [ 30.250481760016257, 60.551784486297464 ], [ 30.250455120016209, 60.551751566285752 ], [ 30.25042560001619, 60.551719177209236 ], [ 30.250394280016206, 60.5516872305747 ], [ 30.250360800016221, 60.551655903373359 ], [ 30.250324800016209, 60.551625195606974 ], [ 30.250287000016232, 60.551595018782265 ], [ 30.250247040016248, 60.551565549891052 ], [ 30.250204920016266, 60.551536788935309 ], [ 30.250161000016227, 60.55150873591694 ], [ 30.250114920016191, 60.551481390837729 ], [ 30.250062720016277, 60.551457054582741 ], [ 30.250067040016276, 60.551454842195014 ], [ 30.250216440016231, 60.551383868716563 ], [ 30.249175680016219, 60.55101183062866 ], [ 30.248981640016243, 60.551069530441197 ], [ 30.248601840016274, 60.550946254489794 ], [ 30.248548920016209, 60.550929705564641 ], [ 30.248495280016261, 60.55091421859494 ], [ 30.248440200016201, 60.550899528091087 ], [ 30.24838440001626, 60.550885811048367 ], [ 30.248327520016225, 60.550872978970865 ], [ 30.248269920016224, 60.550861208853917 ], [ 30.248211600016248, 60.550850412201527 ], [ 30.248152200016278, 60.550840589014648 ], [ 30.248092440016276, 60.550831739294217 ], [ 30.248032320016243, 60.550823863041003 ], [ 30.247971480016247, 60.550817137250171 ], [ 30.247909920016269, 60.550811296430723 ], [ 30.24784836001621, 60.550806606074943 ], [ 30.24778644001621, 60.550802889188745 ], [ 30.247724160016272, 60.550800234269779 ], [ 30.247661880016238, 60.550798641318295 ], [ 30.247599240016271, 60.55079819883175 ], [ 30.247536960016237, 60.550798641318295 ], [ 30.247474680016211, 60.550800322767088 ], [ 30.247412400016266, 60.550802889188745 ], [ 30.247350480016266, 60.550806606074943 ], [ 30.247288560016269, 60.550811296430723 ], [ 30.247227360016236, 60.550817048752954 ], [ 30.247166520016236, 60.550823863041003 ], [ 30.247106040016266, 60.550831650797001 ], [ 30.24704592001623, 60.550840412020285 ], [ 30.246986880016198, 60.550850235207214 ], [ 30.246928560016226, 60.550861120356792 ], [ 30.246870960016224, 60.550872890473748 ], [ 30.24681408001619, 60.550885722551286 ], [ 30.246758280016245, 60.550899439594048 ], [ 30.246703200016274, 60.55091404160094 ], [ 30.246649560016245, 60.550929617067695 ], [ 30.246596640016264, 60.550946077495972 ], [ 30.246545160016229, 60.550963422884443 ], [ 30.246494760016194, 60.550981564734947 ], [ 30.246445800016275, 60.551000680039536 ], [ 30.246398280016209, 60.551020503306454 ], [ 30.245639400016234, 60.55134785094414 ], [ 30.245360400016249, 60.5514765235882 ], [ 30.24531612001627, 60.551497673994447 ], [ 30.245273280016232, 60.55151953234958 ], [ 30.245231880016217, 60.551542098652135 ], [ 30.245191920016243, 60.551565461395832 ], [ 30.245153760016226, 60.55158926659842 ], [ 30.245117400016277, 60.551613868239158 ], [ 30.245082840016202, 60.551639000831237 ], [ 30.245049720016244, 60.551664664373433 ], [ 30.24501840001626, 60.551690947359297 ], [ 30.244989240016274, 60.551717584302992 ], [ 30.244961520016233, 60.55174484068781 ], [ 30.244935960016271, 60.551772451028256 ], [ 30.244912200016188, 60.551800503817944 ], [ 30.244890240016264, 60.551828999055772 ], [ 30.244870800016269, 60.551857759751705 ], [ 30.244852800016218, 60.551886874399365 ], [ 30.244836960016254, 60.551916254503652 ], [ 30.244823280016202, 60.551945900063686 ], [ 30.244811400016211, 60.551975722584729 ], [ 30.244801680016213, 60.552005810560338 ], [ 30.244794120016216, 60.55203589850791 ], [ 30.24478836001628, 60.552066251909082 ], [ 30.244785120016186, 60.552096516787955 ], [ 30.244783680016251, 60.552126870132199 ], [ 30.244599720016222, 60.551960059127531 ], [ 30.244148640016192, 60.551510063347365 ], [ 30.244195800016229, 60.551444930696171 ], [ 30.243639600016223, 60.550973688518162 ], [ 30.243411720016244, 60.55080448214003 ] ] ] } },
{ "type": "Feature", "properties": { }, "geometry": { "type": "Polygon", "coordinates": [ [ [ 30.246867720016226, 60.553329034347428 ], [ 30.246949800016278, 60.553380978161556 ], [ 30.246949440016248, 60.553380978161556 ], [ 30.246867720016226, 60.553329034347428 ] ] ] } },
{ "type": "Feature", "properties": { }, "geometry": { "type": "Polygon", "coordinates": [ [ [ 30.230008200016218, 60.573342462124351 ], [ 30.230008920016186, 60.57334051654049 ], [ 30.230026560016206, 60.57328648232351 ], [ 30.230043840016201, 60.573232094272498 ], [ 30.230058960016198, 60.573176733333021 ], [ 30.230072280016213, 60.573120841681387 ], [ 30.230082720016185, 60.573065745860539 ], [ 30.230089920016241, 60.573026833827768 ], [ 30.230098200016204, 60.573027276010208 ], [ 30.23010396001623, 60.572998622574708 ], [ 30.230094960016206, 60.572998357265014 ], [ 30.230103600016204, 60.572959975771155 ], [ 30.230115120016258, 60.572904791239239 ], [ 30.230123760016248, 60.572847749436576 ], [ 30.230128800016221, 60.572791149718917 ], [ 30.230131320016248, 60.572735434275025 ], [ 30.230132400016245, 60.572680072484879 ], [ 30.230132040016223, 60.572624179974341 ], [ 30.230129160016247, 60.572567756740632 ], [ 30.230123040016192, 60.572510891218954 ], [ 30.230113320016194, 60.572453406530819 ], [ 30.230106480016261, 60.572423956643256 ], [ 30.230106120016227, 60.572420949746295 ], [ 30.230104680016204, 60.57241741222014 ], [ 30.230099280016205, 60.572395302672881 ], [ 30.23008848001621, 60.572362845830021 ], [ 30.230655840016237, 60.572312347516593 ], [ 30.230765640016251, 60.572294129191484 ], [ 30.231155160016215, 60.572203744921929 ], [ 30.231520560016257, 60.572058085983059 ], [ 30.23243820001624, 60.571765527976893 ], [ 30.232540800016185, 60.571723342096725 ], [ 30.232926360016183, 60.571537705881703 ], [ 30.233002320016269, 60.571545046447895 ], [ 30.234285360016209, 60.571668862975031 ], [ 30.234292200016231, 60.571742622023592 ], [ 30.234292200016231, 60.571868648785468 ], [ 30.234169800016261, 60.571864934319514 ], [ 30.234201480016186, 60.572047296405955 ], [ 30.234218760016265, 60.572102659279984 ], [ 30.234298680016231, 60.572228242444645 ], [ 30.234679200016259, 60.57271624337767 ], [ 30.235333320016192, 60.572705807769744 ], [ 30.235469760016244, 60.5727061615192 ], [ 30.235549320016265, 60.572763557320627 ], [ 30.23569692001626, 60.572754802035469 ], [ 30.235684320016201, 60.57277938757764 ], [ 30.2356821600162, 60.572832980457328 ], [ 30.235717440016249, 60.572899485029296 ], [ 30.235824360016199, 60.572974125635916 ], [ 30.236424840016273, 60.573249869889452 ], [ 30.236576400016233, 60.573292849699101 ], [ 30.236163120016183, 60.573545774993008 ], [ 30.236103360016187, 60.573588665974206 ], [ 30.236044680016271, 60.573557183115234 ], [ 30.235505040016196, 60.57326207403873 ], [ 30.235076640016249, 60.573423026880796 ], [ 30.234958920016219, 60.573368285317336 ], [ 30.234959640016186, 60.573300455173879 ], [ 30.235132440016194, 60.573267380189201 ], [ 30.235130280016193, 60.573247393684696 ], [ 30.235014720016252, 60.573213168977965 ], [ 30.234782520016267, 60.573157808006137 ], [ 30.234729600016209, 60.573151882784671 ], [ 30.234606840016205, 60.573162141376365 ], [ 30.234536640016238, 60.573171604039935 ], [ 30.234218040016209, 60.573206978458686 ], [ 30.233500920016183, 60.573316019860812 ], [ 30.233428560016225, 60.573239346017907 ], [ 30.233372760016188, 60.573238373222878 ], [ 30.232890360016263, 60.573259863142503 ], [ 30.232711800016233, 60.573261278116114 ], [ 30.232414080016216, 60.573240849428316 ], [ 30.232281240016192, 60.573236073889063 ], [ 30.232155600016227, 60.573079276624618 ], [ 30.23215416001619, 60.573001098798557 ], [ 30.231972360016247, 60.572952547089621 ], [ 30.231744480016268, 60.572983676791161 ], [ 30.231682200016234, 60.572995969477525 ], [ 30.23162784001623, 60.573011622747678 ], [ 30.231561240016205, 60.573045051739854 ], [ 30.231473760016243, 60.573044078938985 ], [ 30.23135856001624, 60.573074412625104 ], [ 30.230985960016231, 60.573217590776757 ], [ 30.230928360016236, 60.573161257015116 ], [ 30.230502480016224, 60.573296033386441 ], [ 30.230140320016179, 60.573378986017978 ], [ 30.230069760016189, 60.573389598279562 ], [ 30.230008200016218, 60.573342462124351 ] ], [ [ 30.233921760016223, 60.572235405976627 ], [ 30.23387640001625, 60.572110618790802 ], [ 30.233811600016185, 60.572056405639351 ], [ 30.233725200016227, 60.572008471586237 ], [ 30.233640600016241, 60.571972476780132 ], [ 30.233491920016249, 60.571955584854791 ], [ 30.233400120016206, 60.571952931672001 ], [ 30.233310120016213, 60.571955673294219 ], [ 30.2331632400162, 60.571984504533049 ], [ 30.232999440016215, 60.572016519559526 ], [ 30.23286588001622, 60.572044466352317 ], [ 30.232757520016239, 60.572050745533438 ], [ 30.232463040016228, 60.572065603309277 ], [ 30.232307160016177, 60.572098767962842 ], [ 30.232192680016237, 60.572121408346824 ], [ 30.23208720001622, 60.572137150479421 ], [ 30.231967680016222, 60.572144667787242 ], [ 30.23183376001619, 60.572175267633966 ], [ 30.231638640016229, 60.572253712773453 ], [ 30.231615600016209, 60.572263175702979 ], [ 30.231400320016188, 60.572355063257987 ], [ 30.231029520016243, 60.572560327968986 ], [ 30.230992080016204, 60.57260145150488 ], [ 30.23098524001627, 60.572654514054548 ], [ 30.231004320016226, 60.572682814045407 ], [ 30.231047520016208, 60.572715801190967 ], [ 30.231217440016241, 60.572754271412045 ], [ 30.231317880016199, 60.572767536994888 ], [ 30.231509040016196, 60.572794068144255 ], [ 30.231586080016193, 60.572804680597947 ], [ 30.231895320016257, 60.572835191382751 ], [ 30.232121760016209, 60.572855620326955 ], [ 30.232331640016227, 60.572887103869334 ], [ 30.232545840016247, 60.572940608133663 ], [ 30.232743840016273, 60.572993935436244 ], [ 30.233004840016211, 60.573059113131016 ], [ 30.233060280016215, 60.573088739312439 ], [ 30.233143080016237, 60.573104392537651 ], [ 30.233189520016211, 60.573105630645557 ], [ 30.233228400016191, 60.573092542074058 ], [ 30.233265480016208, 60.573084140623394 ], [ 30.233412720016254, 60.573083963750705 ], [ 30.233511000016208, 60.57308918149409 ], [ 30.233617560016221, 60.573101297267755 ], [ 30.233710080016237, 60.5731036850474 ], [ 30.233776320016233, 60.573095460472231 ], [ 30.233899080016236, 60.573061766222992 ], [ 30.233957400016212, 60.573040276171653 ], [ 30.233999880016221, 60.573015690827923 ], [ 30.234042000016199, 60.572991193902077 ], [ 30.234075120016243, 60.572936716917411 ], [ 30.234097440016203, 60.572886926995558 ], [ 30.234099960016231, 60.572838640426212 ], [ 30.234080160016209, 60.572797870940555 ], [ 30.234071160016185, 60.572749849549872 ], [ 30.234077280016241, 60.572721814929707 ], [ 30.234086280016271, 60.572692895911167 ], [ 30.234114360016257, 60.572671051864717 ], [ 30.234133440016219, 60.572645404989721 ], [ 30.234135240016187, 60.5726222343472 ], [ 30.234129840016188, 60.572591988674397 ], [ 30.234096360016203, 60.572524245339572 ], [ 30.234064320016252, 60.572480822317893 ], [ 30.234019320016209, 60.572439875504706 ], [ 30.233946240016184, 60.57230279616298 ], [ 30.233921760016223, 60.572235405976627 ] ] ] } },
{ "type": "Feature", "properties": { }, "geometry": { "type": "Polygon", "coordinates": [ [ [ 30.264436440016233, 60.568859172361783 ], [ 30.264635160016226, 60.568796197399188 ], [ 30.265198200016261, 60.569282835002532 ], [ 30.265501680016207, 60.569553746219015 ], [ 30.265435800016238, 60.569550739055074 ], [ 30.265296120016274, 60.569544194050195 ], [ 30.265283880016248, 60.569584083180928 ], [ 30.265214400016252, 60.569672794308431 ], [ 30.264436440016233, 60.568859172361783 ] ] ] } },
{ "type": "Feature", "properties": { }, "geometry": { "type": "Polygon", "coordinates": [ [ [ 30.277431000016296, 60.557506041721773 ], [ 30.276804960016261, 60.557286790122518 ], [ 30.276243360016256, 60.557671673905624 ], [ 30.274946640016271, 60.557410572786004 ], [ 30.274527600016285, 60.556970828080672 ], [ 30.274452360016262, 60.556642387088267 ], [ 30.274220520016225, 60.556560364800561 ], [ 30.273541920016243, 60.556602039581158 ], [ 30.273249600016232, 60.556165292291475 ], [ 30.274134840016238, 60.555896303991929 ], [ 30.274135200016264, 60.555896480958623 ], [ 30.274895160016236, 60.556237228585857 ], [ 30.276286920016261, 60.556229088201398 ], [ 30.276548640016266, 60.556371721597564 ], [ 30.27683340001628, 60.556512850176269 ], [ 30.277057680016231, 60.556794928524369 ], [ 30.277156320016218, 60.557259980805597 ], [ 30.277431000016296, 60.557506041721773 ] ] ] } },
{ "type": "Feature", "properties": { }, "geometry": { "type": "Polygon", "coordinates": [ [ [ 30.25747404001622, 60.579839086208629 ], [ 30.25743480001621, 60.579708492779432 ], [ 30.257323920016205, 60.579340670940802 ], [ 30.257267760016227, 60.579155520575242 ], [ 30.257265600016233, 60.579147385959864 ], [ 30.257125200016205, 60.578682383183562 ], [ 30.257117640016205, 60.578664168449158 ], [ 30.256996320016235, 60.5783692828496 ], [ 30.256857000016211, 60.578030625302858 ], [ 30.257488800016272, 60.578002683686229 ], [ 30.25758816001623, 60.577998262542138 ], [ 30.2584687200162, 60.577959356448055 ], [ 30.260157480016268, 60.578514205973789 ], [ 30.260065680016226, 60.578770892499186 ], [ 30.259144440016211, 60.578968423903703 ], [ 30.258579960016238, 60.579334923691356 ], [ 30.259051560016257, 60.579910350917629 ], [ 30.258160920016255, 60.580238378754643 ], [ 30.257885160016265, 60.580376131769881 ], [ 30.257276400016224, 60.580310173082317 ], [ 30.257469720016225, 60.579962782544804 ], [ 30.257479800016249, 60.579862428512733 ], [ 30.257478000016281, 60.579854647746593 ], [ 30.257476200016217, 60.579846778560729 ], [ 30.25747404001622, 60.579839086208629 ] ] ] } },
{ "type": "Feature", "properties": { }, "geometry": { "type": "Polygon", "coordinates": [ [ [ 30.210148080016246, 60.553562117180974 ], [ 30.209532840016205, 60.554163841863904 ], [ 30.209282280016232, 60.554383114634611 ], [ 30.209224320016205, 60.554374354370843 ], [ 30.20973516001623, 60.553419382904046 ], [ 30.210148080016246, 60.553562117180974 ] ] ] } },
{ "type": "Feature", "properties": { }, "geometry": { "type": "Polygon", "coordinates": [ [ [ 30.256504920016198, 60.577175388670469 ], [ 30.256408440016212, 60.576684006433887 ], [ 30.256391520016255, 60.576596640949383 ], [ 30.258955080016271, 60.576814700513204 ], [ 30.259278360016243, 60.577214207283411 ], [ 30.260434320016266, 60.57773290436608 ], [ 30.261354840016214, 60.577758812474627 ], [ 30.261553200016277, 60.578058655318102 ], [ 30.260162880016267, 60.578284397740418 ], [ 30.259676880016229, 60.578000649959989 ], [ 30.259081080016273, 60.577899936141222 ], [ 30.258326880016241, 60.577730340081182 ], [ 30.257764560016263, 60.577504416939703 ], [ 30.257300160016211, 60.577258950319312 ], [ 30.256875000016262, 60.577253644824218 ], [ 30.256531560016246, 60.577239850532926 ], [ 30.256504920016198, 60.577175388670469 ] ] ] } },
{ "type": "Feature", "properties": { }, "geometry": { "type": "Polygon", "coordinates": [ [ [ 30.243742200016264, 60.540898348929062 ], [ 30.24388404001623, 60.540634279597057 ], [ 30.244597920016247, 60.539306818316888 ], [ 30.244769280016229, 60.538769001733343 ], [ 30.244773600016227, 60.538705879628964 ], [ 30.246346080016203, 60.539326117577161 ], [ 30.24602712001623, 60.539642871681437 ], [ 30.245851440016256, 60.53990916228048 ], [ 30.245757840016246, 60.540212543215063 ], [ 30.24574380001625, 60.540449173058235 ], [ 30.245908680016232, 60.540734047244598 ], [ 30.246202440016269, 60.541000063293076 ], [ 30.24654084001623, 60.54121030737501 ], [ 30.246856560016198, 60.541379298364852 ], [ 30.247331400016218, 60.541608572314779 ], [ 30.247743960016201, 60.541767823805124 ], [ 30.24795492001622, 60.541871217349225 ], [ 30.248127000016257, 60.542012763283651 ], [ 30.248175240016206, 60.542200959108193 ], [ 30.248191800016226, 60.542425535665977 ], [ 30.248219520016278, 60.542668522736342 ], [ 30.248280720016222, 60.54287911005482 ], [ 30.248390520016223, 60.543154579921698 ], [ 30.248370360016267, 60.543387913103061 ], [ 30.248292240016269, 60.543611419219957 ], [ 30.248282520016279, 60.54374136186852 ], [ 30.24826380001625, 60.543972123855461 ], [ 30.248316000016263, 60.544110562554536 ], [ 30.24842292001621, 60.544277325520717 ], [ 30.248443080016258, 60.544386464512598 ], [ 30.248416800016241, 60.54446364936814 ], [ 30.248376480016233, 60.545026951615128 ], [ 30.248274240016222, 60.545224777780255 ], [ 30.248046360016236, 60.545542359268936 ], [ 30.247890480016192, 60.545813911982755 ], [ 30.247722000016275, 60.546271687343541 ], [ 30.247367040016197, 60.54676441704207 ], [ 30.247293960016268, 60.546880628288051 ], [ 30.247121880016223, 60.54714137187996 ], [ 30.247121880016223, 60.547141548894572 ], [ 30.24700740001628, 60.547442383847923 ], [ 30.24700740001628, 60.547442472354419 ], [ 30.247047000016231, 60.547620015882877 ], [ 30.247086600016271, 60.547938901438968 ], [ 30.24715284001627, 60.548061215297857 ], [ 30.247438680016195, 60.548206982368029 ], [ 30.247596720016244, 60.548331861831166 ], [ 30.247641720016187, 60.548460280960576 ], [ 30.247545960016268, 60.548702249182547 ], [ 30.247558200016201, 60.548753315397576 ], [ 30.247679520016259, 60.548794557723767 ], [ 30.247862400016206, 60.548826949728564 ], [ 30.248171280016241, 60.548846066306325 ], [ 30.248364240016208, 60.549018557508752 ], [ 30.248550720016272, 60.549078473426967 ], [ 30.248595000016245, 60.549128565527496 ], [ 30.24858888001619, 60.549169187863008 ], [ 30.248630640016234, 60.549208748127654 ], [ 30.248642880016256, 60.549223262396076 ], [ 30.248534160016249, 60.549452303769584 ], [ 30.248520840016223, 60.54948248259317 ], [ 30.248510040016232, 60.54951283839025 ], [ 30.248501040016201, 60.549543459661088 ], [ 30.24849420001626, 60.549574080902964 ], [ 30.248489520016243, 60.549604879116956 ], [ 30.248486640016271, 60.549635677301673 ], [ 30.248486280016245, 60.549666563957437 ], [ 30.248488440016246, 60.549697362083386 ], [ 30.24849204001627, 60.54972824868026 ], [ 30.248498160016236, 60.549758958247374 ], [ 30.2485064400162, 60.549789490785173 ], [ 30.248516880016254, 60.549820023294139 ], [ 30.24852948001622, 60.549850201774724 ], [ 30.248543880016243, 60.549880291727327 ], [ 30.248560440016266, 60.549910027652977 ], [ 30.248579160016199, 60.549939409552671 ], [ 30.248600040016218, 60.549968614426511 ], [ 30.248622720016204, 60.549997376776496 ], [ 30.248647560016192, 60.550025696603825 ], [ 30.248674560016266, 60.550053573909636 ], [ 30.248703000016196, 60.550081008695081 ], [ 30.248733960016242, 60.550108089460451 ], [ 30.248766000016197, 60.55013446221021 ], [ 30.248800560016274, 60.550160303944082 ], [ 30.248836560016194, 60.550185526164483 ], [ 30.248874360016266, 60.550210128872784 ], [ 30.248913960016218, 60.550234112070427 ], [ 30.248955000016199, 60.550257387259983 ], [ 30.248997840016237, 60.550279954443006 ], [ 30.24904212001622, 60.550301813620955 ], [ 30.249087840016227, 60.550322876296697 ], [ 30.249135360016204, 60.550343142471732 ], [ 30.249183960016268, 60.550362612147552 ], [ 30.249233640016246, 60.550381196827232 ], [ 30.249285120016193, 60.550398985010595 ], [ 30.249337680016229, 60.550415888200696 ], [ 30.24981612001627, 60.550564388098209 ], [ 30.249601920016257, 60.550867934635541 ], [ 30.248534520016275, 60.550458455881042 ], [ 30.248792640016244, 60.550263316678219 ], [ 30.248674560016266, 60.55008251318263 ], [ 30.24827136001625, 60.549861706759884 ], [ 30.247951680016225, 60.549654085398039 ], [ 30.247811280016204, 60.549559124288457 ], [ 30.247514640016185, 60.549461861875123 ], [ 30.247385400016192, 60.549328048140687 ], [ 30.247328880016276, 60.549285478972841 ], [ 30.247232760016235, 60.54923202405493 ], [ 30.246850800016261, 60.549100244914811 ], [ 30.246469200016239, 60.548907929598592 ], [ 30.246554160016252, 60.548867218432427 ], [ 30.246785640016263, 60.548605249703009 ], [ 30.246816960016247, 60.547901906273367 ], [ 30.246844680016206, 60.547283868338532 ], [ 30.246787080016205, 60.547131990103509 ], [ 30.246178680016193, 60.546404982663759 ], [ 30.246134040016269, 60.546362586668636 ], [ 30.245538960016194, 60.545903927486926 ], [ 30.244470120016189, 60.545398173410824 ], [ 30.244653360016255, 60.545291870227345 ], [ 30.244972680016247, 60.545226725056388 ], [ 30.246192360016249, 60.545698050950399 ], [ 30.246890760016246, 60.545683092543939 ], [ 30.247076160016217, 60.545221237277836 ], [ 30.247038000016204, 60.545061560217199 ], [ 30.246107400016228, 60.544830097890518 ], [ 30.245871600016219, 60.544711489402715 ], [ 30.245868720016244, 60.544569955272614 ], [ 30.246360120016199, 60.544591818308746 ], [ 30.246472800016264, 60.544595889965699 ], [ 30.246604920016232, 60.544606246134215 ], [ 30.246617160016253, 60.544563582239057 ], [ 30.246627600016218, 60.544561723437397 ], [ 30.246640920016247, 60.544480290115636 ], [ 30.246656040016234, 60.544427800920282 ], [ 30.246867720016226, 60.544273076793388 ], [ 30.246770520016273, 60.544067101364341 ], [ 30.246768720016217, 60.543965839220121 ], [ 30.246330960016209, 60.543733129822506 ], [ 30.245976720016202, 60.543576100930338 ], [ 30.24637308001628, 60.543432968519788 ], [ 30.24555228001622, 60.543036673440554 ], [ 30.245325120016204, 60.542862734040924 ], [ 30.245686920016215, 60.542738364584004 ], [ 30.246248880016243, 60.542979933006322 ], [ 30.246660720016258, 60.542674453545494 ], [ 30.246881040016252, 60.54250183999897 ], [ 30.246603480016198, 60.542283637454588 ], [ 30.246061680016222, 60.541990455897938 ], [ 30.245476320016223, 60.541903173677461 ], [ 30.244966560016191, 60.541709310702679 ], [ 30.244592520016248, 60.541348138227718 ], [ 30.243742200016264, 60.540898348929062 ] ] ] } },
{ "type": "Feature", "properties": { }, "geometry": { "type": "Polygon", "coordinates": [ [ [ 30.277190160016232, 60.554635656976536 ], [ 30.277872360016236, 60.554530180526946 ], [ 30.278728800016282, 60.554727948587804 ], [ 30.27956328001622, 60.554656628343757 ], [ 30.280106880016262, 60.554526287094355 ], [ 30.280328280016249, 60.554846431871468 ], [ 30.279901320016236, 60.554897311415651 ], [ 30.279830400016213, 60.554913858311046 ], [ 30.279819960016248, 60.55506251453177 ], [ 30.280269240016214, 60.555256209022794 ], [ 30.280105800016262, 60.555415481832952 ], [ 30.27983292001624, 60.555809236247278 ], [ 30.28013064001625, 60.556164142017323 ], [ 30.280282560016236, 60.55681793355091 ], [ 30.280439520016287, 60.556905529463705 ], [ 30.280330800016273, 60.557060635583831 ], [ 30.279938760016279, 60.556933400840713 ], [ 30.279624480016249, 60.55670857104797 ], [ 30.279494520016279, 60.556558506688098 ], [ 30.279300840016251, 60.556314650618148 ], [ 30.279147480016231, 60.555767029542814 ], [ 30.278918520016251, 60.555571745394445 ], [ 30.278683080016268, 60.555509363938633 ], [ 30.278420640016218, 60.555416189710371 ], [ 30.277834920016282, 60.554976948802469 ], [ 30.277190160016232, 60.554635656976536 ] ] ] } },
{ "type": "Feature", "properties": { }, "geometry": { "type": "Polygon", "coordinates": [ [ [ 30.269988720016219, 60.557221846062383 ], [ 30.270034800016248, 60.556850671445041 ], [ 30.270612240016217, 60.556870048723553 ], [ 30.271054680016249, 60.556766437661125 ], [ 30.271054680016249, 60.55676634918013 ], [ 30.270904200016293, 60.55652054808106 ], [ 30.270190320016269, 60.55646604333662 ], [ 30.270187800016238, 60.556465600927616 ], [ 30.27052260001626, 60.556217939410679 ], [ 30.270785760016288, 60.556023896747135 ], [ 30.270859200016254, 60.556054600337752 ], [ 30.270969360016291, 60.555965851839041 ], [ 30.271186440016276, 60.556001599020348 ], [ 30.271330800016273, 60.556046105975547 ], [ 30.271695120016219, 60.555939837776329 ], [ 30.271477320016263, 60.555791804973467 ], [ 30.271454280016243, 60.555776143364163 ], [ 30.271404960016294, 60.555742608028247 ], [ 30.271066920016278, 60.555512726346429 ], [ 30.270910320016259, 60.555266296324021 ], [ 30.270769200016268, 60.55515383158572 ], [ 30.270684960016215, 60.554888728263364 ], [ 30.27069756001627, 60.554595041505209 ], [ 30.270742560016217, 60.55437302705792 ], [ 30.271282200016291, 60.55419038828326 ], [ 30.27146040001621, 60.554166938947283 ], [ 30.271554360016253, 60.554402581878996 ], [ 30.271720320016236, 60.554564778964 ], [ 30.271734360016232, 60.554578405959774 ], [ 30.271763520016211, 60.554580264186001 ], [ 30.272140440016219, 60.554603801709234 ], [ 30.272461200016245, 60.55454513484316 ], [ 30.272463000016213, 60.554545488791376 ], [ 30.272621760016232, 60.554584953994613 ], [ 30.272812560016291, 60.554620614215324 ], [ 30.272815800016286, 60.554621410596994 ], [ 30.273132960016291, 60.555468749564433 ], [ 30.274134840016238, 60.555896303991929 ], [ 30.273249600016232, 60.556165292291475 ], [ 30.273541920016243, 60.556602039581158 ], [ 30.274220520016225, 60.556560364800561 ], [ 30.274452360016262, 60.556642387088267 ], [ 30.274527600016285, 60.556970828080672 ], [ 30.274946640016271, 60.557410572786004 ], [ 30.276243360016256, 60.557671673905624 ], [ 30.276804960016261, 60.557286790122518 ], [ 30.277431000016296, 60.557506041721773 ], [ 30.277622880016267, 60.557678132835782 ], [ 30.278148480016256, 60.558505926960464 ], [ 30.27791268001625, 60.558551934562985 ], [ 30.277554120016237, 60.558384183450201 ], [ 30.277054800016266, 60.558231561033068 ], [ 30.275587440016267, 60.558359321528769 ], [ 30.274192440016233, 60.55790578718009 ], [ 30.274027920016287, 60.558021958406385 ], [ 30.273069600016257, 60.558027620968794 ], [ 30.272688720016284, 60.558013287605732 ], [ 30.272330160016278, 60.557848807385753 ], [ 30.27257172001622, 60.557731485319096 ], [ 30.272590800016275, 60.557596732525795 ], [ 30.27259620001627, 60.55755735947627 ], [ 30.272598360016271, 60.557543556777908 ], [ 30.272589000016218, 60.557534443454607 ], [ 30.272385960016223, 60.557331826185695 ], [ 30.272076720016248, 60.557143629882276 ], [ 30.271838040016274, 60.557068687278829 ], [ 30.271239000016223, 60.557103106040358 ], [ 30.270601080016284, 60.557171058654731 ], [ 30.269988720016219, 60.557221846062383 ] ] ] } },
{ "type": "Feature", "properties": { }, "geometry": { "type": "Polygon", "coordinates": [ [ [ 30.24433728001625, 60.576230994380168 ], [ 30.244298040016243, 60.57570378399042 ], [ 30.24494892001626, 60.575476962382567 ], [ 30.246777000016269, 60.575669473455662 ], [ 30.246895080016245, 60.575615708420642 ], [ 30.248118720016205, 60.575571847404831 ], [ 30.248146440016253, 60.575624905077717 ], [ 30.248146440016253, 60.575678846955881 ], [ 30.24814680001619, 60.575869676680867 ], [ 30.248123400016233, 60.576084115597169 ], [ 30.247790760016208, 60.576314381616086 ], [ 30.247684560016225, 60.576411209578737 ], [ 30.247605360016237, 60.57655870586283 ], [ 30.247602480016269, 60.576778357354748 ], [ 30.247621560016224, 60.576815584774444 ], [ 30.247862040016265, 60.577285654631382 ], [ 30.247869240016232, 60.577301128974305 ], [ 30.247993080016233, 60.57758046169598 ], [ 30.24804132001627, 60.577688604105091 ], [ 30.247378920016192, 60.577651466114993 ], [ 30.246967800016236, 60.577394947546118 ], [ 30.246931080016257, 60.577380711192248 ], [ 30.246839280016207, 60.577404585819423 ], [ 30.246528600016209, 60.577249842552199 ], [ 30.246154560016265, 60.577073257472847 ], [ 30.245904000016203, 60.57697475140592 ], [ 30.245789160016223, 60.576812313007686 ], [ 30.24575388001627, 60.576604953060325 ], [ 30.245754960016271, 60.576379641041974 ], [ 30.245751360016246, 60.576362839847334 ], [ 30.24567648001625, 60.576295015988777 ], [ 30.24549036001622, 60.576255930988658 ], [ 30.24494136001627, 60.576257345831095 ], [ 30.244528080016224, 60.576242843692953 ], [ 30.24433728001625, 60.576230994380168 ] ] ] } },
{ "type": "Feature", "properties": { }, "geometry": { "type": "Polygon", "coordinates": [ [ [ 30.276415080016264, 60.554907398828824 ], [ 30.276455040016245, 60.554890497985689 ], [ 30.277190160016232, 60.554635656976536 ], [ 30.277834920016282, 60.554976948802469 ], [ 30.278420640016218, 60.555416189710371 ], [ 30.278683080016268, 60.555509363938633 ], [ 30.278918520016251, 60.555571745394445 ], [ 30.279147480016231, 60.555767029542814 ], [ 30.279300840016251, 60.556314650618148 ], [ 30.279494520016279, 60.556558506688098 ], [ 30.279624480016249, 60.55670857104797 ], [ 30.279938760016279, 60.556933400840713 ], [ 30.280330800016273, 60.557060635583831 ], [ 30.280439520016287, 60.556905529463705 ], [ 30.280282560016236, 60.55681793355091 ], [ 30.28013064001625, 60.556164142017323 ], [ 30.27983292001624, 60.555809236247278 ], [ 30.280105800016262, 60.555415481832952 ], [ 30.280269240016214, 60.555256209022794 ], [ 30.279819960016248, 60.55506251453177 ], [ 30.279830400016213, 60.554913858311046 ], [ 30.279901320016236, 60.554897311415651 ], [ 30.280328280016249, 60.554846431871468 ], [ 30.281383080016258, 60.554678838511037 ], [ 30.281759640016233, 60.554782898693425 ], [ 30.281996880016266, 60.554745203461934 ], [ 30.282220080016224, 60.554668485566452 ], [ 30.282347160016222, 60.554710693704493 ], [ 30.282323760016261, 60.554810771899682 ], [ 30.282242040016239, 60.554879083275097 ], [ 30.282062760016235, 60.554986416789845 ], [ 30.282036480016217, 60.555041808884845 ], [ 30.281920200016213, 60.55505437385164 ], [ 30.281871960016264, 60.555107111264725 ], [ 30.281895000016284, 60.555172501998143 ], [ 30.281916240016244, 60.555271163003326 ], [ 30.281916600016277, 60.555333544918561 ], [ 30.281821920016259, 60.555354692802972 ], [ 30.28151772001625, 60.555393891564613 ], [ 30.281326560016254, 60.55543689511763 ], [ 30.281272560016276, 60.555542811032062 ], [ 30.281273640016277, 60.555620500178996 ], [ 30.281169960016236, 60.555655274417809 ], [ 30.280964760016246, 60.555663768882667 ], [ 30.280852080016263, 60.555700135785152 ], [ 30.280786920016268, 60.555794547966414 ], [ 30.280842360016273, 60.555860910628063 ], [ 30.281076720016252, 60.555929485235332 ], [ 30.281239440016236, 60.55599938694349 ], [ 30.281259960016225, 60.55603309897905 ], [ 30.281238000016295, 60.556109459706683 ], [ 30.281142240016283, 60.556167415874413 ], [ 30.28114296001625, 60.556248642817145 ], [ 30.281159160016241, 60.556642475569589 ], [ 30.281302080016296, 60.556722197140523 ], [ 30.281483880016243, 60.556755908422716 ], [ 30.281694480016228, 60.556792451058975 ], [ 30.281750640016291, 60.55682164974597 ], [ 30.28177692001622, 60.556901901758863 ], [ 30.281730120016217, 60.556953397432949 ], [ 30.281489280016235, 60.557002415575731 ], [ 30.281263200016223, 60.557078154653894 ], [ 30.281200200016229, 60.557167519459611 ], [ 30.281280480016211, 60.557223615657044 ], [ 30.281454000016282, 60.557290240825047 ], [ 30.281527800016281, 60.557338727580799 ], [ 30.28153932001624, 60.557400397674279 ], [ 30.281518080016284, 60.557470207724236 ], [ 30.281596560016215, 60.557536920863107 ], [ 30.281659200016275, 60.557552227704512 ], [ 30.281657400016218, 60.557584345504139 ], [ 30.281578920016283, 60.55761026976549 ], [ 30.281420880016242, 60.557644687950592 ], [ 30.281298120016238, 60.557634247476727 ], [ 30.281094000016246, 60.557581514184271 ], [ 30.280891680016222, 60.55757744416146 ], [ 30.280672440016232, 60.557627523101957 ], [ 30.28063680001625, 60.557678132835782 ], [ 30.280637880016251, 60.557762452723438 ], [ 30.280853520016301, 60.557990283429469 ], [ 30.280819680016286, 60.558016384320496 ], [ 30.28076712001625, 60.558021427541114 ], [ 30.280667760016296, 60.558026028373213 ], [ 30.280587480016212, 60.558041069550626 ], [ 30.280521240016213, 60.55808787411079 ], [ 30.280464000016241, 60.558159629174575 ], [ 30.280294440016235, 60.558307828093284 ], [ 30.280145760016243, 60.558407364299256 ], [ 30.280090320016242, 60.558478853225253 ], [ 30.280145760016243, 60.55855104980202 ], [ 30.280302000016231, 60.558693319055102 ], [ 30.280344120016302, 60.558785156710599 ], [ 30.280248000016254, 60.558864784524559 ], [ 30.28025412001622, 60.558935299213886 ], [ 30.280410360016205, 60.558947774193122 ], [ 30.280563720016225, 60.558945385367672 ], [ 30.280699440016217, 60.558951755568486 ], [ 30.280721400016237, 60.558956710168182 ], [ 30.280711320016216, 60.55898431435277 ], [ 30.280676760016231, 60.559035629761532 ], [ 30.280641480016278, 60.559061995233002 ], [ 30.280669200016234, 60.559073939315361 ], [ 30.280764240016278, 60.559122688820487 ], [ 30.280765320016275, 60.559162148438709 ], [ 30.280804560016289, 60.559196388023587 ], [ 30.280780440016272, 60.559222222518429 ], [ 30.280755600016285, 60.559264247765555 ], [ 30.280730400016267, 60.559319721008137 ], [ 30.28069872001625, 60.559361569180837 ], [ 30.280663800016235, 60.559405275248395 ], [ 30.280652640016214, 60.559445619258355 ], [ 30.280631040016225, 60.559484282220609 ], [ 30.280592880016211, 60.559516044207705 ], [ 30.280544640016263, 60.559542674707622 ], [ 30.280489560016292, 60.55956771266596 ], [ 30.280454280016244, 60.559606287009075 ], [ 30.280393800016274, 60.559644153521305 ], [ 30.280331520016247, 60.559672464903358 ], [ 30.280101840016297, 60.559698299017811 ], [ 30.279944160016278, 60.559702545719588 ], [ 30.279842640016234, 60.559690955761361 ], [ 30.279790440016232, 60.559684939598178 ], [ 30.279715560016236, 60.559662644395502 ], [ 30.279703680016237, 60.559663086760779 ], [ 30.278301480016246, 60.556157859750094 ], [ 30.277260720016226, 60.555407872149864 ], [ 30.276415080016264, 60.554907398828824 ] ] ] } },
{ "type": "Feature", "properties": { }, "geometry": { "type": "Polygon", "coordinates": [ [ [ 30.225884400016245, 60.549506908834495 ], [ 30.226371480016194, 60.549462127378021 ], [ 30.226664520016179, 60.549333446721342 ], [ 30.227006880016194, 60.54951982995464 ], [ 30.227007960016195, 60.549520980465097 ], [ 30.225884400016245, 60.549506908834495 ] ] ] } },
{ "type": "Feature", "properties": { }, "geometry": { "type": "Polygon", "coordinates": [ [ [ 30.270061080016266, 60.566280813400773 ], [ 30.269125800016262, 60.565457198872906 ], [ 30.268870920016209, 60.564783236417036 ], [ 30.268524600016217, 60.564218155085321 ], [ 30.268582200016219, 60.564135532785627 ], [ 30.269120040016237, 60.56394870299539 ], [ 30.269010240016225, 60.564097052306323 ], [ 30.268976400016214, 60.564276539024185 ], [ 30.269069280016257, 60.564832950363332 ], [ 30.269082600016286, 60.565154939196638 ], [ 30.269133360016259, 60.565435526850834 ], [ 30.269788560016281, 60.565749902433225 ], [ 30.269917440016251, 60.566114429212163 ], [ 30.270061080016266, 60.566280813400773 ] ] ] } },
{ "type": "Feature", "properties": { }, "geometry": { "type": "Polygon", "coordinates": [ [ [ 30.245189040016268, 60.560254435259012 ], [ 30.245466240016203, 60.560258858830579 ], [ 30.245433480016274, 60.56054382403763 ], [ 30.244721400016218, 60.560497111502684 ], [ 30.243720600016275, 60.560456857275483 ], [ 30.243204720016276, 60.560507551052353 ], [ 30.242891160016214, 60.560549840040984 ], [ 30.242694240016188, 60.560637602786606 ], [ 30.242625480016251, 60.560632559974032 ], [ 30.242499840016194, 60.56063096750669 ], [ 30.242345400016262, 60.560638575960873 ], [ 30.241883160016211, 60.560675821972318 ], [ 30.241760760016238, 60.560680953248486 ], [ 30.24168912001624, 60.560675025739776 ], [ 30.241621080016184, 60.560659631906141 ], [ 30.240890280016202, 60.560331493789626 ], [ 30.240734760016281, 60.560304067697601 ], [ 30.240702000016263, 60.560301944386296 ], [ 30.23989740001619, 60.560252135001519 ], [ 30.239773920016219, 60.56010951871891 ], [ 30.241782720016257, 60.558783210250489 ], [ 30.242260080016216, 60.558925832382492 ], [ 30.242786400016264, 60.558927247983618 ], [ 30.243931200016267, 60.558843638935322 ], [ 30.245524920016205, 60.558881948716554 ], [ 30.247364520016262, 60.558696238753335 ], [ 30.24771048001622, 60.558621653651372 ], [ 30.24771048001622, 60.558621653651372 ], [ 30.248634240016258, 60.558389138136889 ], [ 30.247792560016265, 60.557161768266681 ], [ 30.247221960016237, 60.55619351823664 ], [ 30.247821000016199, 60.555914177625922 ], [ 30.248026560016218, 60.556110079086132 ], [ 30.248182440016269, 60.556285097544283 ], [ 30.248360640016269, 60.556551959052754 ], [ 30.248425440016238, 60.556601066285424 ], [ 30.248467200016282, 60.556615577237203 ], [ 30.248312400016232, 60.556989762885351 ], [ 30.248628840016263, 60.557348194876845 ], [ 30.248699760016198, 60.557434993041056 ], [ 30.248565120016202, 60.557489584631554 ], [ 30.24855252001624, 60.55764159120023 ], [ 30.248885880016232, 60.557649023400629 ], [ 30.249229680016281, 60.558044520172693 ], [ 30.249365760016214, 60.558189003581397 ], [ 30.249408600016253, 60.558554677321837 ], [ 30.249797760016275, 60.55863837559307 ], [ 30.250155960016262, 60.558771796913724 ], [ 30.250489320016257, 60.558884514497038 ], [ 30.250509480016213, 60.558893362014445 ], [ 30.250051560016246, 60.559232043159987 ], [ 30.250625400016279, 60.559455351358451 ], [ 30.250343880016267, 60.559617346158568 ], [ 30.250235520016194, 60.559714754984093 ], [ 30.25009152001623, 60.559870909301139 ], [ 30.249568800016206, 60.559934255539943 ], [ 30.24937188001627, 60.559648665649455 ], [ 30.249369720016272, 60.559581249080608 ], [ 30.24941724001625, 60.559161086745576 ], [ 30.249062280016265, 60.559053059287045 ], [ 30.248929800016271, 60.55907216982196 ], [ 30.248663400016245, 60.559013864960193 ], [ 30.248471880016218, 60.559101897298234 ], [ 30.248281440016278, 60.559064295575155 ], [ 30.24815400001625, 60.558997320162362 ], [ 30.247616520016265, 60.559050228095728 ], [ 30.245585400016264, 60.559229742829821 ], [ 30.245398560016259, 60.559246199034526 ], [ 30.245073480016231, 60.559252126805156 ], [ 30.244336560016194, 60.559265486403611 ], [ 30.243630960016226, 60.559216737113701 ], [ 30.242654280016207, 60.559296186916846 ], [ 30.241919520016257, 60.559313704775946 ], [ 30.241634760016236, 60.559600890142725 ], [ 30.241218960016262, 60.559783675311024 ], [ 30.241270080016264, 60.560182154013404 ], [ 30.242382120016245, 60.56024877308645 ], [ 30.243636720016255, 60.560229663246879 ], [ 30.244431960016268, 60.560242314669708 ], [ 30.245189040016268, 60.560254435259012 ] ] ] } },
{ "type": "Feature", "properties": { }, "geometry": { "type": "Polygon", "coordinates": [ [ [ 30.245963400016262, 60.57278513599308 ], [ 30.245717520016232, 60.572685113418544 ], [ 30.24510120001619, 60.572434303904075 ], [ 30.245053680016213, 60.572410602481199 ], [ 30.244745520016235, 60.572220636717553 ], [ 30.245483160016246, 60.572059677887573 ], [ 30.245737680016283, 60.572385309152502 ], [ 30.245970600016229, 60.572528932546149 ], [ 30.246253920016215, 60.572628071228173 ], [ 30.247179120016199, 60.572876845190343 ], [ 30.24734220001621, 60.572991105465498 ], [ 30.247380000016193, 60.573017636431381 ], [ 30.247382520016224, 60.573020908582279 ], [ 30.247359480016204, 60.573015071772254 ], [ 30.247201440016251, 60.572973771889401 ], [ 30.246602400016201, 60.572856946881352 ], [ 30.246480000016227, 60.572842885402238 ], [ 30.246320520016248, 60.57282475581323 ], [ 30.246161400016199, 60.572822102701792 ], [ 30.245963400016262, 60.57278513599308 ] ] ] } },
{ "type": "Feature", "properties": { }, "geometry": { "type": "Polygon", "coordinates": [ [ [ 30.277703160016259, 60.505604008891446 ], [ 30.278116440016209, 60.506056238277452 ], [ 30.277884600016264, 60.506060669261153 ], [ 30.277065960016287, 60.506076443558342 ], [ 30.276772560016276, 60.506128817714675 ], [ 30.276937800016285, 60.506462202492209 ], [ 30.276833760016221, 60.506460518739317 ], [ 30.276295200016236, 60.5065227289194 ], [ 30.275808480016224, 60.506653972511664 ], [ 30.275845560016229, 60.506727525406554 ], [ 30.275872200016288, 60.506781227776209 ], [ 30.275859960016259, 60.506895898874916 ], [ 30.275829360016242, 60.5069379921053 ], [ 30.275623080016249, 60.507144026602163 ], [ 30.275474760016291, 60.507357237695885 ], [ 30.275448120016243, 60.507391266269302 ], [ 30.275346600016292, 60.507697078746325 ], [ 30.275485560016289, 60.508037979604062 ], [ 30.275486280016256, 60.508088135237337 ], [ 30.275474040016228, 60.508834168964079 ], [ 30.275371080016253, 60.509010860978805 ], [ 30.27531024001625, 60.50927439080948 ], [ 30.275261280016238, 60.509417940118212 ], [ 30.275090640016231, 60.509827672424784 ], [ 30.275026200016292, 60.510007903377414 ], [ 30.274962840016261, 60.510172804073889 ], [ 30.274936560016243, 60.510223842485878 ], [ 30.274847640016255, 60.510339653306509 ], [ 30.274855920016222, 60.510502514341752 ], [ 30.27470796001629, 60.510682387112688 ], [ 30.274351560016285, 60.510958574049383 ], [ 30.273402960016249, 60.511301124098317 ], [ 30.272843880016271, 60.511368552690676 ], [ 30.272445360016285, 60.511432702758675 ], [ 30.272097240016237, 60.511466815657471 ], [ 30.271943160016249, 60.511486397331225 ], [ 30.271914720016238, 60.511531940182699 ], [ 30.271145040016268, 60.511514396445932 ], [ 30.270628440016214, 60.511439879761163 ], [ 30.270099600016223, 60.511342768580597 ], [ 30.269616480016243, 60.511290048429139 ], [ 30.268747800016261, 60.511140659433138 ], [ 30.268725480016212, 60.511135874720814 ], [ 30.268328400016248, 60.511094141366712 ], [ 30.267881640016217, 60.510844980605519 ], [ 30.26744460001628, 60.510613716591344 ], [ 30.26695536001624, 60.510354893873384 ], [ 30.266470080016258, 60.510205057524146 ], [ 30.266691480016242, 60.509793557800272 ], [ 30.266865360016247, 60.509595958099837 ], [ 30.26712276001625, 60.509471283588134 ], [ 30.267309600016247, 60.509323924253934 ], [ 30.267461160016211, 60.509120650566842 ], [ 30.267694800016219, 60.508979846903507 ], [ 30.267852120016208, 60.508951313928002 ], [ 30.268486440016204, 60.508938908278651 ], [ 30.269005560016289, 60.508795799908796 ], [ 30.268974600016247, 60.508848789954733 ], [ 30.268636920016256, 60.509001645370951 ], [ 30.268719000016219, 60.509037710282882 ], [ 30.269255400016206, 60.509232743668804 ], [ 30.269663280016246, 60.50905755925907 ], [ 30.270066480016265, 60.508860486742492 ], [ 30.270370680016274, 60.508631689718491 ], [ 30.270492720016215, 60.508674046531858 ], [ 30.270877200016212, 60.508414056348364 ], [ 30.270748320016242, 60.508370813061674 ], [ 30.270758760016214, 60.508363103699153 ], [ 30.270936600016277, 60.508234791281581 ], [ 30.27089700001623, 60.508221499220333 ], [ 30.271092120016206, 60.508052955410825 ], [ 30.270701520016235, 60.507895044484741 ], [ 30.270630960016245, 60.507872890814049 ], [ 30.27113424001627, 60.507576296012004 ], [ 30.271547160016286, 60.506957576515937 ], [ 30.271879440016281, 60.506704307522831 ], [ 30.272343120016274, 60.506466633420416 ], [ 30.27289248001625, 60.50626608900199 ], [ 30.27329712001621, 60.506160897951382 ], [ 30.273313320016296, 60.506170734702707 ], [ 30.273415560016215, 60.506250226177983 ], [ 30.273527160016286, 60.506211322347674 ], [ 30.273797520016277, 60.50616692406966 ], [ 30.274116480016243, 60.506150618099987 ], [ 30.274246800016243, 60.506182609695763 ], [ 30.274286400016283, 60.50620706862307 ], [ 30.274440480016271, 60.506190053719095 ], [ 30.274961760016261, 60.505975328407935 ], [ 30.274638840016241, 60.505837258306528 ], [ 30.274718760016285, 60.505792682275256 ], [ 30.274877160016274, 60.505755107203306 ], [ 30.274997760016277, 60.505743497915148 ], [ 30.275113680016251, 60.505750676177783 ], [ 30.275318520016217, 60.505758208920788 ], [ 30.275494560016224, 60.505726482767791 ], [ 30.275611200016261, 60.50568793279151 ], [ 30.275635680016215, 60.505635735164347 ], [ 30.275696520016215, 60.505575738806506 ], [ 30.275740080016227, 60.505544987306799 ], [ 30.275948880016244, 60.505521591333526 ], [ 30.276080640016271, 60.505567851537037 ], [ 30.27648096001624, 60.50551636268569 ], [ 30.276590760016241, 60.505534618638904 ], [ 30.276769320016278, 60.505543657990572 ], [ 30.276936720016288, 60.505552254234416 ], [ 30.27752928001625, 60.505618454097757 ], [ 30.277654920016221, 60.50563254481429 ], [ 30.277703160016259, 60.505604008891446 ] ], [ [ 30.274927920016253, 60.506647946483938 ], [ 30.274760160016211, 60.506514398788262 ], [ 30.274550280016278, 60.506389978276658 ], [ 30.274429320016242, 60.506374381369717 ], [ 30.274349760016221, 60.506373938275665 ], [ 30.274166880016278, 60.506421703780099 ], [ 30.273956280016289, 60.50650660036569 ], [ 30.273758280016263, 60.506550466468369 ], [ 30.273477840016241, 60.506549048575039 ], [ 30.273201000016257, 60.506547630681702 ], [ 30.273029280016249, 60.506604700840484 ], [ 30.272829840016282, 60.506710333540084 ], [ 30.272701320016253, 60.506814548013644 ], [ 30.272689080016224, 60.506824473184111 ], [ 30.272598360016271, 60.506897937074683 ], [ 30.272381280016283, 60.507130645476757 ], [ 30.272184000016225, 60.507316562869811 ], [ 30.272038560016234, 60.507555205510371 ], [ 30.271975200016207, 60.507685735999523 ], [ 30.271923720016261, 60.50779030179617 ], [ 30.27173040001626, 60.507979937210699 ], [ 30.271637520016217, 60.508063589115558 ], [ 30.271277880016292, 60.508402093559646 ], [ 30.271080600016237, 60.508586231403235 ], [ 30.270798720016277, 60.508818573233455 ], [ 30.270683160016247, 60.508902045749693 ], [ 30.270468240016257, 60.509020608253493 ], [ 30.270300840016247, 60.509057204813132 ], [ 30.270025800016228, 60.50913996782468 ], [ 30.269674800016212, 60.509248516422012 ], [ 30.269514960016291, 60.509288745768956 ], [ 30.269225160016212, 60.509350861909255 ], [ 30.268928160016266, 60.50941111710987 ], [ 30.268670400016241, 60.509415370413919 ], [ 30.268485000016266, 60.50938453394695 ], [ 30.268338480016279, 60.509316480950446 ], [ 30.268304280016231, 60.509320025380902 ], [ 30.268341360016244, 60.509370710693602 ], [ 30.268185480016289, 60.509388521422807 ], [ 30.267785520016265, 60.509480056010808 ], [ 30.267598680016267, 60.50952019646018 ], [ 30.267423720016261, 60.509539867920473 ], [ 30.267244800016286, 60.509572653661095 ], [ 30.267118440016251, 60.509628123514368 ], [ 30.267075240016272, 60.509704505169665 ], [ 30.267099000016259, 60.509843001841801 ], [ 30.267275400016207, 60.509929927473756 ], [ 30.267498240016227, 60.509966611615468 ], [ 30.267875160016224, 60.510088271527231 ], [ 30.268044360016201, 60.510154462124937 ], [ 30.268213560016274, 60.510217108255539 ], [ 30.268375920016229, 60.510249716094542 ], [ 30.268481400016235, 60.510280197305676 ], [ 30.268465560016274, 60.510313779769611 ], [ 30.268548360016204, 60.510336640635487 ], [ 30.268986480016238, 60.510417362400943 ], [ 30.269228400016214, 60.510463527008461 ], [ 30.269500200016235, 60.510532197848093 ], [ 30.26976408001623, 60.510608400157864 ], [ 30.270277800016231, 60.510708171748277 ], [ 30.270738600016251, 60.510781538228017 ], [ 30.270977640016252, 60.510786500206123 ], [ 30.271168080016288, 60.510748310676256 ], [ 30.271369680016253, 60.510719336223303 ], [ 30.271521960016269, 60.510682741540805 ], [ 30.271628520016282, 60.510675741584755 ], [ 30.271787640016228, 60.510678399796106 ], [ 30.271916520016294, 60.510673526408453 ], [ 30.272464080016213, 60.510607071049328 ], [ 30.272844600016246, 60.510545488961526 ], [ 30.273111360016205, 60.51048514726272 ], [ 30.273310080016206, 60.510413197836158 ], [ 30.273663600016246, 60.510184943425678 ], [ 30.273756480016296, 60.510108740120096 ], [ 30.273900120016229, 60.509943041616154 ], [ 30.273981840016251, 60.509831394018015 ], [ 30.274093800016256, 60.509564501534122 ], [ 30.274178040016213, 60.509346165543327 ], [ 30.27422412001625, 60.509131372532508 ], [ 30.274263000016234, 60.508907096627546 ], [ 30.274359120016282, 60.508664564990603 ], [ 30.274437600016213, 60.508341482029046 ], [ 30.274471080016287, 60.50819775072398 ], [ 30.274541280016255, 60.507919413505036 ], [ 30.274567200016239, 60.507592335417861 ], [ 30.27460788001628, 60.50745046172338 ], [ 30.274672680016256, 60.507260025662958 ], [ 30.274743960016217, 60.507105123844759 ], [ 30.274878600016208, 60.506834752821774 ], [ 30.274918920016223, 60.506715296141628 ], [ 30.274927920016253, 60.506647946483938 ] ] ] } },
{ "type": "Feature", "properties": { }, "geometry": { "type": "Polygon", "coordinates": [ [ [ 30.268869480016264, 60.508745556758463 ], [ 30.268415160016243, 60.508832485334466 ], [ 30.267809280016259, 60.508844447964258 ], [ 30.267563400016218, 60.508888931186029 ], [ 30.26726892001621, 60.509066509016641 ], [ 30.267112320016285, 60.509276340248817 ], [ 30.266993160016217, 60.50937044486173 ], [ 30.266992800016283, 60.509370533472357 ], [ 30.265794360016244, 60.508999075633696 ], [ 30.265187760016207, 60.509055964252497 ], [ 30.264559200016237, 60.509229465061829 ], [ 30.264443640016289, 60.50931692400431 ], [ 30.264191640016282, 60.509288302714758 ], [ 30.263420160016263, 60.509295037138081 ], [ 30.263134680016275, 60.509229199228848 ], [ 30.262636800016239, 60.509063939284538 ], [ 30.262604400016254, 60.509102751079055 ], [ 30.262536720016229, 60.509187552030056 ], [ 30.262381560016241, 60.509141740049621 ], [ 30.262204080016204, 60.509094421611103 ], [ 30.262247640016209, 60.509049495613951 ], [ 30.262208040016262, 60.509038596398135 ], [ 30.261945600016208, 60.508960618161922 ], [ 30.261459960016285, 60.508811661486796 ], [ 30.260963520016279, 60.508678299932647 ], [ 30.260563560016262, 60.50866155216378 ], [ 30.259805040016232, 60.508674046531858 ], [ 30.259498320016281, 60.508657830436199 ], [ 30.259324080016249, 60.508655526509365 ], [ 30.258652320016203, 60.508623005678778 ], [ 30.257715600016258, 60.50834458349901 ], [ 30.257320320016262, 60.508323227656966 ], [ 30.256759800016258, 60.508318885596069 ], [ 30.256550640016204, 60.508317645007125 ], [ 30.254549400016256, 60.508168685376454 ], [ 30.253534560016224, 60.50799819177616 ], [ 30.252271680016246, 60.507645947739107 ], [ 30.25113120001625, 60.507335172273685 ], [ 30.250212840016207, 60.507131886111118 ], [ 30.248926560016272, 60.505980113882273 ], [ 30.248968320016221, 60.505843727586296 ], [ 30.250092240016205, 60.505659751400536 ], [ 30.250192320016215, 60.505698833134304 ], [ 30.250843200016238, 60.505842841383682 ], [ 30.251313720016256, 60.505902660006846 ], [ 30.252246120016203, 60.506183938985778 ], [ 30.252425400016211, 60.506296573960419 ], [ 30.252455640016194, 60.506419222456941 ], [ 30.253879080016237, 60.506936928698046 ], [ 30.254168160016256, 60.506972109736125 ], [ 30.254556600016222, 60.507106010012905 ], [ 30.254614560016257, 60.507126126022541 ], [ 30.256002720016259, 60.507251252639257 ], [ 30.256764120016257, 60.507301941187826 ], [ 30.256793280016243, 60.507205083455226 ], [ 30.257122320016236, 60.507267823904243 ], [ 30.257526600016256, 60.507303624896998 ], [ 30.2575802400162, 60.507313461301472 ], [ 30.257591040016198, 60.507299637164635 ], [ 30.25788048001624, 60.507348730546944 ], [ 30.257933400016213, 60.507273052269497 ], [ 30.258204120016238, 60.507322411540763 ], [ 30.258370440016247, 60.507208893966144 ], [ 30.258654480016205, 60.507296092513187 ], [ 30.258941400016219, 60.507066929976062 ], [ 30.259247400016282, 60.507008797226362 ], [ 30.259284840016235, 60.50700507530896 ], [ 30.259299600016199, 60.506995947747804 ], [ 30.259306800016258, 60.506999137963653 ], [ 30.260039040016267, 60.507054169137504 ], [ 30.26040480001625, 60.507041939995844 ], [ 30.260753640016258, 60.506879238802306 ], [ 30.261229200016242, 60.506978224320733 ], [ 30.262411440016283, 60.507116732645159 ], [ 30.262800240016283, 60.507166269387767 ], [ 30.264450120016278, 60.507407748846745 ], [ 30.264785280016248, 60.507473413225128 ], [ 30.265438680016207, 60.507770895118711 ], [ 30.265705080016232, 60.5078562312437 ], [ 30.267302760016225, 60.508232930393355 ], [ 30.268680840016206, 60.508681312757851 ], [ 30.268869480016264, 60.508745556758463 ] ] ] } },
{ "type": "Feature", "properties": { }, "geometry": { "type": "Polygon", "coordinates": [ [ [ 30.273286680016245, 60.553531853673285 ], [ 30.273119640016262, 60.553480618021247 ], [ 30.273091920016217, 60.553461504182081 ], [ 30.27355056001624, 60.553408852575977 ], [ 30.273554520016205, 60.553403543165572 ], [ 30.273599160016214, 60.553341599979596 ], [ 30.27362040001627, 60.553212226828727 ], [ 30.273624000016206, 60.553190635089663 ], [ 30.273655320016278, 60.55318090110422 ], [ 30.273670440016275, 60.553176122601208 ], [ 30.273867360016212, 60.55311497539855 ], [ 30.273917400016217, 60.553187891875886 ], [ 30.274265880016294, 60.553312752112575 ], [ 30.274394400016234, 60.553539640777416 ], [ 30.27471516001626, 60.55364255426101 ], [ 30.274264080016231, 60.553879174390708 ], [ 30.274214760016285, 60.553919525294646 ], [ 30.273286680016245, 60.553531853673285 ] ] ] } },
{ "type": "Feature", "properties": { }, "geometry": { "type": "Polygon", "coordinates": [ [ [ 30.272815800016286, 60.554621410596994 ], [ 30.273408360016248, 60.554434879781269 ], [ 30.273744600016208, 60.554296750718343 ], [ 30.273837120016228, 60.554100926763006 ], [ 30.273624000016206, 60.553846256510731 ], [ 30.275779680016267, 60.554733700213554 ], [ 30.274135200016264, 60.555896480958623 ], [ 30.273132960016291, 60.555468749564433 ], [ 30.272815800016286, 60.554621410596994 ] ] ] } },
{ "type": "Feature", "properties": { }, "geometry": { "type": "Polygon", "coordinates": [ [ [ 30.244783680016251, 60.552126958625884 ], [ 30.244785120016186, 60.552096516787955 ], [ 30.24478836001628, 60.552066251909082 ], [ 30.244794120016216, 60.55203589850791 ], [ 30.244801680016213, 60.552005810560338 ], [ 30.244811400016211, 60.551975722584729 ], [ 30.244823280016202, 60.551945900063686 ], [ 30.244836960016254, 60.551916254503652 ], [ 30.244852800016218, 60.551886874399365 ], [ 30.244870800016269, 60.551857759751705 ], [ 30.244890240016264, 60.551828999055772 ], [ 30.244912200016188, 60.551800503817944 ], [ 30.244935960016271, 60.551772451028256 ], [ 30.244961520016233, 60.55174484068781 ], [ 30.244989240016274, 60.551717584302992 ], [ 30.24501840001626, 60.551690947359297 ], [ 30.245049720016244, 60.551664664373433 ], [ 30.245082840016202, 60.551639000831237 ], [ 30.245117400016277, 60.551613868239158 ], [ 30.245153760016226, 60.55158926659842 ], [ 30.245191920016243, 60.551565461395832 ], [ 30.245231880016217, 60.551542098652135 ], [ 30.245273280016232, 60.55151953234958 ], [ 30.24531612001627, 60.551497673994447 ], [ 30.245360400016249, 60.5514765235882 ], [ 30.245639400016234, 60.55134785094414 ], [ 30.246398280016209, 60.551020503306454 ], [ 30.246445800016275, 60.551000680039536 ], [ 30.246494760016194, 60.550981564734947 ], [ 30.246545160016229, 60.550963422884443 ], [ 30.246596640016264, 60.550946077495972 ], [ 30.246649560016245, 60.550929617067695 ], [ 30.246703200016274, 60.55091404160094 ], [ 30.246758280016245, 60.550899439594048 ], [ 30.24681408001619, 60.550885722551286 ], [ 30.246870960016224, 60.550872890473748 ], [ 30.246928560016226, 60.550861120356792 ], [ 30.246986880016198, 60.550850235207214 ], [ 30.24704592001623, 60.550840412020285 ], [ 30.247106040016266, 60.550831650797001 ], [ 30.247166520016236, 60.550823863041003 ], [ 30.247227360016236, 60.550817048752954 ], [ 30.247288560016269, 60.550811296430723 ], [ 30.247350480016266, 60.550806606074943 ], [ 30.247412400016266, 60.550802889188745 ], [ 30.247474680016211, 60.550800322767088 ], [ 30.247536960016237, 60.550798641318295 ], [ 30.247599240016271, 60.55079819883175 ], [ 30.247661880016238, 60.550798641318295 ], [ 30.247724160016272, 60.550800234269779 ], [ 30.24778644001621, 60.550802889188745 ], [ 30.24784836001621, 60.550806606074943 ], [ 30.247909920016269, 60.550811296430723 ], [ 30.247971480016247, 60.550817137250171 ], [ 30.248032320016243, 60.550823863041003 ], [ 30.248092440016276, 60.550831739294217 ], [ 30.248152200016278, 60.550840589014648 ], [ 30.248211600016248, 60.550850412201527 ], [ 30.248269920016224, 60.550861208853917 ], [ 30.248327520016225, 60.550872978970865 ], [ 30.24838440001626, 60.550885811048367 ], [ 30.248440200016201, 60.550899528091087 ], [ 30.248495280016261, 60.55091421859494 ], [ 30.248548920016209, 60.550929705564641 ], [ 30.248601840016274, 60.550946254489794 ], [ 30.248981640016243, 60.551069530441197 ], [ 30.247639560016196, 60.551469266960247 ], [ 30.247473960016237, 60.551563249015558 ], [ 30.247287120016239, 60.55162147881483 ], [ 30.247598880016238, 60.551695637586889 ], [ 30.246606360016255, 60.552131560296552 ], [ 30.246368400016255, 60.551970855409586 ], [ 30.2462190000162, 60.551939174506188 ], [ 30.2449003200162, 60.552232442912384 ], [ 30.244865040016247, 60.552203151588792 ], [ 30.244783680016251, 60.552126958625884 ] ] ] } },
{ "type": "Feature", "properties": { }, "geometry": { "type": "Polygon", "coordinates": [ [ [ 30.248302320016208, 60.552730656831351 ], [ 30.248573400016259, 60.55240128784969 ], [ 30.248878680016265, 60.552180320266835 ], [ 30.24905904001627, 60.552242265676604 ], [ 30.249236520016215, 60.552196072110874 ], [ 30.249416160016253, 60.552071827020441 ], [ 30.249160200016192, 60.551985722415019 ], [ 30.249160200016192, 60.551985633920943 ], [ 30.249412200016195, 60.551830857439946 ], [ 30.249447120016203, 60.551799264894015 ], [ 30.249508320016236, 60.551730327550743 ], [ 30.249510480016237, 60.551717938282188 ], [ 30.250062720016277, 60.551457054582741 ], [ 30.250114920016191, 60.551481390837729 ], [ 30.250161000016227, 60.55150873591694 ], [ 30.250204920016266, 60.551536788935309 ], [ 30.250247040016248, 60.551565549891052 ], [ 30.250287000016232, 60.551595018782265 ], [ 30.250324800016209, 60.551625195606974 ], [ 30.250360800016221, 60.551655903373359 ], [ 30.250394280016206, 60.5516872305747 ], [ 30.25042560001619, 60.551719177209236 ], [ 30.250455120016209, 60.551751566285752 ], [ 30.250481760016257, 60.551784486297464 ], [ 30.250506600016244, 60.551817760253783 ], [ 30.250528560016264, 60.551851476648018 ], [ 30.250548360016193, 60.551885635478754 ], [ 30.250566000016214, 60.551919971261917 ], [ 30.250580760016273, 60.551954660985203 ], [ 30.250593720016266, 60.551989527659366 ], [ 30.250603800016197, 60.552024659777814 ], [ 30.250611720016227, 60.552059880352012 ], [ 30.250616760016193, 60.552095189381546 ], [ 30.25061964001625, 60.552130675359948 ], [ 30.25061964001625, 60.55216616129939 ], [ 30.250617840016194, 60.552201647199865 ], [ 30.25061316001625, 60.552236956074708 ], [ 30.250605960016198, 60.552272264911011 ], [ 30.250596240016208, 60.552307396722391 ], [ 30.250584360016209, 60.552342351509466 ], [ 30.250569960016279, 60.552377040779795 ], [ 30.250553040016225, 60.552411553027113 ], [ 30.250533960016263, 60.552445711266436 ], [ 30.250512000016244, 60.552479515498852 ], [ 30.250488240016256, 60.552512965725455 ], [ 30.250461600016205, 60.552545973454841 ], [ 30.250433160016286, 60.552578538688358 ], [ 30.250402200016236, 60.552610484442688 ], [ 30.250369440016222, 60.552641987704064 ], [ 30.250334160016269, 60.552672959981784 ], [ 30.25029636001619, 60.552703224293019 ], [ 30.250257120016272, 60.552732869131823 ], [ 30.250215720016264, 60.552761806008014 ], [ 30.250225440016262, 60.552771186151936 ], [ 30.250234440016197, 60.552780920260638 ], [ 30.250243080016283, 60.55279065436644 ], [ 30.250251000016217, 60.552800565452984 ], [ 30.250258200016273, 60.552810565028281 ], [ 30.250264680016269, 60.552820741584036 ], [ 30.250270440016209, 60.552831006628338 ], [ 30.250275120016234, 60.552841360161075 ], [ 30.250279800016266, 60.552851802182239 ], [ 30.250283040016257, 60.552862155708326 ], [ 30.250285920016232, 60.552872686214414 ], [ 30.250288080016229, 60.552883305208645 ], [ 30.250289520016256, 60.552893924199388 ], [ 30.250290240016231, 60.552904543186649 ], [ 30.250289880016197, 60.552915162170429 ], [ 30.25028916001623, 60.552925781150705 ], [ 30.250287360016255, 60.552936400127514 ], [ 30.250285200016258, 60.55294693060943 ], [ 30.250282320016201, 60.552957549579276 ], [ 30.250278360016232, 60.552967903071504 ], [ 30.250273680016203, 60.552978345051834 ], [ 30.250268640016237, 60.552988698537405 ], [ 30.250262520016271, 60.552998875037126 ], [ 30.250256040016271, 60.553009051533628 ], [ 30.250248480016282, 60.553018962553274 ], [ 30.250240560016252, 60.553028873569829 ], [ 30.250231920016255, 60.553038607601017 ], [ 30.250222200016264, 60.553048164646967 ], [ 30.250212480016266, 60.553057544707812 ], [ 30.250201680016268, 60.55306674778376 ], [ 30.250190160016214, 60.55307577387493 ], [ 30.250178280016218, 60.553084622981501 ], [ 30.250165680016259, 60.553093295103572 ], [ 30.25015236001623, 60.553101613259273 ], [ 30.250138680016267, 60.553109842921842 ], [ 30.250124280016244, 60.553117807109437 ], [ 30.250109520016192, 60.553125594313236 ], [ 30.250094040016261, 60.553133027551439 ], [ 30.250078200016208, 60.553140195315265 ], [ 30.250062000016218, 60.553147097604821 ], [ 30.250045080016257, 60.553153734420306 ], [ 30.250027800016262, 60.55316010576189 ], [ 30.250010160016242, 60.55316621162978 ], [ 30.249991800016254, 60.553171875042388 ], [ 30.24914904001626, 60.553518668685967 ], [ 30.249135720016231, 60.553505926142783 ], [ 30.249030960016189, 60.55339823375423 ], [ 30.248874360016266, 60.553234084025291 ], [ 30.248869680016242, 60.553187095458959 ], [ 30.248664480016245, 60.552978079577777 ], [ 30.248563320016235, 60.552892685317296 ], [ 30.248430480016211, 60.552810211061029 ], [ 30.248302320016208, 60.552730656831351 ] ] ] } },
{ "type": "Feature", "properties": { }, "geometry": { "type": "Polygon", "coordinates": [ [ [ 30.263885280016275, 60.579129525166792 ], [ 30.264025320016273, 60.57870386948327 ], [ 30.264025680016218, 60.578703427378443 ], [ 30.264297480016236, 60.57787853773015 ], [ 30.264104160016238, 60.577585148169284 ], [ 30.264193800016283, 60.576812843564483 ], [ 30.26496528001622, 60.57650025567731 ], [ 30.26485800001624, 60.574933379909787 ], [ 30.265068240016205, 60.574904816595478 ], [ 30.265434360016208, 60.574854941274118 ], [ 30.266254440016208, 60.574743340542128 ], [ 30.266456760016233, 60.574715838242355 ], [ 30.266931240016223, 60.574635807301128 ], [ 30.267250200016285, 60.575080794508189 ], [ 30.267210960016271, 60.575737917630633 ], [ 30.267116280016253, 60.577022943370281 ], [ 30.268136880016222, 60.577290341147432 ], [ 30.268666080016242, 60.578001622611701 ], [ 30.268441440016254, 60.578625439999215 ], [ 30.268855440016271, 60.57914614808346 ], [ 30.269252520016231, 60.579350043376202 ], [ 30.269868840016272, 60.57935853161721 ], [ 30.269722320016282, 60.579801331764386 ], [ 30.269671560016214, 60.579954117627494 ], [ 30.269671200016276, 60.579953852374864 ], [ 30.269376000016202, 60.579944391697083 ], [ 30.269174760016266, 60.580087274162018 ], [ 30.268688760016229, 60.580211411632199 ], [ 30.26872116001622, 60.580102128243396 ], [ 30.268591920016217, 60.580058715403005 ], [ 30.268552320016262, 60.580049077921416 ], [ 30.268495440016228, 60.580242092258274 ], [ 30.267693720016222, 60.580295761179578 ], [ 30.266786520016289, 60.580008671201007 ], [ 30.265801200016273, 60.580157565736819 ], [ 30.265082640016225, 60.579876752191048 ], [ 30.264648840016278, 60.57994041290651 ], [ 30.264234120016202, 60.57966755512323 ], [ 30.264243120016232, 60.579463661834076 ], [ 30.264043680016261, 60.579204593483205 ], [ 30.263885280016275, 60.579129525166792 ] ], [ [ 30.265741080016241, 60.579104944455196 ], [ 30.266648640016204, 60.57924721169595 ], [ 30.267680760016223, 60.579388505700443 ], [ 30.268088640016273, 60.579304419042536 ], [ 30.26767500001629, 60.578610938923795 ], [ 30.267899640016271, 60.577968906130018 ], [ 30.267432000016225, 60.577452423445244 ], [ 30.266936640016223, 60.577373371951488 ], [ 30.266935200016277, 60.577371161336458 ], [ 30.266623440016271, 60.577323500439817 ], [ 30.265967520016282, 60.577376201538456 ], [ 30.266147880016288, 60.577871021755946 ], [ 30.265741080016241, 60.579104944455196 ] ] ] } },
{ "type": "Feature", "properties": { }, "geometry": { "type": "Polygon", "coordinates": [ [ [ 30.176311680016223, 60.578824563864181 ], [ 30.176188200016167, 60.578632336849807 ], [ 30.176057880016167, 60.578473266804473 ], [ 30.17640420001624, 60.57778047623539 ], [ 30.176649000016187, 60.577380711192248 ], [ 30.177537840016214, 60.576288207066781 ], [ 30.178204920016231, 60.575658331366959 ], [ 30.17834640001616, 60.575547263986849 ], [ 30.178517040016168, 60.575674337064626 ], [ 30.178644480016203, 60.575637462047588 ], [ 30.178690200016213, 60.575701573261227 ], [ 30.17870028001623, 60.575715368209181 ], [ 30.178442520016201, 60.575783635429076 ], [ 30.178115280016183, 60.575856500800001 ], [ 30.178236960016186, 60.576086768440817 ], [ 30.17845476001623, 60.576056968151178 ], [ 30.178491120016183, 60.576263535766145 ], [ 30.178213920016166, 60.576291213603952 ], [ 30.178255320016181, 60.576444900336057 ], [ 30.178523880016197, 60.576449675401186 ], [ 30.178633320016178, 60.576434023796182 ], [ 30.177811080016173, 60.577334288255607 ], [ 30.177800640016216, 60.577348347780621 ], [ 30.177759960016168, 60.577354625931299 ], [ 30.1776962400162, 60.577384159750622 ], [ 30.177642600016163, 60.577426780364434 ], [ 30.177595440016216, 60.577446410586738 ], [ 30.177576720016194, 60.57747046201402 ], [ 30.177538200016155, 60.577470019892367 ], [ 30.177513360016171, 60.577499818878962 ], [ 30.177516240016224, 60.577523251297201 ], [ 30.177469800016159, 60.577533508501347 ], [ 30.17743056001623, 60.577561185251454 ], [ 30.177436680016203, 60.577580196423881 ], [ 30.177413640016187, 60.577587977737764 ], [ 30.177374760016203, 60.577616715528421 ], [ 30.177302760016179, 60.577654118829983 ], [ 30.177326520016166, 60.57769010730857 ], [ 30.177305640016236, 60.577716899687978 ], [ 30.17725164001617, 60.577766416898399 ], [ 30.177240480016234, 60.577805323224766 ], [ 30.177189360016232, 60.577822035246065 ], [ 30.177211320016156, 60.577915852305537 ], [ 30.177210960016218, 60.577933802192597 ], [ 30.177234720016212, 60.577957941680076 ], [ 30.177231840016237, 60.577991719247755 ], [ 30.177204480016218, 60.578038406508298 ], [ 30.17720124001622, 60.578091283286284 ], [ 30.177137880016193, 60.578118782713524 ], [ 30.177131400016197, 60.578133726122395 ], [ 30.177142920016163, 60.578157777038122 ], [ 30.177150480016159, 60.57818165109115 ], [ 30.17715192001619, 60.578206939883678 ], [ 30.177113040016202, 60.578221352718117 ], [ 30.177061200016229, 60.578262911161765 ], [ 30.17703816001621, 60.578296776832687 ], [ 30.177039960016177, 60.578317644434712 ], [ 30.177024120016213, 60.578337804647589 ], [ 30.176984160016239, 60.578363181739796 ], [ 30.17693124001617, 60.578373438677332 ], [ 30.176895960016221, 60.578393598855399 ], [ 30.17689380001622, 60.578410664259465 ], [ 30.176874720016169, 60.578436394981203 ], [ 30.176896680016188, 60.578449481388503 ], [ 30.176965080016188, 60.578470348891919 ], [ 30.176924400016237, 60.578485468981313 ], [ 30.176903160016185, 60.578520307055037 ], [ 30.176872200016227, 60.578546921903381 ], [ 30.176788680016237, 60.578560450372656 ], [ 30.176745840016199, 60.57857415567895 ], [ 30.176689320016195, 60.578654618972664 ], [ 30.176668080016235, 60.578694408439453 ], [ 30.17664684001619, 60.578728185237289 ], [ 30.17664000001616, 60.578763023049369 ], [ 30.176626320016194, 60.578832786981437 ], [ 30.176521920016185, 60.578878058299097 ], [ 30.176600040016176, 60.578905468636407 ], [ 30.176583480016156, 60.578943577808623 ], [ 30.176568360016166, 60.578963560790498 ], [ 30.176521560016155, 60.578978680649072 ], [ 30.176504640016191, 60.578998575189097 ], [ 30.176512200016191, 60.579025543323795 ], [ 30.176521560016155, 60.579055517715936 ], [ 30.176535240016207, 60.579083458422176 ], [ 30.176516160016156, 60.579123335780714 ], [ 30.176553960016236, 60.579150480650725 ], [ 30.176559000016194, 60.579172055058869 ], [ 30.176575560016222, 60.57917780233727 ], [ 30.176600760016239, 60.579182046480675 ], [ 30.17659644001624, 60.579235451904268 ], [ 30.176638560016219, 60.579251632669155 ], [ 30.176677800016233, 60.579296814980665 ], [ 30.176677080016169, 60.579334658433645 ], [ 30.176642160016158, 60.579351458083181 ], [ 30.176674200016208, 60.579373386033602 ], [ 30.176687520016227, 60.579409372597389 ], [ 30.17671740001618, 60.57942855952043 ], [ 30.17672496001618, 60.579454554688368 ], [ 30.17667996001623, 60.579471973207511 ], [ 30.176311680016223, 60.578824563864181 ] ] ] } },
{ "type": "Feature", "properties": { }, "geometry": { "type": "Polygon", "coordinates": [ [ [ 30.210442200016224, 60.558076106619048 ], [ 30.210256800016253, 60.558169715570273 ], [ 30.209097240016202, 60.557936400506428 ], [ 30.209593680016209, 60.557357485211348 ], [ 30.209667120016174, 60.557368456650607 ], [ 30.209724360016239, 60.557368987526608 ], [ 30.21032628001625, 60.557420393977736 ], [ 30.210368040016203, 60.557421367248857 ], [ 30.209892120016185, 60.557830403952472 ], [ 30.210535080016186, 60.55800152008684 ], [ 30.210442200016224, 60.558076106619048 ] ] ] } },
{ "type": "Feature", "properties": { }, "geometry": { "type": "Polygon", "coordinates": [ [ [ 30.221015040016241, 60.54445515196187 ], [ 30.220909200016202, 60.544467898070479 ], [ 30.220803360016252, 60.544478873882156 ], [ 30.22065324001623, 60.544492682156083 ], [ 30.221312040016187, 60.543697900182444 ], [ 30.221364240016189, 60.54363487620806 ], [ 30.221417520016196, 60.543561053025783 ], [ 30.222108000016263, 60.542607621230296 ], [ 30.222156600016238, 60.542540611737273 ], [ 30.222187920016221, 60.542641878341556 ], [ 30.222284400016207, 60.542707294274933 ], [ 30.222284400016207, 60.542707205755491 ], [ 30.222335880016242, 60.542742259435471 ], [ 30.222444240016223, 60.542702160146945 ], [ 30.221126640016216, 60.544439661892611 ], [ 30.221015040016241, 60.54445515196187 ] ] ] } },
{ "type": "Feature", "properties": { }, "geometry": { "type": "Polygon", "coordinates": [ [ [ 30.236085720016256, 60.511428361114426 ], [ 30.236510880016205, 60.510967168856929 ], [ 30.236565600016242, 60.51098551034579 ], [ 30.236115600016209, 60.511470271247831 ], [ 30.236085720016256, 60.511428361114426 ] ] ] } },
{ "type": "Feature", "properties": { }, "geometry": { "type": "Polygon", "coordinates": [ [ [ 30.212667360016198, 60.550010297700794 ], [ 30.212705160016181, 60.549778516774893 ], [ 30.2124654000162, 60.549756303242724 ], [ 30.212562240016215, 60.549539211625252 ], [ 30.2126576400162, 60.549549035207299 ], [ 30.21269724001624, 60.54946885345052 ], [ 30.212501400016212, 60.549447701717739 ], [ 30.212327520016206, 60.549436285086394 ], [ 30.212288640016222, 60.549424425945645 ], [ 30.212269920016205, 60.549422036416729 ], [ 30.212263440016205, 60.549402743177112 ], [ 30.212283600016256, 60.549347960933808 ], [ 30.21227712001626, 60.549291851076376 ], [ 30.212264520016205, 60.549264150117196 ], [ 30.212264160016179, 60.54925822051581 ], [ 30.212516520016209, 60.548924656562889 ], [ 30.212542800016227, 60.548891733640779 ], [ 30.212961840016209, 60.547881373053116 ], [ 30.21309288001617, 60.547492389975311 ], [ 30.212892720016242, 60.546935149185714 ], [ 30.212755200016186, 60.54644631649284 ], [ 30.212716680016229, 60.546014388648388 ], [ 30.212481240016256, 60.545985268715363 ], [ 30.212622000016218, 60.545776206298868 ], [ 30.21269616001624, 60.545721860470671 ], [ 30.212760960016215, 60.545692917296904 ], [ 30.213205560016242, 60.545578206481999 ], [ 30.213905400016181, 60.545397642338337 ], [ 30.213952920016247, 60.545534747263012 ], [ 30.214542600016237, 60.547232003240552 ], [ 30.213863280016199, 60.547203238431933 ], [ 30.213750960016256, 60.547574169741011 ], [ 30.21438852001625, 60.547621963014905 ], [ 30.214389600016251, 60.547622759568846 ], [ 30.214345320016182, 60.547789946961743 ], [ 30.2143032000162, 60.547946424374167 ], [ 30.213699480016221, 60.547887479917414 ], [ 30.213699480016221, 60.547888010949031 ], [ 30.213699120016187, 60.547888010949031 ], [ 30.213531000016204, 60.548272564059744 ], [ 30.214100520016238, 60.548358324532863 ], [ 30.213610200016202, 60.549000414557419 ], [ 30.213542520016176, 60.549089359172712 ], [ 30.21315372001618, 60.549026611205846 ], [ 30.213065160016217, 60.54916131120499 ], [ 30.213438480016194, 60.549225297933191 ], [ 30.212892000016179, 60.550012156189503 ], [ 30.212667360016198, 60.550010297700794 ] ] ] } },
{ "type": "Feature", "properties": { }, "geometry": { "type": "Polygon", "coordinates": [ [ [ 30.189289680016177, 60.569771322633336 ], [ 30.190120920016206, 60.569375261709304 ], [ 30.190123440016237, 60.569843759334113 ], [ 30.189994920016204, 60.56983624149116 ], [ 30.189683160016205, 60.569811830600791 ], [ 30.189381480016227, 60.569784589440488 ], [ 30.189289680016177, 60.569771322633336 ] ] ] } },
{ "type": "Feature", "properties": { }, "geometry": { "type": "Polygon", "coordinates": [ [ [ 30.218341680016213, 60.564600479508968 ], [ 30.218735520016175, 60.564519892761005 ], [ 30.219640200016258, 60.565547071266423 ], [ 30.219832440016262, 60.565733007255986 ], [ 30.219919920016217, 60.565795545904642 ], [ 30.219482520016239, 60.565910361948887 ], [ 30.219482160016216, 60.565909919669082 ], [ 30.219291360016246, 60.565719031134087 ], [ 30.219160320016186, 60.565570866179193 ], [ 30.219044760016239, 60.565439418970158 ], [ 30.218945040016255, 60.565324070507984 ], [ 30.218668920016238, 60.564998014270238 ], [ 30.218604120016174, 60.564920259190757 ], [ 30.218367600016204, 60.564633740281629 ], [ 30.218341680016213, 60.564600479508968 ] ] ] } },
{ "type": "Feature", "properties": { }, "geometry": { "type": "Polygon", "coordinates": [ [ [ 30.250026720016262, 60.561904562415613 ], [ 30.25024416001628, 60.56190235074245 ], [ 30.252574080016199, 60.561521586836733 ], [ 30.252742920016239, 60.561485934224727 ], [ 30.253039920016274, 60.561453201022751 ], [ 30.253822200016202, 60.562195174952649 ], [ 30.253367880016278, 60.562225872684515 ], [ 30.252209040016279, 60.562304076573021 ], [ 30.252085920016249, 60.562312392359985 ], [ 30.251537640016267, 60.562349371046373 ], [ 30.250009080016241, 60.562408112221995 ], [ 30.250026720016262, 60.561904562415613 ] ] ] } },
{ "type": "Feature", "properties": { }, "geometry": { "type": "Polygon", "coordinates": [ [ [ 30.234677400016203, 60.532653287981958 ], [ 30.235862520016205, 60.532563943993779 ], [ 30.239216280016276, 60.533068924661656 ], [ 30.239784360016184, 60.53350660361999 ], [ 30.240684360016235, 60.534222921577083 ], [ 30.240800280016217, 60.53467891300869 ], [ 30.241246320016273, 60.534966582745305 ], [ 30.242651400016239, 60.535634437715267 ], [ 30.243982680016213, 60.536830220502686 ], [ 30.244825080016259, 60.537946634124815 ], [ 30.244799880016245, 60.538319442182726 ], [ 30.242844000016266, 60.537577186044906 ], [ 30.241573920016243, 60.537095029152368 ], [ 30.241488240016249, 60.537062536866955 ], [ 30.241321920016237, 60.537001536275717 ], [ 30.241151640016255, 60.53694345723153 ], [ 30.24097704001619, 60.536888211214702 ], [ 30.240799200016216, 60.536835975310815 ], [ 30.24061776001621, 60.536786660998729 ], [ 30.240433080016206, 60.536740445363414 ], [ 30.240245160016205, 60.536697416953928 ], [ 30.240054360016238, 60.536657487247084 ], [ 30.239861040016237, 60.536620833326438 ], [ 30.239665560016242, 60.536587366667028 ], [ 30.239467560016216, 60.536557087278695 ], [ 30.239267400016193, 60.536530260779401 ], [ 30.239065800016224, 60.536506887177744 ], [ 30.238862760016232, 60.536486789408222 ], [ 30.238658280016207, 60.536470056013577 ], [ 30.238453080016214, 60.536456864071958 ], [ 30.238246800016224, 60.536447036514687 ], [ 30.238039800016256, 60.536440661881336 ], [ 30.237832800016207, 60.536437740173938 ], [ 30.237625800016243, 60.536438359930081 ], [ 30.237418800016194, 60.536442344076342 ], [ 30.237211800016226, 60.536449869684645 ], [ 30.237005880016266, 60.536460759679443 ], [ 30.236800680016277, 60.536475102593812 ], [ 30.236596920016218, 60.536492986959637 ], [ 30.235844520016251, 60.536565144077784 ], [ 30.235504680016259, 60.536400377710947 ], [ 30.23571420001625, 60.535968581377773 ], [ 30.235728600016269, 60.535927942467922 ], [ 30.235787640016216, 60.535710935137992 ], [ 30.235793040016215, 60.535682691318954 ], [ 30.235818600016259, 60.53535341438122 ], [ 30.235800960016238, 60.535240172089736 ], [ 30.235737600016211, 60.534997660486276 ], [ 30.235726440016183, 60.534973311831372 ], [ 30.235530240016214, 60.534625168333065 ], [ 30.235311360016258, 60.534297828571624 ], [ 30.235087080016218, 60.533951537219792 ], [ 30.234937680016255, 60.533554152039812 ], [ 30.234839760016239, 60.533101598047395 ], [ 30.234827520016218, 60.533060247171512 ], [ 30.234677400016203, 60.532653287981958 ] ] ] } },
{ "type": "Feature", "properties": { }, "geometry": { "type": "Polygon", "coordinates": [ [ [ 30.228210360016199, 60.508864651506805 ], [ 30.228447960016265, 60.508761329748815 ], [ 30.228475320016194, 60.508763190606693 ], [ 30.229004880016241, 60.508874310213493 ], [ 30.229420680016229, 60.508642234620702 ], [ 30.229547760016224, 60.508710466258087 ], [ 30.228935040016214, 60.508942895809334 ], [ 30.228390360016263, 60.509149449226882 ], [ 30.228256080016205, 60.50920031202859 ], [ 30.228234120016186, 60.509185957029921 ], [ 30.228207120016201, 60.50916814618941 ], [ 30.228509160016202, 60.50904922977945 ], [ 30.228210360016199, 60.508864651506805 ] ] ] } },
{ "type": "Feature", "properties": { }, "geometry": { "type": "Polygon", "coordinates": [ [ [ 30.184814520016161, 60.571886159833532 ], [ 30.18612096001624, 60.571228958391167 ], [ 30.186252360016233, 60.571293697439025 ], [ 30.186367200016214, 60.571235945261876 ], [ 30.186376200016237, 60.571256994306218 ], [ 30.186539640016189, 60.571400268949944 ], [ 30.186751680016211, 60.571602532751605 ], [ 30.186903960016224, 60.571670012697666 ], [ 30.186822240016205, 60.571711844887098 ], [ 30.186730080016218, 60.571758187460773 ], [ 30.186455040016195, 60.571897656981108 ], [ 30.186362520016182, 60.571943380212183 ], [ 30.185611920016175, 60.572322783251558 ], [ 30.185527320016188, 60.572248141140712 ], [ 30.18537900001623, 60.572119374250427 ], [ 30.185190720016195, 60.571983177942904 ], [ 30.185138520016192, 60.571956911446129 ], [ 30.185033400016209, 60.571903936190743 ], [ 30.184947720016226, 60.571950190049606 ], [ 30.184814520016161, 60.571886159833532 ] ] ] } },
{ "type": "Feature", "properties": { }, "geometry": { "type": "Polygon", "coordinates": [ [ [ 30.227400360016222, 60.535557231799793 ], [ 30.226654800016181, 60.535604777207617 ], [ 30.22669836001619, 60.535548643515689 ], [ 30.226765320016252, 60.53546160953907 ], [ 30.227863680016185, 60.534032997037471 ], [ 30.228596280016223, 60.533079638702347 ], [ 30.229758360016213, 60.533047762207168 ], [ 30.230829360016219, 60.533514749722919 ], [ 30.232276920016197, 60.533878488839413 ], [ 30.232676160016243, 60.534319787090361 ], [ 30.232985760016248, 60.535191209506408 ], [ 30.227400360016222, 60.535557231799793 ] ] ] } },
{ "type": "Feature", "properties": { }, "geometry": { "type": "Polygon", "coordinates": [ [ [ 30.238784280016208, 60.508596599094801 ], [ 30.238410960016232, 60.508957428139176 ], [ 30.238230600016234, 60.508921008690521 ], [ 30.238919640016267, 60.508167622009587 ], [ 30.239086680016243, 60.50819588983363 ], [ 30.239133840016191, 60.508193763101652 ], [ 30.238784280016208, 60.508596599094801 ] ] ] } },
{ "type": "Feature", "properties": { }, "geometry": { "type": "Polygon", "coordinates": [ [ [ 30.187388160016209, 60.534063721502399 ], [ 30.187268640016203, 60.533899385120222 ], [ 30.187156320016165, 60.533744699196525 ], [ 30.187137240016209, 60.533718755806682 ], [ 30.187049040016191, 60.533597273172063 ], [ 30.187219680016199, 60.533562917941964 ], [ 30.187553760016161, 60.534024851064913 ], [ 30.187388160016209, 60.534063721502399 ] ] ] } },
{ "type": "Feature", "properties": { }, "geometry": { "type": "Polygon", "coordinates": [ [ [ 30.231774000016191, 60.512686438948812 ], [ 30.231793440016183, 60.512632391958228 ], [ 30.232881720016266, 60.512137459093644 ], [ 30.233238120016189, 60.512338232985947 ], [ 30.233679840016254, 60.512616443648653 ], [ 30.233434680016185, 60.513018781658651 ], [ 30.233228400016191, 60.512999200910997 ], [ 30.233269080016239, 60.512897309951803 ], [ 30.231957600016194, 60.512732777526402 ], [ 30.231900720016256, 60.512873564882199 ], [ 30.231777960016245, 60.512861958144114 ], [ 30.231748800016266, 60.512756345496449 ], [ 30.231774000016191, 60.512686438948812 ] ] ] } },
{ "type": "Feature", "properties": { }, "geometry": { "type": "Polygon", "coordinates": [ [ [ 30.234400200016271, 60.537667224463064 ], [ 30.234394800016183, 60.537680415911353 ], [ 30.234337920016237, 60.538060309608682 ], [ 30.234304800016197, 60.538746692111651 ], [ 30.234303000016229, 60.538771303518857 ], [ 30.234280680016266, 60.539049021589939 ], [ 30.234276000016241, 60.539076731295417 ], [ 30.234210840016242, 60.539309562707821 ], [ 30.234194640016245, 60.539347275927277 ], [ 30.23415252001627, 60.53941871845489 ], [ 30.234065400016252, 60.539564612990432 ], [ 30.233756880016244, 60.539936428614439 ], [ 30.233280600016197, 60.540349935687836 ], [ 30.233248920016187, 60.540378441011796 ], [ 30.23324820001622, 60.540378883640891 ], [ 30.233100600016229, 60.540512203237192 ], [ 30.232926000016246, 60.540669689622483 ], [ 30.232636200016266, 60.541011836997775 ], [ 30.232626840016206, 60.541023433650068 ], [ 30.232478520016247, 60.541224205567254 ], [ 30.232465200016222, 60.541242706973158 ], [ 30.232190520016236, 60.541643096050684 ], [ 30.232127520016235, 60.541733300202246 ], [ 30.23211024001624, 60.54175667002977 ], [ 30.231993240016266, 60.541905917848226 ], [ 30.231761040016199, 60.542141118974101 ], [ 30.231594000016223, 60.542142800872874 ], [ 30.231632520016255, 60.542062335196853 ], [ 30.231723600016249, 60.541945752558874 ], [ 30.231962280016226, 60.541652213851727 ], [ 30.232223280016253, 60.54136416091562 ], [ 30.232033560016191, 60.541163655437721 ], [ 30.231509400016229, 60.541030692621192 ], [ 30.231290880016207, 60.541032197529603 ], [ 30.231164880016212, 60.541084161089735 ], [ 30.231078840016192, 60.541229694023698 ], [ 30.231070920016251, 60.541242884020022 ], [ 30.230608320016263, 60.541496060089024 ], [ 30.229898760016237, 60.541477470305196 ], [ 30.229477560016257, 60.541657879280216 ], [ 30.229036560016254, 60.541846873864749 ], [ 30.228169680016251, 60.541573871496958 ], [ 30.227391720016225, 60.541185255204518 ], [ 30.226875840016227, 60.540839834254541 ], [ 30.226266360016218, 60.540521675458528 ], [ 30.22531236001619, 60.539346567698196 ], [ 30.225002040016218, 60.53936471606319 ], [ 30.223320840016228, 60.541548465517423 ], [ 30.22249104001623, 60.541325033674909 ], [ 30.222931320016265, 60.540744847273196 ], [ 30.223126440016227, 60.540488389883471 ], [ 30.222941400016204, 60.540454130492513 ], [ 30.224038680016218, 60.539006527426793 ], [ 30.224921400016196, 60.537858986866986 ], [ 30.225535920016259, 60.537801174959931 ], [ 30.225732480016255, 60.537854737296939 ], [ 30.231556560016266, 60.537296356645946 ], [ 30.23156592001623, 60.53729555983778 ], [ 30.231575280016195, 60.537294940098057 ], [ 30.231584640016251, 60.537294408892578 ], [ 30.231594360016249, 60.537294143289813 ], [ 30.231603720016214, 60.537293877687077 ], [ 30.231613080016267, 60.537293877687077 ], [ 30.231622440016235, 60.537294143289813 ], [ 30.231632160016229, 60.537294408892578 ], [ 30.231641520016197, 60.537294851563807 ], [ 30.23165088001625, 60.53729555983778 ], [ 30.231660240016215, 60.53729626811171 ], [ 30.231669600016183, 60.537297330522591 ], [ 30.231678960016236, 60.537298392933465 ], [ 30.231687960016266, 60.537299632412775 ], [ 30.231696960016198, 60.537301137494694 ], [ 30.231705960016221, 60.537302731110778 ], [ 30.231714600016218, 60.537304413261026 ], [ 30.231723240016215, 60.53730636101379 ], [ 30.232043280016189, 60.537379136056835 ], [ 30.2327125200162, 60.537315125899923 ], [ 30.232941480016269, 60.537317339254628 ], [ 30.2339822400162, 60.537437479920861 ], [ 30.234398760016244, 60.537661115669742 ], [ 30.234400200016271, 60.537667224463064 ] ] ] } },
{ "type": "Feature", "properties": { }, "geometry": { "type": "Polygon", "coordinates": [ [ [ 30.253747680016243, 60.550029325079898 ], [ 30.253626360016266, 60.549935161568825 ], [ 30.253314240016234, 60.549655501404999 ], [ 30.252740760016241, 60.548990590808771 ], [ 30.252975120016217, 60.548987050718459 ], [ 30.253511160016267, 60.549608330639131 ], [ 30.253817880016211, 60.549883212221211 ], [ 30.253902120016264, 60.549950206509109 ], [ 30.253902120016264, 60.549950295008706 ], [ 30.253747680016243, 60.550029325079898 ] ] ] } },
{ "type": "Feature", "properties": { }, "geometry": { "type": "Polygon", "coordinates": [ [ [ 30.220448400016174, 60.563718348870154 ], [ 30.220296480016184, 60.563750283622213 ], [ 30.220022520016258, 60.5639211030485 ], [ 30.218613480016234, 60.564396225769244 ], [ 30.2182437600162, 60.56447513208758 ], [ 30.218243400016259, 60.564475220547472 ], [ 30.218216760016215, 60.564441871151743 ], [ 30.218095440016238, 60.564290161928113 ], [ 30.217932360016228, 60.564062906371376 ], [ 30.217817520016254, 60.563894299231357 ], [ 30.217812120016255, 60.563885364620717 ], [ 30.21771528001624, 60.563681814059699 ], [ 30.217683960016252, 60.56360219810702 ], [ 30.217655160016211, 60.563510816444122 ], [ 30.217598640016202, 60.563310890511438 ], [ 30.217512240016244, 60.562963494147382 ], [ 30.217503960016192, 60.562929170087031 ], [ 30.217436640016192, 60.562644668225566 ], [ 30.217354560016233, 60.562286914197408 ], [ 30.217798800016226, 60.562339020557069 ], [ 30.21777576001621, 60.562366710320191 ], [ 30.217821480016216, 60.562575842461385 ], [ 30.21783624001618, 60.562644048971265 ], [ 30.217863600016202, 60.562642721997719 ], [ 30.21788304001619, 60.562742864113631 ], [ 30.217992840016198, 60.563205619280126 ], [ 30.21803604001618, 60.563383430152037 ], [ 30.218045400016234, 60.563441284821934 ], [ 30.218081400016242, 60.563589901847948 ], [ 30.21809220001624, 60.563589282611751 ], [ 30.218109120016202, 60.563669783217229 ], [ 30.218156640016183, 60.563696321834421 ], [ 30.218250240016193, 60.563979752907485 ], [ 30.218255640016192, 60.563979399062525 ], [ 30.218256000016222, 60.563981522132366 ], [ 30.219119640016231, 60.563913495366684 ], [ 30.219155280016221, 60.563910753062324 ], [ 30.219531120016221, 60.563869264623008 ], [ 30.219883200016234, 60.563830429980186 ], [ 30.2204073600162, 60.563677125570152 ], [ 30.220448400016174, 60.563718348870154 ] ] ] } },
{ "type": "Feature", "properties": { }, "geometry": { "type": "Polygon", "coordinates": [ [ [ 30.206901600016248, 60.559250888166595 ], [ 30.206597400016246, 60.558335521308493 ], [ 30.206822400016168, 60.558217139283371 ], [ 30.206932920016239, 60.557936046595323 ], [ 30.20722632001625, 60.557555235984601 ], [ 30.208262040016209, 60.557768380766035 ], [ 30.207074400016168, 60.559094730855591 ], [ 30.206901600016248, 60.559250888166595 ] ] ] } },
{ "type": "Feature", "properties": { }, "geometry": { "type": "Polygon", "coordinates": [ [ [ 30.210455520016254, 60.561445327355713 ], [ 30.210434280016202, 60.56141692905755 ], [ 30.210445080016193, 60.561176736846541 ], [ 30.210469920016184, 60.561045271772251 ], [ 30.210601320016181, 60.560887442201746 ], [ 30.210857280016238, 60.560693604494752 ], [ 30.211030440016192, 60.560582308745843 ], [ 30.211142760016227, 60.560538427327764 ], [ 30.21121368001625, 60.560516840479259 ], [ 30.211213320016221, 60.560516575067112 ], [ 30.21121368001625, 60.560516752008546 ], [ 30.211269840016222, 60.560529668731128 ], [ 30.211232040016245, 60.560709883014169 ], [ 30.211188120016203, 60.560934773459849 ], [ 30.211317000016173, 60.560967153308709 ], [ 30.211283520016188, 60.561193103591627 ], [ 30.211253280016209, 60.561207258607681 ], [ 30.210455520016254, 60.561445327355713 ] ] ] } },
{ "type": "Feature", "properties": { }, "geometry": { "type": "Polygon", "coordinates": [ [ [ 30.236169240016238, 60.572825463309591 ], [ 30.236133600016263, 60.572502754930831 ], [ 30.236457240016257, 60.572353913559667 ], [ 30.236670720016217, 60.572309871240009 ], [ 30.237388200016273, 60.572306599017061 ], [ 30.237389640016207, 60.572518320001947 ], [ 30.236704920016258, 60.572524422215317 ], [ 30.236169240016238, 60.572825463309591 ] ] ] } },
{ "type": "Feature", "properties": { }, "geometry": { "type": "Polygon", "coordinates": [ [ [ 30.237851520016228, 60.572978193720886 ], [ 30.237786360016226, 60.573019758907705 ], [ 30.237699960016272, 60.573053541637123 ], [ 30.23756640001627, 60.573085113423041 ], [ 30.237457680016266, 60.573118100158005 ], [ 30.237365520016191, 60.573163379482004 ], [ 30.237309360016219, 60.573201583862321 ], [ 30.23730252001619, 60.57320635940669 ], [ 30.237291360016251, 60.573194951160637 ], [ 30.236798520016187, 60.573311686511254 ], [ 30.237107400016217, 60.573139590157588 ], [ 30.237257880016273, 60.573051772908734 ], [ 30.237450120016266, 60.572983323044724 ], [ 30.237688800016251, 60.572934152251918 ], [ 30.237893280016266, 60.572933533194679 ], [ 30.237851520016228, 60.572978193720886 ] ] ] } },
{ "type": "Feature", "properties": { }, "geometry": { "type": "Polygon", "coordinates": [ [ [ 30.236576400016233, 60.573292849699101 ], [ 30.236424840016273, 60.573249869889452 ], [ 30.235824360016199, 60.572974125635916 ], [ 30.235717440016249, 60.572899485029296 ], [ 30.2356821600162, 60.572832980457328 ], [ 30.235684320016201, 60.57277938757764 ], [ 30.23569692001626, 60.572754802035469 ], [ 30.236082840016195, 60.572731896783303 ], [ 30.236110920016277, 60.572895240060703 ], [ 30.236638320016233, 60.573128447196638 ], [ 30.236660640016193, 60.573241291607872 ], [ 30.236576400016233, 60.573292849699101 ] ] ] } },
{ "type": "Feature", "properties": { }, "geometry": { "type": "Polygon", "coordinates": [ [ [ 30.234758040016224, 60.510127968180385 ], [ 30.23431956001625, 60.510507564970105 ], [ 30.233661840016197, 60.510718184333186 ], [ 30.234799440016232, 60.509593742849738 ], [ 30.234828960016248, 60.509521082562216 ], [ 30.235027320016219, 60.509895015474285 ], [ 30.234929400016203, 60.509979814351937 ], [ 30.23472528001621, 60.5099200032544 ], [ 30.23454996001626, 60.510066916834319 ], [ 30.234758040016224, 60.510127968180385 ] ] ] } },
{ "type": "Feature", "properties": { }, "geometry": { "type": "Polygon", "coordinates": [ [ [ 30.24618156001625, 60.580131040632232 ], [ 30.245836680016204, 60.58045835889952 ], [ 30.245312880016272, 60.580298502094095 ], [ 30.245059440016242, 60.580280553520666 ], [ 30.244950360016201, 60.580271623438513 ], [ 30.244878000016236, 60.580271446605209 ], [ 30.244769280016229, 60.580253674850148 ], [ 30.244734360016214, 60.580182852982951 ], [ 30.244735440016214, 60.5801207842526 ], [ 30.244736520016215, 60.580058892237503 ], [ 30.244737240016278, 60.580005753427137 ], [ 30.244665240016246, 60.579961456282128 ], [ 30.244417920016271, 60.579854824582227 ], [ 30.244744800016267, 60.579544830262044 ], [ 30.245491080016276, 60.579257026255654 ], [ 30.246022440016208, 60.579124838917473 ], [ 30.246412320016205, 60.579089559395982 ], [ 30.246652080016268, 60.579300617011825 ], [ 30.246851880016262, 60.579411936749089 ], [ 30.246987240016228, 60.579499825134889 ], [ 30.247046640016201, 60.579673213895191 ], [ 30.247150320016239, 60.579976840926179 ], [ 30.246896160016242, 60.579973569479492 ], [ 30.246474600016231, 60.580018043442628 ], [ 30.24618156001625, 60.580131040632232 ] ] ] } },
{ "type": "Feature", "properties": { }, "geometry": { "type": "Polygon", "coordinates": [ [ [ 30.247130520016221, 60.579992137145481 ], [ 30.24712836001622, 60.579993993911529 ], [ 30.247119720016222, 60.579993198154661 ], [ 30.247130520016221, 60.579992137145481 ] ] ] } },
{ "type": "Feature", "properties": { }, "geometry": { "type": "Polygon", "coordinates": [ [ [ 30.225619800016194, 60.578457085649781 ], [ 30.225683160016217, 60.577900466680155 ], [ 30.226456800016244, 60.57792752415439 ], [ 30.226560120016259, 60.577827517494548 ], [ 30.226755240016224, 60.57767640162735 ], [ 30.226901400016189, 60.577623347322614 ], [ 30.227056200016232, 60.57755641035056 ], [ 30.227074200016194, 60.577520686995655 ], [ 30.227327280016198, 60.577538637102187 ], [ 30.227480280016188, 60.57754836375674 ], [ 30.227513400016221, 60.577540140312614 ], [ 30.228266880016204, 60.577331458664922 ], [ 30.228452640016208, 60.577261779916348 ], [ 30.228642720016204, 60.577364441065882 ], [ 30.228720840016194, 60.577339947436194 ], [ 30.228811920016181, 60.577311474673728 ], [ 30.228732360016252, 60.577182639531088 ], [ 30.229077600016236, 60.577082276864331 ], [ 30.229098840016192, 60.577086521282993 ], [ 30.22920000001621, 60.57717335489221 ], [ 30.229319880016245, 60.577269030757577 ], [ 30.229441920016185, 60.577364706339729 ], [ 30.229481160016199, 60.577393179055328 ], [ 30.22952220001627, 60.577422978112786 ], [ 30.229527600016269, 60.577470815711344 ], [ 30.228674760016244, 60.577781448893695 ], [ 30.228253920016208, 60.577924075654046 ], [ 30.227852160016212, 60.57806015850435 ], [ 30.22744068001623, 60.578203933524748 ], [ 30.227277600016219, 60.578251946811591 ], [ 30.226675320016266, 60.578468934146358 ], [ 30.225619800016194, 60.578457085649781 ] ] ] } },
{ "type": "Feature", "properties": { }, "geometry": { "type": "Polygon", "coordinates": [ [ [ 30.247019280016271, 60.55604743321981 ], [ 30.246633720016273, 60.555710930818911 ], [ 30.246833520016274, 60.555749775213791 ], [ 30.247139520016244, 60.555781098450389 ], [ 30.247452000016217, 60.555786318986918 ], [ 30.247607520016235, 60.555778974842077 ], [ 30.247019280016271, 60.55604743321981 ] ] ] } },
{ "type": "Feature", "properties": { }, "geometry": { "type": "Polygon", "coordinates": [ [ [ 30.247821000016199, 60.555914177625922 ], [ 30.248132040016227, 60.555769418603006 ], [ 30.248309880016201, 60.555686509262031 ], [ 30.248845920016251, 60.555487331310573 ], [ 30.248863560016272, 60.555492994316836 ], [ 30.24890424001622, 60.555503258513106 ], [ 30.24885276001628, 60.555681908097043 ], [ 30.248621640016207, 60.556241475742148 ], [ 30.248467200016282, 60.556615577237203 ], [ 30.248425440016238, 60.556601066285424 ], [ 30.248360640016269, 60.556551959052754 ], [ 30.248182440016269, 60.556285097544283 ], [ 30.248026560016218, 60.556110079086132 ], [ 30.247821000016199, 60.555914177625922 ] ] ] } },
{ "type": "Feature", "properties": { }, "geometry": { "type": "Polygon", "coordinates": [ [ [ 30.19059756001619, 60.56968951053554 ], [ 30.190666680016246, 60.569316886977866 ], [ 30.190679640016242, 60.569064636168896 ], [ 30.190737960016214, 60.569034564061724 ], [ 30.190478400016218, 60.568909764518104 ], [ 30.194805960016236, 60.566740245145049 ], [ 30.195099360016158, 60.566869741091793 ], [ 30.195687240016181, 60.566914586903223 ], [ 30.196939320016256, 60.567010293140868 ], [ 30.196213920016177, 60.567250618923033 ], [ 30.194892360016198, 60.567683501562513 ], [ 30.194110440016207, 60.567830064722521 ], [ 30.193573320016164, 60.567953895480507 ], [ 30.191578560016207, 60.568544296321953 ], [ 30.191149080016167, 60.56875949143037 ], [ 30.190636800016197, 60.569693755925158 ], [ 30.19059756001619, 60.56968951053554 ] ] ] } },
{ "type": "Feature", "properties": { }, "geometry": { "type": "Polygon", "coordinates": [ [ [ 30.190123440016237, 60.569843759334113 ], [ 30.190120920016206, 60.569375261709304 ], [ 30.190679640016242, 60.569064636168896 ], [ 30.190666680016246, 60.569316886977866 ], [ 30.19059756001619, 60.56968951053554 ], [ 30.190565160016206, 60.56986374794338 ], [ 30.190123440016237, 60.569843759334113 ] ] ] } },
{ "type": "Feature", "properties": { }, "geometry": { "type": "Polygon", "coordinates": [ [ [ 30.189155040016178, 60.532641599783439 ], [ 30.188427120016165, 60.532780086955221 ], [ 30.188473560016234, 60.532830292836017 ], [ 30.188437200016192, 60.532835871262414 ], [ 30.188063520016186, 60.532900333008762 ], [ 30.187963080016232, 60.532888556353143 ], [ 30.187876320016155, 60.53283835056272 ], [ 30.187512720016176, 60.532474599758977 ], [ 30.187318680016215, 60.532499481577567 ], [ 30.187158840016195, 60.532512498037342 ], [ 30.186908280016223, 60.532533926483524 ], [ 30.186169200016181, 60.531704493590404 ], [ 30.186226080016215, 60.53170174855461 ], [ 30.186285120016162, 60.531690502760419 ], [ 30.186345240016195, 60.531680319557609 ], [ 30.186405720016165, 60.531671287496771 ], [ 30.186447840016235, 60.531722823339493 ], [ 30.186696600016234, 60.531986522639066 ], [ 30.186951840016231, 60.532225426328679 ], [ 30.187168560016186, 60.532176370637089 ], [ 30.187212840016176, 60.532224717943762 ], [ 30.187571760016212, 60.532143696317476 ], [ 30.187259280016239, 60.531841745082659 ], [ 30.187674000016219, 60.531734866067531 ], [ 30.187497240016246, 60.531603458410387 ], [ 30.187941480016246, 60.531656056957125 ], [ 30.188332800016184, 60.531753992744022 ], [ 30.188665440016205, 60.531895228732438 ], [ 30.188788200016205, 60.531985017310014 ], [ 30.18889656001619, 60.532080384195112 ], [ 30.189382920016165, 60.532570673579258 ], [ 30.189155040016178, 60.532641599783439 ] ] ] } },
{ "type": "Feature", "properties": { }, "geometry": { "type": "Polygon", "coordinates": [ [ [ 30.224023200016198, 60.561875191383741 ], [ 30.224476800016252, 60.561984271015262 ], [ 30.224530080016258, 60.561995683218178 ], [ 30.224417400016193, 60.562072472200008 ], [ 30.224381400016266, 60.562128206024234 ], [ 30.224695320016178, 60.562530636770468 ], [ 30.22504632001619, 60.562979948452039 ], [ 30.225088800016199, 60.563103090079139 ], [ 30.225073680016209, 60.563210307838048 ], [ 30.225007080016177, 60.563312659772919 ], [ 30.224873520016185, 60.563416161400013 ], [ 30.224713320016228, 60.563489054654767 ], [ 30.224550960016188, 60.563535232092818 ], [ 30.224261160016205, 60.563584682571125 ], [ 30.223942920016203, 60.56360219810702 ], [ 30.223580400016228, 60.563591936481068 ], [ 30.223360080016235, 60.563542132164102 ], [ 30.223223640016187, 60.563372637679215 ], [ 30.223030320016186, 60.563185272700082 ], [ 30.222913320016211, 60.563039042337351 ], [ 30.222415080016233, 60.562496135320025 ], [ 30.222015840016187, 60.562047790047203 ], [ 30.222513360016194, 60.561803002228174 ], [ 30.223518840016254, 60.563091589803363 ], [ 30.22379064001619, 60.563148471896724 ], [ 30.224065680016206, 60.563143960256923 ], [ 30.224178360016186, 60.563125648300527 ], [ 30.2233780800162, 60.562093969543604 ], [ 30.224023200016198, 60.561875191383741 ] ] ] } },
{ "type": "Feature", "properties": { }, "geometry": { "type": "Polygon", "coordinates": [ [ [ 30.244773600016227, 60.538705879628964 ], [ 30.24245520001627, 60.53782605268453 ], [ 30.241099080016227, 60.537311318929476 ], [ 30.240950040016205, 60.537256781815351 ], [ 30.240797400016248, 60.537204723575265 ], [ 30.240641520016197, 60.537155232755737 ], [ 30.240482040016211, 60.537108397903388 ], [ 30.240319680016263, 60.537064396099403 ], [ 30.240154080016218, 60.537022873215477 ], [ 30.239985960016238, 60.536984449006773 ], [ 30.239815320016231, 60.536948592273163 ], [ 30.239642160016192, 60.536915745699581 ], [ 30.239466840016242, 60.536885732224576 ], [ 30.239289360016212, 60.536858817462203 ], [ 30.239110440016237, 60.536834735813756 ], [ 30.238929720016198, 60.536813664356686 ], [ 30.238747920016252, 60.536795780168028 ], [ 30.238565040016219, 60.536780817646189 ], [ 30.238381080016186, 60.536768953866549 ], [ 30.238196400016186, 60.536760188832559 ], [ 30.238011000016215, 60.536754434010923 ], [ 30.23782560001624, 60.536751777939074 ], [ 30.237640200016269, 60.536752309153457 ], [ 30.237454800016209, 60.536755939118201 ], [ 30.237269400016235, 60.536762667832299 ], [ 30.237085080016264, 60.536772406758097 ], [ 30.236901480016257, 60.536785421499772 ], [ 30.236718600016228, 60.536801269375509 ], [ 30.235287960016212, 60.536938499259499 ], [ 30.235118400016198, 60.536984714612032 ], [ 30.23540784001624, 60.536564612860317 ], [ 30.235421160016269, 60.536544249517782 ], [ 30.235487400016265, 60.53643561529568 ], [ 30.23571420001625, 60.535968581377773 ], [ 30.235504680016259, 60.536400377710947 ], [ 30.235844520016251, 60.536565144077784 ], [ 30.236596920016218, 60.536492986959637 ], [ 30.236800680016277, 60.536475102593812 ], [ 30.237005880016266, 60.536460759679443 ], [ 30.237211800016226, 60.536449869684645 ], [ 30.237418800016194, 60.536442344076342 ], [ 30.237625800016243, 60.536438359930081 ], [ 30.237832800016207, 60.536437740173938 ], [ 30.238039800016256, 60.536440661881336 ], [ 30.238246800016224, 60.536447036514687 ], [ 30.238453080016214, 60.536456864071958 ], [ 30.238658280016207, 60.536470056013577 ], [ 30.238862760016232, 60.536486789408222 ], [ 30.239065800016224, 60.536506887177744 ], [ 30.239267400016193, 60.536530260779401 ], [ 30.239467560016216, 60.536557087278695 ], [ 30.239665560016242, 60.536587366667028 ], [ 30.239861040016237, 60.536620833326438 ], [ 30.240054360016238, 60.536657487247084 ], [ 30.240245160016205, 60.536697416953928 ], [ 30.240433080016206, 60.536740445363414 ], [ 30.24061776001621, 60.536786660998729 ], [ 30.240799200016216, 60.536835975310815 ], [ 30.24097704001619, 60.536888211214702 ], [ 30.241151640016255, 60.53694345723153 ], [ 30.241321920016237, 60.537001536275717 ], [ 30.241488240016249, 60.537062536866955 ], [ 30.241573920016243, 60.537095029152368 ], [ 30.242844000016266, 60.537577186044906 ], [ 30.244799880016245, 60.538319442182726 ], [ 30.244773600016227, 60.538705879628964 ] ] ] } },
{ "type": "Feature", "properties": { }, "geometry": { "type": "Polygon", "coordinates": [ [ [ 30.247019280016271, 60.55604743321981 ], [ 30.247607520016235, 60.555778974842077 ], [ 30.248011800016254, 60.555590681018238 ], [ 30.248145000016223, 60.555528476567659 ], [ 30.248356320016271, 60.555633418857319 ], [ 30.248749800016206, 60.55545680415058 ], [ 30.248845920016251, 60.555487331310573 ], [ 30.248309880016201, 60.555686509262031 ], [ 30.248132040016227, 60.555769418603006 ], [ 30.247221960016237, 60.55619351823664 ], [ 30.24702360001627, 60.556051061020447 ], [ 30.247019280016271, 60.55604743321981 ] ] ] } },
{ "type": "Feature", "properties": { }, "geometry": { "type": "Polygon", "coordinates": [ [ [ 30.245417640016221, 60.554998716320711 ], [ 30.245306400016272, 60.554996504175264 ], [ 30.24534600001623, 60.554465319418576 ], [ 30.245662080016228, 60.554376389583851 ], [ 30.245707080016267, 60.554366567467682 ], [ 30.246068880016278, 60.554685298038912 ], [ 30.24680832001625, 60.554473548734215 ], [ 30.246892560016214, 60.554504519258153 ], [ 30.24706752001622, 60.554658398078764 ], [ 30.247112520016262, 60.554697951630899 ], [ 30.247301520016261, 60.554863952140941 ], [ 30.24690840001627, 60.554943589609884 ], [ 30.246380640016277, 60.555082512280762 ], [ 30.246852960016263, 60.555443619947873 ], [ 30.247630560016255, 60.555249130213042 ], [ 30.247671600016236, 60.555228336200415 ], [ 30.247786800016243, 60.555350710984762 ], [ 30.248011800016254, 60.555590681018238 ], [ 30.247607520016235, 60.555778974842077 ], [ 30.247452000016217, 60.555786318986918 ], [ 30.247139520016244, 60.555781098450389 ], [ 30.246833520016274, 60.555749775213791 ], [ 30.246633720016273, 60.555710930818911 ], [ 30.246218280016233, 60.555348144923911 ], [ 30.246019200016207, 60.555130029006406 ], [ 30.245538960016194, 60.555126932015206 ], [ 30.245519520016206, 60.555110385228808 ], [ 30.245490720016246, 60.555079061342639 ], [ 30.245496480016275, 60.555000309065427 ], [ 30.245417640016221, 60.554998716320711 ] ] ] } },
{ "type": "Feature", "properties": { }, "geometry": { "type": "Polygon", "coordinates": [ [ [ 30.235281120016182, 60.536127683546965 ], [ 30.235271040016251, 60.536135032153609 ], [ 30.235259520016196, 60.536142646370728 ], [ 30.235248000016231, 60.536149906436599 ], [ 30.235235760016209, 60.536157077963431 ], [ 30.235223160016236, 60.536163895339371 ], [ 30.235209840016214, 60.536170624176499 ], [ 30.235196160016258, 60.536176998863027 ], [ 30.235182120016262, 60.536183285011013 ], [ 30.235167360016209, 60.536189305545982 ], [ 30.235152240016212, 60.536194971930797 ], [ 30.235137120016223, 60.536200461240156 ], [ 30.235121280016262, 60.536205596399711 ], [ 30.235105440016209, 60.536210554483958 ], [ 30.235088880016182, 60.536215158418706 ], [ 30.235071960016224, 60.536219585278353 ], [ 30.23505504001626, 60.536223569451586 ], [ 30.235037760016272, 60.536227376549967 ], [ 30.235020120016245, 60.53623082949926 ], [ 30.235002480016224, 60.536234105373907 ], [ 30.234984480016262, 60.536236938562539 ], [ 30.234966120016274, 60.536239417602367 ], [ 30.23494776001619, 60.536241808104897 ], [ 30.234929400016203, 60.536243667384483 ], [ 30.234300480016199, 60.536317241649222 ], [ 30.234272760016243, 60.536320163367442 ], [ 30.234245760016258, 60.536323439233051 ], [ 30.234218400016239, 60.536327334856601 ], [ 30.234191760016191, 60.536331673164064 ], [ 30.234165120016229, 60.536336454155297 ], [ 30.234139200016244, 60.536341589293222 ], [ 30.234113640016201, 60.536347255651378 ], [ 30.234088080016239, 60.536353453229495 ], [ 30.234063240016251, 60.536359916416849 ], [ 30.234038760016201, 60.53636691082361 ], [ 30.234015000016214, 60.536374347912655 ], [ 30.233991600016253, 60.536382050610243 ], [ 30.233154240016258, 60.536672892505671 ], [ 30.233138400016205, 60.536678116126168 ], [ 30.233122200016215, 60.536683162674002 ], [ 30.233105640016188, 60.536687943613302 ], [ 30.233088720016234, 60.536692458944216 ], [ 30.233071440016236, 60.536696531595126 ], [ 30.233053800016219, 60.536700427173727 ], [ 30.233036160016198, 60.536703968608457 ], [ 30.23301780001621, 60.536707244435227 ], [ 30.232999800016245, 60.53671016611824 ], [ 30.23298108001622, 60.536712733657673 ], [ 30.232962720016232, 60.536715124125244 ], [ 30.232943640016266, 60.536717071913479 ], [ 30.231737280016212, 60.536826147868602 ], [ 30.23148744001621, 60.536957091650635 ], [ 30.23148096001621, 60.536960455986957 ], [ 30.231474120016188, 60.536963643252605 ], [ 30.231466920016221, 60.536966741982788 ], [ 30.231459720016247, 60.536969752177534 ], [ 30.23145216001625, 60.536972673836907 ], [ 30.231444600016257, 60.53697532989063 ], [ 30.231436680016234, 60.536977985944134 ], [ 30.231428760016207, 60.53698046492719 ], [ 30.23142048001624, 60.536982766839898 ], [ 30.231411840016243, 60.536984980217341 ], [ 30.231403560016187, 60.536987016524428 ], [ 30.231394920016189, 60.536988875761267 ], [ 30.231385920016255, 60.536990646462861 ], [ 30.231377280016257, 60.536992240094236 ], [ 30.231367920016204, 60.536993745190493 ], [ 30.23135892001627, 60.536994984681435 ], [ 30.231349920016243, 60.536996135637281 ], [ 30.231340560016186, 60.53699702098789 ], [ 30.225613680016227, 60.537546022246914 ], [ 30.225463560016205, 60.537650226078824 ], [ 30.225051720016189, 60.537689623362013 ], [ 30.225126240016245, 60.537592767932608 ], [ 30.226158000016241, 60.536251015964808 ], [ 30.226281840016238, 60.536090143651023 ], [ 30.226654800016181, 60.535604777207617 ], [ 30.227400360016222, 60.535557231799793 ], [ 30.232985760016248, 60.535191209506408 ], [ 30.232676160016243, 60.534319787090361 ], [ 30.232276920016197, 60.533878488839413 ], [ 30.230829360016219, 60.533514749722919 ], [ 30.229758360016213, 60.533047762207168 ], [ 30.228596280016223, 60.533079638702347 ], [ 30.229302240016217, 60.532161405979885 ], [ 30.229544520016226, 60.531846172540483 ], [ 30.230260920016192, 60.530914356424802 ], [ 30.231667800016215, 60.529084118185331 ], [ 30.232807920016185, 60.529133178562489 ], [ 30.230477640016229, 60.532162911300745 ], [ 30.23186328001621, 60.532767070603086 ], [ 30.232174320016242, 60.532845168637579 ], [ 30.234344040016211, 60.532703051325363 ], [ 30.234486240016199, 60.533087430729715 ], [ 30.234496320016223, 60.533122671921006 ], [ 30.234594960016206, 60.53357876739544 ], [ 30.234750480016228, 60.533993152587023 ], [ 30.234982320016268, 60.534350334198514 ], [ 30.235199040016219, 60.534674663021107 ], [ 30.235390560016253, 60.535014837344569 ], [ 30.235396320016189, 60.535027321550295 ], [ 30.235456440016222, 60.535257614438812 ], [ 30.235471920016241, 60.53535669034467 ], [ 30.235447440016191, 60.535671712523722 ], [ 30.235443480016233, 60.535691987876554 ], [ 30.235386600016199, 60.535901823751665 ], [ 30.235375440016263, 60.535933785974436 ], [ 30.235281120016182, 60.536127683546965 ] ] ] } },
{ "type": "Feature", "properties": { }, "geometry": { "type": "Polygon", "coordinates": [ [ [ 30.221354880016232, 60.560427661870513 ], [ 30.221403480016207, 60.560043961023162 ], [ 30.221793720016233, 60.559989108328097 ], [ 30.22198596001623, 60.560432704715083 ], [ 30.22206984001625, 60.560689977214864 ], [ 30.221636400016248, 60.560772696789378 ], [ 30.221354880016232, 60.560427661870513 ] ] ] } },
{ "type": "Feature", "properties": { }, "geometry": { "type": "Polygon", "coordinates": [ [ [ 30.237423120016192, 60.542459970010199 ], [ 30.237428880016221, 60.542456783285793 ], [ 30.236663160016217, 60.542298420391461 ], [ 30.235366800016266, 60.54218077635344 ], [ 30.235270680016217, 60.542368174517584 ], [ 30.235172400016264, 60.542639930909822 ], [ 30.234906720016212, 60.542605319717644 ], [ 30.23446752001627, 60.542572567404484 ], [ 30.234411720016237, 60.542756953643526 ], [ 30.234337920016237, 60.5427760738079 ], [ 30.233971080016264, 60.542757484759356 ], [ 30.233620800016219, 60.542687023316482 ], [ 30.233338560016232, 60.542521579953736 ], [ 30.233427120016191, 60.542440141497678 ], [ 30.232890360016263, 60.542365607426774 ], [ 30.232810800016242, 60.542352949010471 ], [ 30.232786680016222, 60.542226010492406 ], [ 30.232764360016262, 60.542110048091587 ], [ 30.232533960016251, 60.541742240933729 ], [ 30.232508760016234, 60.541711612279066 ], [ 30.232518120016199, 60.541698245429359 ], [ 30.232792440016254, 60.541298211127334 ], [ 30.232804320016243, 60.541281568743408 ], [ 30.232938600016212, 60.541100095384529 ], [ 30.232950120016266, 60.541109478909959 ], [ 30.233153880016225, 60.54128829651664 ], [ 30.233205720016205, 60.541763574748302 ], [ 30.23368344001619, 60.542029493812848 ], [ 30.233832840016241, 60.542188123585795 ], [ 30.234202200016245, 60.5422832833722 ], [ 30.23444196001622, 60.542302580857545 ], [ 30.234859200016235, 60.54220069354573 ], [ 30.235806360016237, 60.541669298656444 ], [ 30.236407920016223, 60.541801108064263 ], [ 30.237018120016206, 60.54198567574187 ], [ 30.237616440016186, 60.542194497087195 ], [ 30.237622920016186, 60.542196444545752 ], [ 30.237606360016255, 60.542150236634825 ], [ 30.237648840016259, 60.542116333087314 ], [ 30.237677280016189, 60.54209021936466 ], [ 30.23761824001625, 60.542036309951897 ], [ 30.237622560016241, 60.541982400449328 ], [ 30.237790680016225, 60.542025775918241 ], [ 30.237915240016196, 60.542031175717433 ], [ 30.237945840016213, 60.54203250353676 ], [ 30.238016760016237, 60.542047552152106 ], [ 30.23808552001627, 60.542055342020866 ], [ 30.238145640016214, 60.54203206093031 ], [ 30.238182360016189, 60.541994085275221 ], [ 30.238326360016245, 60.541986915041676 ], [ 30.238641000016212, 60.542288240525508 ], [ 30.238815600016192, 60.542440761138877 ], [ 30.239146440016246, 60.542861760331739 ], [ 30.239118000016234, 60.542898761260531 ], [ 30.239110080016204, 60.542901151271195 ], [ 30.239106120016238, 60.54290212497925 ], [ 30.239106480016261, 60.542902213498117 ], [ 30.239095680016273, 60.542905665735368 ], [ 30.239084880016186, 60.542909383528908 ], [ 30.239074440016221, 60.542913189840917 ], [ 30.239064360016197, 60.542917173190169 ], [ 30.239054640016199, 60.5429213335767 ], [ 30.239044920016205, 60.542925759519171 ], [ 30.239035560016237, 60.542930185461074 ], [ 30.23902656001621, 60.542934788439986 ], [ 30.238947360016219, 60.542967894461441 ], [ 30.238470360016205, 60.542892741973546 ], [ 30.238265160016212, 60.54286875333348 ], [ 30.238094160016267, 60.542853173985755 ], [ 30.238099200016233, 60.542801124746944 ], [ 30.238163280016227, 60.542678525443669 ], [ 30.237440040016246, 60.542462094492961 ], [ 30.237423120016192, 60.542459970010199 ] ] ] } },
{ "type": "Feature", "properties": { }, "geometry": { "type": "Polygon", "coordinates": [ [ [ 30.252089880016218, 60.551027140558269 ], [ 30.252359520016242, 60.550629345526779 ], [ 30.252253680016203, 60.550259688228401 ], [ 30.252211560016221, 60.550246767403706 ], [ 30.252211560016221, 60.550246678904884 ], [ 30.252202200016253, 60.550214288321612 ], [ 30.251868120016205, 60.550111540928938 ], [ 30.25249200001624, 60.549235033108978 ], [ 30.250494360016223, 60.549265389138249 ], [ 30.250442880016276, 60.549378405358333 ], [ 30.250294560016229, 60.549342031347791 ], [ 30.249922320016253, 60.550173313302331 ], [ 30.24991512001619, 60.550423941549916 ], [ 30.24981612001627, 60.550564388098209 ], [ 30.249337680016229, 60.550415888200696 ], [ 30.249285120016193, 60.550398985010595 ], [ 30.249233640016246, 60.550381196827232 ], [ 30.249183960016268, 60.550362612147552 ], [ 30.249135360016204, 60.550343142471732 ], [ 30.249087840016227, 60.550322876296697 ], [ 30.24904212001622, 60.550301813620955 ], [ 30.248997840016237, 60.550279954443006 ], [ 30.248955000016199, 60.550257387259983 ], [ 30.248913960016218, 60.550234112070427 ], [ 30.248874360016266, 60.550210128872784 ], [ 30.248836560016194, 60.550185526164483 ], [ 30.248800560016274, 60.550160303944082 ], [ 30.248766000016197, 60.55013446221021 ], [ 30.248733960016242, 60.550108089460451 ], [ 30.248703000016196, 60.550081008695081 ], [ 30.248674560016266, 60.550053573909636 ], [ 30.248647560016192, 60.550025696603825 ], [ 30.248622720016204, 60.549997376776496 ], [ 30.248600040016218, 60.549968614426511 ], [ 30.248579160016199, 60.549939409552671 ], [ 30.248560440016266, 60.549910027652977 ], [ 30.248543880016243, 60.549880291727327 ], [ 30.24852948001622, 60.549850201774724 ], [ 30.248516880016254, 60.549820023294139 ], [ 30.2485064400162, 60.549789490785173 ], [ 30.248498160016236, 60.549758958247374 ], [ 30.24849204001627, 60.54972824868026 ], [ 30.248488440016246, 60.549697362083386 ], [ 30.248486280016245, 60.549666563957437 ], [ 30.248486640016271, 60.549635677301673 ], [ 30.248489520016243, 60.549604879116956 ], [ 30.24849420001626, 60.549574080902964 ], [ 30.248501040016201, 60.549543459661088 ], [ 30.248510040016232, 60.54951283839025 ], [ 30.248520840016223, 60.54948248259317 ], [ 30.248534160016249, 60.549452303769584 ], [ 30.248642880016256, 60.549223262396076 ], [ 30.248674560016266, 60.549261406570409 ], [ 30.248751960016207, 60.549266982165236 ], [ 30.248917200016216, 60.549256096479233 ], [ 30.248965080016223, 60.54924441427557 ], [ 30.249030240016221, 60.549228395489429 ], [ 30.249064800016207, 60.54922963451186 ], [ 30.249088560016201, 60.549194410856131 ], [ 30.249135000016263, 60.549163169742435 ], [ 30.249230400016248, 60.549123078410716 ], [ 30.249347040016197, 60.549090775204434 ], [ 30.249512280016205, 60.549067587677541 ], [ 30.249888120016212, 60.54904395762351 ], [ 30.25172880001627, 60.549005990197237 ], [ 30.252740760016241, 60.548990590808771 ], [ 30.253239360016241, 60.549568859363774 ], [ 30.253314240016234, 60.549655501404999 ], [ 30.253626360016266, 60.549935161568825 ], [ 30.253747680016243, 60.550029236580521 ], [ 30.253668120016215, 60.550128355770035 ], [ 30.253574880016235, 60.550437216297013 ], [ 30.253447440016203, 60.55057562733564 ], [ 30.25336644001624, 60.550640407746151 ], [ 30.25327428001626, 60.550701382631551 ], [ 30.253147920016225, 60.550770764654523 ], [ 30.253102560016252, 60.5507924465062 ], [ 30.253055400016208, 60.550813243370683 ], [ 30.253007160016264, 60.550833332244075 ], [ 30.252957480016196, 60.550852536133426 ], [ 30.252906360016283, 60.550870855040301 ], [ 30.252854160016277, 60.550888377463245 ], [ 30.25280052001624, 60.550904926409537 ], [ 30.252746160016237, 60.550920590377665 ], [ 30.252690360016203, 60.550935280871904 ], [ 30.252633480016257, 60.550948997893684 ], [ 30.252575880016256, 60.550961741444162 ], [ 30.252517560016194, 60.550973511524532 ], [ 30.252458160016225, 60.550984308135796 ], [ 30.252398040016281, 60.55099404278225 ], [ 30.252337560016223, 60.551002715464811 ], [ 30.252276360016278, 60.551010414681073 ], [ 30.252214440016278, 60.551016963438229 ], [ 30.252152520016274, 60.551022627227184 ], [ 30.252089880016218, 60.551027140558269 ] ] ] } },
{ "type": "Feature", "properties": { }, "geometry": { "type": "Polygon", "coordinates": [ [ [ 30.253902120016264, 60.549950206509109 ], [ 30.253817880016211, 60.549883212221211 ], [ 30.253511160016267, 60.549608330639131 ], [ 30.252975120016217, 60.548987050718459 ], [ 30.25322136001628, 60.548983422125495 ], [ 30.254040720016224, 60.548965810168383 ], [ 30.254285880016198, 60.549481774585921 ], [ 30.254294520016195, 60.549499828766436 ], [ 30.254229720016227, 60.549529211038688 ], [ 30.25405404001625, 60.549609215644743 ], [ 30.253929480016282, 60.549902416674591 ], [ 30.253902120016264, 60.549950206509109 ] ] ] } },
{ "type": "Feature", "properties": { }, "geometry": { "type": "Polygon", "coordinates": [ [ [ 30.219263280016261, 60.506360025119193 ], [ 30.219144480016222, 60.506410006112041 ], [ 30.218991480016236, 60.50630313176751 ], [ 30.218858280016178, 60.506210436155065 ], [ 30.218577840016252, 60.506007586036212 ], [ 30.218284800016178, 60.505790378144766 ], [ 30.217836600016209, 60.505501474327914 ], [ 30.217022640016175, 60.504991632567233 ], [ 30.216258000016179, 60.504506774740506 ], [ 30.215755800016236, 60.504219100227111 ], [ 30.216075480016176, 60.504245244504332 ], [ 30.216632400016245, 60.504390145455027 ], [ 30.217220640016201, 60.504668601610135 ], [ 30.217586760016207, 60.504765201054113 ], [ 30.218327640016216, 60.50489689487808 ], [ 30.218328000016253, 60.504896983500942 ], [ 30.218327640016216, 60.504896983500942 ], [ 30.218592240016186, 60.505501562949121 ], [ 30.218655960016243, 60.505629265843069 ], [ 30.218986440016181, 60.505969568113798 ], [ 30.219082920016255, 60.506089382021088 ], [ 30.219263280016261, 60.506360025119193 ] ] ] } },
{ "type": "Feature", "properties": { }, "geometry": { "type": "Polygon", "coordinates": [ [ [ 30.209424840016261, 60.558657132469833 ], [ 30.209600880016172, 60.558607320551566 ], [ 30.209645520016181, 60.558644303475113 ], [ 30.209802120016199, 60.558598472955914 ], [ 30.20975928001625, 60.558562640168802 ], [ 30.212075160016177, 60.557907291303778 ], [ 30.212259840016181, 60.557845710654931 ], [ 30.21229800001619, 60.557828545912933 ], [ 30.21232248001624, 60.557805983995948 ], [ 30.213346320016207, 60.55645560248221 ], [ 30.21320196001621, 60.556430296668644 ], [ 30.213366840016196, 60.55621280742637 ], [ 30.213520200016212, 60.556132288255398 ], [ 30.213809640016258, 60.555887278687827 ], [ 30.213970560016179, 60.55563961274234 ], [ 30.213913680016233, 60.555508125156756 ], [ 30.213979920016236, 60.555501223370975 ], [ 30.213996120016223, 60.555534405019756 ], [ 30.214071360016252, 60.555526795364671 ], [ 30.214548360016174, 60.555554844898452 ], [ 30.214539000016213, 60.555580770786591 ], [ 30.214574280016254, 60.55558678771331 ], [ 30.214366560016231, 60.555602626382687 ], [ 30.214207080016244, 60.555782956607565 ], [ 30.213762840016248, 60.556315800886942 ], [ 30.213640800016218, 60.55633624027184 ], [ 30.212899560016176, 60.557411811495008 ], [ 30.212999640016193, 60.557770946634875 ], [ 30.213062280016249, 60.557891453763027 ], [ 30.213069840016249, 60.557922597969828 ], [ 30.213080640016237, 60.557967721625317 ], [ 30.213081360016211, 60.557974180496352 ], [ 30.212952840016179, 60.557964801861296 ], [ 30.212773920016204, 60.557957458211192 ], [ 30.212289720016223, 60.557981258709709 ], [ 30.212185320016214, 60.557997096206442 ], [ 30.211715520016256, 60.558100614848911 ], [ 30.21133464001619, 60.558385510598512 ], [ 30.211036920016188, 60.558643595668379 ], [ 30.211497000016241, 60.559014661233697 ], [ 30.211904160016225, 60.559037930105553 ], [ 30.21338304001619, 60.559122600345944 ], [ 30.213393480016244, 60.55914002982459 ], [ 30.213737280016197, 60.559154539637184 ], [ 30.2141880000162, 60.558361002584562 ], [ 30.214221840016211, 60.55830163471925 ], [ 30.214234800016207, 60.558278984655466 ], [ 30.214330560016219, 60.558279250085995 ], [ 30.214315080016195, 60.558219793593601 ], [ 30.215346120016218, 60.558283850881445 ], [ 30.215331720016199, 60.558383564114337 ], [ 30.2146984800162, 60.558633509420439 ], [ 30.214587240016247, 60.558704997846569 ], [ 30.214685160016263, 60.559068365410802 ], [ 30.21455556001623, 60.559381564271732 ], [ 30.213810360016225, 60.559407310144827 ], [ 30.213799200016204, 60.559409964357386 ], [ 30.213741960016225, 60.559492864153349 ], [ 30.213646200016218, 60.559495695305934 ], [ 30.213690120016249, 60.559701130152419 ], [ 30.213727560016206, 60.559701130152419 ], [ 30.213744120016226, 60.559766600070418 ], [ 30.213240480016257, 60.559765626869911 ], [ 30.213064080016217, 60.559697679707085 ], [ 30.212602920016256, 60.559701926408991 ], [ 30.212448120016209, 60.559703430449105 ], [ 30.212448480016242, 60.559792611055137 ], [ 30.212139600016208, 60.559800308179234 ], [ 30.212109360016218, 60.559679631217989 ], [ 30.21206940001624, 60.559521352614752 ], [ 30.21186168001622, 60.559540551346316 ], [ 30.210837120016194, 60.559635394682438 ], [ 30.210771600016251, 60.559642472532204 ], [ 30.210842880016219, 60.559200634791274 ], [ 30.210399000016245, 60.559096323398535 ], [ 30.210637680016227, 60.558849124403338 ], [ 30.210091200016212, 60.558730921209538 ], [ 30.209616720016225, 60.558680843977697 ], [ 30.209616360016202, 60.558680932453456 ], [ 30.209616360016202, 60.558680667026188 ], [ 30.209424840016261, 60.558657132469833 ] ] ] } },
{ "type": "Feature", "properties": { }, "geometry": { "type": "Polygon", "coordinates": [ [ [ 30.207184920016235, 60.561714181036251 ], [ 30.207275280016255, 60.561806187047267 ], [ 30.207274920016228, 60.561806275514456 ], [ 30.207184560016206, 60.561714181036251 ], [ 30.207184920016235, 60.561714181036251 ] ] ] } },
{ "type": "Feature", "properties": { }, "geometry": { "type": "Polygon", "coordinates": [ [ [ 30.209046840016256, 60.560776501000021 ], [ 30.209257440016248, 60.560728727159521 ], [ 30.209257440016248, 60.560728815629666 ], [ 30.209046840016256, 60.560776501000021 ] ] ] } },
{ "type": "Feature", "properties": { }, "geometry": { "type": "Polygon", "coordinates": [ [ [ 30.23126676001619, 60.488273722032282 ], [ 30.231566280016263, 60.488285071572967 ], [ 30.231666720016214, 60.48833375041729 ], [ 30.231653760016219, 60.488417453031609 ], [ 30.231630720016199, 60.488564552759364 ], [ 30.231611640016236, 60.488685583680642 ], [ 30.231527400016191, 60.489095134781195 ], [ 30.231491760016201, 60.489247728705308 ], [ 30.231462240016189, 60.489348807376501 ], [ 30.231435600016237, 60.489421069566738 ], [ 30.231386280016199, 60.489521615708334 ], [ 30.231309960016258, 60.489645214330032 ], [ 30.231214200016247, 60.489775373631915 ], [ 30.231072720016225, 60.48992530444184 ], [ 30.230886960016221, 60.490083391588229 ], [ 30.230679240016197, 60.490236956154625 ], [ 30.230449200016221, 60.49038750546822 ], [ 30.230165880016237, 60.490553037976298 ], [ 30.229826040016246, 60.490732134864075 ], [ 30.229592400016237, 60.490846330779064 ], [ 30.229168680016222, 60.491038636500463 ], [ 30.228906240016254, 60.491150614825308 ], [ 30.227965560016251, 60.491565277036393 ], [ 30.22524468001625, 60.492749211754507 ], [ 30.225185280016191, 60.492775365283421 ], [ 30.225100680016194, 60.492714901838823 ], [ 30.224927520016251, 60.492588211939029 ], [ 30.224943360016209, 60.492581296730819 ], [ 30.227663880016184, 60.491397533201337 ], [ 30.228606000016221, 60.490982070897232 ], [ 30.228865920016247, 60.490871244586003 ], [ 30.228936480016245, 60.490778238853338 ], [ 30.229518600016238, 60.490533443652772 ], [ 30.23001036001622, 60.490257614611842 ], [ 30.230444160016251, 60.489969015659227 ], [ 30.230644680016216, 60.489769344465962 ], [ 30.231002520016258, 60.489065342972566 ], [ 30.23126676001619, 60.488273722032282 ] ] ] } },
{ "type": "Feature", "properties": { }, "geometry": { "type": "Polygon", "coordinates": [ [ [ 30.210384960016253, 60.552479073035315 ], [ 30.210748200016202, 60.551968908539344 ], [ 30.210881400016259, 60.551982713616852 ], [ 30.210843600016194, 60.552114038546996 ], [ 30.211166520016214, 60.552144834342919 ], [ 30.211219800016217, 60.551953068090562 ], [ 30.211229520016214, 60.551954307008593 ], [ 30.211264800016256, 60.551826786693475 ], [ 30.21109668001619, 60.551811388647785 ], [ 30.211142400016197, 60.55169492962802 ], [ 30.21099552001618, 60.551676876672559 ], [ 30.210935040016203, 60.551670593533728 ], [ 30.211288920016187, 60.55108581380523 ], [ 30.211524000016226, 60.550674213865186 ], [ 30.211789680016189, 60.550698373713942 ], [ 30.211165080016183, 60.551627054002914 ], [ 30.211720920016251, 60.551716699355076 ], [ 30.210715800016217, 60.553007281708403 ], [ 30.210621480016229, 60.553099312492996 ], [ 30.210557040016205, 60.553162406523853 ], [ 30.210541560016178, 60.55317736147245 ], [ 30.210556680016172, 60.55316231803301 ], [ 30.210715440016191, 60.553007104725879 ], [ 30.210873120016203, 60.552804724568745 ], [ 30.210742080016235, 60.552790919842039 ], [ 30.210753240016256, 60.552788265086221 ], [ 30.210882120016226, 60.552531372184625 ], [ 30.210384960016253, 60.552479073035315 ] ] ] } },
{ "type": "Feature", "properties": { }, "geometry": { "type": "Polygon", "coordinates": [ [ [ 30.234994560016201, 60.537176746663334 ], [ 30.235052160016203, 60.537082103069963 ], [ 30.235057920016228, 60.537072452772215 ], [ 30.235118400016198, 60.536984714612032 ], [ 30.235287960016212, 60.536938499259499 ], [ 30.236718600016228, 60.536801269375509 ], [ 30.236901480016257, 60.536785421499772 ], [ 30.237085080016264, 60.536772406758097 ], [ 30.237269400016235, 60.536762667832299 ], [ 30.237454800016209, 60.536755939118201 ], [ 30.237640200016269, 60.536752309153457 ], [ 30.23782560001624, 60.536751777939074 ], [ 30.238011000016215, 60.536754434010923 ], [ 30.238196400016186, 60.536760188832559 ], [ 30.238381080016186, 60.536768953866549 ], [ 30.238565040016219, 60.536780817646189 ], [ 30.238747920016252, 60.536795780168028 ], [ 30.238929720016198, 60.536813664356686 ], [ 30.239110440016237, 60.536834735813756 ], [ 30.239289360016212, 60.536858817462203 ], [ 30.239466840016242, 60.536885732224576 ], [ 30.239642160016192, 60.536915745699581 ], [ 30.239815320016231, 60.536948592273163 ], [ 30.239985960016238, 60.536984449006773 ], [ 30.240154080016218, 60.537022873215477 ], [ 30.240319680016263, 60.537064396099403 ], [ 30.240482040016211, 60.537108397903388 ], [ 30.240641520016197, 60.537155232755737 ], [ 30.240797400016248, 60.537204723575265 ], [ 30.240950040016205, 60.537256781815351 ], [ 30.241099080016227, 60.537311318929476 ], [ 30.24245520001627, 60.53782605268453 ], [ 30.244773600016227, 60.538705879628964 ], [ 30.244769280016229, 60.538769001733343 ], [ 30.244597920016247, 60.539306818316888 ], [ 30.243742200016264, 60.540898348929062 ], [ 30.241496160016275, 60.541307240502263 ], [ 30.241118880016245, 60.541447726628846 ], [ 30.241026360016228, 60.541475965417469 ], [ 30.240241560016269, 60.541669298656444 ], [ 30.240167040016214, 60.541687622763426 ], [ 30.240081720016256, 60.541719756317242 ], [ 30.239651520016245, 60.541957437398025 ], [ 30.238798320016198, 60.542243272035641 ], [ 30.23877996001621, 60.542281867042561 ], [ 30.238669800016261, 60.542178209247787 ], [ 30.23843724001625, 60.541954693231631 ], [ 30.238382160016183, 60.541970627097733 ], [ 30.237797520016258, 60.54140868801214 ], [ 30.237604920016224, 60.5411815372129 ], [ 30.237588000016267, 60.541162593153743 ], [ 30.23754192001622, 60.541045476130435 ], [ 30.237500520016216, 60.540856919488157 ], [ 30.237535080016197, 60.540624364782957 ], [ 30.237492240016248, 60.540565495511814 ], [ 30.237176880016218, 60.540403051178146 ], [ 30.237121800016247, 60.540327273052064 ], [ 30.237095520016229, 60.540222635207776 ], [ 30.23715744001623, 60.540195546167595 ], [ 30.237349320016193, 60.540112331327144 ], [ 30.237405120016231, 60.540062490846829 ], [ 30.237494400016249, 60.539982551159483 ], [ 30.237642000016237, 60.539865606920138 ], [ 30.237737040016196, 60.539746891707452 ], [ 30.237881040016244, 60.539671289100468 ], [ 30.2379076800162, 60.539657390241317 ], [ 30.23807796001627, 60.539595509260963 ], [ 30.238180560016222, 60.539516365173725 ], [ 30.238376040016224, 60.539508397637441 ], [ 30.238465680016269, 60.539523004785813 ], [ 30.238506000016194, 60.539585771184605 ], [ 30.238604280016236, 60.539708205149608 ], [ 30.238614360016257, 60.539737861897159 ], [ 30.238647480016208, 60.53983311741603 ], [ 30.238720560016233, 60.539899424298497 ], [ 30.238794360016232, 60.539932090790117 ], [ 30.238890840016218, 60.53992934645197 ], [ 30.238947000016189, 60.539948999448967 ], [ 30.238946640016252, 60.539947051855208 ], [ 30.238947000016189, 60.539947317436173 ], [ 30.239061120016199, 60.539928018546334 ], [ 30.239256960016228, 60.539859852650672 ], [ 30.2393696400162, 60.539811870856191 ], [ 30.239378280016197, 60.539807267433034 ], [ 30.239446680016197, 60.539770085914498 ], [ 30.239539200016207, 60.539761321693206 ], [ 30.239609040016241, 60.539764774265485 ], [ 30.239647200016247, 60.5397571609004 ], [ 30.239708400016191, 60.539710683923566 ], [ 30.239843400016216, 60.53963941909614 ], [ 30.24002088001625, 60.539552838759235 ], [ 30.240140040016229, 60.5394915772766 ], [ 30.240169920016275, 60.53946599260577 ], [ 30.240188640016207, 60.539449703393039 ], [ 30.240167040016214, 60.539423056348028 ], [ 30.240117000016209, 60.539396143695534 ], [ 30.240065880016196, 60.539402163632914 ], [ 30.239982360016214, 60.539436070023889 ], [ 30.23992872001627, 60.539417036414527 ], [ 30.239939520016264, 60.539373303334784 ], [ 30.23995968001622, 60.539312395627256 ], [ 30.239961120016254, 60.539243608732541 ], [ 30.239940600016265, 60.539169952590477 ], [ 30.239884440016198, 60.539114267727641 ], [ 30.239830440016227, 60.539121792714703 ], [ 30.239807040016267, 60.539159152036362 ], [ 30.23976852001622, 60.539185533711425 ], [ 30.239717760016248, 60.5391774775646 ], [ 30.239668080016266, 60.539134983570158 ], [ 30.2395672800162, 60.539082839821567 ], [ 30.239511840016192, 60.539013698320758 ], [ 30.239493840016234, 60.538961997025183 ], [ 30.239418960016238, 60.538888163182484 ], [ 30.239306640016199, 60.538786442180857 ], [ 30.239212680016244, 60.538709243783508 ], [ 30.239286480016236, 60.538613276711679 ], [ 30.239318160016254, 60.538513945180824 ], [ 30.239320320016251, 60.538484641435701 ], [ 30.239326440016224, 60.538397438290943 ], [ 30.239215560016213, 60.538253928847851 ], [ 30.23908524001622, 60.538077042181257 ], [ 30.238868160016228, 60.537944509345614 ], [ 30.238569360016218, 60.537626145019175 ], [ 30.238113960016197, 60.537312204271466 ], [ 30.237995520016192, 60.53716258112911 ], [ 30.237781680016205, 60.537060943239041 ], [ 30.236659920016219, 60.536930973764804 ], [ 30.236263560016233, 60.536921146351446 ], [ 30.235723560016215, 60.537007202518332 ], [ 30.235258080016251, 60.537208973230662 ], [ 30.235052520016229, 60.537201359264337 ], [ 30.234994560016201, 60.537176746663334 ] ] ] } },
{ "type": "Feature", "properties": { }, "geometry": { "type": "Polygon", "coordinates": [ [ [ 30.214428840016257, 60.501914864635637 ], [ 30.214700280016256, 60.501981958236918 ], [ 30.215049840016238, 60.501728916253867 ], [ 30.21523632001621, 60.501541282796936 ], [ 30.215537640016247, 60.500971019322492 ], [ 30.215782800016221, 60.500913052905616 ], [ 30.216045600016223, 60.500891248997171 ], [ 30.21590952001619, 60.501137472769159 ], [ 30.215765880016264, 60.501396723639431 ], [ 30.215619360016177, 60.501661201706916 ], [ 30.215568240016264, 60.501753378542354 ], [ 30.215358720016184, 60.501926298033226 ], [ 30.215059920016174, 60.50217304572481 ], [ 30.21477084001625, 60.502411814870875 ], [ 30.214490400016235, 60.502643491937789 ], [ 30.21420312001619, 60.502880573679491 ], [ 30.213906840016211, 60.50312492115895 ], [ 30.213748440016225, 60.50325591262925 ], [ 30.213191520016252, 60.503715619371512 ], [ 30.21346908001621, 60.503385396911462 ], [ 30.213146520016206, 60.503297921960261 ], [ 30.212750880016188, 60.503583477615358 ], [ 30.212589600016234, 60.503543418438674 ], [ 30.213059760016218, 60.503144419246269 ], [ 30.213257400016218, 60.503087077110585 ], [ 30.213395640016245, 60.502970885856925 ], [ 30.213396360016212, 60.502856644012283 ], [ 30.213566280016252, 60.502711558948015 ], [ 30.214204560016221, 60.502128730545031 ], [ 30.214428840016257, 60.501914864635637 ] ] ] } },
{ "type": "Feature", "properties": { }, "geometry": { "type": "Polygon", "coordinates": [ [ [ 30.196085040016207, 60.539463425284744 ], [ 30.195853560016197, 60.539015114793429 ], [ 30.195767520016176, 60.538813355340352 ], [ 30.19626720001618, 60.538788832495293 ], [ 30.197689560016222, 60.539150122062104 ], [ 30.198044520016211, 60.539408803268387 ], [ 30.197945880016228, 60.539871626770179 ], [ 30.197384640016249, 60.539749104895861 ], [ 30.196260000016213, 60.53977530903515 ], [ 30.196085040016207, 60.539463425284744 ] ] ] } },
{ "type": "Feature", "properties": { }, "geometry": { "type": "Polygon", "coordinates": [ [ [ 30.209424840016261, 60.558657132469833 ], [ 30.209600880016172, 60.558607320551566 ], [ 30.209645520016181, 60.558644303475113 ], [ 30.209802120016199, 60.558598472955914 ], [ 30.20975928001625, 60.558562640168802 ], [ 30.212075160016177, 60.557907291303778 ], [ 30.212259840016181, 60.557845710654931 ], [ 30.21229800001619, 60.557828545912933 ], [ 30.212331480016172, 60.55778837684197 ], [ 30.213346320016207, 60.55645560248221 ], [ 30.21320196001621, 60.556430296668644 ], [ 30.213366840016196, 60.55621280742637 ], [ 30.213520200016212, 60.556132288255398 ], [ 30.213809640016258, 60.555887278687827 ], [ 30.213970560016179, 60.55563961274234 ], [ 30.213913680016233, 60.555508125156756 ], [ 30.213979920016236, 60.555501223370975 ], [ 30.213996120016223, 60.555534405019756 ], [ 30.214071360016252, 60.555526795364671 ], [ 30.214548360016174, 60.555554844898452 ], [ 30.214539000016213, 60.555580770786591 ], [ 30.214574280016254, 60.55558678771331 ], [ 30.214366560016231, 60.555602626382687 ], [ 30.214207080016244, 60.555782956607565 ], [ 30.213762840016248, 60.556315800886942 ], [ 30.213640800016218, 60.55633624027184 ], [ 30.212899560016176, 60.557411811495008 ], [ 30.212999640016193, 60.557770946634875 ], [ 30.213062280016249, 60.557891453763027 ], [ 30.213069840016249, 60.557922597969828 ], [ 30.213080640016237, 60.557967721625317 ], [ 30.213081360016211, 60.557974180496352 ], [ 30.212952840016179, 60.557964801861296 ], [ 30.212773920016204, 60.557957458211192 ], [ 30.212289720016223, 60.557981258709709 ], [ 30.212185320016214, 60.557997096206442 ], [ 30.211715520016256, 60.558100614848911 ], [ 30.21133464001619, 60.558385510598512 ], [ 30.211036920016188, 60.558643595668379 ], [ 30.211497000016241, 60.559014661233697 ], [ 30.211904160016225, 60.559037930105553 ], [ 30.21338304001619, 60.559122600345944 ], [ 30.213393480016244, 60.55914002982459 ], [ 30.213737280016197, 60.559154539637184 ], [ 30.2141880000162, 60.558361002584562 ], [ 30.214221840016211, 60.55830163471925 ], [ 30.214234800016207, 60.558278984655466 ], [ 30.214330560016219, 60.558279250085995 ], [ 30.214315080016195, 60.558219793593601 ], [ 30.215346120016218, 60.558283850881445 ], [ 30.215331720016199, 60.558383564114337 ], [ 30.2146984800162, 60.558633509420439 ], [ 30.214587240016247, 60.558704997846569 ], [ 30.214685160016263, 60.559068365410802 ], [ 30.21455556001623, 60.559381564271732 ], [ 30.213810360016225, 60.559407310144827 ], [ 30.213799200016204, 60.559409964357386 ], [ 30.213741960016225, 60.559492864153349 ], [ 30.213646200016218, 60.559495695305934 ], [ 30.213690120016249, 60.559701130152419 ], [ 30.213727560016206, 60.559701130152419 ], [ 30.213744120016226, 60.559766600070418 ], [ 30.213240480016257, 60.559765626869911 ], [ 30.213064080016217, 60.559697679707085 ], [ 30.212602920016256, 60.559701926408991 ], [ 30.212448120016209, 60.559703430449105 ], [ 30.212448480016242, 60.559792611055137 ], [ 30.212139600016208, 60.559800308179234 ], [ 30.212109360016218, 60.559679631217989 ], [ 30.21206940001624, 60.559521352614752 ], [ 30.21186168001622, 60.559540551346316 ], [ 30.210837120016194, 60.559635394682438 ], [ 30.210771600016251, 60.559642472532204 ], [ 30.210842880016219, 60.559200634791274 ], [ 30.210399000016245, 60.559096323398535 ], [ 30.210637680016227, 60.558849124403338 ], [ 30.210091200016212, 60.558730921209538 ], [ 30.209616720016225, 60.558680843977697 ], [ 30.209616360016202, 60.558680932453456 ], [ 30.209616360016202, 60.558680667026188 ], [ 30.209424840016261, 60.558657132469833 ] ] ] } },
{ "type": "Feature", "properties": { }, "geometry": { "type": "Polygon", "coordinates": [ [ [ 30.207184920016235, 60.561714181036251 ], [ 30.207275280016255, 60.561806187047267 ], [ 30.207274920016228, 60.561806275514456 ], [ 30.207184560016206, 60.561714181036251 ], [ 30.207184920016235, 60.561714181036251 ] ] ] } },
{ "type": "Feature", "properties": { }, "geometry": { "type": "Polygon", "coordinates": [ [ [ 30.209046840016256, 60.560776501000021 ], [ 30.209257440016248, 60.560728727159521 ], [ 30.209257440016248, 60.560728815629666 ], [ 30.209046840016256, 60.560776501000021 ] ] ] } },
{ "type": "Feature", "properties": { }, "geometry": { "type": "Polygon", "coordinates": [ [ [ 30.224597400016258, 60.547227666394107 ], [ 30.224572920016207, 60.547229171014351 ], [ 30.224264400016207, 60.547247314959002 ], [ 30.224212560016227, 60.546750786754373 ], [ 30.224086920016255, 60.546557218347154 ], [ 30.224605320016192, 60.546420648810766 ], [ 30.225760560016241, 60.546148747149012 ], [ 30.225817440016186, 60.546143259526829 ], [ 30.227942520016231, 60.546161581100442 ], [ 30.22802172001623, 60.5462845212462 ], [ 30.228348600016226, 60.54635258510006 ], [ 30.229149960016205, 60.546691840119237 ], [ 30.228726960016257, 60.546947009238899 ], [ 30.228118200016215, 60.547056758779014 ], [ 30.228096600016219, 60.547060918633278 ], [ 30.227905080016193, 60.547096587149049 ], [ 30.227934600016209, 60.547151550219212 ], [ 30.228226200016252, 60.547732241299627 ], [ 30.228390720016201, 60.548058029125059 ], [ 30.228424920016245, 60.548125912238845 ], [ 30.227248080016203, 60.548355757917271 ], [ 30.226808160016201, 60.548071835871646 ], [ 30.22640892001624, 60.547988641283979 ], [ 30.225100680016194, 60.547877478820205 ], [ 30.224953080016206, 60.54778233548457 ], [ 30.224953440016236, 60.54778233548457 ], [ 30.225128760016187, 60.547738348192063 ], [ 30.225080880016264, 60.547473361104103 ], [ 30.2249682000162, 60.547205805138958 ], [ 30.224597400016258, 60.547227666394107 ] ] ] } },
{ "type": "Feature", "properties": { }, "geometry": { "type": "Polygon", "coordinates": [ [ [ 30.229138080016206, 60.549002007597451 ], [ 30.229221240016258, 60.549272469257609 ], [ 30.229195320016274, 60.549327694135329 ], [ 30.229148880016204, 60.549367254206167 ], [ 30.229058160016244, 60.549403716689469 ], [ 30.228954840016236, 60.54940743373642 ], [ 30.228578280016265, 60.54919272932387 ], [ 30.228494760016183, 60.549130335564961 ], [ 30.229138080016206, 60.549002007597451 ] ] ] } },
{ "type": "Feature", "properties": { }, "geometry": { "type": "Polygon", "coordinates": [ [ [ 30.24789552001625, 60.560985643426392 ], [ 30.248262720016257, 60.560783224720034 ], [ 30.248533800016219, 60.560774023839663 ], [ 30.248793000016278, 60.560883549534438 ], [ 30.248853480016248, 60.56090885186353 ], [ 30.248388360016222, 60.561180894885304 ], [ 30.248362440016241, 60.561195846126481 ], [ 30.248283240016246, 60.561156919803594 ], [ 30.24789552001625, 60.560985643426392 ] ] ] } },
{ "type": "Feature", "properties": { }, "geometry": { "type": "Polygon", "coordinates": [ [ [ 30.217063680016249, 60.555648107211326 ], [ 30.216953880016234, 60.555008892188063 ], [ 30.217566960016185, 60.554993495657115 ], [ 30.217762800016217, 60.555108173090993 ], [ 30.218685120016229, 60.555071097637942 ], [ 30.218829120016192, 60.555585814387015 ], [ 30.217063680016249, 60.555648107211326 ] ] ] } },
{ "type": "Feature", "properties": { }, "geometry": { "type": "Polygon", "coordinates": [ [ [ 30.218163480016205, 60.558082123081533 ], [ 30.218049000016265, 60.55768167197504 ], [ 30.218206680016188, 60.557660968004853 ], [ 30.218255640016192, 60.557651943193193 ], [ 30.218470560016183, 60.557624603307183 ], [ 30.218709960016213, 60.557611243030856 ], [ 30.219281280016215, 60.55756532256882 ], [ 30.220003800016237, 60.557454458448582 ], [ 30.220258320016178, 60.557779440544067 ], [ 30.220281720016228, 60.557809611599339 ], [ 30.220165800016254, 60.557848895863771 ], [ 30.219998760016182, 60.557885437265057 ], [ 30.218684760016203, 60.558068320607134 ], [ 30.218172840016265, 60.55811406340036 ], [ 30.218163480016205, 60.558082123081533 ] ] ] } },
{ "type": "Feature", "properties": { }, "geometry": { "type": "Polygon", "coordinates": [ [ [ 30.249338040016255, 60.557929410761069 ], [ 30.249097920016254, 60.557835447202045 ], [ 30.249275760016229, 60.55719866436359 ], [ 30.250497960016254, 60.557208928018504 ], [ 30.250896480016241, 60.557396946983474 ], [ 30.250927440016198, 60.557444814225413 ], [ 30.250796760016257, 60.557783245106847 ], [ 30.249957960016236, 60.557987275189838 ], [ 30.249338040016255, 60.557929410761069 ] ] ] } },
{ "type": "Feature", "properties": { }, "geometry": { "type": "Polygon", "coordinates": [ [ [ 30.229004160016181, 60.542401900760659 ], [ 30.229022880016203, 60.542393579853538 ], [ 30.229222320016259, 60.542309928062238 ], [ 30.229625520016189, 60.542236810023105 ], [ 30.230244720016195, 60.54207534781149 ], [ 30.230261280016215, 60.542066053087275 ], [ 30.230550720016261, 60.541904147415536 ], [ 30.230583480016186, 60.541512171226394 ], [ 30.230608320016263, 60.541496060089024 ], [ 30.231070920016251, 60.541242884020022 ], [ 30.231078840016192, 60.541229694023698 ], [ 30.231086040016248, 60.541234562814921 ], [ 30.2316883200162, 60.541264218163846 ], [ 30.231669600016183, 60.541385229410288 ], [ 30.231390600016191, 60.541531734739578 ], [ 30.231359640016237, 60.541666377421066 ], [ 30.231663120016183, 60.541714533510408 ], [ 30.231711000016194, 60.541848467257012 ], [ 30.231632520016255, 60.542062335196853 ], [ 30.231528120016247, 60.542281070357085 ], [ 30.231044280016206, 60.542604965638773 ], [ 30.230990640016262, 60.542617004318622 ], [ 30.230889120016222, 60.542691714849468 ], [ 30.23072280001621, 60.542728007817622 ], [ 30.230464320016214, 60.542738541622739 ], [ 30.230355240016259, 60.542763415552201 ], [ 30.230049600016226, 60.542813782987899 ], [ 30.229934760016253, 60.542757573278671 ], [ 30.229745040016194, 60.542647366557524 ], [ 30.229387920016212, 60.542551411162975 ], [ 30.229047360016253, 60.542431466519659 ], [ 30.229004160016181, 60.542401900760659 ] ] ] } },
{ "type": "Feature", "properties": { }, "geometry": { "type": "Polygon", "coordinates": [ [ [ 30.164975640016152, 60.509999751359935 ], [ 30.164743440016174, 60.509096725506687 ], [ 30.164514840016221, 60.508208561608811 ], [ 30.164616360016172, 60.508133771479351 ], [ 30.166061760016152, 60.507873422502328 ], [ 30.16773252001617, 60.507572574159731 ], [ 30.167881200016158, 60.507609438201051 ], [ 30.168443880016163, 60.50838472535488 ], [ 30.169066320016174, 60.509241959210947 ], [ 30.169244880016205, 60.509431054467782 ], [ 30.168168480016202, 60.509607388787977 ], [ 30.167705520016185, 60.509671542342787 ], [ 30.167696160016217, 60.509652048182133 ], [ 30.167553960016228, 60.509346697207434 ], [ 30.167200440016181, 60.509394724161979 ], [ 30.16684620001617, 60.509442662434971 ], [ 30.167035200016173, 60.50974367063538 ], [ 30.167048880016225, 60.509765114150824 ], [ 30.165816240016145, 60.509930193301031 ], [ 30.164975640016152, 60.509999751359935 ] ] ] } },
{ "type": "Feature", "properties": { }, "geometry": { "type": "Polygon", "coordinates": [ [ [ 30.256396560016221, 60.561817599313088 ], [ 30.256194960016256, 60.561349162301354 ], [ 30.255716880016237, 60.560237271795494 ], [ 30.257500320016238, 60.560051304199455 ], [ 30.257886240016266, 60.560948309302255 ], [ 30.258180360016244, 60.561631729273159 ], [ 30.256396560016221, 60.561817599313088 ] ] ] } },
{ "type": "Feature", "properties": { }, "geometry": { "type": "Polygon", "coordinates": [ [ [ 30.249832680016201, 60.561073493458423 ], [ 30.249549360016221, 60.561261578424322 ], [ 30.249111960016243, 60.56151999441321 ], [ 30.248524800016195, 60.561268478980807 ], [ 30.249245880016268, 60.560846923050988 ], [ 30.249412560016221, 60.560918141175208 ], [ 30.249568080016239, 60.560975204031109 ], [ 30.249832680016201, 60.561073493458423 ] ] ] } },
{ "type": "Feature", "properties": { }, "geometry": { "type": "Polygon", "coordinates": [ [ [ 30.237389640016207, 60.572518320001947 ], [ 30.237382080016211, 60.571466953351475 ], [ 30.238509960016248, 60.570724484647123 ], [ 30.239793000016277, 60.570721831363279 ], [ 30.242666160016203, 60.571728913819861 ], [ 30.241155960016254, 60.572772312603377 ], [ 30.240654120016259, 60.572817857723038 ], [ 30.237873840016189, 60.572823163946389 ], [ 30.237676200016189, 60.572832096087062 ], [ 30.237457320016233, 60.57286154560272 ], [ 30.237393600016269, 60.572850756293789 ], [ 30.237391440016271, 60.572779210703295 ], [ 30.237389640016207, 60.572518320001947 ] ] ] } },
{ "type": "Feature", "properties": { }, "geometry": { "type": "Polygon", "coordinates": [ [ [ 30.237447600016235, 60.572864021837042 ], [ 30.237457320016233, 60.57286154560272 ], [ 30.237447960016269, 60.572864021837042 ], [ 30.237447600016235, 60.572864021837042 ] ] ] } },
{ "type": "Feature", "properties": { }, "geometry": { "type": "Polygon", "coordinates": [ [ [ 30.257500320016238, 60.560051304199455 ], [ 30.255716880016237, 60.560237271795494 ], [ 30.255287400016204, 60.560282038335856 ], [ 30.255697440016252, 60.559789249092297 ], [ 30.25592856001623, 60.559511001220173 ], [ 30.255985440016264, 60.559442876575062 ], [ 30.257460360016253, 60.559924081222285 ], [ 30.257454960016261, 60.559929124145341 ], [ 30.257492760016245, 60.560033786739957 ], [ 30.257500320016238, 60.560051304199455 ] ] ] } },
{ "type": "Feature", "properties": { }, "geometry": { "type": "Polygon", "coordinates": [ [ [ 30.230608320016263, 60.541496060089024 ], [ 30.230583480016186, 60.541512171226394 ], [ 30.230550720016261, 60.541904147415536 ], [ 30.230261280016215, 60.542066053087275 ], [ 30.229775280016266, 60.541995678660257 ], [ 30.229459200016262, 60.541936634840546 ], [ 30.229151760016261, 60.541867942045108 ], [ 30.228912720016254, 60.54198753469155 ], [ 30.22897968001622, 60.54187130587097 ], [ 30.229036560016254, 60.541846873864749 ], [ 30.229477560016257, 60.541657879280216 ], [ 30.229898760016237, 60.541477470305196 ], [ 30.230608320016263, 60.541496060089024 ] ] ] } },
{ "type": "Feature", "properties": { }, "geometry": { "type": "Polygon", "coordinates": [ [ [ 30.232223280016253, 60.54136416091562 ], [ 30.231962280016226, 60.541652213851727 ], [ 30.231723600016249, 60.541945752558874 ], [ 30.231632520016255, 60.542062335196853 ], [ 30.231711000016194, 60.541848467257012 ], [ 30.231663120016183, 60.541714533510408 ], [ 30.231359640016237, 60.541666377421066 ], [ 30.231390600016191, 60.541531734739578 ], [ 30.231669600016183, 60.541385229410288 ], [ 30.2316883200162, 60.541264218163846 ], [ 30.231086040016248, 60.541234562814921 ], [ 30.231078840016192, 60.541229694023698 ], [ 30.231164880016212, 60.541084161089735 ], [ 30.231290880016207, 60.541032197529603 ], [ 30.231509400016229, 60.541030692621192 ], [ 30.232033560016191, 60.541163655437721 ], [ 30.232223280016253, 60.54136416091562 ] ] ] } },
{ "type": "Feature", "properties": { }, "geometry": { "type": "Polygon", "coordinates": [ [ [ 30.167035200016173, 60.50974367063538 ], [ 30.16684620001617, 60.509442662434971 ], [ 30.167200440016181, 60.509394724161979 ], [ 30.167553960016228, 60.509346697207434 ], [ 30.167696160016217, 60.509652048182133 ], [ 30.167035200016173, 60.50974367063538 ] ] ] } },
{ "type": "Feature", "properties": { }, "geometry": { "type": "Polygon", "coordinates": [ [ [ 30.228424920016245, 60.548125912238845 ], [ 30.228390720016201, 60.548058029125059 ], [ 30.228226200016252, 60.547732241299627 ], [ 30.228598440016221, 60.54768418267119 ], [ 30.228882480016178, 60.548036522450467 ], [ 30.228424920016245, 60.548125912238845 ] ] ] } },
{ "type": "Feature", "properties": { }, "geometry": { "type": "Polygon", "coordinates": [ [ [ 30.236767200016203, 60.560558510161549 ], [ 30.236839200016227, 60.560556740749412 ], [ 30.237486840016249, 60.560496669148819 ], [ 30.238477560016264, 60.560431554592697 ], [ 30.238467120016203, 60.56063132138835 ], [ 30.238318440016215, 60.561169128519019 ], [ 30.237285960016258, 60.561420556255939 ], [ 30.235774320016194, 60.561756468446887 ], [ 30.235395600016219, 60.561385345874257 ], [ 30.234924720016259, 60.560969807393221 ], [ 30.234912120016205, 60.560959191053804 ], [ 30.234899160016216, 60.56094884011948 ], [ 30.234885480016253, 60.56093866612099 ], [ 30.2348707200162, 60.560928757528117 ], [ 30.234855600016211, 60.56091893740178 ], [ 30.234839760016239, 60.560909559620725 ], [ 30.234823560016249, 60.560900270306583 ], [ 30.234806640016199, 60.560891423338305 ], [ 30.234789000016267, 60.560882664837273 ], [ 30.234771000016213, 60.560874348682624 ], [ 30.234751920016251, 60.560866209465338 ], [ 30.2347328400162, 60.560858512594919 ], [ 30.234411000016266, 60.560732442905206 ], [ 30.234403080016243, 60.56072916951026 ], [ 30.234395160016213, 60.560725896114938 ], [ 30.23438796001625, 60.560722357308798 ], [ 30.234380400016249, 60.560718818502302 ], [ 30.234373560016227, 60.560715102755061 ], [ 30.234366720016197, 60.560711298537207 ], [ 30.234359880016257, 60.560707405848667 ], [ 30.234353400016264, 60.560703424689507 ], [ 30.234347280016209, 60.560699266589417 ], [ 30.23429796001626, 60.560664763184825 ], [ 30.234344040016211, 60.560618139295023 ], [ 30.234895920016218, 60.560604780255375 ], [ 30.234894480016184, 60.560604603314452 ], [ 30.236767200016203, 60.560558510161549 ] ] ] } },
{ "type": "Feature", "properties": { }, "geometry": { "type": "Polygon", "coordinates": [ [ [ 30.228226200016252, 60.547732241299627 ], [ 30.227934600016209, 60.547151550219212 ], [ 30.227905080016193, 60.547096587149049 ], [ 30.228096600016219, 60.547060918633278 ], [ 30.228598440016221, 60.54768418267119 ], [ 30.228226200016252, 60.547732241299627 ] ] ] } },
{ "type": "Feature", "properties": { }, "geometry": { "type": "Polygon", "coordinates": [ [ [ 30.156001200016199, 60.50806288020204 ], [ 30.155829840016217, 60.507525342045554 ], [ 30.156516360016223, 60.507472083987999 ], [ 30.156668640016147, 60.508012813143957 ], [ 30.156001200016199, 60.50806288020204 ] ] ] } },
{ "type": "Feature", "properties": { }, "geometry": { "type": "Polygon", "coordinates": [ [ [ 30.232133640016201, 60.561002894962087 ], [ 30.231413640016218, 60.560942027964352 ], [ 30.231343080016213, 60.560661843664299 ], [ 30.232334520016195, 60.560655031448654 ], [ 30.233044800016195, 60.560650165579474 ], [ 30.233867760016249, 60.560629905861823 ], [ 30.234038760016201, 60.56067086763602 ], [ 30.23416872001626, 60.560761372624825 ], [ 30.234178800016192, 60.560768273288076 ], [ 30.23418960001619, 60.56077499700983 ], [ 30.234200760016211, 60.560781543790156 ], [ 30.234211920016243, 60.560787825159281 ], [ 30.234223800016238, 60.560794018057173 ], [ 30.23423604001626, 60.560800034014015 ], [ 30.234248640016226, 60.560805784559932 ], [ 30.234261600016215, 60.560811358165033 ], [ 30.234274920016244, 60.560816754829361 ], [ 30.234596760016263, 60.56094282419032 ], [ 30.23461044001623, 60.560948309302255 ], [ 30.234623760016255, 60.560954059821796 ], [ 30.234636720016248, 60.560960075748866 ], [ 30.23464932001621, 60.560966268613775 ], [ 30.234661560016232, 60.560972638416509 ], [ 30.234673080016204, 60.56097918515681 ], [ 30.234684600016259, 60.56098599730413 ], [ 30.23469540001625, 60.560992897919469 ], [ 30.234705480016181, 60.561000063941471 ], [ 30.234715560016213, 60.561007229961923 ], [ 30.234724920016266, 60.561014661388853 ], [ 30.234733560016263, 60.561022269752762 ], [ 30.235202280016217, 60.561435772790908 ], [ 30.235574880016227, 60.56180087901528 ], [ 30.234564720016223, 60.562025408007017 ], [ 30.233343960016228, 60.562037704861055 ], [ 30.232133640016201, 60.561002894962087 ] ] ] } },
{ "type": "Feature", "properties": { }, "geometry": { "type": "Polygon", "coordinates": [ [ [ 30.224953080016206, 60.54778233548457 ], [ 30.224597040016224, 60.547552574238587 ], [ 30.224610360016246, 60.547526907434118 ], [ 30.224661120016226, 60.547432648132691 ], [ 30.224572560016174, 60.547421053777143 ], [ 30.224597400016258, 60.547227666394107 ], [ 30.2249682000162, 60.547205805138958 ], [ 30.225080880016264, 60.547473361104103 ], [ 30.225128760016187, 60.547738348192063 ], [ 30.224953440016236, 60.54778233548457 ], [ 30.224953080016206, 60.54778233548457 ] ] ] } },
{ "type": "Feature", "properties": { }, "geometry": { "type": "Polygon", "coordinates": [ [ [ 30.230261280016215, 60.542066053087275 ], [ 30.230244720016195, 60.54207534781149 ], [ 30.229625520016189, 60.542236810023105 ], [ 30.229222320016259, 60.542309928062238 ], [ 30.229022880016203, 60.542393579853538 ], [ 30.229004160016181, 60.542401900760659 ], [ 30.2289631200162, 60.542373662780008 ], [ 30.228471000016196, 60.542210165272856 ], [ 30.228480360016249, 60.542205473670052 ], [ 30.228912720016254, 60.54198753469155 ], [ 30.229151760016261, 60.541867942045108 ], [ 30.229459200016262, 60.541936634840546 ], [ 30.229775280016266, 60.541995678660257 ], [ 30.230261280016215, 60.542066053087275 ] ] ] } },
{ "type": "Feature", "properties": { }, "geometry": { "type": "Polygon", "coordinates": [ [ [ 30.231768240016255, 60.542133860252108 ], [ 30.231709920016197, 60.542192726670265 ], [ 30.23161128001621, 60.54226673001552 ], [ 30.23124480001626, 60.542541496936273 ], [ 30.230865360016235, 60.54278005717407 ], [ 30.230432280016256, 60.542983473753942 ], [ 30.230390160016185, 60.54300046933718 ], [ 30.230277480016213, 60.54303782418156 ], [ 30.230049600016226, 60.542813782987899 ], [ 30.230355240016259, 60.542763415552201 ], [ 30.230464320016214, 60.542738541622739 ], [ 30.23072280001621, 60.542728007817622 ], [ 30.230889120016222, 60.542691714849468 ], [ 30.230990640016262, 60.542617004318622 ], [ 30.231044280016206, 60.542604965638773 ], [ 30.231528120016247, 60.542281070357085 ], [ 30.231594000016223, 60.542142800872874 ], [ 30.231761040016199, 60.542141118974101 ], [ 30.231767880016225, 60.542133860252108 ], [ 30.231768240016255, 60.542133860252108 ] ] ] } },
{ "type": "Feature", "properties": { }, "geometry": { "type": "Polygon", "coordinates": [ [ [ 30.248011440016221, 60.565956093649561 ], [ 30.247776000016252, 60.565716908178338 ], [ 30.247886520016227, 60.565689663567127 ], [ 30.248961840016221, 60.565358834313294 ], [ 30.249277200016259, 60.565296117904573 ], [ 30.250752480016281, 60.565308148141924 ], [ 30.250901520016207, 60.565234020578934 ], [ 30.251014920016246, 60.564770144475418 ], [ 30.25064736001621, 60.564244693252441 ], [ 30.250667160016231, 60.564240447147171 ], [ 30.250737000016262, 60.564281935110181 ], [ 30.250837800016239, 60.564322184575694 ], [ 30.25091844001626, 60.564379860645488 ], [ 30.251005560016278, 60.564451336368364 ], [ 30.251057040016228, 60.564511046783061 ], [ 30.251082600016272, 60.564546165301365 ], [ 30.251169000016233, 60.564593579663551 ], [ 30.251401200016211, 60.565123094290065 ], [ 30.252642480016199, 60.56531752464732 ], [ 30.253086360016255, 60.565458968016898 ], [ 30.253203000016203, 60.565457464244496 ], [ 30.253282200016194, 60.565464717734315 ], [ 30.253368600016238, 60.565472590422594 ], [ 30.253410720016227, 60.565479136251817 ], [ 30.253481280016217, 60.565498242989129 ], [ 30.25371096001626, 60.565523895535328 ], [ 30.2538319200162, 60.565549282690277 ], [ 30.253451400016264, 60.565698332309552 ], [ 30.253359960016247, 60.565712750722923 ], [ 30.253248360016265, 60.56572637302164 ], [ 30.253023360016254, 60.565742825920253 ], [ 30.252680280016264, 60.565781215984515 ], [ 30.252629520016203, 60.565784665780662 ], [ 30.252551400016205, 60.56578395813019 ], [ 30.252481560016271, 60.565778120013249 ], [ 30.252381480016261, 60.565760163374279 ], [ 30.252187800016234, 60.565717350460787 ], [ 30.251978640016269, 60.565678252667929 ], [ 30.251774520016276, 60.565668433984058 ], [ 30.251531520016211, 60.565667372504528 ], [ 30.251220120016239, 60.565696651635186 ], [ 30.250612440016194, 60.565774935585395 ], [ 30.250414440016257, 60.565799791805681 ], [ 30.250212120016233, 60.565817217685328 ], [ 30.24950868001627, 60.565861888044623 ], [ 30.249292680016282, 60.565870910565188 ], [ 30.249160560016222, 60.565870556740883 ], [ 30.248402040016192, 60.565924426443978 ], [ 30.248011440016221, 60.565956093649561 ] ] ] } },
{ "type": "Feature", "properties": { }, "geometry": { "type": "Polygon", "coordinates": [ [ [ 30.224301120016182, 60.546006599732728 ], [ 30.225547440016225, 60.54570796421006 ], [ 30.225559680016246, 60.545733101390518 ], [ 30.225760560016241, 60.546148747149012 ], [ 30.224605320016192, 60.546420648810766 ], [ 30.22431768001621, 60.546025629466598 ], [ 30.224301120016182, 60.546006599732728 ] ] ] } },
{ "type": "Feature", "properties": { }, "geometry": { "type": "Polygon", "coordinates": [ [ [ 30.157755480016206, 60.513359360733475 ], [ 30.158338320016171, 60.513846921268239 ], [ 30.157898040016235, 60.513965022688936 ], [ 30.157436880016174, 60.514040419544806 ], [ 30.157091640016191, 60.513468249593899 ], [ 30.157755480016206, 60.513359360733475 ] ] ] } },
{ "type": "Feature", "properties": { }, "geometry": { "type": "Polygon", "coordinates": [ [ [ 30.244627440016263, 60.563071685470234 ], [ 30.244980240016243, 60.562841325096556 ], [ 30.245897160016263, 60.56287626850002 ], [ 30.246244920016284, 60.563133786949095 ], [ 30.245684040016247, 60.563428546187922 ], [ 30.244951800016235, 60.563363172146836 ], [ 30.244833720016256, 60.563297178731837 ], [ 30.244627440016263, 60.563071685470234 ] ] ] } },
{ "type": "Feature", "properties": { }, "geometry": { "type": "Polygon", "coordinates": [ [ [ 30.16189548001617, 60.510110866726393 ], [ 30.161689200016177, 60.509642478317154 ], [ 30.161949480016141, 60.50945240957973 ], [ 30.164332680016159, 60.509335089205898 ], [ 30.164349600016209, 60.509399066078736 ], [ 30.164358240016202, 60.509432738066337 ], [ 30.164448600016225, 60.509780266378414 ], [ 30.164462640016215, 60.509833520642516 ], [ 30.164504040016229, 60.509992574038463 ], [ 30.164493960016202, 60.510028372021047 ], [ 30.164345640016155, 60.510036080987383 ], [ 30.163078800016212, 60.51010165143137 ], [ 30.163067280016158, 60.510075777704493 ], [ 30.162716640016171, 60.510089777874327 ], [ 30.162503520016156, 60.51009305639424 ], [ 30.162484800016223, 60.510093322220186 ], [ 30.16207080001621, 60.510104929950103 ], [ 30.16189548001617, 60.510110866726393 ] ] ] } },
{ "type": "Feature", "properties": { }, "geometry": { "type": "Polygon", "coordinates": [ [ [ 30.251014920016246, 60.564770144475418 ], [ 30.250901520016207, 60.565234020578934 ], [ 30.250752480016281, 60.565308148141924 ], [ 30.249277200016259, 60.565296117904573 ], [ 30.248961840016221, 60.565358834313294 ], [ 30.247886520016227, 60.565689663567127 ], [ 30.24756396001623, 60.565769185923202 ], [ 30.246373800016254, 60.565243927852535 ], [ 30.246308640016252, 60.565170330890226 ], [ 30.246249600016217, 60.565097972174982 ], [ 30.246305760016188, 60.565086826441622 ], [ 30.246068160016215, 60.564863114837962 ], [ 30.246878160016191, 60.564580310725923 ], [ 30.246750360016222, 60.564488224148683 ], [ 30.24651672001621, 60.564551472882677 ], [ 30.246001200016245, 60.564153048023101 ], [ 30.245914080016224, 60.564069275564052 ], [ 30.245886360016272, 60.564039021887702 ], [ 30.24599076001628, 60.563705521883293 ], [ 30.246494760016194, 60.5634292538899 ], [ 30.24700740001628, 60.563090793630266 ], [ 30.247379640016252, 60.562978798420261 ], [ 30.247625160016263, 60.56293164708228 ], [ 30.248129880016233, 60.563537266729369 ], [ 30.248347320016247, 60.563489762355488 ], [ 30.248430840016237, 60.563572386305403 ], [ 30.248494920016235, 60.563588663375583 ], [ 30.249079560016259, 60.563828395362087 ], [ 30.25002852001623, 60.564356595617419 ], [ 30.25064736001621, 60.564244693252441 ], [ 30.251014920016246, 60.564770144475418 ] ] ] } },
{ "type": "Feature", "properties": { }, "geometry": { "type": "Polygon", "coordinates": [ [ [ 30.146573520016211, 60.512986176606269 ], [ 30.146299200016163, 60.513457174665525 ], [ 30.146418360016135, 60.513490488038734 ], [ 30.146141880016177, 60.514130169039888 ], [ 30.145540680016222, 60.514067176083678 ], [ 30.145538520016135, 60.514066733094815 ], [ 30.145566960016151, 60.514001170674653 ], [ 30.145839840016173, 60.513377523668908 ], [ 30.145939200016215, 60.513356525542619 ], [ 30.145908960016143, 60.513348108568373 ], [ 30.145967280016201, 60.51320971547792 ], [ 30.145984200016166, 60.513180034424408 ], [ 30.146008320016183, 60.513148935739181 ], [ 30.146040720016167, 60.513118102825224 ], [ 30.146090040016205, 60.513082219655658 ], [ 30.146143680016152, 60.513052538485383 ], [ 30.146198400016178, 60.51302835052649 ], [ 30.146259600016212, 60.513007263573215 ], [ 30.146533560016149, 60.512942850820139 ], [ 30.146573520016211, 60.512986176606269 ] ] ] } },
{ "type": "Feature", "properties": { }, "geometry": { "type": "Polygon", "coordinates": [ [ [ 30.24680832001625, 60.554473548734215 ], [ 30.246762960016273, 60.554457001613571 ], [ 30.246572160016214, 60.554414173732553 ], [ 30.246377400016279, 60.554408775999718 ], [ 30.246132240016212, 60.554407714150535 ], [ 30.245788800016197, 60.554366744442802 ], [ 30.245707080016267, 60.554366567467682 ], [ 30.245615280016217, 60.554285778237094 ], [ 30.245716800016258, 60.554256665748525 ], [ 30.247032960016242, 60.553879528346208 ], [ 30.247125840016196, 60.553850061536167 ], [ 30.247151040016213, 60.553868113278867 ], [ 30.247313400016257, 60.554003412539124 ], [ 30.247296120016262, 60.554007925454371 ], [ 30.247340760016275, 60.554048010732465 ], [ 30.247358040016262, 60.55404411724183 ], [ 30.247471080016275, 60.554147471561109 ], [ 30.247384680016225, 60.554177469028552 ], [ 30.247372080016252, 60.554181008550927 ], [ 30.246886080016214, 60.554313563384071 ], [ 30.246994800016228, 60.554420102388896 ], [ 30.24680832001625, 60.554473548734215 ] ] ] } },
{ "type": "Feature", "properties": { }, "geometry": { "type": "Polygon", "coordinates": [ [ [ 30.22058484001623, 60.583955382270638 ], [ 30.220518600016238, 60.58427585455641 ], [ 30.220248240016236, 60.584508449140223 ], [ 30.219946200016235, 60.584685435611085 ], [ 30.219549840016242, 60.584811411903992 ], [ 30.219139800016194, 60.584875328108943 ], [ 30.218735520016175, 60.584859768989091 ], [ 30.21826572001622, 60.584779321147593 ], [ 30.217858560016229, 60.584577228213632 ], [ 30.217339440016239, 60.584314399422681 ], [ 30.2167198800162, 60.583891375838768 ], [ 30.216549240016192, 60.583740818773236 ], [ 30.216230640016249, 60.583620584793586 ], [ 30.21519888001626, 60.583584160882019 ], [ 30.214741320016234, 60.583628011022931 ], [ 30.214460520016186, 60.583735867971129 ], [ 30.214310400016259, 60.583871661124952 ], [ 30.21421716001618, 60.584247122688126 ], [ 30.214199160016221, 60.58450367526595 ], [ 30.214248480016252, 60.585044709860703 ], [ 30.215397600016253, 60.585154683758404 ], [ 30.216538080016257, 60.585470282013112 ], [ 30.217830840016187, 60.586045953577042 ], [ 30.218022360016214, 60.5862156827924 ], [ 30.21795144001619, 60.586188013455121 ], [ 30.217197960016215, 60.586108010924839 ], [ 30.217109400016252, 60.586018107292475 ], [ 30.217001040016182, 60.585953751343006 ], [ 30.216855960016225, 60.585822829022575 ], [ 30.216741480016186, 60.585761301536778 ], [ 30.216606480016253, 60.585717365889749 ], [ 30.216281400016229, 60.585656280212731 ], [ 30.215936160016241, 60.585558507528418 ], [ 30.215394000016225, 60.585452513117659 ], [ 30.214869120016203, 60.585368795851856 ], [ 30.214198800016192, 60.585309831184915 ], [ 30.213841680016209, 60.585300018463755 ], [ 30.213262080016243, 60.585273055566013 ], [ 30.212633520016183, 60.585274912028531 ], [ 30.212239320016188, 60.585309300767641 ], [ 30.212038800016224, 60.585315488968703 ], [ 30.212048520016214, 60.585285697189718 ], [ 30.212059320016213, 60.585207902503775 ], [ 30.212055360016247, 60.585177138189934 ], [ 30.212007840016177, 60.58508829280867 ], [ 30.212003880016209, 60.5850387868186 ], [ 30.212011440016209, 60.584999712394271 ], [ 30.212047800016247, 60.584936150051014 ], [ 30.212224200016191, 60.584733350862479 ], [ 30.212292960016221, 60.584617629220595 ], [ 30.21229836001622, 60.584566354410974 ], [ 30.212294040016221, 60.584514549089647 ], [ 30.212279280016258, 60.584479363858165 ], [ 30.212124840016244, 60.584316697968262 ], [ 30.212034840016251, 60.584256493700259 ], [ 30.211814880016213, 60.58416844144103 ], [ 30.211715880016197, 60.58411849201061 ], [ 30.211675560016182, 60.584076499066875 ], [ 30.211650720016195, 60.583987031813038 ], [ 30.211665120016225, 60.583851239144174 ], [ 30.211651440016254, 60.58378166286154 ], [ 30.211817040016211, 60.583595388645541 ], [ 30.21183288001626, 60.583561440120292 ], [ 30.211807320016216, 60.583519092821298 ], [ 30.211724160016253, 60.583446509952211 ], [ 30.21162480001621, 60.583370036959984 ], [ 30.211553160016212, 60.583273937116594 ], [ 30.211551360016244, 60.583170322245735 ], [ 30.211696080016178, 60.582978209494144 ], [ 30.211734960016248, 60.582860006096752 ], [ 30.211760160016176, 60.58274471979378 ], [ 30.211743600016245, 60.582684777826415 ], [ 30.211719840016254, 60.582652861777781 ], [ 30.211657560016228, 60.582611132159698 ], [ 30.211644600016228, 60.582605827543361 ], [ 30.212193240016237, 60.582585227941671 ], [ 30.212866080016191, 60.58247887013269 ], [ 30.213530280016244, 60.582176415962557 ], [ 30.214133640016197, 60.58176574214631 ], [ 30.214397520016185, 60.581541085003714 ], [ 30.214489680016179, 60.581311651953015 ], [ 30.216352680016197, 60.581634449200727 ], [ 30.217485240016259, 60.581874577846889 ], [ 30.217891320016246, 60.582083583801975 ], [ 30.218324040016192, 60.582383209692821 ], [ 30.21842772001623, 60.582557025032258 ], [ 30.218483520016179, 60.582744808203636 ], [ 30.218612400016237, 60.582903945630065 ], [ 30.219151680016189, 60.583118956730054 ], [ 30.220042320016187, 60.583466932188863 ], [ 30.220578000016207, 60.58378626002844 ], [ 30.22058484001623, 60.583955382270638 ] ] ] } },
{ "type": "Feature", "properties": { }, "geometry": { "type": "Polygon", "coordinates": [ [ [ 30.214280880016243, 60.581275490680021 ], [ 30.214182600016201, 60.581520219483401 ], [ 30.213951480016217, 60.581706063600826 ], [ 30.213365760016195, 60.582104625781724 ], [ 30.212753040016185, 60.58238356333635 ], [ 30.212145360016233, 60.582479577417672 ], [ 30.211797600016219, 60.582501238013514 ], [ 30.211796880016252, 60.582501414834674 ], [ 30.212372880016186, 60.582105863544832 ], [ 30.212988480016254, 60.581889873167825 ], [ 30.213174960016225, 60.58173064233366 ], [ 30.213380880016189, 60.581680600721221 ], [ 30.213931320016261, 60.581260195068268 ], [ 30.214027080016184, 60.581231548931974 ], [ 30.214280880016243, 60.581275490680021 ] ] ] } },
{ "type": "Feature", "properties": { }, "geometry": { "type": "Polygon", "coordinates": [ [ [ 30.223387440016253, 60.495625618883395 ], [ 30.220307280016183, 60.495260563534671 ], [ 30.220308000016246, 60.495260297587109 ], [ 30.22062984001618, 60.495147003711146 ], [ 30.220931160016221, 60.495100817283543 ], [ 30.221294040016225, 60.494992043997271 ], [ 30.221961120016243, 60.494813325238269 ], [ 30.222487080016265, 60.494652690274954 ], [ 30.222796320016233, 60.494481061752666 ], [ 30.22308756001625, 60.494265460999209 ], [ 30.223128960016258, 60.4941814188698 ], [ 30.223315800016263, 60.494073617676023 ], [ 30.223492920016177, 60.494011649557848 ], [ 30.223607040016184, 60.493983369361558 ], [ 30.223788480016189, 60.493916702468937 ], [ 30.223802880016212, 60.49391067407295 ], [ 30.223882440016233, 60.493882216482632 ], [ 30.223973160016186, 60.493855088663032 ], [ 30.224136240016204, 60.493844007030859 ], [ 30.224395080016233, 60.49387574481532 ], [ 30.22437168001618, 60.494064131863041 ], [ 30.224421000016218, 60.494218741403522 ], [ 30.224535480016254, 60.494470866848012 ], [ 30.22475544001621, 60.494547195578022 ], [ 30.224505960016238, 60.494751003931405 ], [ 30.225323520016214, 60.494959066205112 ], [ 30.224627640016241, 60.495822239997963 ], [ 30.224540880016253, 60.495808588254889 ], [ 30.223387440016253, 60.495625618883395 ] ] ] } },
{ "type": "Feature", "properties": { }, "geometry": { "type": "Polygon", "coordinates": [ [ [ 30.187631520016215, 60.525531205391722 ], [ 30.187146240016233, 60.525878738166668 ], [ 30.186855360016157, 60.52608748631004 ], [ 30.186528120016224, 60.525989621947069 ], [ 30.186290160016217, 60.525918681169642 ], [ 30.186213480016164, 60.525895831298129 ], [ 30.18527208001619, 60.525614457721346 ], [ 30.185303040016233, 60.525542276192567 ], [ 30.184152120016176, 60.525099352638669 ], [ 30.183436440016187, 60.524852070946714 ], [ 30.183270480016205, 60.524665988457123 ], [ 30.183261480016174, 60.524541549070406 ], [ 30.183576480016182, 60.524079746340917 ], [ 30.183545160016195, 60.523909159317263 ], [ 30.183300360016165, 60.523630337055344 ], [ 30.183144480016203, 60.523512270869631 ], [ 30.182429520016186, 60.522769498032112 ], [ 30.182355720016186, 60.522605547189201 ], [ 30.182400360016192, 60.522543367884204 ], [ 30.18251160001623, 60.522366572512915 ], [ 30.182761800016173, 60.522265331041595 ], [ 30.184455240016185, 60.523153198219354 ], [ 30.18472056001621, 60.523056033574051 ], [ 30.183053400016217, 60.522096860280179 ], [ 30.183239160016221, 60.522019622077615 ], [ 30.183633720016239, 60.521970019465101 ], [ 30.183865560016194, 60.521981180059541 ], [ 30.185254080016229, 60.522749834603673 ], [ 30.185758080016228, 60.523000498135389 ], [ 30.185837280016219, 60.52304000182243 ], [ 30.186269280016198, 60.52325470263316 ], [ 30.186572400016207, 60.523147352405744 ], [ 30.185794800016211, 60.522753377564619 ], [ 30.185715600016216, 60.522713430657333 ], [ 30.185511480016224, 60.522609975910086 ], [ 30.184252560016223, 60.521902170054247 ], [ 30.184549920016199, 60.521804735925784 ], [ 30.184685280016168, 60.521815453694273 ], [ 30.185657280016155, 60.522325385075881 ], [ 30.185736480016242, 60.522367103963376 ], [ 30.186333360016199, 60.522678355283496 ], [ 30.186855360016157, 60.522953819949791 ], [ 30.187641240016212, 60.522720428012732 ], [ 30.187796040016167, 60.522674192294687 ], [ 30.188004480016247, 60.522686592685282 ], [ 30.188300760016226, 60.52270404179837 ], [ 30.188498760016163, 60.522772155251253 ], [ 30.188595240016237, 60.522805281898286 ], [ 30.188783880016206, 60.523218742118054 ], [ 30.188769480016187, 60.523763991355302 ], [ 30.189036600016181, 60.524711069938967 ], [ 30.187965960016207, 60.525291455199927 ], [ 30.187631520016215, 60.525531205391722 ] ] ] } },
{ "type": "Feature", "properties": { }, "geometry": { "type": "Polygon", "coordinates": [ [ [ 30.194424720016237, 60.573728569768683 ], [ 30.194222040016189, 60.573386237730425 ], [ 30.194771760016195, 60.57305451443775 ], [ 30.194785080016217, 60.572770101673605 ], [ 30.197800800016179, 60.571982028231353 ], [ 30.197252880016222, 60.571146442449532 ], [ 30.196150200016202, 60.571270437386225 ], [ 30.195821520016246, 60.570349927256387 ], [ 30.195564480016177, 60.570001191408515 ], [ 30.195704880016208, 60.569997653617534 ], [ 30.196587600016176, 60.569976161528864 ], [ 30.197484360016233, 60.570179937794954 ], [ 30.198329280016225, 60.570407238798339 ], [ 30.19967136001619, 60.570534066756863 ], [ 30.200670000016228, 60.570603229352983 ], [ 30.199705560016231, 60.571576089064557 ], [ 30.19910076001625, 60.571828143395585 ], [ 30.199237200016221, 60.572019968690334 ], [ 30.199197240016229, 60.572132463216029 ], [ 30.199071600016179, 60.572129102536167 ], [ 30.198625200016171, 60.572312082201265 ], [ 30.198527280016251, 60.57244438584739 ], [ 30.198321720016228, 60.572723229926879 ], [ 30.198439080016232, 60.572808129644606 ], [ 30.199080960016232, 60.572891791023295 ], [ 30.199487760016194, 60.572944853096288 ], [ 30.200110200016191, 60.573016398320114 ], [ 30.200104800016192, 60.573104038792543 ], [ 30.200175720016222, 60.573306557239533 ], [ 30.200126400016188, 60.573577876908004 ], [ 30.199905720016169, 60.573762793929625 ], [ 30.199556160016186, 60.573909948565358 ], [ 30.199228560016223, 60.574046490488605 ], [ 30.19840344001625, 60.574174895967801 ], [ 30.198089880016184, 60.574162515296429 ], [ 30.197755080016169, 60.574144651747993 ], [ 30.197530800016214, 60.57402623916466 ], [ 30.197360160016203, 60.573913574362209 ], [ 30.197145240016216, 60.57385918736648 ], [ 30.196552320016227, 60.57377588222969 ], [ 30.196194480016189, 60.573811167552691 ], [ 30.195924840016254, 60.573777739352899 ], [ 30.195622800016245, 60.573738739742765 ], [ 30.195331560016232, 60.573715746753308 ], [ 30.195040680016245, 60.573666311770566 ], [ 30.194857440016182, 60.573633325595139 ], [ 30.194609760016185, 60.573594679550496 ], [ 30.194520480016166, 60.573700624432114 ], [ 30.194424720016237, 60.573728569768683 ] ] ] } },
{ "type": "Feature", "properties": { }, "geometry": { "type": "Polygon", "coordinates": [ [ [ 30.227060880016257, 60.588063551913919 ], [ 30.226251600016251, 60.587795094139246 ], [ 30.225675600016228, 60.587242171936083 ], [ 30.226638600016194, 60.586942149116773 ], [ 30.22723584001627, 60.58746696622935 ], [ 30.2273175600162, 60.587594522814491 ], [ 30.227485680016269, 60.588027309802648 ], [ 30.227564880016264, 60.588230707076498 ], [ 30.227060880016257, 60.588063551913919 ] ] ] } },
{ "type": "Feature", "properties": { }, "geometry": { "type": "Polygon", "coordinates": [ [ [ 30.218022360016214, 60.5862156827924 ], [ 30.217830840016187, 60.586045953577042 ], [ 30.216538080016257, 60.585470282013112 ], [ 30.215397600016253, 60.585154683758404 ], [ 30.214248480016252, 60.585044709860703 ], [ 30.214199160016221, 60.58450367526595 ], [ 30.21421716001618, 60.584247122688126 ], [ 30.214310400016259, 60.583871661124952 ], [ 30.214460520016186, 60.583735867971129 ], [ 30.214741320016234, 60.583628011022931 ], [ 30.21519888001626, 60.583584160882019 ], [ 30.216230640016249, 60.583620584793586 ], [ 30.216549240016192, 60.583740818773236 ], [ 30.2167198800162, 60.583891375838768 ], [ 30.217339440016239, 60.584314399422681 ], [ 30.217858560016229, 60.584577228213632 ], [ 30.21826572001622, 60.584779321147593 ], [ 30.218735520016175, 60.584859768989091 ], [ 30.219139800016194, 60.584875328108943 ], [ 30.219549840016242, 60.584811411903992 ], [ 30.219946200016235, 60.584685435611085 ], [ 30.220248240016236, 60.584508449140223 ], [ 30.220518600016238, 60.58427585455641 ], [ 30.22058484001623, 60.583955382270638 ], [ 30.220578000016207, 60.58378626002844 ], [ 30.220042320016187, 60.583466932188863 ], [ 30.219151680016189, 60.583118956730054 ], [ 30.218612400016237, 60.582903945630065 ], [ 30.218483520016179, 60.582744808203636 ], [ 30.21842772001623, 60.582557025032258 ], [ 30.218324040016192, 60.582383209692821 ], [ 30.217891320016246, 60.582083583801975 ], [ 30.217485240016259, 60.581874577846889 ], [ 30.217631400016217, 60.581905522130263 ], [ 30.220639560016178, 60.581638250956821 ], [ 30.223361160016236, 60.581358334416763 ], [ 30.225433320016219, 60.582326538263509 ], [ 30.225418920016192, 60.582486119803256 ], [ 30.225418560016255, 60.582546062139201 ], [ 30.225419640016256, 60.5825806306039 ], [ 30.225418200016232, 60.582633411538751 ], [ 30.2254135200162, 60.582714041544115 ], [ 30.225408840016261, 60.582823404508325 ], [ 30.225405600016259, 60.582911372024157 ], [ 30.225402000016235, 60.583080587255445 ], [ 30.225399120016267, 60.583264831044843 ], [ 30.225405600016259, 60.583579652094016 ], [ 30.225405600016259, 60.583688216462178 ], [ 30.225406320016234, 60.58395113875423 ], [ 30.225404520016259, 60.584278153104748 ], [ 30.225403800016203, 60.584460445150036 ], [ 30.225409920016258, 60.584632127600287 ], [ 30.225414960016231, 60.584851635809855 ], [ 30.22542036001623, 60.584996971878567 ], [ 30.22542036001623, 60.585062036962654 ], [ 30.225417480016258, 60.585159899552963 ], [ 30.225409560016235, 60.585321411960066 ], [ 30.225400920016234, 60.585394874643242 ], [ 30.225381120016216, 60.585486194448514 ], [ 30.225374280016187, 60.585515455628695 ], [ 30.225347280016202, 60.585607924319945 ], [ 30.22533540001621, 60.585624897511764 ], [ 30.225317400016248, 60.585643461930097 ], [ 30.225302280016251, 60.585655838203067 ], [ 30.225269880016267, 60.585677761874969 ], [ 30.225214080016233, 60.58570949813177 ], [ 30.224909880016231, 60.585465331476051 ], [ 30.224748240016243, 60.585332639119819 ], [ 30.224570760016206, 60.585190133463996 ], [ 30.224491200016185, 60.58512259334303 ], [ 30.22433424001623, 60.584997502300979 ], [ 30.223420920016245, 60.584705326637383 ], [ 30.222996840016201, 60.584570686251489 ], [ 30.222829440016191, 60.584517908481615 ], [ 30.222580680016193, 60.58453010837578 ], [ 30.221316000016245, 60.584790106474237 ], [ 30.221348400016232, 60.585163347281068 ], [ 30.221364600016223, 60.585322384391368 ], [ 30.22138980001624, 60.585431384915829 ], [ 30.21987276001618, 60.585973553187287 ], [ 30.219981840016217, 60.586106154510169 ], [ 30.219733800016183, 60.58619446668925 ], [ 30.219496200016213, 60.586206931151523 ], [ 30.219005880016258, 60.586190930670689 ], [ 30.218822640016196, 60.586193052281864 ], [ 30.218694120016256, 60.586203748736075 ], [ 30.218595480016184, 60.58621921880821 ], [ 30.218235120016203, 60.586298337061358 ], [ 30.218022360016214, 60.5862156827924 ] ] ] } },
{ "type": "Feature", "properties": { }, "geometry": { "type": "Polygon", "coordinates": [ [ [ 30.174784920016169, 60.528994941460986 ], [ 30.175339680016233, 60.522621047709613 ], [ 30.184111440016224, 60.521064847020831 ], [ 30.185056440016226, 60.521310031760464 ], [ 30.185122320016202, 60.521276726427885 ], [ 30.185897760016189, 60.520929764317493 ], [ 30.186586080016163, 60.520555427272427 ], [ 30.18686364001621, 60.520824886603883 ], [ 30.187158840016195, 60.521085397258155 ], [ 30.187482840016223, 60.521421551228407 ], [ 30.187884240016178, 60.521694812161719 ], [ 30.188301840016226, 60.521985254561308 ], [ 30.188528640016212, 60.522226003560526 ], [ 30.18866832001617, 60.522488363014894 ], [ 30.188764440016218, 60.522698727348704 ], [ 30.188498760016163, 60.522772155251253 ], [ 30.188300760016226, 60.52270404179837 ], [ 30.188004480016247, 60.522686592685282 ], [ 30.187796040016167, 60.522674192294687 ], [ 30.187641240016212, 60.522720428012732 ], [ 30.186855360016157, 60.522953819949791 ], [ 30.186333360016199, 60.522678355283496 ], [ 30.185736480016242, 60.522367103963376 ], [ 30.185657280016155, 60.522325385075881 ], [ 30.184685280016168, 60.521815453694273 ], [ 30.184785000016241, 60.521783300378175 ], [ 30.184604640016236, 60.52152757851583 ], [ 30.183239160016221, 60.522019622077615 ], [ 30.183053400016217, 60.522096948855989 ], [ 30.181940640016172, 60.522486414370483 ], [ 30.182542560016191, 60.523426267398122 ], [ 30.183223680016198, 60.524889358170896 ], [ 30.183914520016199, 60.525112106370976 ], [ 30.18527208001619, 60.525614457721346 ], [ 30.186213480016164, 60.525895831298129 ], [ 30.186290160016217, 60.525918681169642 ], [ 30.186528120016224, 60.525989621947069 ], [ 30.186855360016157, 60.52608748631004 ], [ 30.187146240016233, 60.525878738166668 ], [ 30.187631520016215, 60.525531205391722 ], [ 30.187682640016217, 60.525555649714953 ], [ 30.188134800016247, 60.525747661003592 ], [ 30.18700152001621, 60.526320765417765 ], [ 30.186783000016192, 60.526442806741564 ], [ 30.186603360016246, 60.52655360002688 ], [ 30.186443160016204, 60.526667758339187 ], [ 30.186261360016175, 60.526811850529654 ], [ 30.186067320016203, 60.526986761823011 ], [ 30.184864920016199, 60.528091913664504 ], [ 30.182094000016193, 60.52768409497471 ], [ 30.176173440016196, 60.528782581202009 ], [ 30.175667640016229, 60.52884430574116 ], [ 30.175527240016205, 60.528853692819993 ], [ 30.174784920016169, 60.528994941460986 ] ] ] } },
{ "type": "Feature", "properties": { }, "geometry": { "type": "Polygon", "coordinates": [ [ [ 30.218022360016214, 60.5862156827924 ], [ 30.218235120016203, 60.586298337061358 ], [ 30.218595480016184, 60.58621921880821 ], [ 30.218694120016256, 60.586203748736075 ], [ 30.218822640016196, 60.586193052281864 ], [ 30.219005880016258, 60.586190930670689 ], [ 30.219496200016213, 60.586206931151523 ], [ 30.219733800016183, 60.58619446668925 ], [ 30.219981840016217, 60.586106154510169 ], [ 30.220865280016252, 60.587178525607406 ], [ 30.22054524001619, 60.587123807344042 ], [ 30.2199631200162, 60.586960535981397 ], [ 30.219590160016253, 60.586881507748764 ], [ 30.218945400016199, 60.586784976356654 ], [ 30.218608080016239, 60.586734677375929 ], [ 30.218022360016214, 60.5862156827924 ] ] ] } },
{ "type": "Feature", "properties": { }, "geometry": { "type": "Polygon", "coordinates": [ [ [ 30.223420920016245, 60.584705326637383 ], [ 30.22138980001624, 60.585431384915829 ], [ 30.221364600016223, 60.585322384391368 ], [ 30.221348400016232, 60.585163347281068 ], [ 30.221316000016245, 60.584790106474237 ], [ 30.222580680016193, 60.58453010837578 ], [ 30.222829440016191, 60.584517908481615 ], [ 30.222996840016201, 60.584570686251489 ], [ 30.223420920016245, 60.584705326637383 ] ] ] } },
{ "type": "Feature", "properties": { }, "geometry": { "type": "Polygon", "coordinates": [ [ [ 30.232943640016266, 60.514143547275026 ], [ 30.232912320016194, 60.514246143093281 ], [ 30.232830240016231, 60.514517426843554 ], [ 30.232746360016211, 60.514977416828863 ], [ 30.232711800016233, 60.515485595397834 ], [ 30.232721520016224, 60.516260162564301 ], [ 30.232774080016259, 60.516993428403914 ], [ 30.229774920016236, 60.517025054937001 ], [ 30.229651080016239, 60.517031787752359 ], [ 30.226195440016191, 60.517226241487457 ], [ 30.22614756001618, 60.517229164928757 ], [ 30.220154280016196, 60.517596276191036 ], [ 30.220071480016262, 60.517599465363354 ], [ 30.213869040016228, 60.517950626745268 ], [ 30.213782640016177, 60.51795372729552 ], [ 30.209612040016204, 60.518188128034488 ], [ 30.209564160016196, 60.518190874216018 ], [ 30.20428836001626, 60.518588536560038 ], [ 30.20118840001625, 60.518821958272952 ], [ 30.198658320016222, 60.519024019505586 ], [ 30.198769920016201, 60.518898938347569 ], [ 30.199088160016192, 60.518502077085024 ], [ 30.19971204001623, 60.517724462951549 ], [ 30.199876200016245, 60.517524785496825 ], [ 30.20083452001618, 60.51633918633307 ], [ 30.201342120016207, 60.515807455420479 ], [ 30.202216920016248, 60.51497378442194 ], [ 30.203046360016216, 60.513843288734613 ], [ 30.203320320016239, 60.513469932982694 ], [ 30.203490960016246, 60.513227081096588 ], [ 30.204024480016177, 60.512329106926913 ], [ 30.20440860001623, 60.511539560186634 ], [ 30.204938520016221, 60.510397602865531 ], [ 30.205411920016211, 60.509612971215624 ], [ 30.205796760016234, 60.509257466126869 ], [ 30.206013480016193, 60.509072623206038 ], [ 30.206331360016254, 60.509160259794221 ], [ 30.206334960016189, 60.509161057294925 ], [ 30.206380320016258, 60.509172576747659 ], [ 30.206411640016249, 60.509181880918021 ], [ 30.206540520016212, 60.50922547756646 ], [ 30.206625120016199, 60.509247807534386 ], [ 30.20665176001625, 60.509253212802101 ], [ 30.206689920016167, 60.50928502411341 ], [ 30.206765160016193, 60.509324721750616 ], [ 30.206862000016216, 60.509356710213048 ], [ 30.206930400016208, 60.509369558755559 ], [ 30.206946600016195, 60.509394901383097 ], [ 30.20699484001624, 60.509436991367544 ], [ 30.207052440016238, 60.509472258301876 ], [ 30.207121560016212, 60.509502740244365 ], [ 30.207202560016263, 60.509527551106629 ], [ 30.207288600016188, 60.509545007309029 ], [ 30.207375360016176, 60.509554931643272 ], [ 30.207465360016251, 60.50955794438697 ], [ 30.207472560016225, 60.509557589946525 ], [ 30.207477960016224, 60.50955980519911 ], [ 30.207596400016222, 60.509586210998222 ], [ 30.207721320016223, 60.509595780879842 ], [ 30.207758760016173, 60.509594451729804 ], [ 30.207825000016175, 60.509596844199827 ], [ 30.207850920016249, 60.509601451919472 ], [ 30.207951000016177, 60.509608717937517 ], [ 30.208059720016184, 60.509606059638422 ], [ 30.208152240016201, 60.509594717559786 ], [ 30.208254840016242, 60.509571590340293 ], [ 30.208368960016248, 60.509526044733391 ], [ 30.208422600016192, 60.509491132298734 ], [ 30.20847336001626, 60.509480942114017 ], [ 30.208526280016233, 60.509466232798225 ], [ 30.208568760016242, 60.509468536667406 ], [ 30.208666680016258, 60.509467030291432 ], [ 30.20876244001618, 60.509459675631234 ], [ 30.208881600016245, 60.509441953551594 ], [ 30.2089701600162, 60.509422282031835 ], [ 30.208975560016199, 60.509420598432747 ], [ 30.208987080016254, 60.509420332601273 ], [ 30.209052240016256, 60.509412712099014 ], [ 30.209059800016252, 60.50941519319295 ], [ 30.20915304001624, 60.509437700251034 ], [ 30.209218200016238, 60.509445675189113 ], [ 30.209221800016174, 60.509447092955668 ], [ 30.209273280016209, 60.509467473343179 ], [ 30.209361840016172, 60.509499904716023 ], [ 30.209533200016239, 60.509537121005557 ], [ 30.209630400016191, 60.509554931643272 ], [ 30.209733000016232, 60.509571767560445 ], [ 30.20982768001625, 60.509582489376839 ], [ 30.209922360016176, 60.509586122388193 ], [ 30.210022440016186, 60.50958310964711 ], [ 30.210097680016208, 60.509575666403201 ], [ 30.210165360016234, 60.509566362345879 ], [ 30.210293880016177, 60.509545007309029 ], [ 30.210415200016239, 60.509518512866165 ], [ 30.210424560016204, 60.50951576594943 ], [ 30.210500880016227, 60.509510449335764 ], [ 30.210570720016257, 60.509533753819206 ], [ 30.210633720016258, 60.509543766767003 ], [ 30.210693840016198, 60.509558476047609 ], [ 30.210769440016254, 60.509580894396116 ], [ 30.21089796001619, 60.50960446465885 ], [ 30.210980400016187, 60.509608363497662 ], [ 30.211003080016173, 60.509616515613608 ], [ 30.211011000016196, 60.509624756337473 ], [ 30.211086240016225, 60.509682618565257 ], [ 30.211196040016233, 60.509726568978564 ], [ 30.211320960016234, 60.509755721538355 ], [ 30.211445520016206, 60.509765734417584 ], [ 30.211548120016246, 60.509763430569571 ], [ 30.211598880016219, 60.509758468434754 ], [ 30.211682760016238, 60.509766797732013 ], [ 30.211791840016186, 60.509767240779681 ], [ 30.211875720016209, 60.509764139445885 ], [ 30.211940520016185, 60.509756430414889 ], [ 30.212005680016176, 60.509763962226813 ], [ 30.212088120016261, 60.509768569922656 ], [ 30.212160120016197, 60.509769367408431 ], [ 30.212234280016219, 60.509766177465302 ], [ 30.212256960016209, 60.50976449388407 ], [ 30.212349480016226, 60.509769544627453 ], [ 30.212395920016206, 60.509766531903423 ], [ 30.212508240016245, 60.509787355137426 ], [ 30.21268860001625, 60.509801798479124 ], [ 30.21270372001624, 60.509799228805306 ], [ 30.212769960016239, 60.509809241671086 ], [ 30.212845920016228, 60.509819608971362 ], [ 30.212929800016251, 60.509828026862287 ], [ 30.213082800016238, 60.509826609112402 ], [ 30.213095400016201, 60.509831039580597 ], [ 30.213256680016244, 60.509880572174154 ], [ 30.21343128001622, 60.509933206009848 ], [ 30.21344568001625, 60.509937459245364 ], [ 30.213472680016235, 60.509980877659345 ], [ 30.213602280016268, 60.510041751949927 ], [ 30.213696600016245, 60.510075246052295 ], [ 30.213820080016223, 60.510099702041735 ], [ 30.213924480016232, 60.510108385685712 ], [ 30.214045800016205, 60.510111309769357 ], [ 30.214053360016202, 60.510110423683436 ], [ 30.214059120016231, 60.510111486986553 ], [ 30.214073880016187, 60.510114145244195 ], [ 30.214078200016189, 60.510118398455958 ], [ 30.214208160016245, 60.510178386404128 ], [ 30.214400760016183, 60.510220563979182 ], [ 30.214612440016175, 60.510214538614669 ], [ 30.214626840016194, 60.510218082946842 ], [ 30.214667880016183, 60.510217994338589 ], [ 30.214738440016177, 60.51023979197312 ], [ 30.214915560016184, 60.5102534376393 ], [ 30.215050560016209, 60.51024475403424 ], [ 30.215104920016216, 60.510235715993815 ], [ 30.215115000016233, 60.510238640065957 ], [ 30.215230560016188, 60.510255564236104 ], [ 30.215338200016188, 60.510260880727522 ], [ 30.215473560016246, 60.51025547562795 ], [ 30.215488320016217, 60.510252462949055 ], [ 30.215504160016174, 60.510254589545923 ], [ 30.215638080016205, 60.510259285780187 ], [ 30.215831040016258, 60.510237842591778 ], [ 30.215841840016253, 60.510233500787429 ], [ 30.215864880016184, 60.510236336251531 ], [ 30.216009600016207, 60.510238640065957 ], [ 30.216258000016179, 60.510216665214031 ], [ 30.216349080016254, 60.510204348657439 ], [ 30.216441960016208, 60.510195487822493 ], [ 30.216524400016205, 60.510190968795698 ], [ 30.216622680016247, 60.510192475138012 ], [ 30.216730680016198, 60.510188310544365 ], [ 30.216839400016205, 60.510174399025473 ], [ 30.216931920016222, 60.510157031770625 ], [ 30.217043520016198, 60.510128322614548 ], [ 30.217151160016204, 60.510084815789519 ], [ 30.217239720016256, 60.510036524031364 ], [ 30.217362120016226, 60.509998245008653 ], [ 30.217382640016215, 60.50999000437978 ], [ 30.217601880016201, 60.509944725188106 ], [ 30.217741200016224, 60.509926028673682 ], [ 30.218001840016221, 60.509889078658432 ], [ 30.218139000016251, 60.509851862773139 ], [ 30.218205960016221, 60.509833077595751 ], [ 30.218207040016217, 60.509833254814481 ], [ 30.218323680016255, 60.509846989261185 ], [ 30.218460840016185, 60.509846723433263 ], [ 30.218529240016185, 60.509840520780557 ], [ 30.218594760016217, 60.509852837475442 ], [ 30.218706720016222, 60.509880040518802 ], [ 30.218767560016222, 60.509918674117607 ], [ 30.21895656001622, 60.510073739704524 ], [ 30.218962320016249, 60.510076486573965 ], [ 30.218992920016266, 60.510133107475653 ], [ 30.219169680016243, 60.510199829631887 ], [ 30.219389640016196, 60.510249361661707 ], [ 30.219481800016183, 60.510262564282961 ], [ 30.219525720016222, 60.510269298503843 ], [ 30.21959736001622, 60.51029393156297 ], [ 30.219708600016258, 60.510313248121427 ], [ 30.219816600016209, 60.510328045660678 ], [ 30.219939720016239, 60.510330438076558 ], [ 30.220043400016188, 60.510326539324666 ], [ 30.220093800016226, 60.510325121596551 ], [ 30.220096680016191, 60.510325210204563 ], [ 30.220177680016246, 60.510352678675147 ], [ 30.220400160016226, 60.510406995291923 ], [ 30.22048476001622, 60.51042046367224 ], [ 30.220612200016248, 60.510433666223776 ], [ 30.220798320016186, 60.510426577606154 ], [ 30.220931160016221, 60.510415767461318 ], [ 30.221374680016247, 60.510404780097261 ], [ 30.221650080016211, 60.51039565349366 ], [ 30.221836920016209, 60.510391577533944 ], [ 30.222094680016237, 60.510398666159226 ], [ 30.222123840016227, 60.510404691489462 ], [ 30.222307800016257, 60.510450413076754 ], [ 30.222558720016263, 60.5105047295297 ], [ 30.22285032001621, 60.510533438352262 ], [ 30.223132200016256, 60.510540261124241 ], [ 30.223428840016268, 60.510537602901557 ], [ 30.223437120016232, 60.51053361556712 ], [ 30.224108520016244, 60.510617969737588 ], [ 30.224496960016214, 60.510669627697808 ], [ 30.224007360016234, 60.510953346278733 ], [ 30.223919880016183, 60.511037699356464 ], [ 30.223807200016211, 60.511095736272956 ], [ 30.223622160016262, 60.51115076049016 ], [ 30.223612080016238, 60.511225366445444 ], [ 30.223766880016196, 60.511323541241161 ], [ 30.224046600016244, 60.511515902726721 ], [ 30.224137680016234, 60.511574824832614 ], [ 30.22447824001619, 60.51181290449108 ], [ 30.224720160016258, 60.512001010107269 ], [ 30.22552188001627, 60.512198683744302 ], [ 30.225718800016207, 60.512264072606612 ], [ 30.226771440016218, 60.51255451097218 ], [ 30.226988880016233, 60.512599697915221 ], [ 30.227050800016233, 60.512627961873022 ], [ 30.226971960016179, 60.512708677930291 ], [ 30.226680720016258, 60.512977759535751 ], [ 30.228455520016265, 60.513378852663763 ], [ 30.228489720016217, 60.513568455374049 ], [ 30.22854192001622, 60.513661218538772 ], [ 30.229044840016222, 60.513674419769885 ], [ 30.22936920001619, 60.513383548445255 ], [ 30.229405560016232, 60.513351120959392 ], [ 30.230653320016213, 60.513725186870182 ], [ 30.231341280016249, 60.513887499299301 ], [ 30.231482040016211, 60.513910357643738 ], [ 30.232674000016242, 60.514103412553048 ], [ 30.232943640016266, 60.514143547275026 ] ] ] } },
{ "type": "Feature", "properties": { }, "geometry": { "type": "Polygon", "coordinates": [ [ [ 30.199401360016228, 60.52762484792342 ], [ 30.195625320016187, 60.527592523253297 ], [ 30.204068040016182, 60.520599185777854 ], [ 30.204405720016176, 60.520671644063768 ], [ 30.204766440016186, 60.52068758840808 ], [ 30.205078560016219, 60.520654813914 ], [ 30.205847520016206, 60.520707253088602 ], [ 30.206233440016234, 60.520734269859965 ], [ 30.20676552001623, 60.52082001474237 ], [ 30.207110760016214, 60.52087723692398 ], [ 30.20773104001622, 60.521018697518016 ], [ 30.208126680016239, 60.521127383478287 ], [ 30.208509000016239, 60.521228982819586 ], [ 30.20921352001621, 60.52122411101886 ], [ 30.209428440016197, 60.521171495524399 ], [ 30.209752440016224, 60.521076362241637 ], [ 30.209954760016249, 60.521013914264451 ], [ 30.210628680016196, 60.520799464336712 ], [ 30.211382160016171, 60.5205065310588 ], [ 30.212227440016189, 60.520158852048759 ], [ 30.212990640016251, 60.51975686845477 ], [ 30.213296280016195, 60.519574831492903 ], [ 30.213578160016247, 60.519310233851066 ], [ 30.2145692400162, 60.522614670353548 ], [ 30.214467720016248, 60.526896339444541 ], [ 30.221565480016224, 60.526934775628447 ], [ 30.221670240016262, 60.529088811690322 ], [ 30.219251400016262, 60.529168069832458 ], [ 30.214568160016199, 60.530213550696587 ], [ 30.218190120016256, 60.533720261055123 ], [ 30.216492720016188, 60.537422783297373 ], [ 30.214251360016227, 60.537357622283764 ], [ 30.214004400016197, 60.537404722377367 ], [ 30.213679320016258, 60.537308220232283 ], [ 30.213258120016189, 60.537254568456497 ], [ 30.212979120016197, 60.537225175036696 ], [ 30.212684280016251, 60.537194896245026 ], [ 30.212434080016212, 60.537176481059596 ], [ 30.212172720016252, 60.537156649309793 ], [ 30.211961040016259, 60.537146379291691 ], [ 30.211733520016217, 60.537141686954769 ], [ 30.211489080016211, 60.53713513538883 ], [ 30.2111956800162, 60.537125662176322 ], [ 30.210971760016189, 60.53712495389864 ], [ 30.210539040016243, 60.537117516982029 ], [ 30.210614640016207, 60.536408257475678 ], [ 30.210358320016212, 60.536413923822195 ], [ 30.209493240016254, 60.536579398409685 ], [ 30.209127840016219, 60.536630483758842 ], [ 30.20890788001617, 60.536560008975279 ], [ 30.208858200016195, 60.536463327238643 ], [ 30.20922360001623, 60.536462884556052 ], [ 30.209570280016251, 60.536395508192442 ], [ 30.209585400016241, 60.536400112100893 ], [ 30.209614200016201, 60.536387008667511 ], [ 30.209963400016242, 60.536319100924473 ], [ 30.21036156001621, 60.536138485112751 ], [ 30.210511680016225, 60.535908552643313 ], [ 30.210280200016214, 60.535739887240418 ], [ 30.20999292001617, 60.535677821692481 ], [ 30.209802120016199, 60.535580694626148 ], [ 30.209757120016249, 60.535557851572783 ], [ 30.209775840016182, 60.535459661675254 ], [ 30.209920560016204, 60.535406715150685 ], [ 30.210687360016205, 60.535051758704967 ], [ 30.210728040016239, 60.535038566185357 ], [ 30.21172632001625, 60.535507738461234 ], [ 30.211915320016253, 60.535446292243314 ], [ 30.212694720016216, 60.535192449066415 ], [ 30.213218160016204, 60.535404678744165 ], [ 30.214263600016249, 60.534984290863484 ], [ 30.213233280016201, 60.534386459437016 ], [ 30.212952840016179, 60.53427339084778 ], [ 30.212163720016221, 60.533954282064805 ], [ 30.21162372001621, 60.533740006366457 ], [ 30.211459200016257, 60.533658368723138 ], [ 30.211408440016189, 60.533633222162457 ], [ 30.211336440016254, 60.533039615986681 ], [ 30.211316640016236, 60.53287438894224 ], [ 30.211498440016175, 60.532481506457863 ], [ 30.212385480016241, 60.532369936526138 ], [ 30.212916840016259, 60.53235355519422 ], [ 30.212930880016248, 60.532282716906941 ], [ 30.213029520016235, 60.531780823201792 ], [ 30.212610480016252, 60.531761873639852 ], [ 30.212404560016196, 60.531712197399209 ], [ 30.211797240016185, 60.531574856807836 ], [ 30.211450920016205, 60.531482499138605 ], [ 30.211413480016251, 60.531583711795861 ], [ 30.211390800016257, 60.531645519544639 ], [ 30.211381080016171, 60.531643571451234 ], [ 30.210953040016257, 60.531556704074909 ], [ 30.210258600016228, 60.531415732260619 ], [ 30.209260680016246, 60.531254835915973 ], [ 30.209087520016208, 60.531185943345612 ], [ 30.209096160016205, 60.531083224073825 ], [ 30.20938344001625, 60.530670661232833 ], [ 30.208052160016184, 60.5306326722459 ], [ 30.20727780001619, 60.530677745421279 ], [ 30.206178720016201, 60.530665348090487 ], [ 30.205373400016253, 60.530521715811894 ], [ 30.205322640016192, 60.53052198147023 ], [ 30.204289440016257, 60.530527206083342 ], [ 30.20374476001621, 60.530112333755845 ], [ 30.20318388001618, 60.529685412626208 ], [ 30.202131600016198, 60.530046980917369 ], [ 30.201613920016232, 60.530301484317327 ], [ 30.201114240016228, 60.530400044073687 ], [ 30.200864040016199, 60.530417311924666 ], [ 30.200587200016209, 60.530159355838521 ], [ 30.200373000016185, 60.529861548161499 ], [ 30.200372640016251, 60.52986145960692 ], [ 30.200304240016251, 60.529765731966037 ], [ 30.200403960016235, 60.529649636362215 ], [ 30.200694480016182, 60.52942027769096 ], [ 30.201949800016248, 60.528816852947749 ], [ 30.201825240016191, 60.528688355853731 ], [ 30.201121080016161, 60.527961908177346 ], [ 30.201078960016179, 60.527634235355798 ], [ 30.199401360016228, 60.52762484792342 ] ] ] } },
{ "type": "Feature", "properties": { }, "geometry": { "type": "Polygon", "coordinates": [ [ [ 30.205405800016237, 60.570908268244686 ], [ 30.205331640016215, 60.570838840973813 ], [ 30.205242360016197, 60.570748717962836 ], [ 30.205244520016194, 60.57065682584107 ], [ 30.205270440016182, 60.570586248268917 ], [ 30.205258920016224, 60.570456501878994 ], [ 30.205218960016236, 60.570383624332678 ], [ 30.205722240016179, 60.570175427136334 ], [ 30.205938960016226, 60.570320917671694 ], [ 30.206609640016179, 60.570242644729504 ], [ 30.206626560016232, 60.570241583400176 ], [ 30.206630520016198, 60.570266082410036 ], [ 30.206651040016194, 60.570306589757472 ], [ 30.206811960016203, 60.570297037811123 ], [ 30.206829240016198, 60.570295711151665 ], [ 30.207001680016173, 60.570634715089412 ], [ 30.207676680016217, 60.570551401641374 ], [ 30.207722760016253, 60.570634538203372 ], [ 30.207651120016255, 60.570663989721325 ], [ 30.207606480016249, 60.570667704325302 ], [ 30.207561840016236, 60.570675487303681 ], [ 30.207490560016179, 60.570691053254784 ], [ 30.207421440016219, 60.570698659341758 ], [ 30.207358440016211, 60.570706265426999 ], [ 30.207313800016205, 60.570713959953267 ], [ 30.207256920016171, 60.570716613237757 ], [ 30.207182040016182, 60.570719178079209 ], [ 30.2071334400162, 60.57071891275077 ], [ 30.207078720016256, 60.570705734769952 ], [ 30.207016080016203, 60.570709626254782 ], [ 30.206967120016191, 60.570711306668557 ], [ 30.206918880016243, 60.570712898639407 ], [ 30.206885760016203, 60.570732798268395 ], [ 30.206835000016223, 60.570739431475367 ], [ 30.206786400016249, 60.570742173200507 ], [ 30.206739600016238, 60.570745887795496 ], [ 30.206694960016232, 60.570747568207381 ], [ 30.206648520016252, 60.570746330009143 ], [ 30.206595960016216, 60.570739166147092 ], [ 30.206547360016241, 60.570733859581587 ], [ 30.206488680016232, 60.570726518831236 ], [ 30.206418120016242, 60.570721212263663 ], [ 30.206365200016172, 60.570723865547556 ], [ 30.206304360016173, 60.570724484647123 ], [ 30.20625396001623, 60.570732179169006 ], [ 30.206184840016174, 60.57072987965693 ], [ 30.206144520016249, 60.570730587199144 ], [ 30.206115720016207, 60.570740935002071 ], [ 30.206096280016212, 60.570760657728457 ], [ 30.206075760016223, 60.57075367075501 ], [ 30.20604660001624, 60.570755970265438 ], [ 30.206016000016223, 60.570757827562147 ], [ 30.205973520016215, 60.570752078786164 ], [ 30.205940040016223, 60.570753847640439 ], [ 30.205923840016236, 60.570762780352993 ], [ 30.205863000016233, 60.570785510115435 ], [ 30.205839240016246, 60.57080947805769 ], [ 30.2058018000162, 60.570819206737674 ], [ 30.205756080016194, 60.570807620763894 ], [ 30.205710000016246, 60.570811600679022 ], [ 30.205638000016222, 60.570811158466277 ], [ 30.205557000016171, 60.570830527379769 ], [ 30.205530360016208, 60.570860155604045 ], [ 30.205501200016222, 60.570885361683914 ], [ 30.205446120016244, 60.570896682302809 ], [ 30.205405800016237, 60.570908268244686 ] ] ] } },
{ "type": "Feature", "properties": { }, "geometry": { "type": "Polygon", "coordinates": [ [ [ 30.18746124001623, 60.575643386813354 ], [ 30.187746360016188, 60.57564842728484 ], [ 30.188386800016247, 60.575662222255488 ], [ 30.188930040016167, 60.575657358644705 ], [ 30.189840840016217, 60.575612436532438 ], [ 30.190072320016231, 60.575527367321897 ], [ 30.19023720001621, 60.575433808617653 ], [ 30.190563720016176, 60.575180632807481 ], [ 30.191061960016242, 60.57542567306534 ], [ 30.191402520016194, 60.575791505604464 ], [ 30.191193000016209, 60.575842794341071 ], [ 30.190813920016211, 60.575861983381955 ], [ 30.190421160016239, 60.575998074916299 ], [ 30.190190760016229, 60.576011958166028 ], [ 30.189771360016223, 60.576036983371772 ], [ 30.189713400016188, 60.576023719130866 ], [ 30.189416400016242, 60.575955098704199 ], [ 30.189135240016164, 60.575942895571828 ], [ 30.188907000016236, 60.575994891495149 ], [ 30.188721960016206, 60.576047064191243 ], [ 30.18846240001621, 60.576040255217031 ], [ 30.188279520016174, 60.576007271464562 ], [ 30.188195640016243, 60.575889661563693 ], [ 30.188032560016232, 60.575910000148589 ], [ 30.187960560016208, 60.575765861205646 ], [ 30.187783440016201, 60.575713334339035 ], [ 30.187612800016193, 60.575717313650067 ], [ 30.187599840016198, 60.575700777398637 ], [ 30.187596600016199, 60.575689546891518 ], [ 30.187567800016243, 60.575685832864664 ], [ 30.187562400016247, 60.575677432088114 ], [ 30.187540800016169, 60.575673983347599 ], [ 30.187505880016236, 60.575668323875256 ], [ 30.187482480016193, 60.5756547057658 ], [ 30.18746124001623, 60.575643386813354 ] ] ] } },
{ "type": "Feature", "properties": { }, "geometry": { "type": "Polygon", "coordinates": [ [ [ 30.2120841600162, 60.548067676147319 ], [ 30.211331400016192, 60.547951734680311 ], [ 30.211594200016194, 60.547333343670218 ], [ 30.21159600001625, 60.547333609190609 ], [ 30.212355960016222, 60.547405388114534 ], [ 30.2120841600162, 60.548067676147319 ] ] ] } },
{ "type": "Feature", "properties": { }, "geometry": { "type": "Polygon", "coordinates": [ [ [ 30.194785080016217, 60.572770101673605 ], [ 30.193163280016211, 60.572888872606775 ], [ 30.193200720016247, 60.572968023507507 ], [ 30.192465600016178, 60.573496162879877 ], [ 30.192341040016206, 60.573561339561856 ], [ 30.192169680016228, 60.573981491652788 ], [ 30.192038280016227, 60.573930553698226 ], [ 30.191712840016169, 60.573777562484032 ], [ 30.191796000016222, 60.573724236474433 ], [ 30.191451120016175, 60.573594148940856 ], [ 30.191222880016163, 60.573275870028056 ], [ 30.191077440016173, 60.573148964391649 ], [ 30.191094720016164, 60.572912219931716 ], [ 30.191109480016216, 60.572869593363599 ], [ 30.191559120016212, 60.572551749504363 ], [ 30.191907600016204, 60.571960360583262 ], [ 30.193853040016212, 60.571866437793872 ], [ 30.194785080016217, 60.572770101673605 ] ] ] } },
{ "type": "Feature", "properties": { }, "geometry": { "type": "Polygon", "coordinates": [ [ [ 30.219981840016217, 60.586106154510169 ], [ 30.21987276001618, 60.585973553187287 ], [ 30.22138980001624, 60.585431384915829 ], [ 30.223420920016245, 60.584705326637383 ], [ 30.22433424001623, 60.584997502300979 ], [ 30.224491200016185, 60.58512259334303 ], [ 30.224570760016206, 60.585190133463996 ], [ 30.224748240016243, 60.585332639119819 ], [ 30.224909880016231, 60.585465331476051 ], [ 30.225214080016233, 60.58570949813177 ], [ 30.225274200016266, 60.585757942274142 ], [ 30.225477600016202, 60.585921308116582 ], [ 30.226638600016194, 60.586942149116773 ], [ 30.224219040016227, 60.587716775118786 ], [ 30.221409600016262, 60.588384160234632 ], [ 30.221110080016196, 60.588103153003665 ], [ 30.221031600016261, 60.588038889603588 ], [ 30.220101000016189, 60.587425684815003 ], [ 30.220865280016252, 60.587178525607406 ], [ 30.219981840016217, 60.586106154510169 ] ] ] } },
{ "type": "Feature", "properties": { }, "geometry": { "type": "Polygon", "coordinates": [ [ [ 30.20407308001624, 60.570058680458047 ], [ 30.203994960016249, 60.570083798718358 ], [ 30.203227440016189, 60.570321183003351 ], [ 30.202698600016198, 60.570388134962315 ], [ 30.202570440016199, 60.570385304763406 ], [ 30.20147820001624, 60.570334007365538 ], [ 30.200925960016193, 60.570326931856023 ], [ 30.199586040016232, 60.570264048196925 ], [ 30.199134240016235, 60.570174365804782 ], [ 30.198311280016174, 60.569984563787436 ], [ 30.197881800016226, 60.569889750805928 ], [ 30.19781268001617, 60.569877191602792 ], [ 30.197606760016203, 60.569839956190243 ], [ 30.19739292001622, 60.569801394055048 ], [ 30.197098800016235, 60.569767519480941 ], [ 30.196795680016226, 60.569753014430511 ], [ 30.196493640016225, 60.569756552248258 ], [ 30.196199520016243, 60.569774948894491 ], [ 30.195914760016223, 60.569801394055048 ], [ 30.195359280016188, 60.569860210137307 ], [ 30.194807760016211, 60.569918849222546 ], [ 30.194534880016189, 60.56994662093922 ], [ 30.194262720016226, 60.569969174385847 ], [ 30.193989840016204, 60.569986067349255 ], [ 30.193715880016185, 60.56999694605927 ], [ 30.193440120016195, 60.570001898966694 ], [ 30.193162560016237, 60.570002252745745 ], [ 30.19313736001622, 60.570001898966694 ], [ 30.192884640016253, 60.569999157178756 ], [ 30.192607080016199, 60.569992170040699 ], [ 30.192329160016207, 60.569981291329086 ], [ 30.192194160016182, 60.569975100190767 ], [ 30.192050160016226, 60.569968555271821 ], [ 30.191771160016234, 60.569953961866737 ], [ 30.191212080016172, 60.569921679462283 ], [ 30.190932360016216, 60.569903194454554 ], [ 30.190561200016237, 60.569880021846181 ], [ 30.190565160016206, 60.56986374794338 ], [ 30.19059756001619, 60.56968951053554 ], [ 30.190636800016197, 60.569693755925158 ], [ 30.191149080016167, 60.56875949143037 ], [ 30.191578560016207, 60.568544296321953 ], [ 30.193573320016164, 60.567953895480507 ], [ 30.194110440016207, 60.567830064722521 ], [ 30.194892360016198, 60.567683501562513 ], [ 30.196213920016177, 60.567250618923033 ], [ 30.196939320016256, 60.567010293140868 ], [ 30.197517480016192, 60.567077251957571 ], [ 30.199603320016223, 60.56751624007736 ], [ 30.199893840016177, 60.567592308337623 ], [ 30.200055120016213, 60.567675364059191 ], [ 30.200344200016232, 60.567832895145159 ], [ 30.200443200016242, 60.567854123306908 ], [ 30.20082012001625, 60.567986091399852 ], [ 30.202049880016176, 60.568416576065204 ], [ 30.202062480016231, 60.568409323237667 ], [ 30.202329600016224, 60.568514489077252 ], [ 30.203060400016209, 60.569165731312204 ], [ 30.20396652001623, 60.569972800624811 ], [ 30.20407308001624, 60.570058680458047 ] ] ] } },
{ "type": "Feature", "properties": { }, "geometry": { "type": "Polygon", "coordinates": [ [ [ 30.218608080016239, 60.586734677375929 ], [ 30.218062680016228, 60.586653350211506 ], [ 30.217411440016264, 60.586656178985898 ], [ 30.217331880016239, 60.586605791405269 ], [ 30.21693372001619, 60.586249186526899 ], [ 30.216893040016238, 60.586183151428543 ], [ 30.216774600016233, 60.58607671706347 ], [ 30.217005000016247, 60.586087501956968 ], [ 30.217197960016215, 60.586108010924839 ], [ 30.21795144001619, 60.586188013455121 ], [ 30.218022360016214, 60.5862156827924 ], [ 30.218608080016239, 60.586734677375929 ] ] ] } },
{ "type": "Feature", "properties": { }, "geometry": { "type": "Polygon", "coordinates": [ [ [ 30.220300440016249, 60.492346533402639 ], [ 30.219704280016259, 60.492137479129106 ], [ 30.219118560016238, 60.492162125971063 ], [ 30.218345280016244, 60.49232312790209 ], [ 30.216148920016231, 60.4930580880172 ], [ 30.215447640016265, 60.493288058846154 ], [ 30.215010600016225, 60.493392937059696 ], [ 30.214783440016213, 60.493419267377881 ], [ 30.214595880016244, 60.493387174529261 ], [ 30.214435320016257, 60.493270416577403 ], [ 30.214014480016218, 60.492760825697061 ], [ 30.214016280016185, 60.492721817018534 ], [ 30.215009520016231, 60.492480316791514 ], [ 30.216556800016189, 60.492069212598622 ], [ 30.217773240016182, 60.491506495865274 ], [ 30.218707080016252, 60.491282097986321 ], [ 30.219278400016247, 60.491122154812658 ], [ 30.220347600016197, 60.490985883315595 ], [ 30.220348680016198, 60.490983755454202 ], [ 30.220515360016236, 60.490992444220545 ], [ 30.221316360016186, 60.491018244523204 ], [ 30.221569800016216, 60.491011860945079 ], [ 30.221705880016241, 60.491126765159073 ], [ 30.221929440016225, 60.49131614343807 ], [ 30.222203400016248, 60.492135351343315 ], [ 30.221379360016186, 60.492383503420143 ], [ 30.220871400016218, 60.492470919169243 ], [ 30.220803000016218, 60.49251843919361 ], [ 30.220495920016244, 60.49247996216431 ], [ 30.220300440016249, 60.492346533402639 ] ] ] } },
{ "type": "Feature", "properties": { }, "geometry": { "type": "Polygon", "coordinates": [ [ [ 30.227074920016253, 60.489825468864304 ], [ 30.226990320016263, 60.490004481106723 ], [ 30.226910040016186, 60.490174448725455 ], [ 30.226829760016187, 60.490344149465471 ], [ 30.226780440016242, 60.49036374390333 ], [ 30.226574520016193, 60.490445224719366 ], [ 30.226471560016208, 60.49046136126583 ], [ 30.225708360016238, 60.490787459643279 ], [ 30.225421800016257, 60.490937208452031 ], [ 30.225135600016209, 60.491086690587458 ], [ 30.224904840016258, 60.491207002813979 ], [ 30.224726640016257, 60.491300184637019 ], [ 30.224651760016261, 60.491330063052594 ], [ 30.224415240016196, 60.491424751736716 ], [ 30.224041920016219, 60.491033050873163 ], [ 30.223755360016238, 60.490908748252124 ], [ 30.224427840016247, 60.490443451472004 ], [ 30.224746080016246, 60.489970877596207 ], [ 30.224763360016233, 60.489967242385823 ], [ 30.225255840016182, 60.489817577762039 ], [ 30.225781440016267, 60.489654612771218 ], [ 30.226159440016268, 60.489611876441145 ], [ 30.22618716001622, 60.489610014483596 ], [ 30.22618716001622, 60.489610103148266 ], [ 30.227074920016253, 60.489825468864304 ] ] ] } },
{ "type": "Feature", "properties": { }, "geometry": { "type": "Polygon", "coordinates": [ [ [ 30.184111440016224, 60.521064847020831 ], [ 30.175339680016233, 60.522621047709613 ], [ 30.175595280016172, 60.519687862836342 ], [ 30.177478080016211, 60.518590219682778 ], [ 30.177301680016178, 60.518512530189582 ], [ 30.177947880016173, 60.51816199500513 ], [ 30.178472400016162, 60.517886489582224 ], [ 30.178663200016221, 60.517787360208956 ], [ 30.178884960016234, 60.51767334776644 ], [ 30.179137320016181, 60.517544452097574 ], [ 30.179420640016165, 60.517400584436032 ], [ 30.179734920016195, 60.517241744582385 ], [ 30.180080520016208, 60.517067666547568 ], [ 30.180592800016179, 60.516794366575198 ], [ 30.180584880016244, 60.516809869876802 ], [ 30.180484800016227, 60.51700450212347 ], [ 30.180300120016231, 60.517264689149236 ], [ 30.179987280016224, 60.517713035126867 ], [ 30.179836800016179, 60.517869835160056 ], [ 30.17931876001618, 60.518128509262127 ], [ 30.178912320016163, 60.518185204679739 ], [ 30.178513080016206, 60.518256782502732 ], [ 30.178386720016174, 60.518334118264924 ], [ 30.178334880016202, 60.518442547476255 ], [ 30.178468080016163, 60.518580120945053 ], [ 30.178618920016248, 60.518709721173536 ], [ 30.178813680016184, 60.518827627697803 ], [ 30.178986120016162, 60.518911163014621 ], [ 30.179044080016194, 60.519030397568692 ], [ 30.178553760016158, 60.519260095587576 ], [ 30.178198800016169, 60.519412636140899 ], [ 30.1782708000162, 60.519565796054977 ], [ 30.1784479200162, 60.519687597089153 ], [ 30.178798920016213, 60.519779102582916 ], [ 30.182337360016199, 60.52060441199221 ], [ 30.184111440016224, 60.521064847020831 ] ] ] } },
{ "type": "Feature", "properties": { }, "geometry": { "type": "Polygon", "coordinates": [ [ [ 30.175722720016207, 60.518223031098472 ], [ 30.17594448001622, 60.515674742812088 ], [ 30.175950240016153, 60.515612550201013 ], [ 30.176246160016195, 60.515648430568127 ], [ 30.176919000016238, 60.515740833404649 ], [ 30.178026720016227, 60.516053122919807 ], [ 30.178824120016237, 60.516185036650278 ], [ 30.179619000016221, 60.516388531794895 ], [ 30.179169720016166, 60.516628259306593 ], [ 30.178823400016174, 60.516802694063848 ], [ 30.178507320016177, 60.516962510558841 ], [ 30.178221840016189, 60.51710753182897 ], [ 30.177966240016161, 60.517237935251167 ], [ 30.17774160001618, 60.517353543824385 ], [ 30.177547560016212, 60.517454269118474 ], [ 30.177383760016227, 60.517539579742646 ], [ 30.177249840016202, 60.517609918759149 ], [ 30.177146160016161, 60.517664577561966 ], [ 30.17701476001616, 60.517734207605017 ], [ 30.176351280016171, 60.51809404903009 ], [ 30.176120160016193, 60.51799243985495 ], [ 30.175722720016207, 60.518223031098472 ] ] ] } },
{ "type": "Feature", "properties": { }, "geometry": { "type": "Polygon", "coordinates": [ [ [ 30.207938400016211, 60.506950221286182 ], [ 30.20536692001626, 60.509139701990954 ], [ 30.204955080016248, 60.509520373680559 ], [ 30.204462960016233, 60.510335843163674 ], [ 30.203929440016218, 60.511484448024845 ], [ 30.203549640016249, 60.512266819290367 ], [ 30.203022960016252, 60.513153365753155 ], [ 30.202857000016188, 60.513388953023075 ], [ 30.201765120016251, 60.514876595237638 ], [ 30.200901120016205, 60.515700257694895 ], [ 30.200383440016246, 60.516242621387718 ], [ 30.199420440016187, 60.517434336697256 ], [ 30.199255920016238, 60.517634280473558 ], [ 30.198429360016235, 60.518663922655769 ], [ 30.197291760016203, 60.518731247340313 ], [ 30.19411080001624, 60.519289682487432 ], [ 30.194051400016178, 60.519300135337772 ], [ 30.190681080016187, 60.519900016996729 ], [ 30.188540160016174, 60.51914635408032 ], [ 30.186476280016251, 60.517944071295197 ], [ 30.186068760016237, 60.517480579895697 ], [ 30.185925480016238, 60.517036128645749 ], [ 30.186034200016156, 60.516517963609694 ], [ 30.186374040016236, 60.516111948182299 ], [ 30.190249440016231, 60.513286354490269 ], [ 30.190569480016205, 60.513152391150136 ], [ 30.191207040016199, 60.513069549786309 ], [ 30.191564880016244, 60.512915384545323 ], [ 30.191728320016196, 60.512759446543853 ], [ 30.191730480016197, 60.512545119168273 ], [ 30.191599440016226, 60.512280286897607 ], [ 30.191617080016247, 60.512110789564225 ], [ 30.193827480016161, 60.510046270997528 ], [ 30.195719640016165, 60.507851180202053 ], [ 30.196694160016186, 60.506467785461659 ], [ 30.197268000016219, 60.5060548203625 ], [ 30.200315400016184, 60.505097447769153 ], [ 30.201184440016196, 60.504976921213682 ], [ 30.202238160016204, 60.505009711570935 ], [ 30.202858800016244, 60.505153545638137 ], [ 30.203532360016254, 60.505432704205539 ], [ 30.204943560016186, 60.506138122759005 ], [ 30.207938400016211, 60.506950221286182 ] ] ] } },
{ "type": "Feature", "properties": { }, "geometry": { "type": "Polygon", "coordinates": [ [ [ 30.194287920016244, 60.545583871223123 ], [ 30.194129160016235, 60.545457033890919 ], [ 30.194090280016244, 60.545448271209679 ], [ 30.194139240016167, 60.54538710939886 ], [ 30.194159040016185, 60.545391977564556 ], [ 30.194286480016221, 60.545095283653183 ], [ 30.19434588001619, 60.544957291733475 ], [ 30.19438656001623, 60.544818945170633 ], [ 30.194416440016184, 60.544553845657624 ], [ 30.194250120016175, 60.542255841974118 ], [ 30.194109360016206, 60.540892948940829 ], [ 30.194055720016173, 60.540695450391681 ], [ 30.194093880016187, 60.540649417387648 ], [ 30.195160560016191, 60.54066243057045 ], [ 30.195783000016199, 60.54074812269095 ], [ 30.196708560016212, 60.540875598152908 ], [ 30.196506240016188, 60.541076636558969 ], [ 30.196497960016224, 60.541249434754477 ], [ 30.196543320016197, 60.541329105742875 ], [ 30.19576104001618, 60.543719321224444 ], [ 30.195600840016226, 60.543851830412841 ], [ 30.195479160016223, 60.54426785439864 ], [ 30.195811800016248, 60.544647405232901 ], [ 30.196154160016174, 60.545195922674466 ], [ 30.196002600016211, 60.545236107385279 ], [ 30.195477720016196, 60.545367194167774 ], [ 30.195127800016177, 60.545440216621799 ], [ 30.194916480016218, 60.545477480137912 ], [ 30.194845920016224, 60.545489871796427 ], [ 30.194779320016192, 60.545501555355834 ], [ 30.194274960016159, 60.545573426855896 ], [ 30.194287920016244, 60.545583782711546 ], [ 30.194287920016244, 60.545583871223123 ] ] ] } },
{ "type": "Feature", "properties": { }, "geometry": { "type": "Polygon", "coordinates": [ [ [ 30.208277160016202, 60.537175507179313 ], [ 30.208583880016235, 60.53717594985217 ], [ 30.209580000016242, 60.537128141148088 ], [ 30.210107760016239, 60.537122297857188 ], [ 30.210539040016243, 60.537117516982029 ], [ 30.210971760016189, 60.53712495389864 ], [ 30.211195320016174, 60.537125750711063 ], [ 30.211489080016211, 60.537135223923535 ], [ 30.211733520016217, 60.537141686954769 ], [ 30.211961040016259, 60.537146379291691 ], [ 30.212172720016252, 60.537156649309793 ], [ 30.212434080016212, 60.537176481059596 ], [ 30.212684280016251, 60.537194896245026 ], [ 30.212979120016197, 60.537225175036696 ], [ 30.213258120016189, 60.537254568456497 ], [ 30.213679320016258, 60.537308220232283 ], [ 30.214004400016197, 60.537404722377367 ], [ 30.214251360016227, 60.537357622283764 ], [ 30.216492720016188, 60.537422783297373 ], [ 30.221062920016244, 60.537985499853072 ], [ 30.217976280016178, 60.538271900762368 ], [ 30.217723560016204, 60.538275176430446 ], [ 30.217537440016265, 60.538247820165246 ], [ 30.217219920016234, 60.53809342061691 ], [ 30.216895920016206, 60.538020647179934 ], [ 30.216672000016196, 60.537997097589859 ], [ 30.216359520016219, 60.53800205539968 ], [ 30.216021480016202, 60.538063231169609 ], [ 30.215581920016227, 60.538261985224565 ], [ 30.215454480016199, 60.538277389719504 ], [ 30.215181600016177, 60.538281550702507 ], [ 30.208277160016202, 60.537175507179313 ] ] ] } },
{ "type": "Feature", "properties": { }, "geometry": { "type": "Polygon", "coordinates": [ [ [ 30.205939680016201, 60.537598079938086 ], [ 30.206107440016233, 60.537249344929045 ], [ 30.20629140001618, 60.537160013625325 ], [ 30.206309040016201, 60.537161784317604 ], [ 30.207877560016211, 60.537441818079536 ], [ 30.215477880016245, 60.538659666733942 ], [ 30.215970360016197, 60.538958190248444 ], [ 30.214242000016263, 60.538673388960639 ], [ 30.211819560016238, 60.538719336244995 ], [ 30.211862760016217, 60.538552190512249 ], [ 30.207582000016199, 60.537866423613231 ], [ 30.205939680016201, 60.537598079938086 ] ] ] } },
{ "type": "Feature", "properties": { }, "geometry": { "type": "Polygon", "coordinates": [ [ [ 30.217344120016172, 60.539410485309169 ], [ 30.216771360016235, 60.539090276286558 ], [ 30.216903480016203, 60.539016354206993 ], [ 30.217211640016181, 60.538942609018044 ], [ 30.217451040016211, 60.538813266810244 ], [ 30.217575240016249, 60.538705791098572 ], [ 30.217798800016226, 60.538607964872824 ], [ 30.222027720016179, 60.538215594632298 ], [ 30.222171000016264, 60.538121927928429 ], [ 30.223371240016263, 60.53826968747294 ], [ 30.223141560016224, 60.538568745768991 ], [ 30.218258160016223, 60.539022020096894 ], [ 30.218192280016254, 60.539078856000295 ], [ 30.217768560016243, 60.539291768427034 ], [ 30.217344120016172, 60.539410485309169 ] ] ] } },
{ "type": "Feature", "properties": { }, "geometry": { "type": "Polygon", "coordinates": [ [ [ 30.193001640016227, 60.534267989754142 ], [ 30.19379040001624, 60.534214687109625 ], [ 30.19466124001622, 60.534160587492046 ], [ 30.194835120016229, 60.534179358564394 ], [ 30.194931240016182, 60.534204150530002 ], [ 30.196181520016193, 60.534384334424097 ], [ 30.196614240016228, 60.534490496357002 ], [ 30.197422080016207, 60.535062826250837 ], [ 30.197655360016181, 60.535260270633266 ], [ 30.19798296001624, 60.535355273711886 ], [ 30.198478680016184, 60.535573611510543 ], [ 30.199725360016256, 60.535877829929341 ], [ 30.199603680016249, 60.536335480249747 ], [ 30.198682080016205, 60.536147338852537 ], [ 30.198112560016174, 60.535989387771551 ], [ 30.197557800016199, 60.535799562134329 ], [ 30.196681200016194, 60.535328180597674 ], [ 30.195975600016226, 60.534829078878062 ], [ 30.194364960016241, 60.534731772182475 ], [ 30.194368920016203, 60.534648543293578 ], [ 30.194142840016191, 60.534600376689909 ], [ 30.194085600016219, 60.534537512080945 ], [ 30.194102880016217, 60.534556460018194 ], [ 30.193987680016203, 60.53442966800268 ], [ 30.193668720016237, 60.534350245656199 ], [ 30.193341120016179, 60.534296500434898 ], [ 30.193001640016227, 60.534267989754142 ] ] ] } },
{ "type": "Feature", "properties": { }, "geometry": { "type": "Polygon", "coordinates": [ [ [ 30.202362000016208, 60.537027122894749 ], [ 30.201181200016197, 60.536678912949576 ], [ 30.201289920016205, 60.536265004823832 ], [ 30.202810560016207, 60.53662605695537 ], [ 30.205426320016233, 60.537044033071297 ], [ 30.205607760016232, 60.537092196038849 ], [ 30.205769400016216, 60.537108220833836 ], [ 30.205856880016178, 60.537183475289908 ], [ 30.205866600016176, 60.537282456766889 ], [ 30.205731600016232, 60.537564083088036 ], [ 30.202362000016208, 60.537027122894749 ] ] ] } },
{ "type": "Feature", "properties": { }, "geometry": { "type": "Polygon", "coordinates": [ [ [ 30.206632320016165, 60.536445354319888 ], [ 30.207036600016192, 60.536507152786903 ], [ 30.206955600016226, 60.536564435787824 ], [ 30.207520080016199, 60.536665012805351 ], [ 30.210107760016239, 60.537122297857188 ], [ 30.209580000016242, 60.537128141148088 ], [ 30.208583880016235, 60.53717594985217 ], [ 30.208277160016202, 60.537175507179313 ], [ 30.206575080016194, 60.53687900353605 ], [ 30.206374560016233, 60.53684704224662 ], [ 30.206632320016165, 60.536445354319888 ] ] ] } },
{ "type": "Feature", "properties": { }, "geometry": { "type": "Polygon", "coordinates": [ [ [ 30.187085760016167, 60.518646914292276 ], [ 30.188243880016191, 60.519306779096858 ], [ 30.187899360016175, 60.519636927914554 ], [ 30.186825120016177, 60.52039243960651 ], [ 30.186257760016233, 60.519856700456408 ], [ 30.186025560016159, 60.519507508561695 ], [ 30.185792640016214, 60.519190025905651 ], [ 30.186637920016231, 60.518752596322891 ], [ 30.187085760016167, 60.518646914292276 ] ] ] } },
{ "type": "Feature", "properties": { }, "geometry": { "type": "Polygon", "coordinates": [ [ [ 30.186586080016163, 60.520555427272427 ], [ 30.185897760016189, 60.520929764317493 ], [ 30.185122320016202, 60.521276726427885 ], [ 30.184319520016189, 60.520882551672557 ], [ 30.184053480016189, 60.520619381991224 ], [ 30.184041960016231, 60.520449751123849 ], [ 30.184062120016186, 60.52005450332728 ], [ 30.183215760016168, 60.520199865078979 ], [ 30.183009840016204, 60.520198713525929 ], [ 30.182453640016199, 60.52008205213108 ], [ 30.181674240016243, 60.520012958623902 ], [ 30.180521880016155, 60.519838363989415 ], [ 30.180196080016156, 60.519678650265121 ], [ 30.179889000016182, 60.519473935626621 ], [ 30.179429640016192, 60.519414319220822 ], [ 30.179385360016212, 60.519211728920702 ], [ 30.17942676001622, 60.518883436045748 ], [ 30.179947320016151, 60.518051350182766 ], [ 30.180484800016227, 60.51700450212347 ], [ 30.180592800016179, 60.516794366575198 ], [ 30.180638160016159, 60.516705864728507 ], [ 30.180913200016175, 60.516781255205771 ], [ 30.183752520016188, 60.517559334922645 ], [ 30.184559280016167, 60.517931048978305 ], [ 30.184833960016245, 60.518247215179123 ], [ 30.184896240016183, 60.518498445073355 ], [ 30.18510324001624, 60.518788650381886 ], [ 30.185569800016193, 60.519442400067533 ], [ 30.186026280016222, 60.520041038951625 ], [ 30.186586080016163, 60.520555427272427 ] ] ] } },
{ "type": "Feature", "properties": { }, "geometry": { "type": "Polygon", "coordinates": [ [ [ 30.211879680016182, 60.503569386007946 ], [ 30.211317720016236, 60.504044243213897 ], [ 30.211392600016225, 60.504066222251652 ], [ 30.209176440016194, 60.505895038677281 ], [ 30.208621680016218, 60.506368266671167 ], [ 30.208157280016255, 60.506763858702733 ], [ 30.205209960016212, 60.505964516778072 ], [ 30.203829000016174, 60.505274160158606 ], [ 30.203096040016188, 60.504970629006202 ], [ 30.202348320016242, 60.504797282640631 ], [ 30.201137640016189, 60.504759617791315 ], [ 30.200135040016178, 60.50489866733507 ], [ 30.196958040016185, 60.505896811079673 ], [ 30.196300680016254, 60.506369950428855 ], [ 30.195312120016236, 60.507773553568406 ], [ 30.193432560016198, 60.509953674700675 ], [ 30.191194440016243, 60.512044159946285 ], [ 30.190851360016161, 60.5121944308056 ], [ 30.190417920016241, 60.512269565973881 ], [ 30.189889080016165, 60.512256895786727 ], [ 30.188531160016236, 60.511855877372952 ], [ 30.188973960016209, 60.511487815008493 ], [ 30.189008160016161, 60.511389374895181 ], [ 30.189429360016234, 60.511046914385226 ], [ 30.190499280016237, 60.510007194506429 ], [ 30.190354200016184, 60.509974320596463 ], [ 30.191169240016222, 60.509141296993391 ], [ 30.192695280016217, 60.507354933676581 ], [ 30.194033400016217, 60.506564999871067 ], [ 30.194911080016219, 60.505228874377316 ], [ 30.195150480016164, 60.505026904339594 ], [ 30.195552960016219, 60.504840442072918 ], [ 30.197894760016222, 60.504133577274651 ], [ 30.199596840016223, 60.503303594102043 ], [ 30.200004720016185, 60.50317455263086 ], [ 30.199950360016174, 60.503131302352486 ], [ 30.201347520016206, 60.50245010285537 ], [ 30.201457320016218, 60.502451255039382 ], [ 30.201608160016207, 60.502453116259609 ], [ 30.201775560016216, 60.502455775145492 ], [ 30.201959520016246, 60.502458877178789 ], [ 30.202159680016184, 60.502462865506807 ], [ 30.202376760016172, 60.502467208352336 ], [ 30.204243360016214, 60.502507268859148 ], [ 30.206434320016236, 60.502528008128621 ], [ 30.20643684001617, 60.502433795015612 ], [ 30.209392800016214, 60.502451875446148 ], [ 30.211836840016225, 60.503489090316855 ], [ 30.211879680016182, 60.503569386007946 ] ] ] } },
{ "type": "Feature", "properties": { }, "geometry": { "type": "Polygon", "coordinates": [ [ [ 30.191685480016247, 60.505594349210028 ], [ 30.191202360016177, 60.506348681904385 ], [ 30.191454720016207, 60.50709502152656 ], [ 30.190591800016161, 60.508170900723982 ], [ 30.189221280016184, 60.50962661714577 ], [ 30.187682280016187, 60.511040357538114 ], [ 30.186903240016168, 60.510819816325387 ], [ 30.186728640016192, 60.510970801713036 ], [ 30.187502280016211, 60.511194443095292 ], [ 30.18716928001616, 60.511458309587361 ], [ 30.186454680016169, 60.511247252007799 ], [ 30.186288000016216, 60.511106812008549 ], [ 30.186190080016207, 60.510789247015126 ], [ 30.185559000016198, 60.510470792833239 ], [ 30.185535960016185, 60.510261323768475 ], [ 30.187908360016198, 60.508016889402938 ], [ 30.188009520016212, 60.507692382140675 ], [ 30.187968840016175, 60.507324715562369 ], [ 30.187821240016184, 60.507053903286618 ], [ 30.185971200016251, 60.505123414093418 ], [ 30.185844120016249, 60.504925785914601 ], [ 30.185769600016194, 60.504696163499212 ], [ 30.185754480016197, 60.503963151070522 ], [ 30.186834120016201, 60.503783861382026 ], [ 30.18901464001625, 60.503976622129152 ], [ 30.189659400016218, 60.504108762282456 ], [ 30.190194720016205, 60.504300014481089 ], [ 30.191297400016218, 60.504860559488854 ], [ 30.191542200016169, 60.505057656330926 ], [ 30.191691240016183, 60.505288428268351 ], [ 30.191685480016247, 60.505594349210028 ] ] ] } },
{ "type": "Feature", "properties": { }, "geometry": { "type": "Polygon", "coordinates": [ [ [ 30.188421000016199, 60.514076567446402 ], [ 30.188403000016233, 60.514248269428052 ], [ 30.185986680016182, 60.51600953545757 ], [ 30.185606520016183, 60.516464808922905 ], [ 30.185484840016173, 60.517042064152093 ], [ 30.185645760016193, 60.517541262919892 ], [ 30.186100080016214, 60.518057639850532 ], [ 30.187085760016167, 60.518646914292276 ], [ 30.186637920016231, 60.518752596322891 ], [ 30.185792640016214, 60.519190025905651 ], [ 30.185620920016206, 60.519196758271086 ], [ 30.18501144001619, 60.518177409065672 ], [ 30.184890480016154, 60.517987390393323 ], [ 30.184660800016207, 60.517726411882471 ], [ 30.184422480016174, 60.51758281079357 ], [ 30.184303320016195, 60.517500512288471 ], [ 30.184148160016207, 60.517408911768868 ], [ 30.181342320016185, 60.516394290237109 ], [ 30.182306400016241, 60.515880013018602 ], [ 30.183345360016197, 60.515276158752435 ], [ 30.184299000016196, 60.514690366833797 ], [ 30.184457040016245, 60.514749371762647 ], [ 30.186914040016159, 60.513055373702805 ], [ 30.18689244001617, 60.513257027906945 ], [ 30.187158840016195, 60.513562164834639 ], [ 30.188228040016227, 60.513922495595317 ], [ 30.188421000016199, 60.514076567446402 ] ] ] } },
{ "type": "Feature", "properties": { }, "geometry": { "type": "Polygon", "coordinates": [ [ [ 30.186938160016176, 60.511641189602507 ], [ 30.185809200016234, 60.512535815963581 ], [ 30.183340680016173, 60.514230727162058 ], [ 30.183384240016185, 60.514247117663388 ], [ 30.181345920016216, 60.515467345050261 ], [ 30.179754720016213, 60.51631624111068 ], [ 30.179294280016226, 60.516199920099915 ], [ 30.178932120016182, 60.516097950614451 ], [ 30.178518120016168, 60.516026545205939 ], [ 30.177700200016169, 60.515844664465462 ], [ 30.178299960016187, 60.515722671794123 ], [ 30.180184920016224, 60.514690809814127 ], [ 30.182979600016225, 60.512898373163459 ], [ 30.183976800016232, 60.512192835953449 ], [ 30.184809120016169, 60.511603887125084 ], [ 30.185098200016178, 60.511512801560301 ], [ 30.185481960016212, 60.511493308507369 ], [ 30.185858880016212, 60.511413121052513 ], [ 30.186158760016216, 60.511410905926617 ], [ 30.186938160016176, 60.511641189602507 ] ] ] } },
{ "type": "Feature", "properties": { }, "geometry": { "type": "Polygon", "coordinates": [ [ [ 30.190021200016222, 60.512756345496449 ], [ 30.190014000016166, 60.512958001561771 ], [ 30.189890520016196, 60.513163466182718 ], [ 30.189315600016162, 60.513582719832122 ], [ 30.188783520016177, 60.51375513322013 ], [ 30.188142720016181, 60.513741577627279 ], [ 30.187364040016188, 60.513479058720385 ], [ 30.187150200016198, 60.513234257701612 ], [ 30.187176480016216, 60.512988303023732 ], [ 30.188307960016193, 60.512041236037021 ], [ 30.189687480016204, 60.512448542913496 ], [ 30.189917520016181, 60.512597128463241 ], [ 30.190021200016222, 60.512756345496449 ] ] ] } },
{ "type": "Feature", "properties": { }, "geometry": { "type": "Polygon", "coordinates": [ [ [ 30.21280200001619, 60.502791856565366 ], [ 30.212152920016223, 60.503339044965713 ], [ 30.210072120016253, 60.502456041034101 ], [ 30.212656920016233, 60.502471905715197 ], [ 30.21280200001619, 60.502791856565366 ] ] ] } },
{ "type": "Feature", "properties": { }, "geometry": { "type": "Polygon", "coordinates": [ [ [ 30.220941600016186, 60.500327621738379 ], [ 30.223399680016193, 60.497798224855785 ], [ 30.225227400016255, 60.495917447449152 ], [ 30.227543640016211, 60.496323006783747 ], [ 30.227433480016263, 60.496478314719987 ], [ 30.227365800016234, 60.496517318879327 ], [ 30.227078880016219, 60.496674487436806 ], [ 30.226682520016229, 60.496913563020108 ], [ 30.226348080016237, 60.497153257348607 ], [ 30.226063320016223, 60.497347564468186 ], [ 30.225905640016205, 60.497421227127397 ], [ 30.225741480016197, 60.497430446028453 ], [ 30.225589560016207, 60.497361304206713 ], [ 30.225218760016261, 60.497322389706305 ], [ 30.224979720016254, 60.497327265101873 ], [ 30.224831400016203, 60.49745446834482 ], [ 30.224799000016219, 60.497446933671867 ], [ 30.224770560016207, 60.49747645185122 ], [ 30.224808360016183, 60.4974854048072 ], [ 30.224779560016231, 60.497560840011502 ], [ 30.224699280016239, 60.49776906153874 ], [ 30.22482348001618, 60.497941115865693 ], [ 30.2249008800162, 60.498027098365981 ], [ 30.22495488001627, 60.498086842773077 ], [ 30.224956680016238, 60.498088881526861 ], [ 30.224865960016185, 60.498241344490467 ], [ 30.224562840016183, 60.49819285780017 ], [ 30.224338560016228, 60.498624892042649 ], [ 30.22426584001623, 60.498815644763077 ], [ 30.224194560016265, 60.499005155415617 ], [ 30.22414344001626, 60.499141393212447 ], [ 30.224127600016207, 60.499183673791592 ], [ 30.224060640016237, 60.499361659356552 ], [ 30.224045880016185, 60.499367864014978 ], [ 30.22393608001618, 60.499414842104635 ], [ 30.223479600016248, 60.499370877705815 ], [ 30.223132920016226, 60.499709738859693 ], [ 30.223159560016185, 60.499727820809682 ], [ 30.223090440016218, 60.499775773383142 ], [ 30.22284888001618, 60.500040707856868 ], [ 30.222906840016215, 60.500137055186464 ], [ 30.222397800016246, 60.500152921002638 ], [ 30.222185760016224, 60.500232515873684 ], [ 30.221782560016205, 60.500339676143071 ], [ 30.221725320016233, 60.500359884987915 ], [ 30.220941600016186, 60.500327621738379 ] ] ] } },
{ "type": "Feature", "properties": { }, "geometry": { "type": "Polygon", "coordinates": [ [ [ 30.216605400016253, 60.577219335934934 ], [ 30.216661200016198, 60.577187768187649 ], [ 30.216826080016183, 60.577149656944613 ], [ 30.217114080016195, 60.577046641410767 ], [ 30.217248360016253, 60.577017460985289 ], [ 30.217495320016194, 60.57693398713775 ], [ 30.217661280016266, 60.57681655746179 ], [ 30.217883760016246, 60.576697800962457 ], [ 30.218047560016231, 60.576535272745168 ], [ 30.218184720016257, 60.576392374573103 ], [ 30.218319000016226, 60.57622869525926 ], [ 30.218388120016193, 60.576099059946948 ], [ 30.218429160016264, 60.576110290311767 ], [ 30.218719320016188, 60.57617749556298 ], [ 30.218809320016263, 60.576198541389211 ], [ 30.219045120016183, 60.576266365450302 ], [ 30.219062400016259, 60.576324108639149 ], [ 30.219062040016233, 60.57632684989057 ], [ 30.219062400016259, 60.576324197066626 ], [ 30.219176880016207, 60.57631570802851 ], [ 30.219465600016196, 60.576314293188581 ], [ 30.219670440016245, 60.576310579233549 ], [ 30.219675840016244, 60.576311198226087 ], [ 30.219826680016233, 60.576635990817294 ], [ 30.219798960016188, 60.57664129641379 ], [ 30.219766560016197, 60.576647574701852 ], [ 30.219739560016212, 60.576652791869869 ], [ 30.21919272001626, 60.5767688957472 ], [ 30.218609880016206, 60.576920369561684 ], [ 30.218481360016177, 60.57695644728318 ], [ 30.218271840016186, 60.577015250345916 ], [ 30.217944600016249, 60.577105621160051 ], [ 30.217591440016236, 60.577181932130145 ], [ 30.216762000016182, 60.577378942700641 ], [ 30.216605400016253, 60.577219335934934 ] ] ] } },
{ "type": "Feature", "properties": { }, "geometry": { "type": "Polygon", "coordinates": [ [ [ 30.218986080016236, 60.537729817394798 ], [ 30.224175120016188, 60.537221899262349 ], [ 30.223712520016193, 60.537824636159776 ], [ 30.222151560016183, 60.537977443407527 ], [ 30.221938800016193, 60.5378998889502 ], [ 30.221062920016244, 60.537985499853072 ], [ 30.218986080016236, 60.537729817394798 ] ] ] } },
{ "type": "Feature", "properties": { }, "geometry": { "type": "Polygon", "coordinates": [ [ [ 30.222171000016264, 60.538121927928429 ], [ 30.223591200016219, 60.537982932414614 ], [ 30.223371240016263, 60.53826968747294 ], [ 30.222171000016264, 60.538121927928429 ] ] ] } },
{ "type": "Feature", "properties": { }, "geometry": { "type": "Polygon", "coordinates": [ [ [ 30.201150240016243, 60.570509656393497 ], [ 30.201397200016185, 60.570515935872784 ], [ 30.201193800016249, 60.571262389227151 ], [ 30.201946560016257, 60.571601825228463 ], [ 30.201793200016237, 60.571662229958804 ], [ 30.200657400016176, 60.572109380644797 ], [ 30.199568040016175, 60.5719309102465 ], [ 30.200912640016178, 60.571131584251169 ], [ 30.201150240016243, 60.570509656393497 ] ] ] } },
{ "type": "Feature", "properties": { }, "geometry": { "type": "Polygon", "coordinates": [ [ [ 30.224764080016207, 60.510515007999963 ], [ 30.224496960016214, 60.510669627697808 ], [ 30.224108520016244, 60.510617969737588 ], [ 30.223437120016232, 60.51053361556712 ], [ 30.223428840016268, 60.510537602901557 ], [ 30.223132200016256, 60.510540261124241 ], [ 30.22285032001621, 60.510533438352262 ], [ 30.222558720016263, 60.5105047295297 ], [ 30.222307800016257, 60.510450413076754 ], [ 30.222123840016227, 60.510404691489462 ], [ 30.222094680016237, 60.510398666159226 ], [ 30.221836920016209, 60.510391577533944 ], [ 30.221650080016211, 60.51039565349366 ], [ 30.221374680016247, 60.510404780097261 ], [ 30.220931160016221, 60.510415767461318 ], [ 30.220798320016186, 60.510426577606154 ], [ 30.220612200016248, 60.510433666223776 ], [ 30.22048476001622, 60.51042046367224 ], [ 30.220400160016226, 60.510406995291923 ], [ 30.220177680016246, 60.510352678675147 ], [ 30.220096680016191, 60.510325210204563 ], [ 30.220093800016226, 60.510325121596551 ], [ 30.220043400016188, 60.510326539324666 ], [ 30.219939720016239, 60.510330438076558 ], [ 30.219816600016209, 60.510328045660678 ], [ 30.219708600016258, 60.510313248121427 ], [ 30.21959736001622, 60.51029393156297 ], [ 30.219525720016222, 60.510269298503843 ], [ 30.219481800016183, 60.510262564282961 ], [ 30.219389640016196, 60.510249361661707 ], [ 30.219169680016243, 60.510199829631887 ], [ 30.218992920016266, 60.510133107475653 ], [ 30.218962320016249, 60.510076486573965 ], [ 30.21895656001622, 60.510073739704524 ], [ 30.218767560016222, 60.509918674117607 ], [ 30.218706720016222, 60.509880040518802 ], [ 30.218594760016217, 60.509852837475442 ], [ 30.218529240016185, 60.509840520780557 ], [ 30.218460840016185, 60.509846723433263 ], [ 30.218323680016255, 60.509846989261185 ], [ 30.218207040016217, 60.509833254814481 ], [ 30.218205960016221, 60.509833077595751 ], [ 30.218139000016251, 60.509851862773139 ], [ 30.218001840016221, 60.509889078658432 ], [ 30.217741200016224, 60.509926028673682 ], [ 30.217601880016201, 60.509944725188106 ], [ 30.217382640016215, 60.50999000437978 ], [ 30.217362120016226, 60.509998245008653 ], [ 30.217239720016256, 60.510036524031364 ], [ 30.217151160016204, 60.510084815789519 ], [ 30.217043520016198, 60.510128322614548 ], [ 30.216931920016222, 60.510157031770625 ], [ 30.216839400016205, 60.510174399025473 ], [ 30.216730680016198, 60.510188310544365 ], [ 30.216622680016247, 60.510192475138012 ], [ 30.216524400016205, 60.510190968795698 ], [ 30.216441960016208, 60.510195487822493 ], [ 30.216349080016254, 60.510204348657439 ], [ 30.216258000016179, 60.510216665214031 ], [ 30.216009600016207, 60.510238640065957 ], [ 30.215864880016184, 60.510236336251531 ], [ 30.215841840016253, 60.510233500787429 ], [ 30.215831040016258, 60.510237842591778 ], [ 30.215638080016205, 60.510259285780187 ], [ 30.215504160016174, 60.510254589545923 ], [ 30.215488320016217, 60.510252462949055 ], [ 30.215473560016246, 60.51025547562795 ], [ 30.215338200016188, 60.510260880727522 ], [ 30.215230560016188, 60.510255564236104 ], [ 30.215115000016233, 60.510238640065957 ], [ 30.215104920016216, 60.510235715993815 ], [ 30.215050560016209, 60.51024475403424 ], [ 30.214915560016184, 60.5102534376393 ], [ 30.214738440016177, 60.51023979197312 ], [ 30.214667880016183, 60.510217994338589 ], [ 30.214626840016194, 60.510218082946842 ], [ 30.214612440016175, 60.510214538614669 ], [ 30.214400760016183, 60.510220563979182 ], [ 30.214208160016245, 60.510178386404128 ], [ 30.214078200016189, 60.510118398455958 ], [ 30.214073880016187, 60.510114145244195 ], [ 30.214059120016231, 60.510111486986553 ], [ 30.214053360016202, 60.510110423683436 ], [ 30.214045800016205, 60.510111309769357 ], [ 30.213924480016232, 60.510108385685712 ], [ 30.213820080016223, 60.510099702041735 ], [ 30.213696600016245, 60.510075246052295 ], [ 30.213602280016268, 60.510041751949927 ], [ 30.213472680016235, 60.509980877659345 ], [ 30.21344568001625, 60.509937459245364 ], [ 30.21343128001622, 60.509933206009848 ], [ 30.213256680016244, 60.509880572174154 ], [ 30.213095400016201, 60.509831039580597 ], [ 30.213082800016238, 60.509826609112402 ], [ 30.212929800016251, 60.509828026862287 ], [ 30.212845920016228, 60.509819608971362 ], [ 30.212769960016239, 60.509809241671086 ], [ 30.21270372001624, 60.509799228805306 ], [ 30.21268860001625, 60.509801798479124 ], [ 30.212508240016245, 60.509787355137426 ], [ 30.212395920016206, 60.509766531903423 ], [ 30.212349480016226, 60.509769544627453 ], [ 30.212256960016209, 60.50976449388407 ], [ 30.212234280016219, 60.509766177465302 ], [ 30.212160120016197, 60.509769367408431 ], [ 30.212088120016261, 60.509768569922656 ], [ 30.212005680016176, 60.509763962226813 ], [ 30.211940520016185, 60.509756430414889 ], [ 30.211875720016209, 60.509764139445885 ], [ 30.211791840016186, 60.509767240779681 ], [ 30.211682760016238, 60.509766797732013 ], [ 30.211598880016219, 60.509758468434754 ], [ 30.211548120016246, 60.509763430569571 ], [ 30.211445520016206, 60.509765734417584 ], [ 30.211320960016234, 60.509755721538355 ], [ 30.211196040016233, 60.509726568978564 ], [ 30.211086240016225, 60.509682618565257 ], [ 30.211011000016196, 60.509624756337473 ], [ 30.211003080016173, 60.509616515613608 ], [ 30.210980400016187, 60.509608363497662 ], [ 30.21089796001619, 60.50960446465885 ], [ 30.210769440016254, 60.509580894396116 ], [ 30.210693840016198, 60.509558476047609 ], [ 30.210633720016258, 60.509543766767003 ], [ 30.210570720016257, 60.509533753819206 ], [ 30.210500880016227, 60.509510449335764 ], [ 30.210424560016204, 60.50951576594943 ], [ 30.210415200016239, 60.509518512866165 ], [ 30.210293880016177, 60.509545007309029 ], [ 30.210165360016234, 60.509566362345879 ], [ 30.210097680016208, 60.509575666403201 ], [ 30.210022440016186, 60.50958310964711 ], [ 30.209922360016176, 60.509586122388193 ], [ 30.20982768001625, 60.509582489376839 ], [ 30.209733000016232, 60.509571767560445 ], [ 30.209630400016191, 60.509554931643272 ], [ 30.209533200016239, 60.509537121005557 ], [ 30.209361840016172, 60.509499904716023 ], [ 30.209273280016209, 60.509467473343179 ], [ 30.209221800016174, 60.509447092955668 ], [ 30.209218200016238, 60.509445675189113 ], [ 30.20915304001624, 60.509437700251034 ], [ 30.209059800016252, 60.50941519319295 ], [ 30.209052240016256, 60.509412712099014 ], [ 30.208987080016254, 60.509420332601273 ], [ 30.208975560016199, 60.509420598432747 ], [ 30.2089701600162, 60.509422282031835 ], [ 30.208881600016245, 60.509441953551594 ], [ 30.20876244001618, 60.509459675631234 ], [ 30.208666680016258, 60.509467030291432 ], [ 30.208568760016242, 60.509468536667406 ], [ 30.208526280016233, 60.509466232798225 ], [ 30.20847336001626, 60.509480942114017 ], [ 30.208422600016192, 60.509491132298734 ], [ 30.208368960016248, 60.509526044733391 ], [ 30.208254840016242, 60.509571590340293 ], [ 30.208152240016201, 60.509594717559786 ], [ 30.208059720016184, 60.509606059638422 ], [ 30.207951000016177, 60.509608717937517 ], [ 30.207850920016249, 60.509601451919472 ], [ 30.207825000016175, 60.509596844199827 ], [ 30.207758760016173, 60.509594451729804 ], [ 30.207721320016223, 60.509595780879842 ], [ 30.207596400016222, 60.509586210998222 ], [ 30.207477960016224, 60.50955980519911 ], [ 30.207472560016225, 60.509557589946525 ], [ 30.207465360016251, 60.50955794438697 ], [ 30.207375360016176, 60.509554931643272 ], [ 30.207288600016188, 60.509545007309029 ], [ 30.207202560016263, 60.509527551106629 ], [ 30.207121560016212, 60.509502740244365 ], [ 30.207052440016238, 60.509472258301876 ], [ 30.20699484001624, 60.509436991367544 ], [ 30.206946600016195, 60.509394901383097 ], [ 30.206930400016208, 60.509369558755559 ], [ 30.206862000016216, 60.509356710213048 ], [ 30.206765160016193, 60.509324721750616 ], [ 30.206689920016167, 60.50928502411341 ], [ 30.20665176001625, 60.509253212802101 ], [ 30.206625120016199, 60.509247807534386 ], [ 30.206540520016212, 60.50922547756646 ], [ 30.206411640016249, 60.509181880918021 ], [ 30.206380320016258, 60.509172576747659 ], [ 30.206334960016189, 60.509161057294925 ], [ 30.206331360016254, 60.509160259794221 ], [ 30.206013480016193, 60.509072623206038 ], [ 30.206183040016199, 60.508928452084803 ], [ 30.206217240016247, 60.508939439949444 ], [ 30.206272320016218, 60.508954947010132 ], [ 30.206426040016179, 60.508984543322519 ], [ 30.206493000016231, 60.508999252856974 ], [ 30.206557440016176, 60.509015734616519 ], [ 30.206608200016245, 60.509030621359877 ], [ 30.20672988001624, 60.50907182570316 ], [ 30.206779920016253, 60.509084940192793 ], [ 30.206828520016224, 60.509094864667972 ], [ 30.206882160016171, 60.509102485245037 ], [ 30.206895840016223, 60.509105054974093 ], [ 30.206907000016248, 60.509109308318308 ], [ 30.206915640016245, 60.509114536386477 ], [ 30.206967480016221, 60.509163715630528 ], [ 30.206983320016185, 60.509176918694138 ], [ 30.207002400016233, 60.509187108974473 ], [ 30.207030480016218, 60.509196324529569 ], [ 30.207056040016177, 60.509201109528313 ], [ 30.207088080016227, 60.509203413416337 ], [ 30.207129840016176, 60.509201818416955 ], [ 30.207171960016247, 60.509195792863011 ], [ 30.207193200016203, 60.50920031202859 ], [ 30.207252240016235, 60.509277226357554 ], [ 30.207282120016188, 60.509322595092712 ], [ 30.207297240016185, 60.509335975313029 ], [ 30.207317400016237, 60.509348203589006 ], [ 30.207341160016224, 60.509358659647447 ], [ 30.207369240016209, 60.509367343489963 ], [ 30.2073994800162, 60.509373546233249 ], [ 30.207428640016179, 60.509376824825651 ], [ 30.207461400016197, 60.509377888152827 ], [ 30.207528720016196, 60.509374964002951 ], [ 30.207566520016179, 60.509376913436213 ], [ 30.207600360016194, 60.509381787018867 ], [ 30.207623760016237, 60.509387723927652 ], [ 30.20766948001625, 60.509405446036958 ], [ 30.207701160016178, 60.509412534877981 ], [ 30.207736800016249, 60.509415281803456 ], [ 30.207759120016206, 60.509414484308962 ], [ 30.207902760016228, 60.509419535106957 ], [ 30.207941640016209, 60.509426623944854 ], [ 30.20796828001626, 60.509428573375033 ], [ 30.208006080016236, 60.509427598659983 ], [ 30.208031280016254, 60.509424408683202 ], [ 30.208061520016248, 60.509417674286723 ], [ 30.20810580001622, 60.509400218015735 ], [ 30.208126320016216, 60.50938683782195 ], [ 30.208159080016223, 60.509350861909255 ], [ 30.208169160016254, 60.509344216108182 ], [ 30.208208040016235, 60.509340583069715 ], [ 30.208314600016244, 60.509319139273302 ], [ 30.208384800016212, 60.509299644900644 ], [ 30.2084650800162, 60.509279618851011 ], [ 30.208519080016178, 60.509285289945979 ], [ 30.208583160016179, 60.509288834379802 ], [ 30.20863248001621, 60.509288036882261 ], [ 30.208681080016188, 60.509284226615762 ], [ 30.208753800016183, 60.509273504700673 ], [ 30.208801320016256, 60.509262960003838 ], [ 30.208856400016227, 60.509246744202926 ], [ 30.208868640016249, 60.509244085874137 ], [ 30.208933800016251, 60.509242136432903 ], [ 30.209017680016181, 60.509232300613832 ], [ 30.209129640016187, 60.509227338397686 ], [ 30.20916960001626, 60.509239123659782 ], [ 30.209200920016244, 60.509246832813893 ], [ 30.209237640016227, 60.50925835223611 ], [ 30.209278680016208, 60.509268188047251 ], [ 30.209373000016196, 60.509279796072747 ], [ 30.20938920001619, 60.509283340507174 ], [ 30.209401440016212, 60.509288479936465 ], [ 30.209448240016219, 60.509306467932397 ], [ 30.209495760016193, 60.509325430636565 ], [ 30.209546160016234, 60.509343773054745 ], [ 30.209670000016235, 60.509370799304236 ], [ 30.209751720016257, 60.509385685884467 ], [ 30.209831280016186, 60.509398800247084 ], [ 30.209882760016221, 60.509404648542223 ], [ 30.209925240016233, 60.509406243531679 ], [ 30.209975280016238, 60.509404737152771 ], [ 30.210013080016221, 60.509401015510534 ], [ 30.21005808001626, 60.509394724161979 ], [ 30.210161760016209, 60.509377533710399 ], [ 30.210248160016256, 60.509358659647447 ], [ 30.210280920016189, 60.50934908969576 ], [ 30.210301440016178, 60.509342443894376 ], [ 30.210318000016198, 60.509338633634279 ], [ 30.210375240016258, 60.509338013359326 ], [ 30.210473880016242, 60.509331013112742 ], [ 30.210562080016171, 60.509327380072783 ], [ 30.210611400016209, 60.509323747032433 ], [ 30.210627240016262, 60.509322772314228 ], [ 30.210641640016192, 60.509320822877669 ], [ 30.210660360016213, 60.509337393084373 ], [ 30.210680880016209, 60.509350773298578 ], [ 30.210703200016251, 60.50936122935618 ], [ 30.210731640016181, 60.509370887914855 ], [ 30.210771240016225, 60.509377002046818 ], [ 30.210868800016204, 60.509400926899986 ], [ 30.21092784001624, 60.509418471781132 ], [ 30.210980400016187, 60.509427953101813 ], [ 30.211026120016193, 60.509430079752804 ], [ 30.211075440016227, 60.509427687270453 ], [ 30.21109560001619, 60.509423256747056 ], [ 30.211147080016225, 60.509446295462006 ], [ 30.211211160016219, 60.509469068329501 ], [ 30.211255800016232, 60.509482448489329 ], [ 30.211297560016185, 60.509493347555861 ], [ 30.211314840016179, 60.509521082562216 ], [ 30.211330680016232, 60.509538095717311 ], [ 30.211361280016249, 60.509561488790986 ], [ 30.211391160016202, 60.50957353976176 ], [ 30.211430040016182, 60.509582666596927 ], [ 30.211467120016192, 60.509585590728008 ], [ 30.211503480016241, 60.509584793237764 ], [ 30.211553520016242, 60.509579831075598 ], [ 30.211593480016219, 60.509568666207954 ], [ 30.211632360016207, 60.509575932233339 ], [ 30.211674480016182, 60.509582932427023 ], [ 30.211720560016222, 60.5095874515386 ], [ 30.211779240016224, 60.50958771736866 ], [ 30.211819200016205, 60.509586122388193 ], [ 30.211858080016189, 60.509581603276452 ], [ 30.211892280016237, 60.509576109453462 ], [ 30.211922880016253, 60.509570881459773 ], [ 30.211937280016183, 60.50957052701947 ], [ 30.211945920016177, 60.509570970069809 ], [ 30.212006760016177, 60.509579742465533 ], [ 30.21206796001621, 60.509586742658392 ], [ 30.212112600016216, 60.50958931234905 ], [ 30.212148240016202, 60.509589755399148 ], [ 30.212191800016214, 60.509587805978683 ], [ 30.212232480016251, 60.509584793237764 ], [ 30.21224436001625, 60.509583907137404 ], [ 30.212260920016181, 60.509584084357478 ], [ 30.212345160016227, 60.509588780688929 ], [ 30.212425800016248, 60.509583375477199 ], [ 30.21246684001623, 60.509580362735861 ], [ 30.21251184001618, 60.509581071616218 ], [ 30.212525880016173, 60.509592147869554 ], [ 30.212565480016213, 60.509606148248395 ], [ 30.212602560016229, 60.509613059825597 ], [ 30.212654760016232, 60.509617224493184 ], [ 30.212709120016235, 60.509607654617895 ], [ 30.212713800016171, 60.509605527978572 ], [ 30.2127260400162, 60.509611021796573 ], [ 30.212766360016207, 60.509620946110566 ], [ 30.212872200016246, 60.509636895894587 ], [ 30.212930880016248, 60.509645048003385 ], [ 30.21296292001621, 60.509648149348578 ], [ 30.213038520016166, 60.509647529079551 ], [ 30.213115560016252, 60.509637516163799 ], [ 30.213122760016219, 60.509636541455031 ], [ 30.213145800016239, 60.509635389526437 ], [ 30.213156240016204, 60.509635655356128 ], [ 30.213196200016185, 60.509646642980947 ], [ 30.213296640016228, 60.509681378028517 ], [ 30.213447840016247, 60.509727809513535 ], [ 30.213621000016197, 60.509780000549938 ], [ 30.213770760016185, 60.509825102753034 ], [ 30.213777960016241, 60.509859483172185 ], [ 30.213792720016205, 60.509883230450725 ], [ 30.213835200016213, 60.509903256127267 ], [ 30.213873360016226, 60.509916813326086 ], [ 30.213919440016177, 60.509925940064562 ], [ 30.213963720016245, 60.509929573037411 ], [ 30.214013040016187, 60.509930724955566 ], [ 30.214049400016233, 60.509926560328267 ], [ 30.214079280016186, 60.509925142582645 ], [ 30.214181520016201, 60.509942332743719 ], [ 30.214230120016175, 60.509951282256935 ], [ 30.214351440016237, 60.509986016977948 ], [ 30.214374840016198, 60.510009409728291 ], [ 30.214412280016237, 60.51002659984465 ], [ 30.214467720016248, 60.510038827860015 ], [ 30.214568160016199, 60.510035992378583 ], [ 30.214610280016174, 60.510012422429732 ], [ 30.214662120016243, 60.510026688453429 ], [ 30.214710720016217, 60.510038473424814 ], [ 30.214753560016263, 60.510038384816021 ], [ 30.214783080016183, 60.510035372116988 ], [ 30.214821240016196, 60.510053625524584 ], [ 30.214868040016203, 60.510068068747593 ], [ 30.214920240016212, 60.51007214474798 ], [ 30.21496812001622, 60.510069043443366 ], [ 30.215066400016262, 60.5100527394371 ], [ 30.215102040016244, 60.510047865955357 ], [ 30.215125080016172, 60.51004671404138 ], [ 30.21514560001625, 60.510046448215043 ], [ 30.21516756001618, 60.510048308999167 ], [ 30.215191680016201, 60.510052296393297 ], [ 30.215212920016256, 60.510057701526812 ], [ 30.215264760016229, 60.510073296661055 ], [ 30.215301120016182, 60.510078613182387 ], [ 30.215341800016219, 60.510080651182029 ], [ 30.215386080016202, 60.510078879008454 ], [ 30.215430000016237, 60.510069840921759 ], [ 30.215480760016217, 60.510050878653225 ], [ 30.215517120016258, 60.510070283965263 ], [ 30.215565720016237, 60.51007684100874 ], [ 30.215610360016246, 60.510078347356355 ], [ 30.215666880016247, 60.510072056139329 ], [ 30.215715840016252, 60.510052385002055 ], [ 30.215756880016233, 60.510017650352196 ], [ 30.21585552001622, 60.51004990395689 ], [ 30.215916360016219, 60.510057612918047 ], [ 30.215983320016189, 60.510058676222947 ], [ 30.216177360016246, 60.510041397514819 ], [ 30.216266280016235, 60.510029346718028 ], [ 30.216387240016175, 60.510017916178754 ], [ 30.216509640016241, 60.510011270514489 ], [ 30.216613680016223, 60.510012776865175 ], [ 30.216670560016251, 60.510010561643554 ], [ 30.216728880016223, 60.510003029888971 ], [ 30.21678252001626, 60.50999301708304 ], [ 30.216841920016236, 60.509977776345991 ], [ 30.216899520016231, 60.509954560790874 ], [ 30.217003200016183, 60.509897850968002 ], [ 30.217148640016173, 60.509852571647556 ], [ 30.217183560016188, 60.509838482765844 ], [ 30.217214160016205, 60.509830330705746 ], [ 30.217483080016262, 60.509774683979622 ], [ 30.217643280016215, 60.509753151860906 ], [ 30.21786216001626, 60.509722138496052 ], [ 30.217961520016214, 60.509695289759058 ], [ 30.218063040016254, 60.50966666880376 ], [ 30.218079600016186, 60.509660554726416 ], [ 30.218112720016233, 60.509643984684963 ], [ 30.218118480016258, 60.509643364415858 ], [ 30.218208120016218, 60.509644693563935 ], [ 30.218305680016197, 60.509660377506748 ], [ 30.21836580001623, 60.509667377682185 ], [ 30.218427000016263, 60.509667289072368 ], [ 30.218496480016256, 60.509660909165696 ], [ 30.218564880016256, 60.509659225579 ], [ 30.218601960016176, 60.509661883873775 ], [ 30.218740920016263, 60.509688289589661 ], [ 30.218929920016176, 60.509734278016666 ], [ 30.21894684001623, 60.509740037641642 ], [ 30.219068520016226, 60.509816950689562 ], [ 30.219242040016209, 60.509959788722654 ], [ 30.219280560016248, 60.509977333301215 ], [ 30.219300360016177, 60.509983801754544 ], [ 30.219297840016242, 60.510000371622219 ], [ 30.219312600016206, 60.510027751759296 ], [ 30.219358320016212, 60.510045030474714 ], [ 30.219517080016224, 60.510080651182029 ], [ 30.219586560016225, 60.510090752569504 ], [ 30.219672240016212, 60.51010386664678 ], [ 30.219711480016226, 60.510114499678522 ], [ 30.219764760016229, 60.510132753041539 ], [ 30.219818040016232, 60.510141968327723 ], [ 30.21987312001621, 60.510149588658543 ], [ 30.219932520016183, 60.510150740568825 ], [ 30.22001928001626, 60.510147373446273 ], [ 30.220095960016224, 60.510145335450865 ], [ 30.220188120016211, 60.510148436748175 ], [ 30.220218720016227, 60.510152158304557 ], [ 30.220287840016187, 60.510165715399197 ], [ 30.220319160016178, 60.510182905432629 ], [ 30.220362000016216, 60.510197437206365 ], [ 30.2205376800162, 60.510240323622554 ], [ 30.220578360016233, 60.510246792023374 ], [ 30.220635960016242, 60.510252728773693 ], [ 30.220754760016181, 60.510248209754884 ], [ 30.220892640016181, 60.510237133725795 ], [ 30.221353440016202, 60.5102255260432 ], [ 30.221629920016248, 60.510216399389137 ], [ 30.22183944001624, 60.510211968973586 ], [ 30.222177480016263, 60.510221184237238 ], [ 30.222276480016177, 60.510241475529654 ], [ 30.222462960016244, 60.510288083428286 ], [ 30.222668880016204, 60.510332476060356 ], [ 30.222894960016216, 60.510354805265443 ], [ 30.223137600016255, 60.510360653388041 ], [ 30.223275840016189, 60.510359412877264 ], [ 30.22331652001623, 60.510339476090557 ], [ 30.223306080016272, 60.51033176719644 ], [ 30.224763720016266, 60.510515007999963 ], [ 30.224764080016207, 60.510515007999963 ] ] ] } },
{ "type": "Feature", "properties": { }, "geometry": { "type": "Polygon", "coordinates": [ [ [ 30.210113520016172, 60.509292378813235 ], [ 30.209987880016204, 60.509318430387253 ], [ 30.209871600016196, 60.50932055704542 ], [ 30.209686920016193, 60.509287948271393 ], [ 30.209491440016198, 60.509225743399469 ], [ 30.209288760016232, 60.509181880918021 ], [ 30.209226480016206, 60.509160437016575 ], [ 30.209108760016168, 60.509144752831773 ], [ 30.20883120001621, 60.509163272574618 ], [ 30.208713120016231, 60.509184539251912 ], [ 30.208599000016232, 60.509210147857317 ], [ 30.208525200016233, 60.509206869248054 ], [ 30.208400640016173, 60.509193843418856 ], [ 30.208268520016205, 60.509233186723762 ], [ 30.208083840016201, 60.509249579753373 ], [ 30.207963960016261, 60.509295568803061 ], [ 30.207926880016245, 60.509329240898161 ], [ 30.20788980001624, 60.509329506730381 ], [ 30.207769560016171, 60.509339253909211 ], [ 30.207670920016188, 60.509308328759012 ], [ 30.207565800016209, 60.509298138516804 ], [ 30.207451680016206, 60.509297429630266 ], [ 30.207381120016205, 60.509216882296919 ], [ 30.207321360016206, 60.509158044514322 ], [ 30.207267000016202, 60.509132435867748 ], [ 30.207192840016177, 60.509119144174647 ], [ 30.207110760016214, 60.50911994167641 ], [ 30.207076560016262, 60.509085914918202 ], [ 30.207030120016192, 60.509057736481978 ], [ 30.206971800016216, 60.509036735556073 ], [ 30.206899800016192, 60.509022823542793 ], [ 30.20679576001621, 60.50899473366335 ], [ 30.206677320016212, 60.508953883669051 ], [ 30.206466000016245, 60.508903995211426 ], [ 30.206411640016249, 60.508887336171171 ], [ 30.206296440016239, 60.508853840840899 ], [ 30.206275560016216, 60.508849764687206 ], [ 30.206457720016189, 60.508694516018053 ], [ 30.206502000016172, 60.508709580133811 ], [ 30.20663628001623, 60.508736075238126 ], [ 30.206730240016181, 60.508756544685113 ], [ 30.206902680016249, 60.508803775004857 ], [ 30.207011400016171, 60.508840637645598 ], [ 30.207161520016193, 60.50886695541876 ], [ 30.207290400016245, 60.508914185577588 ], [ 30.207323880016236, 60.508935097971147 ], [ 30.207621600016239, 60.508997480624245 ], [ 30.207713760016226, 60.509117549171123 ], [ 30.207808440016244, 60.509131904200117 ], [ 30.207858120016223, 60.509099118013516 ], [ 30.208052520016217, 60.509081041291047 ], [ 30.208076640016234, 60.509076167663153 ], [ 30.208128120016184, 60.509061901220939 ], [ 30.208391640016242, 60.508996505896228 ], [ 30.208575240016238, 60.509015823228118 ], [ 30.208606560016225, 60.509006607621664 ], [ 30.20873976001619, 60.508978163281427 ], [ 30.208853520016167, 60.508974796036988 ], [ 30.208929840016193, 60.508965846254085 ], [ 30.209257440016248, 60.508951313928002 ], [ 30.209431320016254, 60.509002442875612 ], [ 30.209469120016237, 60.509011835706403 ], [ 30.20948136001617, 60.509015557393326 ], [ 30.209550480016226, 60.5090240641047 ], [ 30.209685480016251, 60.509053394519498 ], [ 30.209749200016226, 60.509080864068217 ], [ 30.20978700001621, 60.509095396336178 ], [ 30.209823360016252, 60.50910975137495 ], [ 30.209875920016195, 60.509121093623342 ], [ 30.2099324400162, 60.509131549755011 ], [ 30.209963040016216, 60.5091263216896 ], [ 30.20999508001626, 60.509119410008587 ], [ 30.21003360001621, 60.509106561366899 ], [ 30.210193080016193, 60.509070673754479 ], [ 30.210330240016219, 60.509069167360011 ], [ 30.210350400016182, 60.509067749576936 ], [ 30.210113520016172, 60.509292378813235 ] ] ] } },
{ "type": "Feature", "properties": { }, "geometry": { "type": "Polygon", "coordinates": [ [ [ 30.194286480016221, 60.545095637704804 ], [ 30.194286480016221, 60.545095283653183 ], [ 30.19434588001619, 60.544957291733475 ], [ 30.19438656001623, 60.544818945170633 ], [ 30.194416440016184, 60.544553845657624 ], [ 30.194250120016175, 60.542255841974118 ], [ 30.194109360016206, 60.540892948940829 ], [ 30.194055720016173, 60.540695450391681 ], [ 30.194093880016187, 60.540649417387648 ], [ 30.195160560016191, 60.54066243057045 ], [ 30.195783000016199, 60.54074812269095 ], [ 30.196708560016212, 60.540875598152908 ], [ 30.196506240016188, 60.541076636558969 ], [ 30.196497960016224, 60.541249434754477 ], [ 30.196543320016197, 60.541329105742875 ], [ 30.19576104001618, 60.543719321224444 ], [ 30.195600840016226, 60.543851830412841 ], [ 30.195479160016223, 60.54426785439864 ], [ 30.195811800016248, 60.544647405232901 ], [ 30.195941760016215, 60.544855678320843 ], [ 30.194796960016212, 60.545078466196053 ], [ 30.194747640016178, 60.545080147942166 ], [ 30.194287200016181, 60.545095283653183 ], [ 30.194286480016221, 60.545095637704804 ] ] ] } },
{ "type": "Feature", "properties": { }, "geometry": { "type": "Polygon", "coordinates": [ [ [ 30.210350400016182, 60.509067749576936 ], [ 30.210330240016219, 60.509069167360011 ], [ 30.210193080016193, 60.509070673754479 ], [ 30.21003360001621, 60.509106561366899 ], [ 30.20999508001626, 60.509119410008587 ], [ 30.209963040016216, 60.5091263216896 ], [ 30.2099324400162, 60.509131549755011 ], [ 30.209875920016195, 60.509121093623342 ], [ 30.209823360016252, 60.50910975137495 ], [ 30.20978700001621, 60.509095396336178 ], [ 30.209749200016226, 60.509080864068217 ], [ 30.209685480016251, 60.509053394519498 ], [ 30.209550480016226, 60.5090240641047 ], [ 30.20948136001617, 60.509015557393326 ], [ 30.209469120016237, 60.509011835706403 ], [ 30.209431320016254, 60.509002442875612 ], [ 30.209257440016248, 60.508951313928002 ], [ 30.208929840016193, 60.508965846254085 ], [ 30.208853520016167, 60.508974796036988 ], [ 30.20873976001619, 60.508978163281427 ], [ 30.208606560016225, 60.509006607621664 ], [ 30.208575240016238, 60.509015823228118 ], [ 30.208391640016242, 60.508996505896228 ], [ 30.208128120016184, 60.509061901220939 ], [ 30.208076640016234, 60.509076167663153 ], [ 30.208052520016217, 60.509081041291047 ], [ 30.207858120016223, 60.509099118013516 ], [ 30.207808440016244, 60.509131904200117 ], [ 30.207713760016226, 60.509117549171123 ], [ 30.207621600016239, 60.508997480624245 ], [ 30.207323880016236, 60.508935097971147 ], [ 30.207290400016245, 60.508914185577588 ], [ 30.207161520016193, 60.50886695541876 ], [ 30.207011400016171, 60.508840637645598 ], [ 30.206902680016249, 60.508803775004857 ], [ 30.206730240016181, 60.508756544685113 ], [ 30.20663628001623, 60.508736075238126 ], [ 30.206502000016172, 60.508709580133811 ], [ 30.206457720016189, 60.508694516018053 ], [ 30.209047200016197, 60.506489497000473 ], [ 30.209600160016205, 60.50601777731319 ], [ 30.212383680016178, 60.503720671057707 ], [ 30.212928720016251, 60.503810626391079 ], [ 30.213145800016239, 60.503850773863228 ], [ 30.215188080016265, 60.504228494444391 ], [ 30.21534396001622, 60.504288581920797 ], [ 30.215168640016181, 60.504475933602464 ], [ 30.214912680016216, 60.504749071625696 ], [ 30.21475536001623, 60.504979225401989 ], [ 30.213939240016195, 60.50566657519871 ], [ 30.213162720016204, 60.506401853189388 ], [ 30.212399160016204, 60.507125771555536 ], [ 30.211635600016209, 60.507849762365673 ], [ 30.210350400016182, 60.509067749576936 ] ] ] } },
{ "type": "Feature", "properties": { }, "geometry": { "type": "Polygon", "coordinates": [ [ [ 30.244908240016223, 60.55354282641035 ], [ 30.244800600016212, 60.553460088341716 ], [ 30.244613760016211, 60.553181078085821 ], [ 30.244627080016237, 60.552897817828473 ], [ 30.245245560016272, 60.553089224515929 ], [ 30.245480280016192, 60.552905870559783 ], [ 30.245633640016209, 60.552975601820037 ], [ 30.245646600016208, 60.55296825703703 ], [ 30.24613512001627, 60.553178600343635 ], [ 30.246242400016254, 60.553233818553338 ], [ 30.24676008001622, 60.55358760221808 ], [ 30.246810480016247, 60.553622113173802 ], [ 30.247151040016213, 60.553868113278867 ], [ 30.247313400016257, 60.554003412539124 ], [ 30.247296120016262, 60.554007925454371 ], [ 30.247340760016275, 60.554048010732465 ], [ 30.247358040016262, 60.55404411724183 ], [ 30.247506000016195, 60.554179681230067 ], [ 30.247656840016273, 60.554341702457648 ], [ 30.24776448001619, 60.554490715256868 ], [ 30.247845120016212, 60.554643443814918 ], [ 30.247954200016252, 60.554827407325639 ], [ 30.247978320016269, 60.554885985193636 ], [ 30.248158320016248, 60.555129498093656 ], [ 30.248333280016258, 60.555266207838976 ], [ 30.248443800016233, 60.555315317023883 ], [ 30.248445240016256, 60.555388493995288 ], [ 30.248145000016223, 60.555528476567659 ], [ 30.248011800016254, 60.555590681018238 ], [ 30.247786800016243, 60.555350710984762 ], [ 30.247462440016278, 60.555005264270513 ], [ 30.247112520016262, 60.554697951630899 ], [ 30.24706752001622, 60.554658398078764 ], [ 30.246892560016214, 60.554504519258153 ], [ 30.246762960016273, 60.554457001613571 ], [ 30.246572160016214, 60.554414173732553 ], [ 30.246377400016279, 60.554408775999718 ], [ 30.246132240016212, 60.554407714150535 ], [ 30.245788800016197, 60.554366744442802 ], [ 30.245707080016267, 60.554366567467682 ], [ 30.245615280016217, 60.554285778237094 ], [ 30.245716800016258, 60.554256665748525 ], [ 30.245651640016263, 60.554201626260905 ], [ 30.24623340001623, 60.554033233163288 ], [ 30.246406920016206, 60.55393049790019 ], [ 30.246380640016277, 60.553866166522766 ], [ 30.24575388001627, 60.553897845538927 ], [ 30.245745960016247, 60.553826081019324 ], [ 30.244908240016223, 60.55354282641035 ] ] ] } },
{ "type": "Feature", "properties": { }, "geometry": { "type": "Polygon", "coordinates": [ [ [ 30.15320292001617, 60.511309009972464 ], [ 30.152148480016191, 60.510255741452518 ], [ 30.153469680016226, 60.510136474599726 ], [ 30.153706200016202, 60.510603703974148 ], [ 30.154316760016211, 60.511059850863553 ], [ 30.15320292001617, 60.511309009972464 ] ] ] } },
{ "type": "Feature", "properties": { }, "geometry": { "type": "Polygon", "coordinates": [ [ [ 30.247620480016231, 60.561650307478466 ], [ 30.247441200016226, 60.561575109914948 ], [ 30.247378200016225, 60.56151406705834 ], [ 30.247357320016206, 60.561169924739417 ], [ 30.24736668001626, 60.561036690251505 ], [ 30.247445520016218, 60.560872844696981 ], [ 30.247668000016212, 60.560885230459007 ], [ 30.24789552001625, 60.560985643426392 ], [ 30.248283240016246, 60.561156919803594 ], [ 30.248362440016241, 60.561195846126481 ], [ 30.248275680016249, 60.561246627213528 ], [ 30.247711920016243, 60.561631552337808 ], [ 30.247661160016271, 60.561666320113524 ], [ 30.247620480016231, 60.561650307478466 ] ] ] } },
{ "type": "Feature", "properties": { }, "geometry": { "type": "Polygon", "coordinates": [ [ [ 30.249146520016229, 60.504940054177766 ], [ 30.249444240016238, 60.504918961960449 ], [ 30.249528120016258, 60.504926317651218 ], [ 30.249584280016236, 60.504938370345783 ], [ 30.249865440016219, 60.505016269638411 ], [ 30.249927360016219, 60.505055440770569 ], [ 30.249987840016189, 60.505094345988425 ], [ 30.250079280016209, 60.505124743426826 ], [ 30.250208520016209, 60.505161255764158 ], [ 30.250428840016287, 60.50519821117048 ], [ 30.250509480016213, 60.505221784621085 ], [ 30.250213200016233, 60.505394951473193 ], [ 30.25009152001623, 60.50539672390294 ], [ 30.250032480016202, 60.505385646215544 ], [ 30.249859680016193, 60.505287453428757 ], [ 30.249427320016274, 60.50509930883748 ], [ 30.249284760016252, 60.50503736179239 ], [ 30.249145080016202, 60.504944751182258 ], [ 30.249146520016229, 60.504940054177766 ] ] ] } },
{ "type": "Feature", "properties": { }, "geometry": { "type": "Polygon", "coordinates": [ [ [ 30.215638440016232, 60.551455992636654 ], [ 30.215648520016259, 60.551304753458588 ], [ 30.215712600016253, 60.551311656139795 ], [ 30.216000600016176, 60.551334045595674 ], [ 30.216121560016212, 60.55129714280833 ], [ 30.216979800016226, 60.551300063174317 ], [ 30.217206240016182, 60.551300859637735 ], [ 30.217296600016201, 60.551289355164357 ], [ 30.217366800016251, 60.551254753223674 ], [ 30.217204800016244, 60.551383337742323 ], [ 30.2171576400162, 60.551486258086541 ], [ 30.217102560016222, 60.551432452822745 ], [ 30.216978360016196, 60.551407762548422 ], [ 30.215769840016229, 60.551403691748675 ], [ 30.215638440016232, 60.551455992636654 ] ] ] } },
{ "type": "Feature", "properties": { }, "geometry": { "type": "Polygon", "coordinates": [ [ [ 30.252550320016205, 60.557349964464557 ], [ 30.252707640016194, 60.556917297381375 ], [ 30.25217304001627, 60.556683353913549 ], [ 30.252147840016249, 60.556667604254663 ], [ 30.252073320016194, 60.556616462051117 ], [ 30.251919960016266, 60.556504355934415 ], [ 30.251909880016242, 60.556496658025786 ], [ 30.252374280016205, 60.556301112836145 ], [ 30.252655080016247, 60.556467812972585 ], [ 30.252637800016256, 60.556474006697869 ], [ 30.252611880016271, 60.556483031838241 ], [ 30.25272204001622, 60.556553551720931 ], [ 30.252689640016236, 60.556563815580624 ], [ 30.252818880016232, 60.556658579165791 ], [ 30.252994200016268, 60.556796609661497 ], [ 30.253095360016278, 60.556881020328177 ], [ 30.253185720016209, 60.556959325623851 ], [ 30.253201560016262, 60.556960741311052 ], [ 30.253043520016217, 60.557393850209387 ], [ 30.252550320016205, 60.557349964464557 ] ] ] } },
{ "type": "Feature", "properties": { }, "geometry": { "type": "Polygon", "coordinates": [ [ [ 30.2449003200162, 60.552232442912384 ], [ 30.2462190000162, 60.551939174506188 ], [ 30.246368400016255, 60.551970855409586 ], [ 30.246606360016255, 60.552131560296552 ], [ 30.246621840016189, 60.552124746283965 ], [ 30.247739280016262, 60.552917374458275 ], [ 30.247886880016253, 60.553023475605812 ], [ 30.247717320016243, 60.553097188708612 ], [ 30.246956640016212, 60.553358944083634 ], [ 30.246928920016259, 60.553367793112699 ], [ 30.246846480016263, 60.553316114748682 ], [ 30.246821280016245, 60.55330098288335 ], [ 30.246759720016282, 60.55326381686816 ], [ 30.246549840016261, 60.553137275115368 ], [ 30.246346440016229, 60.553031351323469 ], [ 30.245771520016202, 60.552770124248987 ], [ 30.245461200016226, 60.552617829306925 ], [ 30.245284080016223, 60.5525138506516 ], [ 30.244966200016254, 60.552286689311735 ], [ 30.2449003200162, 60.552232442912384 ] ] ] } },
{ "type": "Feature", "properties": { }, "geometry": { "type": "Polygon", "coordinates": [ [ [ 30.215362680016245, 60.55230412247456 ], [ 30.215289600016217, 60.552295538634141 ], [ 30.215526480016223, 60.551725283349107 ], [ 30.216747960016185, 60.551756787472641 ], [ 30.216661560016231, 60.552370580790942 ], [ 30.216502080016244, 60.552437304449228 ], [ 30.216408120016201, 60.552426242844334 ], [ 30.215362680016245, 60.552303945488219 ], [ 30.215362680016245, 60.55230412247456 ] ] ] } },
{ "type": "Feature", "properties": { }, "geometry": { "type": "Polygon", "coordinates": [ [ [ 30.253295520016213, 60.553742547271959 ], [ 30.253111200016242, 60.553885191633974 ], [ 30.25296792001625, 60.554020048380337 ], [ 30.252434400016231, 60.554291618429197 ], [ 30.252030480016245, 60.554907575800968 ], [ 30.251854080016209, 60.555176129896928 ], [ 30.2518105200162, 60.555227097407723 ], [ 30.252529080016249, 60.555383538848915 ], [ 30.252060360016198, 60.555818438540278 ], [ 30.251937960016228, 60.555831003205405 ], [ 30.251826360016253, 60.555794636450059 ], [ 30.2516812800162, 60.555738006871287 ], [ 30.250973160016205, 60.555594662806854 ], [ 30.250985040016204, 60.555580947755054 ], [ 30.25056564001628, 60.555510248782838 ], [ 30.250208880016235, 60.55547335075974 ], [ 30.25019196001627, 60.555478040438864 ], [ 30.249802440016218, 60.555445124186036 ], [ 30.249456480016267, 60.555388582480049 ], [ 30.249444240016238, 60.555396634591332 ], [ 30.249365040016247, 60.555387078239271 ], [ 30.249229320016248, 60.555363010377114 ], [ 30.249071280016203, 60.555323457638302 ], [ 30.248939880016209, 60.555277622412895 ], [ 30.248808120016268, 60.555220107076785 ], [ 30.248662680016277, 60.555136842385913 ], [ 30.248571600016202, 60.555069504896764 ], [ 30.24852300001622, 60.554999955122142 ], [ 30.248437320016233, 60.55488625065199 ], [ 30.248373600016265, 60.554802100238113 ], [ 30.248328960016259, 60.554719011444256 ], [ 30.248220600016275, 60.554516818972274 ], [ 30.248139960016257, 60.554367363855626 ], [ 30.24807012001623, 60.554236667488908 ], [ 30.248452080016197, 60.554140923437664 ], [ 30.24894096001621, 60.554018367098905 ], [ 30.249567720016209, 60.553861122654233 ], [ 30.2499129600162, 60.553791747259467 ], [ 30.25017396001622, 60.553739450147965 ], [ 30.250608480016229, 60.553686710504827 ], [ 30.25104624001623, 60.553682816970749 ], [ 30.251388600016245, 60.553727238627467 ], [ 30.251460600016276, 60.553610963484438 ], [ 30.251701440016252, 60.553664853614116 ], [ 30.251939400016255, 60.55337973929813 ], [ 30.25225008001626, 60.553247711581648 ], [ 30.252455640016194, 60.553373633470606 ], [ 30.252973680016282, 60.553593619515588 ], [ 30.253240800016275, 60.5537185666754 ], [ 30.253295520016213, 60.553742547271959 ] ] ] } },
{ "type": "Feature", "properties": { }, "geometry": { "type": "Polygon", "coordinates": [ [ [ 30.252405960016215, 60.560158443606362 ], [ 30.252390480016192, 60.560161009285565 ], [ 30.252155040016216, 60.560207014533468 ], [ 30.252013200016258, 60.560222231639543 ], [ 30.251816640016258, 60.559995655267521 ], [ 30.252238200016269, 60.559920807745463 ], [ 30.252274920016248, 60.559987161940398 ], [ 30.252302640016207, 60.559987250412576 ], [ 30.252360600016242, 60.560051481143454 ], [ 30.252324600016227, 60.560059355149889 ], [ 30.252337920016252, 60.560079084393543 ], [ 30.252405960016215, 60.560158443606362 ] ] ] } },
{ "type": "Feature", "properties": { }, "geometry": { "type": "Polygon", "coordinates": [ [ [ 30.256435800016231, 60.566908572083989 ], [ 30.256443720016261, 60.566867972024951 ], [ 30.256445520016229, 60.566779341653579 ], [ 30.256425720016207, 60.566629854748129 ], [ 30.256405200016214, 60.566531759119179 ], [ 30.256404840016277, 60.56652999003385 ], [ 30.257606160016277, 60.566639496232114 ], [ 30.258306720016279, 60.566933338979482 ], [ 30.256770240016223, 60.56720860405504 ], [ 30.256673400016211, 60.567230186436142 ], [ 30.256577280016259, 60.567179326293676 ], [ 30.25648548001621, 60.567104495399427 ], [ 30.256435800016231, 60.566908572083989 ] ] ] } },
{ "type": "Feature", "properties": { }, "geometry": { "type": "Polygon", "coordinates": [ [ [ 30.248145000016223, 60.555528476567659 ], [ 30.248445240016256, 60.555388493995288 ], [ 30.248443800016233, 60.555315317023883 ], [ 30.248333280016258, 60.555266207838976 ], [ 30.248158320016248, 60.555129498093656 ], [ 30.248749800016206, 60.55545680415058 ], [ 30.248356320016271, 60.555633418857319 ], [ 30.248145000016223, 60.555528476567659 ] ] ] } },
{ "type": "Feature", "properties": { }, "geometry": { "type": "Polygon", "coordinates": [ [ [ 30.212153640016197, 60.542674187986862 ], [ 30.212132760016178, 60.542704019055435 ], [ 30.212130960016211, 60.542706320561081 ], [ 30.212130600016181, 60.542707028716634 ], [ 30.212024760016231, 60.542898053109163 ], [ 30.211986600016221, 60.542909117972222 ], [ 30.211782480016222, 60.542886811204411 ], [ 30.211334280016256, 60.542840781317423 ], [ 30.211104600016213, 60.542822634901675 ], [ 30.210872040016202, 60.542810684817496 ], [ 30.2107460400162, 60.542807763685111 ], [ 30.210638400016194, 60.542805196629175 ], [ 30.210479280016241, 60.542805108109988 ], [ 30.210478560016181, 60.54278855502023 ], [ 30.210475320016183, 60.542775011576829 ], [ 30.210468120016213, 60.542747393557114 ], [ 30.210421320016206, 60.54256991181007 ], [ 30.210133320016194, 60.542568672532624 ], [ 30.210098760016209, 60.542456606245558 ], [ 30.210710040016192, 60.542417922926809 ], [ 30.210710760016251, 60.542418542568448 ], [ 30.210710760016251, 60.542417922926809 ], [ 30.211529400016225, 60.542378796960122 ], [ 30.211408800016223, 60.542582835700827 ], [ 30.212101440016195, 60.542668788294975 ], [ 30.212153640016197, 60.542674187986862 ] ] ] } },
{ "type": "Feature", "properties": { }, "geometry": { "type": "Polygon", "coordinates": [ [ [ 30.191910120016235, 60.534243640550336 ], [ 30.192223320016168, 60.534268698094316 ], [ 30.193001640016227, 60.534267989754142 ], [ 30.193341120016179, 60.534296500434898 ], [ 30.193668720016237, 60.534350245656199 ], [ 30.193987680016203, 60.53442966800268 ], [ 30.194055720016173, 60.53450448597691 ], [ 30.194142840016191, 60.534600376689909 ], [ 30.194368920016203, 60.534648543293578 ], [ 30.194364960016241, 60.534731772182475 ], [ 30.194364600016204, 60.534736464868764 ], [ 30.193976160016245, 60.534721944101392 ], [ 30.193981200016207, 60.534689360892408 ], [ 30.193745760016235, 60.53467802759463 ], [ 30.193068240016164, 60.534645621424431 ], [ 30.192460200016178, 60.534621361046241 ], [ 30.192009480016186, 60.534603475646328 ], [ 30.191918040016169, 60.534555043350345 ], [ 30.191910120016235, 60.534243640550336 ] ] ] } },
{ "type": "Feature", "properties": { }, "geometry": { "type": "Polygon", "coordinates": [ [ [ 30.250944000016222, 60.500510210034861 ], [ 30.250501200016245, 60.50078435645348 ], [ 30.250100880016195, 60.500613824003928 ], [ 30.250139760016268, 60.500592019894242 ], [ 30.250128960016269, 60.500587056355009 ], [ 30.250323360016271, 60.50047227429868 ], [ 30.250527120016237, 60.500558161450932 ], [ 30.250762920016239, 60.500430172670313 ], [ 30.250944000016222, 60.500510210034861 ] ] ] } },
{ "type": "Feature", "properties": { }, "geometry": { "type": "Polygon", "coordinates": [ [ [ 30.199603680016249, 60.536335480249747 ], [ 30.199725360016256, 60.535877829929341 ], [ 30.201289920016205, 60.536265004823832 ], [ 30.201181200016197, 60.536678912949576 ], [ 30.200471640016172, 60.536524417380562 ], [ 30.200263200016181, 60.536478998199101 ], [ 30.199603680016249, 60.536335480249747 ] ] ] } },
{ "type": "Feature", "properties": { }, "geometry": { "type": "Polygon", "coordinates": [ [ [ 30.19246380001621, 60.538714555605729 ], [ 30.19372848001624, 60.538529526617616 ], [ 30.19415508001622, 60.539056900709888 ], [ 30.193466760016246, 60.539191730746111 ], [ 30.193666200016207, 60.539437929120048 ], [ 30.194354160016246, 60.539303011580706 ], [ 30.194662680016247, 60.539242457856602 ], [ 30.195042120016186, 60.539167916420716 ], [ 30.195494280016209, 60.539726795949775 ], [ 30.194590680016223, 60.53984294394526 ], [ 30.193706160016191, 60.539956524241937 ], [ 30.193563960016199, 60.539758577340578 ], [ 30.193450920016193, 60.539624015249423 ], [ 30.193302240016205, 60.539469710794485 ], [ 30.193120800016199, 60.539289112563395 ], [ 30.192697440016218, 60.538912685952276 ], [ 30.192579360016246, 60.538812558569482 ], [ 30.19246380001621, 60.538714555605729 ] ] ] } },
{ "type": "Feature", "properties": { }, "geometry": { "type": "Polygon", "coordinates": [ [ [ 30.241123920016211, 60.549796924790023 ], [ 30.241146240016256, 60.549784180780641 ], [ 30.241524960016232, 60.54955885878632 ], [ 30.241676520016188, 60.549414956330146 ], [ 30.242579400016215, 60.549856927766541 ], [ 30.242421360016255, 60.549854361269823 ], [ 30.242227320016202, 60.549953569494782 ], [ 30.242089080016267, 60.550150923043091 ], [ 30.242078280016269, 60.550172251314102 ], [ 30.242037600016229, 60.550154551505102 ], [ 30.241721520016231, 60.550029325079898 ], [ 30.241263600016268, 60.549850555774313 ], [ 30.241123920016211, 60.549796924790023 ] ] ] } },
{ "type": "Feature", "properties": { }, "geometry": { "type": "Polygon", "coordinates": [ [ [ 30.237505920016211, 60.507914451087842 ], [ 30.237477840016226, 60.507909222826051 ], [ 30.237209280016202, 60.507852775267907 ], [ 30.236862240016244, 60.507774439718226 ], [ 30.236491080016275, 60.508201118049165 ], [ 30.236159880016185, 60.508212460615582 ], [ 30.236174640016237, 60.508190129934178 ], [ 30.236343120016254, 60.507855699555144 ], [ 30.236203440016197, 60.507848255914446 ], [ 30.2366455200162, 60.507344476971639 ], [ 30.236789160016222, 60.507333222717605 ], [ 30.237017760016265, 60.507227148965939 ], [ 30.237236640016221, 60.507493883469735 ], [ 30.237706800016205, 60.507631857898012 ], [ 30.237505920016211, 60.507914451087842 ] ] ] } },
{ "type": "Feature", "properties": { }, "geometry": { "type": "Polygon", "coordinates": [ [ [ 30.231427320016262, 60.54578390675902 ], [ 30.231133560016229, 60.545754167040776 ], [ 30.230407800016206, 60.545573957925491 ], [ 30.229754040016221, 60.545414371117545 ], [ 30.230118000016226, 60.545002256451887 ], [ 30.230770680016217, 60.545163084470602 ], [ 30.231295920016262, 60.545292312789194 ], [ 30.231313560016201, 60.545274610310301 ], [ 30.231640440016196, 60.545354094364612 ], [ 30.231661320016215, 60.545354625437859 ], [ 30.231809640016262, 60.545389410713639 ], [ 30.231780480016187, 60.545421098031589 ], [ 30.231874440016238, 60.545442960492636 ], [ 30.231905400016188, 60.545411538732246 ], [ 30.232011240016231, 60.545436233583132 ], [ 30.232021320016251, 60.545429329648222 ], [ 30.232542960016186, 60.545568204671 ], [ 30.232553040016214, 60.545558822438366 ], [ 30.232687680016213, 60.545588739359253 ], [ 30.23246844001622, 60.545822497543121 ], [ 30.232304280016216, 60.545788951887054 ], [ 30.232180800016238, 60.545763195172448 ], [ 30.231724320016216, 60.545644855639225 ], [ 30.2316328800162, 60.5456211345738 ], [ 30.231427320016262, 60.54578390675902 ] ] ] } },
{ "type": "Feature", "properties": { }, "geometry": { "type": "Polygon", "coordinates": [ [ [ 30.216661560016231, 60.552370580790942 ], [ 30.216747960016185, 60.551756787472641 ], [ 30.215526480016223, 60.551725283349107 ], [ 30.215599920016189, 60.551548912787453 ], [ 30.215638440016232, 60.551455992636654 ], [ 30.215769840016229, 60.551403691748675 ], [ 30.216978360016196, 60.551407762548422 ], [ 30.217102560016222, 60.551432452822745 ], [ 30.2171576400162, 60.551486258086541 ], [ 30.217197600016185, 60.551571567564721 ], [ 30.217197600016185, 60.551572010040672 ], [ 30.217197960016215, 60.551572364021425 ], [ 30.217385520016187, 60.551975191620208 ], [ 30.217591080016206, 60.552423942030003 ], [ 30.217667040016202, 60.552579777582473 ], [ 30.21650712001621, 60.552577211301788 ], [ 30.216502080016244, 60.552437304449228 ], [ 30.216661560016231, 60.552370580790942 ] ] ] } },
{ "type": "Feature", "properties": { }, "geometry": { "type": "Polygon", "coordinates": [ [ [ 30.194742240016186, 60.521873471305057 ], [ 30.194741880016242, 60.521873737034319 ], [ 30.190681080016187, 60.519900016996729 ], [ 30.194051400016178, 60.519300135337772 ], [ 30.19411080001624, 60.519289682487432 ], [ 30.196337400016237, 60.520713276501887 ], [ 30.196077840016233, 60.520921969363989 ], [ 30.195090000016194, 60.521615712880681 ], [ 30.194742240016186, 60.521873471305057 ] ] ] } },
{ "type": "Feature", "properties": { }, "geometry": { "type": "Polygon", "coordinates": [ [ [ 30.215048040016182, 60.567239031670169 ], [ 30.215012400016192, 60.567247788449421 ], [ 30.214880280016231, 60.567279808167598 ], [ 30.214707840016249, 60.567090342964939 ], [ 30.214820520016229, 60.567062214983054 ], [ 30.214974600016216, 60.567143414562246 ], [ 30.215043000016209, 60.567216034056727 ], [ 30.21506172001623, 60.567235935838504 ], [ 30.215048040016182, 60.567239031670169 ] ] ] } },
{ "type": "Feature", "properties": { }, "geometry": { "type": "Polygon", "coordinates": [ [ [ 30.248389440016222, 60.578081822063112 ], [ 30.24840744001628, 60.578155743321673 ], [ 30.24829944001624, 60.578214721046614 ], [ 30.248230680016217, 60.57827263759831 ], [ 30.248220600016275, 60.57834761948353 ], [ 30.248166240016271, 60.578392803059167 ], [ 30.248165880016241, 60.57843993184855 ], [ 30.248095680016274, 60.578472205745385 ], [ 30.248014680016222, 60.578427552811085 ], [ 30.247948440016227, 60.578251593122815 ], [ 30.247678080016229, 60.577955819528057 ], [ 30.247406640016244, 60.57775960828647 ], [ 30.247378920016192, 60.577651466114993 ], [ 30.24804132001627, 60.577688604105091 ], [ 30.24804132001627, 60.577688692528852 ], [ 30.248042760016212, 60.577691875783152 ], [ 30.248196840016199, 60.578037964394362 ], [ 30.248357040016245, 60.578070150269987 ], [ 30.248357400016268, 60.578070061847285 ], [ 30.248389440016222, 60.578081822063112 ] ] ] } },
{ "type": "Feature", "properties": { }, "geometry": { "type": "Polygon", "coordinates": [ [ [ 30.276937800016285, 60.506462202492209 ], [ 30.276772560016276, 60.506128817714675 ], [ 30.277065960016287, 60.506076443558342 ], [ 30.277884600016264, 60.506060669261153 ], [ 30.278116440016209, 60.506056238277452 ], [ 30.278082240016257, 60.506502878390606 ], [ 30.27744684001626, 60.506463620389297 ], [ 30.277269360016223, 60.506467696843096 ], [ 30.276937800016285, 60.506462202492209 ] ] ] } },
{ "type": "Feature", "properties": { }, "geometry": { "type": "Polygon", "coordinates": [ [ [ 30.245802480016252, 60.568636548243447 ], [ 30.245836320016267, 60.568671839177327 ], [ 30.24594324001621, 60.568776208129776 ], [ 30.245510160016238, 60.569204028864903 ], [ 30.245451840016269, 60.569239407626064 ], [ 30.245318280016267, 60.569096388745763 ], [ 30.245118120016244, 60.568880665193085 ], [ 30.245059080016208, 60.568822908704483 ], [ 30.245383440016262, 60.568740740413375 ], [ 30.245742360016216, 60.568651496037191 ], [ 30.245802480016252, 60.568636548243447 ] ] ] } },
{ "type": "Feature", "properties": { }, "geometry": { "type": "Polygon", "coordinates": [ [ [ 30.234928320016202, 60.566594738493158 ], [ 30.234505320016254, 60.566652675870714 ], [ 30.23422920001623, 60.566690534131538 ], [ 30.233990520016253, 60.566414114735167 ], [ 30.233764440016241, 60.566177320943964 ], [ 30.234094200016205, 60.565828451623091 ], [ 30.234844800016212, 60.565697447744128 ], [ 30.235254120016197, 60.566168917695705 ], [ 30.235323240016253, 60.566248350417936 ], [ 30.235492800016264, 60.566461526357955 ], [ 30.235427280016236, 60.566526186500106 ], [ 30.234928320016202, 60.566594738493158 ] ] ] } },
{ "type": "Feature", "properties": { }, "geometry": { "type": "Polygon", "coordinates": [ [ [ 30.216376080016239, 60.557794304879806 ], [ 30.218049000016265, 60.55768167197504 ], [ 30.218163480016205, 60.558082123081533 ], [ 30.218172840016265, 60.55811406340036 ], [ 30.217553280016229, 60.558158302016992 ], [ 30.217435920016218, 60.558194135252101 ], [ 30.217239000016196, 60.558486196756952 ], [ 30.217110120016223, 60.558525391723357 ], [ 30.21726528001621, 60.558827094050422 ], [ 30.217722480016207, 60.558797631747765 ], [ 30.217827240016245, 60.559207447313305 ], [ 30.217586040016243, 60.559214702205274 ], [ 30.217586040016243, 60.559214790679569 ], [ 30.217452480016245, 60.55921886049628 ], [ 30.217305600016221, 60.559151000659064 ], [ 30.216877560016211, 60.5591525047248 ], [ 30.216845160016234, 60.559152593199251 ], [ 30.21666588001623, 60.559155158958312 ], [ 30.216654360016257, 60.559087475936664 ], [ 30.216627000016246, 60.558950339968391 ], [ 30.216583440016233, 60.558669696032133 ], [ 30.216579480016176, 60.558615725765179 ], [ 30.216593880016198, 60.558582989657708 ], [ 30.216536640016226, 60.558506634770197 ], [ 30.216520440016232, 60.558462927488101 ], [ 30.216529440016259, 60.558376751418741 ], [ 30.216497760016246, 60.558286062802104 ], [ 30.216466080016229, 60.558151931659935 ], [ 30.216456720016172, 60.55811326710473 ], [ 30.216426480016189, 60.558021427541114 ], [ 30.216403800016202, 60.557922421014169 ], [ 30.216382200016213, 60.557823945052732 ], [ 30.216376080016239, 60.557794304879806 ] ] ] } },
{ "type": "Feature", "properties": { }, "geometry": { "type": "Polygon", "coordinates": [ [ [ 30.210092280016212, 60.542568584012805 ], [ 30.210421320016206, 60.54256991181007 ], [ 30.210468120016213, 60.542747393557114 ], [ 30.210475320016183, 60.542775011576829 ], [ 30.210478560016181, 60.54278855502023 ], [ 30.210153840016186, 60.542808383319276 ], [ 30.210141600016247, 60.542802186977099 ], [ 30.210092280016212, 60.542568584012805 ] ] ] } },
{ "type": "Feature", "properties": { }, "geometry": { "type": "Polygon", "coordinates": [ [ [ 30.224191320016175, 60.561113481510759 ], [ 30.22430976001618, 60.560591155798704 ], [ 30.22580268001623, 60.560401828338719 ], [ 30.226021920016212, 60.560793487237397 ], [ 30.225907800016206, 60.560815781660409 ], [ 30.224191320016175, 60.561113481510759 ] ] ] } },
{ "type": "Feature", "properties": { }, "geometry": { "type": "Polygon", "coordinates": [ [ [ 30.228693840016209, 60.576710003809758 ], [ 30.228669720016189, 60.576715132541281 ], [ 30.228493680016182, 60.576553134972286 ], [ 30.228521040016201, 60.576545883970368 ], [ 30.228632640016269, 60.576516349384953 ], [ 30.228660360016224, 60.576509363655688 ], [ 30.228839640016229, 60.576678877697361 ], [ 30.228693840016209, 60.576710003809758 ] ] ] } },
{ "type": "Feature", "properties": { }, "geometry": { "type": "Polygon", "coordinates": [ [ [ 30.218239440016202, 60.547545759261425 ], [ 30.218232240016231, 60.547537705195744 ], [ 30.218760000016225, 60.546835135131047 ], [ 30.218934600016208, 60.546585187150654 ], [ 30.218994720016234, 60.54649428845093 ], [ 30.219056280016204, 60.546386661227977 ], [ 30.219082560016222, 60.546390378621624 ], [ 30.219233040016185, 60.546127770265706 ], [ 30.219442920016203, 60.545765319438345 ], [ 30.21967548001621, 60.5453800284292 ], [ 30.219676920016241, 60.545377373065186 ], [ 30.219656040016222, 60.545373832579507 ], [ 30.219823440016231, 60.545111835562977 ], [ 30.21986052001624, 60.545060763600212 ], [ 30.219891120016257, 60.545023057038655 ], [ 30.219917040016249, 60.544996326069366 ], [ 30.219935400016237, 60.544983049089659 ], [ 30.219976440016222, 60.544955521467728 ], [ 30.219985440016249, 60.544949237023381 ], [ 30.220078680016236, 60.54489834183088 ], [ 30.220178400016213, 60.544854439130908 ], [ 30.220239600016246, 60.544835231680935 ], [ 30.220370640016217, 60.544787965373011 ], [ 30.220535880016225, 60.544746098342252 ], [ 30.220710480016201, 60.544703611659415 ], [ 30.220752600016183, 60.544683341951504 ], [ 30.220877880016211, 60.544672985807608 ], [ 30.22097508001626, 60.544662895202698 ], [ 30.220775280016266, 60.544903475610425 ], [ 30.220772400016209, 60.544950387696389 ], [ 30.220475760016193, 60.545420212911417 ], [ 30.220305840016248, 60.545622816291655 ], [ 30.220185960016209, 60.545606353154774 ], [ 30.220037280016221, 60.545873037238891 ], [ 30.220174800016188, 60.545891004922559 ], [ 30.219975720016251, 60.546228494585449 ], [ 30.219808680016179, 60.546544384552647 ], [ 30.219438960016234, 60.546607579877765 ], [ 30.219354360016247, 60.546765213617178 ], [ 30.219294600016244, 60.547038260697136 ], [ 30.219433200016205, 60.547109155202335 ], [ 30.220414200016222, 60.547141106358019 ], [ 30.220744680016249, 60.54714995708806 ], [ 30.221448120016213, 60.547324492990342 ], [ 30.221408160016235, 60.547530801709193 ], [ 30.221235360016227, 60.54764143432844 ], [ 30.221295120016222, 60.547896153432767 ], [ 30.221425800016256, 60.547977666662838 ], [ 30.221254440016192, 60.547988287264005 ], [ 30.220675200016249, 60.548016343335313 ], [ 30.218688360016227, 60.547654356193704 ], [ 30.218270040016218, 60.547578152516557 ], [ 30.218239440016202, 60.547545759261425 ] ] ] } },
{ "type": "Feature", "properties": { }, "geometry": { "type": "Polygon", "coordinates": [ [ [ 30.2158335600162, 60.550911563685105 ], [ 30.215817720016236, 60.550906430858767 ], [ 30.21584868001619, 60.550766959266809 ], [ 30.215853720016252, 60.550757313049445 ], [ 30.215904840016254, 60.550763684863114 ], [ 30.216067560016242, 60.55042429554323 ], [ 30.216098160016251, 60.550366771576812 ], [ 30.216234240016185, 60.550085787655327 ], [ 30.216337920016226, 60.549985871839596 ], [ 30.216341520016258, 60.549979765371383 ], [ 30.216303000016218, 60.549973658902076 ], [ 30.216359520016219, 60.549867636250646 ], [ 30.216406320016226, 60.54987551273674 ], [ 30.216427200016245, 60.549841617283114 ], [ 30.216428640016186, 60.549839493284836 ], [ 30.216408120016201, 60.549836130287275 ], [ 30.216418920016192, 60.549819492294226 ], [ 30.216467520016259, 60.549742674215402 ], [ 30.216518640016176, 60.549664882449697 ], [ 30.216544560016249, 60.549668953468235 ], [ 30.216574080016176, 60.549640367827209 ], [ 30.216585240016208, 60.549628862763299 ], [ 30.216480480016255, 60.549612224663647 ], [ 30.216670920016195, 60.549320171521316 ], [ 30.216711600016232, 60.549257601005145 ], [ 30.216781440016259, 60.549268752195147 ], [ 30.21690636001626, 60.549288399520471 ], [ 30.217010040016213, 60.549129539048096 ], [ 30.217279680016237, 60.548850402935827 ], [ 30.217448880016214, 60.548592682230883 ], [ 30.217512600016182, 60.548495505415602 ], [ 30.217610520016198, 60.548365139338841 ], [ 30.217686840016221, 60.548334428448655 ], [ 30.217834080016186, 60.548278847858562 ], [ 30.218209920016186, 60.548260970005138 ], [ 30.218230440016175, 60.548259996458391 ], [ 30.217834440016212, 60.548774556087174 ], [ 30.217504680016248, 60.549202995519494 ], [ 30.216801960016245, 60.550122514826235 ], [ 30.21697368001626, 60.550165879383982 ], [ 30.216919680016193, 60.550188181133905 ], [ 30.216879000016242, 60.55022508518632 ], [ 30.216864240016189, 60.550264290164726 ], [ 30.216886920016183, 60.550389692677228 ], [ 30.216886200016209, 60.550426684998115 ], [ 30.216875760016244, 60.550453588477595 ], [ 30.216846960016195, 60.550494917134465 ], [ 30.216799800016247, 60.550548104471659 ], [ 30.216736080016194, 60.550600318245095 ], [ 30.216506760016184, 60.550729790340085 ], [ 30.216385440016207, 60.550818730200739 ], [ 30.216299040016249, 60.550898023641537 ], [ 30.216238920016217, 60.550948112924686 ], [ 30.216093840016253, 60.550948732402972 ], [ 30.215927520016248, 60.550941741147383 ], [ 30.2158335600162, 60.550911563685105 ] ] ] } },
{ "type": "Feature", "properties": { }, "geometry": { "type": "Polygon", "coordinates": [ [ [ 30.217820400016215, 60.548085819621711 ], [ 30.218093280016237, 60.547722859694538 ], [ 30.218110200016202, 60.54771887693682 ], [ 30.218175000016267, 60.547704273487732 ], [ 30.218593680016216, 60.547780653878952 ], [ 30.220112520016244, 60.548057321086652 ], [ 30.219918480016187, 60.548071570357322 ], [ 30.218317200016259, 60.548147595863206 ], [ 30.218293800016205, 60.548148746422463 ], [ 30.217920480016232, 60.548166535833353 ], [ 30.217851000016232, 60.548121398503007 ], [ 30.217820400016215, 60.548085819621711 ] ] ] } },
{ "type": "Feature", "properties": { }, "geometry": { "type": "Polygon", "coordinates": [ [ [ 30.220540560016257, 60.548135382231649 ], [ 30.221242560016194, 60.548097502243749 ], [ 30.221281440016266, 60.548261501030638 ], [ 30.221086320016209, 60.548597992430956 ], [ 30.219884640016264, 60.548759510600121 ], [ 30.218763960016194, 60.548553652233579 ], [ 30.217964760016212, 60.548605249703009 ], [ 30.218230440016175, 60.548259996458391 ], [ 30.219942960016237, 60.548178572444165 ], [ 30.220540560016257, 60.548135382231649 ] ] ] } },
{ "type": "Feature", "properties": { }, "geometry": { "type": "Polygon", "coordinates": [ [ [ 30.21612984001618, 60.551013954549965 ], [ 30.216121560016212, 60.55129714280833 ], [ 30.216000600016176, 60.551334045595674 ], [ 30.215712600016253, 60.551311656139795 ], [ 30.215648520016259, 60.551304753458588 ], [ 30.215680920016236, 60.551234222131356 ], [ 30.215768400016199, 60.551045193876341 ], [ 30.215776320016221, 60.551029352975249 ], [ 30.215876760016176, 60.551011476641783 ], [ 30.21612984001618, 60.551013954549965 ] ] ] } },
{ "type": "Feature", "properties": { }, "geometry": { "type": "Polygon", "coordinates": [ [ [ 30.264873120016233, 60.56079056772851 ], [ 30.263647680016209, 60.560641672424261 ], [ 30.263661720016206, 60.560548512981541 ], [ 30.263988600016202, 60.560207810777591 ], [ 30.265168680016245, 60.560480390522052 ], [ 30.26513520001626, 60.560515601889186 ], [ 30.265097400016277, 60.560555325219582 ], [ 30.264873120016233, 60.56079056772851 ] ] ] } },
{ "type": "Feature", "properties": { }, "geometry": { "type": "Polygon", "coordinates": [ [ [ 30.215339280016188, 60.551149619734325 ], [ 30.214967400016246, 60.551845901498609 ], [ 30.214909080016184, 60.55193758161078 ], [ 30.214867680016177, 60.551997934592983 ], [ 30.21484392001619, 60.552032889714418 ], [ 30.214424880016203, 60.552901799948607 ], [ 30.214424520016177, 60.552901888440161 ], [ 30.213527760016206, 60.552768619886436 ], [ 30.213976680016234, 60.551954307008593 ], [ 30.21381504001625, 60.551930236592042 ], [ 30.213841320016179, 60.551883069142981 ], [ 30.213817200016251, 60.551879529369153 ], [ 30.21439608001625, 60.550990414414386 ], [ 30.215339280016188, 60.551149619734325 ] ] ] } },
{ "type": "Feature", "properties": { }, "geometry": { "type": "Polygon", "coordinates": [ [ [ 30.25288296001623, 60.558945031467609 ], [ 30.252517200016253, 60.559062437606507 ], [ 30.252654720016221, 60.558983518078563 ], [ 30.252697200016232, 60.558939369065833 ], [ 30.252751920016269, 60.558908756688915 ], [ 30.25275372001623, 60.558907606512328 ], [ 30.253252680016264, 60.558627493060584 ], [ 30.253332960016262, 60.558627227632883 ], [ 30.253689000016241, 60.558375424270103 ], [ 30.253760280016209, 60.558398605125454 ], [ 30.253708800016263, 60.55842948341455 ], [ 30.253370040016268, 60.558638198641383 ], [ 30.25341216001625, 60.558650762211016 ], [ 30.252936240016236, 60.558943438917197 ], [ 30.25288296001623, 60.558945031467609 ] ] ] } },
{ "type": "Feature", "properties": { }, "geometry": { "type": "Polygon", "coordinates": [ [ [ 30.262915440016286, 60.56923648887976 ], [ 30.263143320016265, 60.569132740543409 ], [ 30.263303160016285, 60.569047212039614 ], [ 30.263416560016232, 60.568957880061895 ], [ 30.263790960016209, 60.568767717108948 ], [ 30.263940000016223, 60.568838033307934 ], [ 30.264367320016259, 60.56859028964265 ], [ 30.26437668001623, 60.568594358279434 ], [ 30.264523200016221, 60.568699700413681 ], [ 30.264635160016226, 60.568796197399188 ], [ 30.264436440016233, 60.568859172361783 ], [ 30.263379840016249, 60.569493249102166 ], [ 30.263284440016264, 60.569440535147798 ], [ 30.262915440016286, 60.56923648887976 ] ] ] } },
{ "type": "Feature", "properties": { }, "geometry": { "type": "Polygon", "coordinates": [ [ [ 30.217389840016185, 60.544113306538108 ], [ 30.216836880016178, 60.544810447857671 ], [ 30.21639336001623, 60.54536958399612 ], [ 30.213952920016247, 60.545534747263012 ], [ 30.213905400016181, 60.545397642338337 ], [ 30.215040120016244, 60.545104843045969 ], [ 30.215266560016197, 60.545015798963107 ], [ 30.215417760016212, 60.544879222920478 ], [ 30.215475720016244, 60.544520387200762 ], [ 30.215520720016194, 60.544068252068655 ], [ 30.215762280016232, 60.543772254151705 ], [ 30.215842560016224, 60.543757383371528 ], [ 30.215900520016255, 60.543746584348291 ], [ 30.217232880016223, 60.544076129966697 ], [ 30.217389840016185, 60.544113306538108 ] ] ] } },
{ "type": "Feature", "properties": { }, "geometry": { "type": "Polygon", "coordinates": [ [ [ 30.186616680016179, 60.5271347493238 ], [ 30.187154520016197, 60.527248905587285 ], [ 30.186721440016221, 60.527660892106539 ], [ 30.186324360016169, 60.527447814608543 ], [ 30.186616680016179, 60.5271347493238 ] ] ] } },
{ "type": "Feature", "properties": { }, "geometry": { "type": "Polygon", "coordinates": [ [ [ 30.217222800016202, 60.561653757715433 ], [ 30.217294080016259, 60.561655084729537 ], [ 30.219533640016245, 60.561650307478466 ], [ 30.220695000016178, 60.561647741917419 ], [ 30.220720560016229, 60.561816803108613 ], [ 30.21957612001626, 60.561820518729249 ], [ 30.219029640016249, 60.561822288072278 ], [ 30.219028560016252, 60.561818041648877 ], [ 30.218964840016184, 60.561822465006586 ], [ 30.217322880016219, 60.561827861502159 ], [ 30.217273920016208, 60.561827684567895 ], [ 30.217240080016197, 60.561689233207353 ], [ 30.217235760016198, 60.561681801935457 ], [ 30.217222800016202, 60.561653757715433 ] ] ] } },
{ "type": "Feature", "properties": { }, "geometry": { "type": "Polygon", "coordinates": [ [ [ 30.21957612001626, 60.561820518729249 ], [ 30.220720560016229, 60.561816803108613 ], [ 30.220745760016246, 60.561985598015774 ], [ 30.219644520016256, 60.562093084879557 ], [ 30.219638760016228, 60.562057344431174 ], [ 30.21957612001626, 60.561820518729249 ] ] ] } },
{ "type": "Feature", "properties": { }, "geometry": { "type": "Polygon", "coordinates": [ [ [ 30.197928960016174, 60.53488627630783 ], [ 30.19784472001621, 60.534825271615205 ], [ 30.197702520016222, 60.534911776058181 ], [ 30.197601360016211, 60.534918859318623 ], [ 30.197392560016187, 60.534752402288859 ], [ 30.197202480016184, 60.534582491278364 ], [ 30.197179800016198, 60.534593381901423 ], [ 30.196964520016177, 60.534445251405657 ], [ 30.196738800016199, 60.534322797531267 ], [ 30.196289880016167, 60.534184848215531 ], [ 30.195969120016233, 60.53412596723107 ], [ 30.195473400016198, 60.53408886772867 ], [ 30.194776080016194, 60.53405637242556 ], [ 30.19291704001623, 60.534211056859903 ], [ 30.192261840016215, 60.534223010119732 ], [ 30.190807800016238, 60.534121097370402 ], [ 30.190992840016179, 60.533536885861906 ], [ 30.190944240016204, 60.533394505951556 ], [ 30.19146840001617, 60.533383083655529 ], [ 30.192047640016195, 60.533370952995583 ], [ 30.19249476001616, 60.533359796326252 ], [ 30.192622560016225, 60.533356785795789 ], [ 30.192847920016174, 60.533367676831219 ], [ 30.192710040016184, 60.533135688130223 ], [ 30.193178400016201, 60.533117979000771 ], [ 30.19324428001617, 60.533386713998119 ], [ 30.193912800016214, 60.5333370402507 ], [ 30.195230760016248, 60.53305466878377 ], [ 30.195469440016225, 60.533227509811034 ], [ 30.195232920016249, 60.533338988242214 ], [ 30.195290880016191, 60.533390078705544 ], [ 30.195352800016195, 60.533410709666974 ], [ 30.19555512001622, 60.533477383885973 ], [ 30.195714240016166, 60.533432757332292 ], [ 30.195857520016165, 60.533314549794525 ], [ 30.196123560016247, 60.53337856786294 ], [ 30.196299240016227, 60.53337812513815 ], [ 30.196580760016243, 60.533356697250753 ], [ 30.196730880016176, 60.533358202516027 ], [ 30.196848960016236, 60.533379187677639 ], [ 30.196945800016252, 60.533451351737142 ], [ 30.197026800016211, 60.533569647319823 ], [ 30.197135160016192, 60.533612856975758 ], [ 30.197260440016219, 60.533623128114954 ], [ 30.197264400016188, 60.53362348229215 ], [ 30.197574720016252, 60.533720438143142 ], [ 30.197793240016182, 60.533787997162648 ], [ 30.198454920016196, 60.533970396956697 ], [ 30.19890852001625, 60.534104274209746 ], [ 30.198951000016173, 60.534404964751886 ], [ 30.197928960016174, 60.53488627630783 ] ] ] } },
{ "type": "Feature", "properties": { }, "geometry": { "type": "Polygon", "coordinates": [ [ [ 30.1872762000162, 60.530173701545046 ], [ 30.186662760016219, 60.530364268599349 ], [ 30.186282960016161, 60.530462031188144 ], [ 30.186140760016169, 60.530316449834245 ], [ 30.18607344001617, 60.530331503897543 ], [ 30.185400960016153, 60.530482044145437 ], [ 30.185187480016197, 60.530272793011143 ], [ 30.186059400016173, 60.530044944173632 ], [ 30.186084960016224, 60.530071333277732 ], [ 30.186858600016251, 60.52988873440561 ], [ 30.187234800016196, 60.52985437523985 ], [ 30.1872762000162, 60.530173701545046 ] ] ] } },
{ "type": "Feature", "properties": { }, "geometry": { "type": "Polygon", "coordinates": [ [ [ 30.220772400016209, 60.544950387696389 ], [ 30.220770960016171, 60.544972516015228 ], [ 30.220762680016211, 60.545065100737048 ], [ 30.220741800016192, 60.545212563045325 ], [ 30.220729920016193, 60.545370380605554 ], [ 30.2207083200162, 60.545429329648222 ], [ 30.220475760016193, 60.545420212911417 ], [ 30.220772400016209, 60.544950387696389 ] ] ] } },
{ "type": "Feature", "properties": { }, "geometry": { "type": "Polygon", "coordinates": [ [ [ 30.217227840016257, 60.548375317293129 ], [ 30.216957840016207, 60.548697647024042 ], [ 30.21691284001626, 60.548688088692735 ], [ 30.216588480016199, 60.548624631921548 ], [ 30.216845880016194, 60.548321329846829 ], [ 30.217168440016199, 60.54836363477142 ], [ 30.217227840016257, 60.548375317293129 ] ] ] } },
{ "type": "Feature", "properties": { }, "geometry": { "type": "Polygon", "coordinates": [ [ [ 30.215581920016227, 60.549967906429899 ], [ 30.215545200016244, 60.550015165170947 ], [ 30.215481840016217, 60.550003925738785 ], [ 30.215390760016231, 60.550120921841362 ], [ 30.215302560016212, 60.550234466065824 ], [ 30.215009160016194, 60.550183402188793 ], [ 30.215096280016219, 60.550068618794853 ], [ 30.21522084001619, 60.549903744170969 ], [ 30.215246040016208, 60.549908788656602 ], [ 30.215289240016183, 60.549855600268288 ], [ 30.215554200016186, 60.549903301672202 ], [ 30.215518560016193, 60.549956489982101 ], [ 30.215581920016227, 60.549967906429899 ] ] ] } },
{ "type": "Feature", "properties": { }, "geometry": { "type": "Polygon", "coordinates": [ [ [ 30.215878200016206, 60.54939035301711 ], [ 30.215805480016215, 60.549483013598604 ], [ 30.215553480016208, 60.54943513457291 ], [ 30.215624040016209, 60.549342031347791 ], [ 30.215878200016206, 60.54939035301711 ] ] ] } },
{ "type": "Feature", "properties": { }, "geometry": { "type": "Polygon", "coordinates": [ [ [ 30.217834440016212, 60.548774556087174 ], [ 30.218410440016235, 60.548901380414435 ], [ 30.218038920016234, 60.54931114438218 ], [ 30.217504680016248, 60.549202995519494 ], [ 30.217834440016212, 60.548774556087174 ] ] ] } },
{ "type": "Feature", "properties": { }, "geometry": { "type": "Polygon", "coordinates": [ [ [ 30.256002720016259, 60.564906725011099 ], [ 30.256558200016201, 60.565106552617891 ], [ 30.256485120016265, 60.565153700784187 ], [ 30.256421400016208, 60.56519377224857 ], [ 30.256390440016254, 60.565183776501634 ], [ 30.25610316001621, 60.565398197864518 ], [ 30.255982560016207, 60.565370156867793 ], [ 30.255841440016209, 60.565028886257871 ], [ 30.256002720016259, 60.564906725011099 ] ] ] } },
{ "type": "Feature", "properties": { }, "geometry": { "type": "Polygon", "coordinates": [ [ [ 30.269883960016262, 60.574525532298267 ], [ 30.269935080016271, 60.574482996290456 ], [ 30.271027320016231, 60.57436599987205 ], [ 30.27282516001625, 60.574066476498906 ], [ 30.273002280016257, 60.574203017760894 ], [ 30.273003360016258, 60.574204078960101 ], [ 30.272918760016267, 60.574253513120304 ], [ 30.27291660001627, 60.574254839617275 ], [ 30.27206700001625, 60.574753068038071 ], [ 30.271890240016276, 60.574872185409902 ], [ 30.270512160016207, 60.575945902141122 ], [ 30.270400560016235, 60.575932195720085 ], [ 30.270298320016217, 60.575288341096275 ], [ 30.270298320016217, 60.575288606387154 ], [ 30.270273480016233, 60.57513332240292 ], [ 30.270064680016208, 60.574783311688527 ], [ 30.269883960016262, 60.574525532298267 ] ] ] } },
{ "type": "Feature", "properties": { }, "geometry": { "type": "Polygon", "coordinates": [ [ [ 30.254974920016227, 60.557915431265798 ], [ 30.254967720016268, 60.557806160952246 ], [ 30.255209640016236, 60.557560456234711 ], [ 30.255231600016256, 60.557568153890145 ], [ 30.255319800016277, 60.557486133950249 ], [ 30.25534788001627, 60.557491265732558 ], [ 30.25568340001626, 60.557181410798314 ], [ 30.255741360016199, 60.557194594292582 ], [ 30.255776280016214, 60.557162476105844 ], [ 30.255725520016238, 60.557147257559976 ], [ 30.255868440016201, 60.557037896170669 ], [ 30.255881760016223, 60.557043912826266 ], [ 30.255896160016245, 60.557027278540367 ], [ 30.255905160016273, 60.557031348632378 ], [ 30.255971760016209, 60.556989762885351 ], [ 30.256247520016203, 60.557106910682705 ], [ 30.256570080016196, 60.557242284874661 ], [ 30.256096680016213, 60.557458440007743 ], [ 30.255805080016259, 60.557719452262532 ], [ 30.256482240016211, 60.558000900743615 ], [ 30.256061400016261, 60.558212980863551 ], [ 30.255715440016214, 60.558044343217716 ], [ 30.255651720016246, 60.558076283573854 ], [ 30.255625440016228, 60.558063808258431 ], [ 30.255481800016206, 60.558140695054817 ], [ 30.255439680016224, 60.558165468667205 ], [ 30.255387840016244, 60.558195904793571 ], [ 30.255248520016227, 60.558128927582338 ], [ 30.254978880016203, 60.557965863593715 ], [ 30.254974920016227, 60.557915431265798 ] ] ] } },
{ "type": "Feature", "properties": { }, "geometry": { "type": "Polygon", "coordinates": [ [ [ 30.224410920016194, 60.544074890746913 ], [ 30.224501280016209, 60.543769864205323 ], [ 30.224529360016192, 60.543623811593172 ], [ 30.225708720016179, 60.543785885694184 ], [ 30.225748320016226, 60.543890334985079 ], [ 30.22571772001621, 60.543895645956958 ], [ 30.225689640016217, 60.543900779895608 ], [ 30.225662640016232, 60.543906002349601 ], [ 30.225634920016187, 60.543911401835075 ], [ 30.225606840016194, 60.543916978351916 ], [ 30.225579840016209, 60.543922731900004 ], [ 30.225553560016191, 60.543928485447069 ], [ 30.225526920016232, 60.54393432750922 ], [ 30.225499200016188, 60.543940435118515 ], [ 30.225470040016205, 60.543947339371108 ], [ 30.225440880016219, 60.543955040266496 ], [ 30.225412080016259, 60.543963006708069 ], [ 30.225384000016184, 60.543971415727583 ], [ 30.225356640016255, 60.543980178808745 ], [ 30.225330000016211, 60.543989295951299 ], [ 30.225304080016219, 60.543998678639042 ], [ 30.225278520016264, 60.544008326871683 ], [ 30.225253680016184, 60.544018240648995 ], [ 30.225229560016253, 60.544028331454939 ], [ 30.22520616001621, 60.544038599289351 ], [ 30.225183480016224, 60.544048955636292 ], [ 30.225161880016227, 60.54405940049562 ], [ 30.225140640016271, 60.544069668320169 ], [ 30.225119760016245, 60.544080024657148 ], [ 30.225098520016196, 60.544090823569064 ], [ 30.225077640016181, 60.544101976539949 ], [ 30.22506288001621, 60.54411003146091 ], [ 30.224761560016265, 60.544091266147383 ], [ 30.224499120016215, 60.544077900280605 ], [ 30.224410920016194, 60.544074890746913 ] ] ] } },
{ "type": "Feature", "properties": { }, "geometry": { "type": "Polygon", "coordinates": [ [ [ 30.265043400016211, 60.56146487881756 ], [ 30.265013520016257, 60.561895892655954 ], [ 30.264215760016214, 60.561829896246152 ], [ 30.264474960016273, 60.561403747284515 ], [ 30.26471400001628, 60.561431172443896 ], [ 30.265043400016211, 60.56146487881756 ] ] ] } },
{ "type": "Feature", "properties": { }, "geometry": { "type": "Polygon", "coordinates": [ [ [ 30.187616760016162, 60.530123048775046 ], [ 30.187451520016239, 60.530161038359999 ], [ 30.186681480016244, 60.530358335534174 ], [ 30.1872762000162, 60.530173701545046 ], [ 30.187234800016196, 60.52985437523985 ], [ 30.187401840016172, 60.529843217358604 ], [ 30.187616760016162, 60.530123048775046 ] ] ] } },
{ "type": "Feature", "properties": { }, "geometry": { "type": "Polygon", "coordinates": [ [ [ 30.186084960016224, 60.530071333277732 ], [ 30.186059400016173, 60.530044944173632 ], [ 30.186315360016234, 60.529981096621434 ], [ 30.186608040016182, 60.529910430251789 ], [ 30.186651240016165, 60.52990679951936 ], [ 30.186811080016181, 60.52989307357597 ], [ 30.186858600016251, 60.52988873440561 ], [ 30.186084960016224, 60.530071333277732 ] ] ] } },
{ "type": "Feature", "properties": { }, "geometry": { "type": "Polygon", "coordinates": [ [ [ 30.18410100001617, 60.530634886057499 ], [ 30.184247520016168, 60.530607877545009 ], [ 30.183991920016222, 60.530308657139933 ], [ 30.183783120016205, 60.529991457467148 ], [ 30.183684840016163, 60.529753334286006 ], [ 30.183608880016166, 60.529482975126157 ], [ 30.183617520016156, 60.529440645515137 ], [ 30.183975720016232, 60.529479344345823 ], [ 30.184044120016232, 60.529723137059783 ], [ 30.184135920016185, 60.529945674901526 ], [ 30.184333560016182, 60.530246049857134 ], [ 30.184624080016224, 60.530585739403186 ], [ 30.184900920016215, 60.530851041898345 ], [ 30.185696880016195, 60.531785250667923 ], [ 30.186288000016216, 60.532503997492782 ], [ 30.186228960016184, 60.532575366578826 ], [ 30.186162360016159, 60.532589711214847 ], [ 30.185766000016162, 60.532674893428712 ], [ 30.185604000016241, 60.532709692335182 ], [ 30.185522280016219, 60.532489210081856 ], [ 30.185462880016154, 60.532373478434614 ], [ 30.185269920016193, 60.532117663096159 ], [ 30.185121600016227, 60.531938174976666 ], [ 30.184988040016233, 60.531767452250378 ], [ 30.184742160016196, 60.531423524688513 ], [ 30.184600680016175, 60.531258643598754 ], [ 30.184443360016186, 60.531093761669332 ], [ 30.184337160016209, 60.53101716478379 ], [ 30.184076880016246, 60.530880086899316 ], [ 30.18408588001618, 60.530794722858843 ], [ 30.1840405200162, 60.530772850501059 ], [ 30.183900120016176, 60.530785247790689 ], [ 30.183823080016179, 60.530685980788419 ], [ 30.18410100001617, 60.530634886057499 ] ] ] } },
{ "type": "Feature", "properties": { }, "geometry": { "type": "Polygon", "coordinates": [ [ [ 30.253475880016222, 60.558848770502181 ], [ 30.253623480016209, 60.558747200716986 ], [ 30.253815720016213, 60.558624750307892 ], [ 30.25384776001626, 60.558604754749048 ], [ 30.254055120016243, 60.558471155786627 ], [ 30.254101200016194, 60.558441781636112 ], [ 30.254131440016273, 60.558452221849272 ], [ 30.254211000016205, 60.558400993991256 ], [ 30.25436004001622, 60.558304996836746 ], [ 30.254366880016249, 60.558307651139778 ], [ 30.254460840016204, 60.558247132976447 ], [ 30.254513760016273, 60.558220766840634 ], [ 30.254680800016249, 60.558138306169788 ], [ 30.254807880016251, 60.55813857160144 ], [ 30.254878080016219, 60.558174847244111 ], [ 30.25501956001624, 60.558248725561157 ], [ 30.255289920016235, 60.558382413919091 ], [ 30.255327000016248, 60.558365957274809 ], [ 30.255608160016237, 60.558505661531775 ], [ 30.255605280016265, 60.558515482390945 ], [ 30.255808320016257, 60.558603604561647 ], [ 30.256049160016232, 60.558703759187054 ], [ 30.256395120016279, 60.558846735570597 ], [ 30.256451640016284, 60.558869916088099 ], [ 30.256516440016252, 60.558894954567322 ], [ 30.256477200016242, 60.558918223525318 ], [ 30.25628280001624, 60.559032887043507 ], [ 30.256120080016263, 60.559128616613755 ], [ 30.256066080016197, 60.559160290475717 ], [ 30.256032600016212, 60.559185151781385 ], [ 30.256049520016266, 60.559216914062269 ], [ 30.256017840016256, 60.559261770489364 ], [ 30.255985440016264, 60.559442876575062 ], [ 30.25592856001623, 60.559511001220173 ], [ 30.255697440016252, 60.559789249092297 ], [ 30.255287400016204, 60.560282038335856 ], [ 30.254173560016255, 60.560795875926338 ], [ 30.253628520016264, 60.561048279727423 ], [ 30.253617000016213, 60.561052083905636 ], [ 30.253468320016221, 60.560893458141209 ], [ 30.253203720016259, 60.560614423536194 ], [ 30.253194000016261, 60.560606815076376 ], [ 30.253143960016256, 60.560548778393411 ], [ 30.253110480016275, 60.560510382116057 ], [ 30.25278396001622, 60.560138006637061 ], [ 30.252807000016233, 60.560135971786615 ], [ 30.253056120016272, 60.560113323007577 ], [ 30.253141800016259, 60.560114296197618 ], [ 30.253204440016233, 60.560129424875541 ], [ 30.253210560016193, 60.560135264012501 ], [ 30.253271760016229, 60.560103237218073 ], [ 30.253303080016213, 60.560099167512611 ], [ 30.253410000016252, 60.56011164204287 ], [ 30.253425480016272, 60.560100052231263 ], [ 30.253583520016235, 60.56004387255112 ], [ 30.253877280016276, 60.559925585252046 ], [ 30.253934880016274, 60.559961505001155 ], [ 30.254045760016279, 60.559917976630103 ], [ 30.254190840016243, 60.560002113733539 ], [ 30.254309280016248, 60.559952657776023 ], [ 30.254279760016232, 60.559935405680015 ], [ 30.254346720016198, 60.559907006055766 ], [ 30.254798160016254, 60.559732449562148 ], [ 30.255091560016265, 60.559612214713688 ], [ 30.25495656001624, 60.559534623628558 ], [ 30.254992560016255, 60.559451016150554 ], [ 30.254308200016247, 60.559030055850421 ], [ 30.25387080001628, 60.55888398364592 ], [ 30.253862160016279, 60.558888407405 ], [ 30.253717080016227, 60.55896086849237 ], [ 30.253475880016222, 60.558848770502181 ] ] ] } },
{ "type": "Feature", "properties": { }, "geometry": { "type": "Polygon", "coordinates": [ [ [ 30.205359360016168, 60.555430612709138 ], [ 30.203598600016253, 60.555192411193843 ], [ 30.203656560016192, 60.555088617785714 ], [ 30.205417320016203, 60.555326820065403 ], [ 30.205359720016201, 60.555430435739851 ], [ 30.205359360016168, 60.555430612709138 ] ] ] } },
{ "type": "Feature", "properties": { }, "geometry": { "type": "Polygon", "coordinates": [ [ [ 30.219028560016252, 60.561818041648877 ], [ 30.219029640016249, 60.561822288072278 ], [ 30.219110640016208, 60.562145191551558 ], [ 30.218496480016256, 60.562200659852131 ], [ 30.218310720016259, 60.56220242917432 ], [ 30.218189040016256, 60.561876429921774 ], [ 30.219028560016252, 60.561818041648877 ] ] ] } },
{ "type": "Feature", "properties": { }, "geometry": { "type": "Polygon", "coordinates": [ [ [ 30.269683800016242, 60.574845744397919 ], [ 30.269686680016211, 60.574850254404865 ], [ 30.267255240016244, 60.575080440784674 ], [ 30.267097560016232, 60.574879348355893 ], [ 30.266931240016223, 60.574635895733167 ], [ 30.26909700001622, 60.574270403844629 ], [ 30.269243520016207, 60.574302416606862 ], [ 30.26929752001627, 60.57436378905129 ], [ 30.269364840016269, 60.574440990822396 ], [ 30.269455560016226, 60.574544898986005 ], [ 30.269573640016294, 60.574700451093307 ], [ 30.269683800016242, 60.574845744397919 ] ] ] } },
{ "type": "Feature", "properties": { }, "geometry": { "type": "Polygon", "coordinates": [ [ [ 30.189735720016241, 60.525417928739898 ], [ 30.191318640016181, 60.524550760258485 ], [ 30.191244480016245, 60.524504704291928 ], [ 30.192112440016164, 60.524064423659539 ], [ 30.19231980001625, 60.523959644667116 ], [ 30.192831000016216, 60.524173453679737 ], [ 30.192468120016208, 60.52450169293801 ], [ 30.191972400016173, 60.524820186350446 ], [ 30.191637960016177, 60.525034609656082 ], [ 30.191284080016196, 60.525262670886896 ], [ 30.190534920016219, 60.525741638526576 ], [ 30.190344480016194, 60.525668217356632 ], [ 30.190260240016229, 60.525634030844344 ], [ 30.189830400016163, 60.525460440743238 ], [ 30.189735720016241, 60.525417928739898 ] ] ] } },
{ "type": "Feature", "properties": { }, "geometry": { "type": "Polygon", "coordinates": [ [ [ 30.192543360016231, 60.548508603946907 ], [ 30.192665400016175, 60.548352660277487 ], [ 30.192798960016169, 60.548162110607706 ], [ 30.192893280016243, 60.548000500951034 ], [ 30.193391880016247, 60.546893992997099 ], [ 30.1939408800162, 60.545845421863248 ], [ 30.194044560016238, 60.545813557938942 ], [ 30.194263440016194, 60.545780366317786 ], [ 30.194658720016189, 60.545724869851156 ], [ 30.194671680016178, 60.545746289551325 ], [ 30.19480668001621, 60.54577399352263 ], [ 30.19525776001624, 60.546256994731458 ], [ 30.195417240016219, 60.546334263634634 ], [ 30.195704880016208, 60.546439058736503 ], [ 30.195776520016199, 60.546524381524897 ], [ 30.194967960016164, 60.549211403177246 ], [ 30.194594280016254, 60.550454296463613 ], [ 30.19108680001623, 60.55015658698364 ], [ 30.191131080016209, 60.550098797043496 ], [ 30.192323760016212, 60.548755704975811 ], [ 30.192328800016185, 60.548750129292927 ], [ 30.192543360016231, 60.548508603946907 ] ] ] } },
{ "type": "Feature", "properties": { }, "geometry": { "type": "Polygon", "coordinates": [ [ [ 30.267716400016209, 60.554706269373931 ], [ 30.26770560001621, 60.554713171329311 ], [ 30.267561960016277, 60.5547155604674 ], [ 30.266451360016241, 60.554198883132862 ], [ 30.268022400016271, 60.55373971561572 ], [ 30.269093400016278, 60.553862184521357 ], [ 30.268948320016229, 60.553936249667721 ], [ 30.268699920016257, 60.5540703982944 ], [ 30.268521000016282, 60.554174371946182 ], [ 30.268319040016284, 60.554294803988086 ], [ 30.268157040016273, 60.554401166079771 ], [ 30.267957960016247, 60.554540091080462 ], [ 30.267762120016215, 60.554673440822427 ], [ 30.267716400016209, 60.554706269373931 ] ] ] } },
{ "type": "Feature", "properties": { }, "geometry": { "type": "Polygon", "coordinates": [ [ [ 30.199127400016206, 60.544458338489484 ], [ 30.198831480016164, 60.544158095398373 ], [ 30.19906728001618, 60.544105340133541 ], [ 30.199730400016225, 60.543929459124151 ], [ 30.19981788001618, 60.543906179381949 ], [ 30.200012280016182, 60.543854662934628 ], [ 30.200748120016218, 60.543659483898075 ], [ 30.200935320016253, 60.543624785279427 ], [ 30.202278120016185, 60.543376494333302 ], [ 30.202891200016229, 60.543263103074985 ], [ 30.203188200016179, 60.543208133399283 ], [ 30.203558280016239, 60.543143957733804 ], [ 30.203742600016213, 60.543436243665511 ], [ 30.203092080016226, 60.543546890285739 ], [ 30.20245920001625, 60.543654703988537 ], [ 30.201820920016189, 60.543763136947987 ], [ 30.201167880016175, 60.543903789445515 ], [ 30.200939280016222, 60.543952915881754 ], [ 30.200023080016177, 60.544208549178613 ], [ 30.199127400016206, 60.544458338489484 ] ] ] } },
{ "type": "Feature", "properties": { }, "geometry": { "type": "Polygon", "coordinates": [ [ [ 30.256831800016194, 60.567314569869943 ], [ 30.258112320016284, 60.567994494175714 ], [ 30.258764280016212, 60.567732680343276 ], [ 30.259377000016219, 60.568089224266352 ], [ 30.259265040016214, 60.568157949844604 ], [ 30.259383480016218, 60.568253210153586 ], [ 30.259031760016235, 60.5685222725741 ], [ 30.258426600016218, 60.568326800097914 ], [ 30.257999640016212, 60.56835554612443 ], [ 30.257111880016271, 60.568671043141642 ], [ 30.256156440016216, 60.568164848929335 ], [ 30.256485840016236, 60.567918073060007 ], [ 30.255992280016198, 60.567546755854423 ], [ 30.256831800016194, 60.567314569869943 ] ] ] } },
{ "type": "Feature", "properties": { }, "geometry": { "type": "Polygon", "coordinates": [ [ [ 30.225683160016217, 60.577900466680155 ], [ 30.225994920016223, 60.576844765382226 ], [ 30.226125960016194, 60.576653941415266 ], [ 30.22638588001622, 60.576496895451619 ], [ 30.227565240016201, 60.575748882833857 ], [ 30.227730840016243, 60.575753304285712 ], [ 30.227811120016238, 60.575828203588074 ], [ 30.227902920016192, 60.5758969127128 ], [ 30.2280138000162, 60.575971546397092 ], [ 30.228086520016198, 60.576019120859364 ], [ 30.228164640016189, 60.576078190912192 ], [ 30.228203520016258, 60.576112766297179 ], [ 30.228214680016197, 60.576110201883708 ], [ 30.22829748001622, 60.576186603632323 ], [ 30.228301080016244, 60.576190052318083 ], [ 30.228294600016245, 60.57619164401909 ], [ 30.228309000016274, 60.576204377624322 ], [ 30.228382080016203, 60.576271671107477 ], [ 30.228412320016194, 60.576303328177261 ], [ 30.228420240016217, 60.576301471199137 ], [ 30.228502680016213, 60.576385654098971 ], [ 30.228492240016241, 60.576388130063293 ], [ 30.228513120016267, 60.576412978123265 ], [ 30.228243840016184, 60.576488494885901 ], [ 30.228084000016256, 60.576368233916043 ], [ 30.227779440016221, 60.576444723481771 ], [ 30.227695920016227, 60.576472135883236 ], [ 30.227043600016177, 60.576680823080302 ], [ 30.227137920016254, 60.576758992005438 ], [ 30.226949640016226, 60.576817618575234 ], [ 30.227061960016258, 60.577296619309443 ], [ 30.227074200016194, 60.577520598571446 ], [ 30.227056200016232, 60.57755641035056 ], [ 30.226901400016189, 60.577623347322614 ], [ 30.226755240016224, 60.57767640162735 ], [ 30.226560120016259, 60.577827517494548 ], [ 30.226456800016244, 60.57792752415439 ], [ 30.225683160016217, 60.577900466680155 ] ] ] } },
{ "type": "Feature", "properties": { }, "geometry": { "type": "Polygon", "coordinates": [ [ [ 30.198971160016217, 60.550887492492627 ], [ 30.199774320016175, 60.550139772157209 ], [ 30.200015160016239, 60.549806925293836 ], [ 30.200359320016229, 60.549545760680296 ], [ 30.201356520016233, 60.549172727933382 ], [ 30.201613560016199, 60.548968022726335 ], [ 30.201652080016245, 60.54896147355435 ], [ 30.204215640016173, 60.550112071924055 ], [ 30.206546640016178, 60.551250062932191 ], [ 30.206055600016171, 60.551404311218235 ], [ 30.206021760016245, 60.551525815517778 ], [ 30.206001960016227, 60.551807229404304 ], [ 30.206051280016172, 60.551863600382198 ], [ 30.206363040016175, 60.552244478010493 ], [ 30.206441880016229, 60.552364297786816 ], [ 30.206342880016216, 60.552382615837601 ], [ 30.206427480016206, 60.552501107712551 ], [ 30.206359800016173, 60.552565176327484 ], [ 30.206211480016218, 60.553183201864691 ], [ 30.206129400016259, 60.553525747874488 ], [ 30.206095200016211, 60.553769890439682 ], [ 30.205934280016201, 60.554391786408551 ], [ 30.205492920016258, 60.555216744638578 ], [ 30.205417320016203, 60.555326820065403 ], [ 30.203656560016192, 60.555088617785714 ], [ 30.204138600016176, 60.554225429523491 ], [ 30.204141480016236, 60.553457610620853 ], [ 30.202125480016232, 60.551199708627919 ], [ 30.198971160016217, 60.550887492492627 ] ] ] } },
{ "type": "Feature", "properties": { }, "geometry": { "type": "Polygon", "coordinates": [ [ [ 30.194804880016235, 60.550475005047268 ], [ 30.194805960016236, 60.550472173104978 ], [ 30.19597488001617, 60.546600499175213 ], [ 30.196026000016172, 60.546590409171387 ], [ 30.196515960016185, 60.546778312848986 ], [ 30.197035800016241, 60.546994095377514 ], [ 30.196325160016215, 60.547378570606689 ], [ 30.196719720016237, 60.54753761668951 ], [ 30.197347920016174, 60.547805081405173 ], [ 30.197656080016248, 60.547936157779844 ], [ 30.197960280016247, 60.548065640537359 ], [ 30.198558600016234, 60.5483203563019 ], [ 30.199140720016228, 60.54856816679591 ], [ 30.199390920016167, 60.548678353352372 ], [ 30.199072320016235, 60.549278133351947 ], [ 30.199226760016249, 60.549303621764324 ], [ 30.199136040016203, 60.54963417279329 ], [ 30.199208040016227, 60.549647270863581 ], [ 30.199125600016238, 60.54984365278132 ], [ 30.199060080016206, 60.549934188072463 ], [ 30.199005360016169, 60.549991978306601 ], [ 30.199540320016222, 60.550084283167926 ], [ 30.199539960016196, 60.550089062127689 ], [ 30.198710160016191, 60.550861651339595 ], [ 30.194804880016235, 60.550475005047268 ] ] ] } },
{ "type": "Feature", "properties": { }, "geometry": { "type": "Polygon", "coordinates": [ [ [ 30.253823640016236, 60.55545680415058 ], [ 30.254100840016257, 60.555660229522594 ], [ 30.253767840016199, 60.555806670222758 ], [ 30.253681440016244, 60.555835869799729 ], [ 30.253475880016222, 60.555852327731486 ], [ 30.253319640016233, 60.555828260215549 ], [ 30.253272480016197, 60.555838258854841 ], [ 30.253160520016284, 60.555861883946072 ], [ 30.253219920016249, 60.555914266109262 ], [ 30.253379400016236, 60.556053184610882 ], [ 30.253451400016264, 60.556110698465567 ], [ 30.253658040016198, 60.556245811380286 ], [ 30.25370304001623, 60.556273506361194 ], [ 30.253784760016252, 60.556328719287549 ], [ 30.25461996001625, 60.556079287065302 ], [ 30.254748480016275, 60.556088666247149 ], [ 30.255132240016216, 60.556477015078258 ], [ 30.256002000016196, 60.556339425629346 ], [ 30.256055280016206, 60.556521521379217 ], [ 30.25642644001627, 60.556493738128943 ], [ 30.256447320016196, 60.556504621379474 ], [ 30.256284960016242, 60.556578326549094 ], [ 30.255878160016199, 60.556779975248354 ], [ 30.255750000016196, 60.556852794982973 ], [ 30.255627240016196, 60.556929330736374 ], [ 30.25548684001626, 60.557024447171678 ], [ 30.255325560016217, 60.557145311001257 ], [ 30.255143760016274, 60.557292098895495 ], [ 30.255011280016276, 60.557408449284686 ], [ 30.254939640016278, 60.557475339509075 ], [ 30.254922000016258, 60.557516747673837 ], [ 30.254897520016208, 60.557514358742665 ], [ 30.254791680016261, 60.557613454997522 ], [ 30.254685480016281, 60.557727415315142 ], [ 30.254620320016279, 60.557683087630615 ], [ 30.254440320016219, 60.557557978828001 ], [ 30.254374080016216, 60.55751196981138 ], [ 30.254515560016241, 60.557158494510247 ], [ 30.254262120016211, 60.557107618523062 ], [ 30.254291280016197, 60.557005423907015 ], [ 30.254274720016266, 60.557000469008315 ], [ 30.253680720016277, 60.556990824649773 ], [ 30.253583520016235, 60.556904998580102 ], [ 30.253449240016266, 60.556787673089509 ], [ 30.253480920016276, 60.556779886767394 ], [ 30.253398120016254, 60.556736088670512 ], [ 30.253404600016253, 60.556718038528473 ], [ 30.253176360016241, 60.556586112919767 ], [ 30.253181400016214, 60.556571336510245 ], [ 30.252947400016264, 60.556398620132818 ], [ 30.252808800016208, 60.556328807769745 ], [ 30.252708720016191, 60.556256606231919 ], [ 30.252588480016218, 60.556176883513302 ], [ 30.252593880016217, 60.556173078761546 ], [ 30.252189600016202, 60.555925945904335 ], [ 30.252449520016228, 60.555687128649538 ], [ 30.252571200016231, 60.555574311437603 ], [ 30.252697200016232, 60.555457423542485 ], [ 30.252730320016276, 60.555426807869594 ], [ 30.252973680016282, 60.555201525177125 ], [ 30.25311300001621, 60.555257713269654 ], [ 30.25339560001623, 60.555384158242269 ], [ 30.253732200016223, 60.555507594250223 ], [ 30.253823640016236, 60.55545680415058 ] ] ] } },
{ "type": "Feature", "properties": { }, "geometry": { "type": "Polygon", "coordinates": [ [ [ 30.203990640016251, 60.555866927502656 ], [ 30.203598600016253, 60.555192411193843 ], [ 30.206206800016187, 60.55554520010881 ], [ 30.206282760016183, 60.555611386313785 ], [ 30.206023920016246, 60.556065218287394 ], [ 30.203990640016251, 60.555866927502656 ] ] ] } },
{ "type": "Feature", "properties": { }, "geometry": { "type": "Polygon", "coordinates": [ [ [ 30.236625360016237, 60.508236386328569 ], [ 30.236978880016192, 60.508389067406952 ], [ 30.236503320016208, 60.508861284250614 ], [ 30.235738320016267, 60.508700630277637 ], [ 30.235809960016265, 60.508699035253507 ], [ 30.235883040016201, 60.50868840175729 ], [ 30.236194440016259, 60.508595181290985 ], [ 30.236388120016201, 60.508569394973968 ], [ 30.236414760016253, 60.50855752085549 ], [ 30.236619600016212, 60.508547950667257 ], [ 30.236625360016237, 60.508236386328569 ] ] ] } },
{ "type": "Feature", "properties": { }, "geometry": { "type": "Polygon", "coordinates": [ [ [ 30.225636720016244, 60.576697712536003 ], [ 30.225021480016206, 60.576630066233506 ], [ 30.225084120016263, 60.576502377924939 ], [ 30.224922120016252, 60.576364608394577 ], [ 30.224993760016243, 60.576342147837778 ], [ 30.224950920016205, 60.576303770314873 ], [ 30.225204360016235, 60.576226219282695 ], [ 30.225502080016245, 60.57619907195609 ], [ 30.226021200016241, 60.576500167250323 ], [ 30.225636720016244, 60.576697712536003 ] ] ] } },
{ "type": "Feature", "properties": { }, "geometry": { "type": "Polygon", "coordinates": [ [ [ 30.210237720016202, 60.547344584030199 ], [ 30.210701400016195, 60.547243243635734 ], [ 30.210957360016256, 60.547538501751745 ], [ 30.210933600016173, 60.547541245444648 ], [ 30.210728040016239, 60.547542573037866 ], [ 30.210550920016232, 60.547532925859031 ], [ 30.210427080016235, 60.547510887797579 ], [ 30.21032484001622, 60.547453181637728 ], [ 30.210237720016202, 60.547344584030199 ] ] ] } },
{ "type": "Feature", "properties": { }, "geometry": { "type": "Polygon", "coordinates": [ [ [ 30.151907280016182, 60.501604566002065 ], [ 30.151843200016184, 60.501172748735947 ], [ 30.152273400016192, 60.501245605008144 ], [ 30.152791800016217, 60.501350900645029 ], [ 30.152812320016203, 60.501777043129906 ], [ 30.152401920016221, 60.501695058998081 ], [ 30.151907280016182, 60.501604566002065 ] ] ] } },
{ "type": "Feature", "properties": { }, "geometry": { "type": "Polygon", "coordinates": [ [ [ 30.25286748001621, 60.555069770353604 ], [ 30.252529080016249, 60.555383538848915 ], [ 30.251808720016228, 60.555226831952133 ], [ 30.251854080016209, 60.555176129896928 ], [ 30.252030480016245, 60.554907575800968 ], [ 30.25283760001625, 60.555059771476721 ], [ 30.25286748001621, 60.555069770353604 ] ] ] } },
{ "type": "Feature", "properties": { }, "geometry": { "type": "Polygon", "coordinates": [ [ [ 30.222335880016242, 60.542742259435471 ], [ 30.222188280016255, 60.54264196686119 ], [ 30.222156600016238, 60.542540611737273 ], [ 30.222236880016226, 60.542429784635878 ], [ 30.222127440016251, 60.54222680717924 ], [ 30.221960400016187, 60.54195416210262 ], [ 30.221783640016206, 60.541786324900201 ], [ 30.22249104001623, 60.541325033674909 ], [ 30.223320840016228, 60.541548465517423 ], [ 30.223065600016231, 60.542260799131633 ], [ 30.223035000016214, 60.542350913040963 ], [ 30.22273260001618, 60.542528927108698 ], [ 30.22259688001618, 60.542645596165407 ], [ 30.222444240016223, 60.542702160146945 ], [ 30.222335880016242, 60.542742259435471 ] ] ] } },
{ "type": "Feature", "properties": { }, "geometry": { "type": "Polygon", "coordinates": [ [ [ 30.228617880016216, 60.560791275488235 ], [ 30.228807600016189, 60.560781986140157 ], [ 30.2289642000162, 60.560825070998824 ], [ 30.228997320016241, 60.560859397292781 ], [ 30.229281360016198, 60.561203542916559 ], [ 30.229294680016228, 60.561219998116847 ], [ 30.228882840016212, 60.561292542448349 ], [ 30.228669720016189, 60.561224421556361 ], [ 30.22819920001626, 60.561240522871067 ], [ 30.228081120016199, 60.560826751926442 ], [ 30.228617880016216, 60.560791275488235 ] ] ] } },
{ "type": "Feature", "properties": { }, "geometry": { "type": "Polygon", "coordinates": [ [ [ 30.161925000016186, 60.51028099477886 ], [ 30.161769480016176, 60.510547526931774 ], [ 30.161905920016231, 60.510645083531422 ], [ 30.161637000016174, 60.510817423945653 ], [ 30.160550160016207, 60.510505349782314 ], [ 30.160658520016188, 60.510402830725845 ], [ 30.160868760016147, 60.510316792442815 ], [ 30.160971000016161, 60.510299513872297 ], [ 30.161925000016186, 60.51028099477886 ] ] ] } },
{ "type": "Feature", "properties": { }, "geometry": { "type": "Polygon", "coordinates": [ [ [ 30.249542160016247, 60.494409874655837 ], [ 30.249687960016274, 60.494040904907393 ], [ 30.250006200016273, 60.494058724061865 ], [ 30.250150560016262, 60.494060585764039 ], [ 30.250226880016196, 60.494061560941304 ], [ 30.250424880016222, 60.494048174414381 ], [ 30.250660320016202, 60.494137181416725 ], [ 30.250436040016247, 60.494501540203643 ], [ 30.249991080016279, 60.494454554993872 ], [ 30.249664560016225, 60.494422108564045 ], [ 30.249542160016247, 60.494409874655837 ] ] ] } },
{ "type": "Feature", "properties": { }, "geometry": { "type": "Polygon", "coordinates": [ [ [ 30.22346916001619, 60.56141976004168 ], [ 30.225133080016185, 60.56112958288071 ], [ 30.225517560016176, 60.561618193716832 ], [ 30.225218760016261, 60.561709757663735 ], [ 30.224457000016233, 60.561842812444212 ], [ 30.224476800016252, 60.561984271015262 ], [ 30.223996200016206, 60.561868644824798 ], [ 30.223748520016208, 60.561766465253484 ], [ 30.22346916001619, 60.56141976004168 ] ] ] } },
{ "type": "Feature", "properties": { }, "geometry": { "type": "Polygon", "coordinates": [ [ [ 30.250706400016245, 60.559873475003151 ], [ 30.250290960016198, 60.560161186228932 ], [ 30.249683640016276, 60.560474197564091 ], [ 30.249654480016204, 60.560459157518352 ], [ 30.249760680016266, 60.560406871187283 ], [ 30.249363960016247, 60.56022134692428 ], [ 30.249185760016243, 60.560134644710132 ], [ 30.249568800016206, 60.559934255539943 ], [ 30.25009152001623, 60.559870909301139 ], [ 30.250235520016194, 60.559714754984093 ], [ 30.250307520016218, 60.559741031429027 ], [ 30.250706400016245, 60.559873475003151 ] ] ] } },
{ "type": "Feature", "properties": { }, "geometry": { "type": "Polygon", "coordinates": [ [ [ 30.195652320016173, 60.546286114419964 ], [ 30.195559800016245, 60.54625221520562 ], [ 30.195439920016206, 60.546194064251303 ], [ 30.195439560016183, 60.546161935140397 ], [ 30.19565520001623, 60.546161492590443 ], [ 30.195654840016196, 60.546055811486745 ], [ 30.195439200016246, 60.546056254038142 ], [ 30.195438840016209, 60.545996598054145 ], [ 30.195569880016176, 60.545971195546834 ], [ 30.19620528001618, 60.545848165699717 ], [ 30.196224000016198, 60.545881976826593 ], [ 30.196243800016219, 60.545879144482221 ], [ 30.196268280016181, 60.54592348834511 ], [ 30.196596600016207, 60.545879232992995 ], [ 30.196719720016237, 60.545862681475775 ], [ 30.196754640016252, 60.545918797280628 ], [ 30.196657440016207, 60.545973673841083 ], [ 30.196671840016229, 60.545995889970577 ], [ 30.196512000016213, 60.546061653164799 ], [ 30.196486800016192, 60.546085816458323 ], [ 30.196128960016246, 60.546459858399629 ], [ 30.196027440016206, 60.546422861542787 ], [ 30.195652320016173, 60.546286114419964 ] ] ] } },
{ "type": "Feature", "properties": { }, "geometry": { "type": "Polygon", "coordinates": [ [ [ 30.189823560016222, 60.533802518348963 ], [ 30.189926160016178, 60.533677582807393 ], [ 30.189939840016233, 60.533660936504624 ], [ 30.189974400016215, 60.533612856975758 ], [ 30.190089240016189, 60.533486503987611 ], [ 30.190167000016245, 60.533401146819529 ], [ 30.190212720016159, 60.533401412454189 ], [ 30.190239720016237, 60.533401500999105 ], [ 30.190436280016236, 60.533402740627629 ], [ 30.190710600016196, 60.533399995735842 ], [ 30.190888080016233, 60.53339583412528 ], [ 30.190929840016185, 60.533538036940726 ], [ 30.190831920016173, 60.533839441092113 ], [ 30.189823560016222, 60.533802518348963 ] ] ] } },
{ "type": "Feature", "properties": { }, "geometry": { "type": "Polygon", "coordinates": [ [ [ 30.255541560016205, 60.564350845702975 ], [ 30.255438240016282, 60.564105898397585 ], [ 30.25545264001622, 60.564062287144289 ], [ 30.255761880016284, 60.564014783541786 ], [ 30.255887520016252, 60.564283085095617 ], [ 30.255541560016205, 60.564350845702975 ] ] ] } },
{ "type": "Feature", "properties": { }, "geometry": { "type": "Polygon", "coordinates": [ [ [ 30.22460208001619, 60.57716946418558 ], [ 30.224603160016191, 60.577169110484959 ], [ 30.22529112001623, 60.576977050473715 ], [ 30.225677400016195, 60.577027364647783 ], [ 30.2256590400162, 60.577265140062515 ], [ 30.225124800016214, 60.577217567434531 ], [ 30.225081240016205, 60.577212969332919 ], [ 30.22460208001619, 60.57716946418558 ] ] ] } },
{ "type": "Feature", "properties": { }, "geometry": { "type": "Polygon", "coordinates": [ [ [ 30.149564760016208, 60.502121196958434 ], [ 30.149291160016222, 60.501793262668734 ], [ 30.148702560016144, 60.499938953420511 ], [ 30.152163240016154, 60.500562150012854 ], [ 30.152243160016202, 60.500928297906029 ], [ 30.152273400016192, 60.501245605008144 ], [ 30.151843200016184, 60.501172748735947 ], [ 30.151907280016182, 60.501604566002065 ], [ 30.152401920016221, 60.501695058998081 ], [ 30.152337840016219, 60.502442303454806 ], [ 30.149564760016208, 60.502121196958434 ] ] ] } },
{ "type": "Feature", "properties": { }, "geometry": { "type": "Polygon", "coordinates": [ [ [ 30.217222800016202, 60.561653757715433 ], [ 30.217213800016179, 60.561634914109106 ], [ 30.217190760016248, 60.561541845995748 ], [ 30.21714972001617, 60.56136844841614 ], [ 30.217121280016251, 60.561241496027193 ], [ 30.217050000016194, 60.560925484152996 ], [ 30.217005360016181, 60.56073438924804 ], [ 30.216970440016262, 60.560581600981472 ], [ 30.216962160016205, 60.560550105452904 ], [ 30.216957480016177, 60.560522325663449 ], [ 30.216919680016193, 60.560515867301348 ], [ 30.218719680016211, 60.560822859251829 ], [ 30.21936156001621, 60.560987147406784 ], [ 30.219384960016257, 60.561315544275594 ], [ 30.220297920016218, 60.561280953059985 ], [ 30.220663320016254, 60.561434445767809 ], [ 30.220695000016178, 60.561647741917419 ], [ 30.219533640016245, 60.561650307478466 ], [ 30.217294080016259, 60.561655084729537 ], [ 30.217222800016202, 60.561653757715433 ] ] ] } },
{ "type": "Feature", "properties": { }, "geometry": { "type": "Polygon", "coordinates": [ [ [ 30.219110640016208, 60.562145191551558 ], [ 30.219029640016249, 60.561822288072278 ], [ 30.21957612001626, 60.561820518729249 ], [ 30.219638760016228, 60.562057344431174 ], [ 30.219647040016199, 60.562093084879557 ], [ 30.219644520016256, 60.562093084879557 ], [ 30.219110640016208, 60.562145191551558 ] ] ] } },
{ "type": "Feature", "properties": { }, "geometry": { "type": "Polygon", "coordinates": [ [ [ 30.217273920016208, 60.561827684567895 ], [ 30.217322880016219, 60.561827861502159 ], [ 30.218964840016184, 60.561822465006586 ], [ 30.218189040016256, 60.561876429921774 ], [ 30.218310720016259, 60.56220242917432 ], [ 30.217339080016206, 60.562075303126747 ], [ 30.217312080016221, 60.562060794624735 ], [ 30.217300200016226, 60.56200559148418 ], [ 30.217275720016175, 60.561880410936524 ], [ 30.217277520016236, 60.561859532720284 ], [ 30.217277160016206, 60.561841573904871 ], [ 30.217273920016208, 60.561827684567895 ] ] ] } },
{ "type": "Feature", "properties": { }, "geometry": { "type": "Polygon", "coordinates": [ [ [ 30.186908280016223, 60.532533926483524 ], [ 30.187158840016195, 60.532512498037342 ], [ 30.187318680016215, 60.532499481577567 ], [ 30.187512720016176, 60.532474599758977 ], [ 30.187876320016155, 60.53283835056272 ], [ 30.187963080016232, 60.532888556353143 ], [ 30.188063520016186, 60.532900333008762 ], [ 30.188437200016192, 60.532835871262414 ], [ 30.188473560016234, 60.532830292836017 ], [ 30.188816280016191, 60.533200149279558 ], [ 30.189361320016175, 60.533315169610461 ], [ 30.18954816001618, 60.533380781486834 ], [ 30.189480840016181, 60.533471362846647 ], [ 30.18932640001616, 60.53359966386968 ], [ 30.188992680016231, 60.533765064300269 ], [ 30.189161160016241, 60.533810221658548 ], [ 30.188987280016232, 60.533818898947629 ], [ 30.188806920016226, 60.533830940895989 ], [ 30.188628000016163, 60.533845816237744 ], [ 30.188450160016181, 60.533863613512636 ], [ 30.188273400016207, 60.533884332715921 ], [ 30.188098080016175, 60.533907973841892 ], [ 30.188050920016227, 60.533908682189946 ], [ 30.187941840016187, 60.533740449086302 ], [ 30.187745280016188, 60.533485618540972 ], [ 30.186908280016223, 60.532533926483524 ] ] ] } },
{ "type": "Feature", "properties": { }, "geometry": { "type": "Polygon", "coordinates": [ [ [ 30.182760720016173, 60.530190615302047 ], [ 30.182761440016236, 60.530190349640982 ], [ 30.183375960016214, 60.530160064268635 ], [ 30.183399360016175, 60.529865267453573 ], [ 30.18305304001619, 60.529880764499289 ], [ 30.18308220001617, 60.529532034898985 ], [ 30.183095520016199, 60.529422491585507 ], [ 30.183525360016176, 60.529430638716178 ], [ 30.183617520016156, 60.529440645515137 ], [ 30.183608880016166, 60.529482975126157 ], [ 30.183684840016163, 60.529753334286006 ], [ 30.183783120016205, 60.529991457467148 ], [ 30.183991920016222, 60.530308657139933 ], [ 30.184247520016168, 60.530607877545009 ], [ 30.18410100001617, 60.530634886057499 ], [ 30.184084440016239, 60.530560679008403 ], [ 30.183835680016234, 60.530219129573851 ], [ 30.183435000016157, 60.530288998289073 ], [ 30.183360840016224, 60.530273324331858 ], [ 30.182999400016243, 60.530344432675726 ], [ 30.183279480016228, 60.53070873872749 ], [ 30.182956560016198, 60.530700060604737 ], [ 30.182824440016237, 60.530356387363298 ], [ 30.182760720016173, 60.530190615302047 ] ] ] } },
{ "type": "Feature", "properties": { }, "geometry": { "type": "Polygon", "coordinates": [ [ [ 30.219797520016247, 60.552245185957297 ], [ 30.21980328001618, 60.552210142571774 ], [ 30.2197579200162, 60.552109613861241 ], [ 30.219887880016266, 60.552114569509243 ], [ 30.220021080016227, 60.552059083907281 ], [ 30.220086600016259, 60.55202439429597 ], [ 30.22014312001626, 60.551901918431994 ], [ 30.220151400016228, 60.551867405640927 ], [ 30.220164360016216, 60.551813247032989 ], [ 30.220228080016192, 60.551815547890719 ], [ 30.220895160016205, 60.551840680326116 ], [ 30.22190892001624, 60.552052800842702 ], [ 30.222048960016231, 60.552376421328859 ], [ 30.222183240016196, 60.552519691163653 ], [ 30.221592840016239, 60.552728886990899 ], [ 30.221498160016221, 60.552664110762585 ], [ 30.220553160016213, 60.552822599911252 ], [ 30.219797520016247, 60.552245185957297 ] ] ] } },
{ "type": "Feature", "properties": { }, "geometry": { "type": "Polygon", "coordinates": [ [ [ 30.27410280001628, 60.554011641972309 ], [ 30.274264080016231, 60.553879174390708 ], [ 30.27471516001626, 60.55364255426101 ], [ 30.27500460001621, 60.553570346726367 ], [ 30.275358480016287, 60.553447876715794 ], [ 30.275853480016259, 60.553667773766385 ], [ 30.275998920016256, 60.55373962712644 ], [ 30.277190160016232, 60.554635656976536 ], [ 30.276455040016245, 60.554890497985689 ], [ 30.276415080016264, 60.554907398828824 ], [ 30.276019080016212, 60.554672998388853 ], [ 30.27410280001628, 60.554011641972309 ] ] ] } },
{ "type": "Feature", "properties": { }, "geometry": { "type": "Polygon", "coordinates": [ [ [ 30.215642400016204, 60.543663644189117 ], [ 30.215611800016188, 60.543702680085609 ], [ 30.215332800016196, 60.544085955207564 ], [ 30.214679760016175, 60.543800225362538 ], [ 30.214172880016203, 60.543679842764135 ], [ 30.214299960016199, 60.54339667634229 ], [ 30.214518120016194, 60.543431198170595 ], [ 30.214724400016181, 60.543467490309382 ], [ 30.214930320016236, 60.54350634940797 ], [ 30.215133360016228, 60.543547509905707 ], [ 30.215333880016196, 60.543591414378923 ], [ 30.215534400016246, 60.543637708748847 ], [ 30.215642400016204, 60.543663644189117 ] ] ] } },
{ "type": "Feature", "properties": { }, "geometry": { "type": "Polygon", "coordinates": [ [ [ 30.245707080016267, 60.554366567467682 ], [ 30.245788800016197, 60.554366744442802 ], [ 30.246132240016212, 60.554407714150535 ], [ 30.246377400016279, 60.554408775999718 ], [ 30.246572160016214, 60.554414173732553 ], [ 30.246762960016273, 60.554457001613571 ], [ 30.24680832001625, 60.554473548734215 ], [ 30.246068880016278, 60.554685298038912 ], [ 30.245707080016267, 60.554366567467682 ] ] ] } },
{ "type": "Feature", "properties": { }, "geometry": { "type": "Polygon", "coordinates": [ [ [ 30.199434480016183, 60.544818856657002 ], [ 30.199391280016201, 60.544779999134541 ], [ 30.199321800016207, 60.544708125872134 ], [ 30.199269960016228, 60.544660151265724 ], [ 30.199386960016209, 60.544627843603287 ], [ 30.19973400001625, 60.544532336653617 ], [ 30.2000385600162, 60.544443556539306 ], [ 30.200801400016221, 60.544226163725469 ], [ 30.201222600016209, 60.544114545756436 ], [ 30.201494760016171, 60.544054443613611 ], [ 30.201841800016211, 60.543985312734023 ], [ 30.202918920016181, 60.543793940693867 ], [ 30.203829000016174, 60.543637885782651 ], [ 30.204498240016186, 60.543521485855173 ], [ 30.205058400016256, 60.543422523458204 ], [ 30.205299240016231, 60.543383310188617 ], [ 30.205299240016231, 60.543383398706212 ], [ 30.205443600016221, 60.543590706242725 ], [ 30.205638720016189, 60.543549103214254 ], [ 30.205665360016241, 60.543544057736959 ], [ 30.205854360016236, 60.543805801898543 ], [ 30.205635480016191, 60.543845988335818 ], [ 30.205631160016193, 60.543845811303143 ], [ 30.205479960016177, 60.543871746576578 ], [ 30.205700280016249, 60.544139949721355 ], [ 30.205276920016178, 60.544224481934968 ], [ 30.205215360016211, 60.544150129004848 ], [ 30.204859320016229, 60.54371409874031 ], [ 30.199434480016183, 60.544818856657002 ] ] ] } },
{ "type": "Feature", "properties": { }, "geometry": { "type": "Polygon", "coordinates": [ [ [ 30.230097840016263, 60.512783280298343 ], [ 30.230198640016248, 60.512701589810348 ], [ 30.230244000016221, 60.512706817298934 ], [ 30.230957160016189, 60.512810569482696 ], [ 30.231006120016193, 60.512843174711797 ], [ 30.230997480016203, 60.512844946734198 ], [ 30.230770320016191, 60.512849022385289 ], [ 30.230406360016271, 60.512831656563989 ], [ 30.230212320016211, 60.512811278292389 ], [ 30.230097840016263, 60.512783280298343 ] ] ] } },
{ "type": "Feature", "properties": { }, "geometry": { "type": "Polygon", "coordinates": [ [ [ 30.252977280016218, 60.558530611816856 ], [ 30.252979080016278, 60.558526364961182 ], [ 30.252980880016246, 60.558521675724059 ], [ 30.253109400016275, 60.558190507691862 ], [ 30.253689000016241, 60.558375424270103 ], [ 30.253332960016262, 60.558627227632883 ], [ 30.253252680016264, 60.558627493060584 ], [ 30.252977280016218, 60.558530611816856 ] ] ] } },
{ "type": "Feature", "properties": { }, "geometry": { "type": "Polygon", "coordinates": [ [ [ 30.23008848001621, 60.491681420515263 ], [ 30.23024112001626, 60.491772561824142 ], [ 30.229547760016224, 60.492054938669504 ], [ 30.229373880016215, 60.492137301813656 ], [ 30.228858720016191, 60.49182992397575 ], [ 30.228769440016261, 60.49182566836366 ], [ 30.228685560016242, 60.491795701746064 ], [ 30.228831360016265, 60.491584782077155 ], [ 30.228831360016265, 60.491584604758636 ], [ 30.228907680016196, 60.49163496317361 ], [ 30.228907680016196, 60.491634874514531 ], [ 30.229574040016242, 60.491372176499638 ], [ 30.23008848001621, 60.491681420515263 ] ] ] } },
{ "type": "Feature", "properties": { }, "geometry": { "type": "Polygon", "coordinates": [ [ [ 30.221369640016189, 60.493331499567489 ], [ 30.222892440016192, 60.492890085937319 ], [ 30.223270080016256, 60.492451680632115 ], [ 30.223273680016192, 60.492157249798765 ], [ 30.222740520016202, 60.492052101614561 ], [ 30.222203400016248, 60.492135351343315 ], [ 30.221929440016225, 60.49131614343807 ], [ 30.221705880016241, 60.491126765159073 ], [ 30.221569800016216, 60.491011860945079 ], [ 30.223755360016238, 60.490908748252124 ], [ 30.224041920016219, 60.491033050873163 ], [ 30.224415240016196, 60.491424751736716 ], [ 30.223495440016208, 60.491792510033676 ], [ 30.223934280016213, 60.492020007412833 ], [ 30.224346840016196, 60.492163721809092 ], [ 30.224819880016238, 60.492509662179451 ], [ 30.225100680016194, 60.492714901838823 ], [ 30.225185280016191, 60.492775365283421 ], [ 30.224682000016244, 60.492996383924357 ], [ 30.224682000016244, 60.492996295268952 ], [ 30.223620360016206, 60.493462441961064 ], [ 30.223578960016198, 60.493425650482102 ], [ 30.22228368001624, 60.493870868900721 ], [ 30.221369640016189, 60.493331499567489 ] ] ] } },
{ "type": "Feature", "properties": { }, "geometry": { "type": "Polygon", "coordinates": [ [ [ 30.182760720016173, 60.530190615302047 ], [ 30.182760720016173, 60.530190526748356 ], [ 30.182565240016178, 60.5301899068726 ], [ 30.182554800016213, 60.529954795998101 ], [ 30.182514480016206, 60.529572858949315 ], [ 30.182498280016208, 60.529439051511979 ], [ 30.182742720016215, 60.529415761345611 ], [ 30.183095520016199, 60.529422491585507 ], [ 30.18308220001617, 60.529532034898985 ], [ 30.18305304001619, 60.529880764499289 ], [ 30.183399360016175, 60.529865267453573 ], [ 30.183375960016214, 60.530160064268635 ], [ 30.182761440016236, 60.530190349640982 ], [ 30.182760720016173, 60.530190615302047 ] ] ] } },
{ "type": "Feature", "properties": { }, "geometry": { "type": "Polygon", "coordinates": [ [ [ 30.231748800016266, 60.512756434097774 ], [ 30.231748800016266, 60.512756345496449 ], [ 30.231777960016245, 60.512861958144114 ], [ 30.231900720016256, 60.512873564882199 ], [ 30.231829800016225, 60.513049614667111 ], [ 30.231482040016211, 60.513910357643738 ], [ 30.231341280016249, 60.513887499299301 ], [ 30.230653320016213, 60.513725186870182 ], [ 30.229405560016232, 60.513351120959392 ], [ 30.229588800016206, 60.513226106495793 ], [ 30.230097840016263, 60.512783280298343 ], [ 30.230212320016211, 60.512811278292389 ], [ 30.230406360016271, 60.512831656563989 ], [ 30.230770320016191, 60.512849022385289 ], [ 30.230997480016203, 60.512844946734198 ], [ 30.231006120016193, 60.512843174711797 ], [ 30.231475920016244, 60.51315540355936 ], [ 30.2316199200162, 60.513114736010998 ], [ 30.231748800016266, 60.512756434097774 ] ] ] } },
{ "type": "Feature", "properties": { }, "geometry": { "type": "Polygon", "coordinates": [ [ [ 30.253252680016264, 60.558627493060584 ], [ 30.25275372001623, 60.558907606512328 ], [ 30.252697200016232, 60.558939369065833 ], [ 30.252654720016221, 60.558983518078563 ], [ 30.252517200016253, 60.559062437606507 ], [ 30.251472840016209, 60.559403063404282 ], [ 30.251592720016244, 60.5593189247422 ], [ 30.252427920016235, 60.558897077971032 ], [ 30.252977280016218, 60.558530611816856 ], [ 30.253252680016264, 60.558627493060584 ] ] ] } },
{ "type": "Feature", "properties": { }, "geometry": { "type": "Polygon", "coordinates": [ [ [ 30.220540560016257, 60.548135382231649 ], [ 30.219942960016237, 60.548178572444165 ], [ 30.218230440016175, 60.548259996458391 ], [ 30.218209920016186, 60.548260970005138 ], [ 30.217834080016186, 60.548278847858562 ], [ 30.217686840016221, 60.548334428448655 ], [ 30.217610520016198, 60.548365139338841 ], [ 30.217820400016215, 60.548085819621711 ], [ 30.217851000016232, 60.548121398503007 ], [ 30.217920480016232, 60.548166535833353 ], [ 30.218293800016205, 60.548148746422463 ], [ 30.218317200016259, 60.548147595863206 ], [ 30.219918480016187, 60.548071570357322 ], [ 30.220112520016244, 60.548057321086652 ], [ 30.220540560016257, 60.548135382231649 ] ] ] } },
{ "type": "Feature", "properties": { }, "geometry": { "type": "Polygon", "coordinates": [ [ [ 30.226042080016263, 60.576036364373984 ], [ 30.22603524001623, 60.57603326938488 ], [ 30.226713120016246, 60.575827496157494 ], [ 30.227149080016193, 60.5757452572429 ], [ 30.22637688001619, 60.576302090191859 ], [ 30.226042080016263, 60.576036364373984 ] ] ] } },
{ "type": "Feature", "properties": { }, "geometry": { "type": "Polygon", "coordinates": [ [ [ 30.272651640016274, 60.553385314183153 ], [ 30.272595120016273, 60.553395225087463 ], [ 30.272036760016267, 60.553732547984801 ], [ 30.271620600016252, 60.553845371621009 ], [ 30.271197600016215, 60.553833691074573 ], [ 30.270837600016261, 60.55369485152918 ], [ 30.270382920016207, 60.5535989288948 ], [ 30.270379320016271, 60.553596982122485 ], [ 30.270330720016201, 60.553570435216102 ], [ 30.27182004001622, 60.552837997475571 ], [ 30.272432400016292, 60.553244702900884 ], [ 30.272651640016274, 60.553385314183153 ] ] ] } },
{ "type": "Feature", "properties": { }, "geometry": { "type": "Polygon", "coordinates": [ [ [ 30.186695160016203, 60.534226640368125 ], [ 30.186680040016213, 60.534207426609768 ], [ 30.185933400016179, 60.533342884224936 ], [ 30.185713440016222, 60.533130729574928 ], [ 30.185672040016211, 60.533143834326523 ], [ 30.185364960016233, 60.532857830772855 ], [ 30.185337240016185, 60.532826042605734 ], [ 30.185372880016175, 60.532818427608412 ], [ 30.185536680016241, 60.532798947374616 ], [ 30.185593560016187, 60.532782300620042 ], [ 30.185623440016229, 60.532761934898019 ], [ 30.186016920016161, 60.532685873240375 ], [ 30.186366120016213, 60.532598920113649 ], [ 30.187219680016199, 60.533562917941964 ], [ 30.187049040016191, 60.533597273172063 ], [ 30.187137240016209, 60.533718755806682 ], [ 30.187156320016165, 60.533744699196525 ], [ 30.187268640016203, 60.533899385120222 ], [ 30.187388160016209, 60.534063721502399 ], [ 30.186695160016203, 60.534226640368125 ] ] ] } },
{ "type": "Feature", "properties": { }, "geometry": { "type": "Polygon", "coordinates": [ [ [ 30.194287920016244, 60.545583871223123 ], [ 30.194129160016235, 60.545457033890919 ], [ 30.194090280016244, 60.545448271209679 ], [ 30.194139240016167, 60.54538710939886 ], [ 30.194159040016185, 60.545391977564556 ], [ 30.194286480016221, 60.545095637704804 ], [ 30.194287200016181, 60.545095283653183 ], [ 30.194747640016178, 60.545080147942166 ], [ 30.194796960016212, 60.545078466196053 ], [ 30.195941760016215, 60.544855678320843 ], [ 30.196154160016174, 60.545195922674466 ], [ 30.196002600016211, 60.545236107385279 ], [ 30.195477720016196, 60.545367194167774 ], [ 30.195127800016177, 60.545440216621799 ], [ 30.194916480016218, 60.545477480137912 ], [ 30.194845920016224, 60.545489871796427 ], [ 30.194779320016192, 60.545501555355834 ], [ 30.194274960016159, 60.545573426855896 ], [ 30.194287920016244, 60.545583782711546 ], [ 30.194287920016244, 60.545583871223123 ] ] ] } },
{ "type": "Feature", "properties": { }, "geometry": { "type": "Polygon", "coordinates": [ [ [ 30.197845080016243, 60.544785752529172 ], [ 30.197832480016189, 60.544751409173685 ], [ 30.197775600016243, 60.544670064843373 ], [ 30.197755800016232, 60.544639881530621 ], [ 30.197743920016233, 60.544621913152163 ], [ 30.197585880016184, 60.544428154979244 ], [ 30.197850480016243, 60.54437327579754 ], [ 30.19802688001619, 60.544574558018326 ], [ 30.198130200016198, 60.5446854662883 ], [ 30.198157200016187, 60.544713436709785 ], [ 30.19802004001625, 60.544744859148118 ], [ 30.197845080016243, 60.544785752529172 ] ] ] } },
{ "type": "Feature", "properties": { }, "geometry": { "type": "Polygon", "coordinates": [ [ [ 30.244908240016223, 60.55354282641035 ], [ 30.244800600016212, 60.553460088341716 ], [ 30.244613760016211, 60.553181078085821 ], [ 30.244627080016237, 60.552897817828473 ], [ 30.245245560016272, 60.553089224515929 ], [ 30.245480280016192, 60.552905870559783 ], [ 30.245633640016209, 60.552975601820037 ], [ 30.245646600016208, 60.55296825703703 ], [ 30.24613512001627, 60.553178600343635 ], [ 30.246242400016254, 60.553233818553338 ], [ 30.24676008001622, 60.55358760221808 ], [ 30.246810480016247, 60.553622113173802 ], [ 30.247125840016196, 60.553850061536167 ], [ 30.247032960016242, 60.553879528346208 ], [ 30.245716800016258, 60.554256665748525 ], [ 30.245651640016263, 60.554201626260905 ], [ 30.24623340001623, 60.554033233163288 ], [ 30.246406920016206, 60.55393049790019 ], [ 30.246380640016277, 60.553866166522766 ], [ 30.24575388001627, 60.553897845538927 ], [ 30.245745960016247, 60.553826081019324 ], [ 30.244908240016223, 60.55354282641035 ] ] ] } },
{ "type": "Feature", "properties": { }, "geometry": { "type": "Polygon", "coordinates": [ [ [ 30.247471080016275, 60.554147471561109 ], [ 30.247506000016195, 60.554179681230067 ], [ 30.247656840016273, 60.554341702457648 ], [ 30.24776448001619, 60.554490715256868 ], [ 30.247845120016212, 60.554643443814918 ], [ 30.247954200016252, 60.554827407325639 ], [ 30.247978320016269, 60.554885985193636 ], [ 30.248158320016248, 60.555129498093656 ], [ 30.248333280016258, 60.555266207838976 ], [ 30.248443800016233, 60.555315317023883 ], [ 30.248445240016256, 60.555388493995288 ], [ 30.248145000016223, 60.555528476567659 ], [ 30.248011800016254, 60.555590681018238 ], [ 30.247786800016243, 60.555350710984762 ], [ 30.247462440016278, 60.555005264270513 ], [ 30.247112520016262, 60.554697951630899 ], [ 30.24706752001622, 60.554658398078764 ], [ 30.246892560016214, 60.554504519258153 ], [ 30.24680832001625, 60.554473548734215 ], [ 30.246994800016228, 60.554420102388896 ], [ 30.246886080016214, 60.554313563384071 ], [ 30.247372080016252, 60.554181008550927 ], [ 30.247384680016225, 60.554177469028552 ], [ 30.247471080016275, 60.554147471561109 ] ] ] } }
]
}
